Tweet	Offensive	Targeted	Target
@keyboardriot La ancom, salariile sunt mai mari decât la romatsa	NOT	NULL	NULL
„Din culisele cinematografiei“. Cum a scăpat actorul Constantin Codrescu de teroarea Securităţii...	NOT	NULL	NULL
Ludovic*, în plm.	NOT	NULL	NULL
@piticu21 Clarvazatorule!	NOT	NULL	NULL
@stirbei Sa trăiești. La mine, la țară, la Teleorman, nu cresteau cocoși, decat cocoși. Uite asa ne-am facut noi mari cu saramura cu cotoi de cocoș.	NOT	NULL	NULL
Imaginati-va că azi ar fi ca Ministru al Sănătății Eugen Nicolăescu in locul lui Victor Costache. Coșmar!	NOT	NULL	NULL
Dacă cineva pune o întrebare cu două variante iar răspunsul tău e o a treia variantă, continuă-ți drumul, în tăcere.	NOT	NULL	NULL
@LTeglas Eu am doar ceva cu cei care ii ridica in slavi pe chinezi. Parca au complexul Stockholm. Normal ca e ok de oriunde ar veni vaccinul.	NOT	NULL	NULL
Lazio a marit oferta pentru Ianis Hagi: "Transferul e pe ultima suta de metri"	NOT	NULL	NULL
Șefa UPU de la Spitalul de pediatrie din Iași poartă masca ca un fund, respectiv sub nas.	NOT	NULL	NULL
@b0bsacaman0 @stefanheisu12 @AndreiCismaru La filmul ăla despre un meci de fotbal într-o cupă europeana, o echipa englezească (cred că Arsenal) și una din Spania (o fi Sevilla?) au făcut amestec de zeci de mii de suporteri înghesuiți ca la orice meci. Zece pe centimetru pătrat. Scuze, nu mai știu meciul recent.	NOT	NULL	NULL
Documente false descoperite la controlul de frontieră #politiadefrontiera via @FrontieraRO	NOT	NULL	NULL
@vlad_nicoara @clotilde_armand Eu daca acuma fac o masina si testez farurile tu imi zici ca nu-i buna ca nu are motor. Romanian logic in a nutshell.	NOT	NULL	NULL
@keyboardriot @ZoliBara Sper că nu e fake news	NOT	NULL	NULL
@ingerisidemoni Idem ... dar lumea vrea sa fie mințita , din păcate .. dacă i spui la unu ești urat și prost sa vezi ce repede face bot, la fel si in cazul in care ai spui la unu ca e incompetent sau ( la cele care ți place ție ) dacă i spun la una ca pute ...	NOT	NULL	NULL
@RoxanaPisicutza Numele meu este Dan si vreau sa stii ca eu caut o relatie de prietenie, discreta, plina de sex ocazional.	NOT	NULL	NULL
@victorciutacu Vanam damele de Companie , incercam sa le coordonam si sa facem din ele femei serioase , de casa  . Noi incercam dc reusim , reusim daca nu aia e	NOT	NULL	NULL
Trei noi decese din cauza coronavirus, în România. Bilanțul la nivel național ajunge miercuri la 17 persoane	NOT	NULL	NULL
Treaba cu stirea asta e ca avem acces la substanta si o sa putem face si noi daca e buna	NOT	NULL	NULL
Breaking!!! In toamnă posibil vaccin românesc pentru covid. Timisoara!	NOT	NULL	NULL
dați un bip când vedeți primul influencer recunoscând că a realizat că fost prost în ultimii ani...	NOT	NULL	NULL
@ZoliBara @SorinPaun3 @KlausIohannis Bai oligofrenule, SARS este mult, mult mai agresiv dar mai putin contagios decât COVID, si tu compari CoVid cu Ebola? Esti bolnav psihic. Da cu rudotel, dementule!	OFF	TIN	IND
@IonHermeneanu Mulțumesc din suflet! 🤗	NOT	NULL	NULL
Google Podcasts ajunge şi pe iOS, primeşte o interfaţă nouă în toate versiunile	NOT	NULL	NULL
ANM: Cod portocaliu de viscol şi vânt puternic în mare parte din țară -	NOT	NULL	NULL
@MihaiHristea @Costindte Baieti eu trebuie sa va refuz...sunt in autoizolare! Dar pot sa o trimit pe soacra? 🤪	NOT	NULL	NULL
Gică Hagi îmi da o doză de optimism prin clipul ăsta. Mulțam pt share Emi!	NOT	NULL	NULL
pe strada de lângă casa mea un canal local filmează cum trec oamenii, dacă trece vreun cuplu care face jogging sau o pereche de părinți care au scos la plimbare copii - filmează, dacă trece o singură persoană, sau nu trece nimeni câte 5-10 minute(ce tot se întâmplă) - nu filmează	NOT	NULL	NULL
Londra numai cu armata o poți ține în casă. Același trafic infernal.	NOT	NULL	NULL
ce fraier, pai ce stiau aia de acum 100 de ani, ce stiu eu azi??	NOT	NULL	NULL
A făcut cineva un calcul câți oameni o sa dea in ciroză din cauza depresiei de virus și a izolării forțate? (M-am abținut sa zic “cu nevasta” 😬)	NOT	NULL	NULL
cui ii plac cacaturile de genu sa mi dea n plm unfollow	NOT	NULL	NULL
PNL îmi amintește de cea mai mare mizerie din politica internă postdecembristă: CDR. Vă amintiți de panaramele alea, PNȚCD, USD, PLM. Ciorbea & compania. Era anul și Guvernul #BPÎRL	NOT	NULL	NULL
care ati facut roots struggle tweets bag pula in voi e numa o chestiune de timp pana cand ajung pe cont, singura cititoare de homestuck din tara	OFF	TIN	GRP
Sa nu uitam ca am ajuns aici pentru ca cineva care facea foamea in comunismul chinez, a mancat ce a nimerit si s-a contaminat. Orice altceva e pranoia. #ChineseVirus  #comunismuleboala	NOT	NULL	NULL
Conform proiectului de Ordin, publicat pe site-ul MMAP la câteva zile după confirmarea primului caz de coronavirus în România, peste 14.000 de căprioare care ar urma să fie împușcate de vânători, dacă documentul va fi aprobat, sunt femele și pui.	NOT	NULL	NULL
@TanarulD Iar presiunea uriașă asupra cadrelor medicale(obligate să lucreze in cond improprii)și a populatiei(supusă unor restricții exagerate),conduce la cresterea nr de imbolnaviri,demisii,decese, imposibilit de a mai salva pe nimeni,nici de cov,nici de hepatită saucancer. Imunizarea nat	NOT	NULL	NULL
Cine este Nelu Tataru, propus la Ministerul Sanatatii	NOT	NULL	NULL
La Stampa: Ajutorul rusesc acordat Italiei este aproape inutil	NOT	NULL	NULL
@santaromica De unde stii, ca in articol nu se mentioneaza...	NOT	NULL	NULL
Perchezitii in trei judete si in Bucuresti la persoane care sustineau ca au teste rapide de COVID-19	NOT	NULL	NULL
@Camelia30_0 știe el să flămânzească cu stil, da' nu știe că românu' să golească rafturi cu stil :))	NOT	NULL	NULL
Cea mai mare criză economică din timpul vieții noastre. Cu ce scop? Ce vor să realizeze prin asta? Habar nu avem. Cel mai probabil vor să șteargă toate libertățile noastre și să pună in mișcare primul guvern global.	NOT	NULL	NULL
@raduneagu_ro Și apropo de timp aparent nici tu nu dormi la "ora asta"😂😂	NOT	NULL	NULL
Franța: Elevii dispun de mai multe metode pentru a-și face lecțiile în perioada de carantină	NOT	NULL	NULL
@trivialuvv Nu am mai mancat o shaorma de vreo 2 ani	NOT	NULL	NULL
Ministerul Sănătății precizează că măștile textile şi cele fabricate manual nu ne protejează de coronavirus...	NOT	NULL	NULL
@itmorar Cred ca e românesc, in zonele unde se poartă cămașă și nu maieu cu găurele :)	NOT	NULL	NULL
Unde plm e pisica care zice ca ai comandat PS4 înaintea fraierilor?	NOT	NULL	NULL
@denis26_denise Pai ce contează, da-le dracu drepturi la viață privată!	NOT	NULL	NULL
@vminsoup Dar imi place cum nu au inchis granitele.I-au lasat sa vina.	NOT	NULL	NULL
O gustare nu strică, e momentul în care poți mânca ceva dulce, dar nu mult ține minte că este doar o gustare!	NOT	NULL	NULL
Și niciodată nu a avut nici un regret.	NOT	NULL	NULL
Ce ziceți?Care veniți la un marș împotriva COVID-19? ✌️	NOT	NULL	NULL
ah am vazut niste peachzens atat de frumosi vreau sa ii admir pe toti	NOT	NULL	NULL
Modelul declarației pe propria răspundere a fost actualizat. Detalii despre noua versiune -	NOT	NULL	NULL
@RobertEVoicu 😅Și eu am niște probleme: una din plantele carnivore vrea să devină vegană. Sincer, n-am știut ce să-i răspund, dar cred că o să mut ficusul ceva mai departe.	NOT	NULL	NULL
Mastile pot fi refolosite dupa spalarea la 60 de grade si reprezinta o solutie pentru cei care continua sa fie…	NOT	NULL	NULL
@floaredecactus Nu înțeleg cu se plictisesc oamenii mari. Eu as vrea sa stau acasă, dar nu pot datorită meseriei.	NOT	NULL	NULL
@miyasvape a da ai stiut sa faci?? e greu?? ca nici nu m am uitat pe exercitii	NOT	NULL	NULL
*Spune-mi cu cine te împrieteneşti	NOT	NULL	NULL
Cioc cioc! Primiti cu testarea?	NOT	NULL	NULL
@MarmotaDeCampie Nu, ala numai in SUA se mai gaseste.	NOT	NULL	NULL
@CloneSandman Un ordinar, dă-l în harat	NOT	NULL	NULL
@veronicaelena20 Cred ca o sa fie la fel. Ideea e dacă o sa pot sa ies. Nu avem nici un polițist pe aici sa zică ce i s-a ordonat sa facă dacă dă de speța mea?	NOT	NULL	NULL
Cand spui prostii mai mari decat tine cum ar fi “o sa vaccinam toti bucurestenii”, nu trebuie sa te miri daca iti cere cineva demisia sau dimineata iti dai seama de fabulatia  emisa.	NOT	NULL	NULL
@jendelune sa nu mi spui ca faceti cursuri online ca ma sinucid	NOT	NULL	NULL
Acum, când încă nu este prea târziu, președintele României – votat copleșitor în Diaspora – ar putea sa intervină și să vină la Roma, să discute cu înalte autorități italiene și să revizuiască, eventual, măsurile luate pripit, la ceas de seară.	NOT	NULL	NULL
@Costindte @keyboardriot @ZoliBara @Sorin_Patiu @itmorar Sănătate! 🍻	NOT	NULL	NULL
@danaionescu65 😢😢😢	NOT	NULL	NULL
@chainedrebel *vă dedic (nu-s la primul pahar, scuze) 🤣	NOT	NULL	NULL
Medicii, cercetatorii, se contrazic, ce spun astăzi, mâine se schimbă, nimeni nu e sigur de nimic. Siguri putem fi doar că vom acoperi paguba dar vom face foamea	NOT	NULL	NULL
@btslug Ce plm comunism doamna draga o trecut 31 de ani de atunci ii 2020 get it together	NOT	NULL	NULL
Asta inseamna sustinere intre frati in #vremuri grele	NOT	NULL	NULL
Aviz celor care stau și se uită la știri care mai de care mai halucinante! Nu e momentul să ne aruncăm unii asupra altora! Dragilor, este timpul să ne unim, să fim suflet lângă suflet, acum pe net, apoi, să ne repunem activitatea și țara pe picioare!	NOT	NULL	NULL
doar nu au suferit generații întregi doar ca să anuleze ăștia bacul acum nu e corect 😂	NOT	NULL	NULL
DOAMNE FERESTE YEOSANG SUG PULA DA NU LA METROU CA E UNSANITARY VINO LA MINE ACASA SAU CEVA	NOT	NULL	NULL
Tocmai ce am ascultat asta, cât de frumos, profund și oare cati dintre noi vor înțelege asta?...	NOT	NULL	NULL
#Coronavirus: Nu există nicio dovadă că animalele transmit #COVID-19, însă sunt necesare măsuri de precauţie	NOT	NULL	NULL
@DianaWdr Sunteți tânără...Am văzut și mai și.	NOT	NULL	NULL
@_chuupiter Serialul explica tot mai tarziu :(( si o sa iti iei spoilere majore pentru serial din carte ca sunt structurate diferit	NOT	NULL	NULL
@EPSTEIN_ALIVE EXACT CE PULA MEA NINGE IN TOATA TARA PESTE TOT IN JURU NOSTRU NUMA LA NOI NU	NOT	NULL	NULL
@truicamarius Cu care a organizat lovitura de palat și arestarea lui Antonescu. Al dracu trădător!	NOT	NULL	NULL
În plină pandemie, Vela cu Berbeceanu pun poliția să-l urmărească pe Badea!	NOT	NULL	NULL
@LOVERIHNICKI Traim in Romania ce plm	NOT	NULL	NULL
Dacă tot stăm în casă, și bine facem până scăpăm de virusul acesta nenorocit o să vă spun povestea mea.	NOT	NULL	NULL
Consiliul Concurenței: ”Ieftiniți produsele sanitare sau trecem la rechiziționări!”	NOT	NULL	NULL
Normal dar ăștia sunt de dreapta slugoi sugători de pulă și lingăi de cur căcat, #procurorijigodii #judecatorisantajabili,futu.i în gură de jegoși nenorociți 🖕 🤮	OFF	UNT	NULL
@foreverrainmyg NU POT SA TAC NO CA SI IO PLANG ACIA CA DRACU	NOT	NULL	NULL
@ManoliuValy La tunurile din vremea coronei DNA-ul are interzis. Sunt toate legale.	NOT	NULL	NULL
Alcolicii, bețâvanii șî drogațîî n-au nik. Ei scapă!!!	NOT	NULL	NULL
@i0n1ca O fi de vina infrastructura, aglomeratia, plm 😁	NOT	NULL	NULL
Starea de poezie este o dragoste pentru adevăr. Oricând scriu simt să mărturisesc adevărul din inima mea.	NOT	NULL	NULL
Băi, ce tupeu are nulitatea asta de Ponta, cât de periculos este și cât de otrăvit minte pe la România tv, neîntrerupt de nimeni, care să îi ceară dovezi ptr ‘haratul’ pe care îl mănâncă. Ăsta este genul acela, care face rău și din mormânt	NOT	NULL	NULL
@Name89223362 @MAIRomania ..vai de mămăliga lor ...ce plm fac administratori de reta din MAI ..sau si o freacă la cafea	NOT	NULL	NULL
@Alex_Tikitaka Unde #plm frumoasă că e criminal de frig afară. Plus că plouă de rupe. O fi un mesaj din draft #numaibețșifumaț	NOT	NULL	NULL
@santaromica Asta-i o investitie sub acoperire , fiindca peste vreo suta de ani nici dracu nu mai intra in biserici si atunci se transforma toate in spitale si scoli!	NOT	NULL	NULL
@btsromaniateam @BTS_twt Kdrama mea preferata este tot cu Junki	NOT	NULL	NULL
#video Transportul a sosit din Seoul pe aeroportul Henri Coandă.	NOT	NULL	NULL
Voi ce ati cautat acolo?	NOT	NULL	NULL
Gânditor de la Antena 3: Pentru câteva sute de morți merită să transformăm România într-o țară de coșmar?	NOT	NULL	NULL
@FENTYY00NGI doamne da cat de ratat poate sa fie, nici nu imi pare rau ca ma iau de el	NOT	NULL	NULL
„Ne aşteptăm la ceea ce era şi previzionat”.	NOT	NULL	NULL
Bha jegoșilor din media de ce,, trăznească-vă Dumnezeu și maica domnului îl mai dați pe post și citați din Băsescu ca din Sfintele scripturi pula.n gura voastră de zdrențe și în tot neamul lui,lăsați - l dracului să moară în chinuri dacă nu e la pușcărie	OFF	UNT	NULL
@neamielualarau @MarmotaDeCampie @mihairotar Deja noi ăștia cu #GradinaDinBalcon avem un avantaj în cazul ăsta. 😁 👍	NOT	NULL	NULL
@ingerisidemoni Ăștia cu nirvana sunt cei cu „Steaua fără nume”, „Asia express„, „Clona”, „Dragoste de...”, „Insula iubirii”,„Sacrificiul”,„Scena misterelor”,„Grand prix e. de la chanson” și celelalte avorturi de adormit șerpi.	NOT	NULL	NULL
@sami_dicu Și ție ți s-a întâmplat acest lucru pe live ieri,dar ai rezolvat problema,dar la unii,nu a mers...	NOT	NULL	NULL
Inca stiu Hamilton pe de rost 💞🥴🥴🥴🥴🥴🥴	NOT	NULL	NULL
Absolut totul fac pe telefonul mobil, Asus Zenfone Live L1 cu sistemul de operare, Android 8.00 Oreo!	NOT	NULL	NULL
Ultimă oră! Au murit încă trei pacienţi confirmați cu coronavirus	NOT	NULL	NULL
Ribon dantela bumbac alba  Referinta: YB-PL1501  Pret: 35,00 lei  Ribon dantela fina de bumbac alba.  Comanda aici:   Vezi si alte produse asemanatoare:	NOT	NULL	NULL
@Adriana09347300 Un vecin  si coleg de munca inebunit dupa chestii din astea. Nu dorea sa stie sotia ca ii plac povestile astea. Facea pe suparatul. Avea treaba la masina. Navastasa hotarata avea calduri: Ce Ioane ai treba la masina? Las-o dracu de masina. Nu ne trebuie azi. Azi avem alta treaba.	NOT	NULL	NULL
#DocumentarAGERPRES ROMÂNIA POST-REVOLUŢIE, 1990: Înfiinţarea Serviciului Român de Informaţii -	NOT	NULL	NULL
Astăzi este ziua de naștere a Majestății Sale Margareta. Cu această ocazie, Custodele Coroanei se adresează românilor, vorbind despre noul coronavirus Covid-19 și mulțumind tuturor pentru felicitări și urări. 	NOT	NULL	NULL
Noua Zeelandă: Australianul inculpat pentru atacurile de la Christchurch a pledat vinovat -	NOT	NULL	NULL
@SolomeiC Nu am nici un prieten atat de bun :)	NOT	NULL	NULL
Site-urile pe care guvernul vrea să le închidă pentru fake news sunt funcționale, la aproape 24 de ore de la cererea oficială către ANCOM. Noi articole conspiraționiste	NOT	NULL	NULL
@BlkDeathScythe @_MinuteMan_ Dante ii suge pula lui William. Se pune in genunchi si ii linge bilutele	OFF	TIN	IND
Alte aspecte sunt de condamnat, însă aceasta alegere cu siguranță nu.	NOT	NULL	NULL
„Garsoniera” din padure, ideala pentru meditatie si creatie	NOT	NULL	NULL
@MonicaKrueger67 Să le spună cineva că România este guvernată de "dreapta", nu de socialişti!	NOT	NULL	NULL
@Sorin_Patiu @ingerisidemoni Absolut corect, niște incompetenți care administrează bugete uriașe, responsabili direct cu monitorizarea potențialelor riscuri de epidemii, pandemii, cât și prevenirea acestora. Bugete imense, rezultate zero.	NOT	NULL	NULL
@radusmall @ioanapistol Am avut un caz in familie, 3500 euro elicopterul din delta Dunării pana in București. Sunat, venit, săltat.	NOT	NULL	NULL
@MoiseGuran boss, ce dracu ai facut? cred ca pana acum regreti decizia luata. din pacate, nu mai poti reveni. te-ai stins din viata publica rapid. pacat. as zice ca imi pare rau dar ti-ai facut-o cu mana ta.	NOT	NULL	NULL
Ministrul Economiei anunță că în România se vor produce măști de protecție, combinezoane și biocide...	NOT	NULL	NULL
@gusteru După toată perioada asta; i-aș lua pe toți gușterii ăstia zburători cu legea în mână: Cetățene Armando Marian Cercel care este valoarea automobilului dvs. ? 70.000 € ... bun! Cum ați cumpărat dvs acest bun ? N-aveți o afacere, n-aveți mai mult de 10 clase, n-aveți loc de muncă.	NOT	NULL	NULL
Ministrul Sănătății a demisionat. Victor Costache anunțase aseară că toată populația Bucureștiului va fi testată de COVID-19. Premierul Orban îl propun în locul acestuia pe secretarul de stat Nelu Tătaru.	NOT	NULL	NULL
Cred că mai ştim doar să urâm. Criza din acestea zile ne arată că suntem o naţie de oameni mici, dar care am încercat să-i păcălim pe ceilalţi că suntem mari. (Costel Crângan pentru Blogurile Adevărul)	NOT	NULL	NULL
CE PULA MEA MI SE PUNE ASTA PE TL . DECLARATIE CA MA VRETI PLANSA. OK.	NOT	NULL	NULL
Oameni, lasati dracu conspiratiile si veniti-va in fire.	NOT	NULL	NULL
Noapte bună draga mea! ❤️❤️ Îngerii să te vegheze! 🙏	NOT	NULL	NULL
@OUrsuleac @SorinPaun3 @KlausIohannis don'soara... dumneavoastră meritați sa fiți pitulată doar pentru afirmațiile pe care le faceti...serios! faceți parte si din #FlatEarth society?	NOT	NULL	NULL
te-n plm! Daca asta inseamna frumusete, tre' sa ne in puscam!	OFF	UNT	NULL
@piticu21 "Ignorați-i pe cei care vă zic să stați în casă." - contrar ordonantei, a?	NOT	NULL	NULL
@FlorinU76580281 Buna , in Moldova pana ce stabilă dar va fi trist așa ma gândesc eu , și am înțeles ca nu se dau datele reale oficial . La dvs. ?	NOT	NULL	NULL
@bugmafia @Carlos_Sacalul @Carlos_Sacalul8 Pff...Sunteți dați dracu!	NOT	NULL	NULL
@fings007 Mulțumesc! Seară liniștită!🏕🙏❤🏕🏕🏕	NOT	NULL	NULL
Na plimbare cu o nebuna::)) la Autostrada A1	NOT	NULL	NULL
@gabimacovei Nu treci prin el*. Durează vreo 2 luni acomodarea, o să îți devină instinct.	NOT	NULL	NULL
cacatu dracu unde mi ati dus albumul	NOT	NULL	NULL
@Digi24_HD Parca un ministru zicea acum cateva zile ca cei care profita de starea de urgenta pentru a comite infractiuni pot primi un spor de 2 ani la pedeapsa.	NOT	NULL	NULL
Wimbledon confirmă că ia în calcul atât anularea, cât și amânarea turneului din acest an. Amânarea ar fi dificil de realizat cu succes, din cauza specificului suprafeței de joc. Varianta fără spectatori a fost scoasă din calcul. O decizie ar putea fi luată săptămâna următoare	NOT	NULL	NULL
Guvernul din #Kosovo, demis în plină pandemie de #coronavirus	NOT	NULL	NULL
N-am înţeles de ce fac unii atâta caz că stau acasă. N-aţi mai stat până acum? 😂 De ce ne comportăm de parcă am face un efort supraomenesc. Ridicăm pietre de moară sau ce? 🤦🏼‍♀️	NOT	NULL	NULL
@Martaroblesrod8 @dmtzdmr Îmi este dor de ea de zâmbetul ei de fata ei frumoasa ochii ei care îți arată bunătatea sufletului ei! ❤️ ❤️ ❤️ ❤️	NOT	NULL	NULL
legat de testele rapide facute de PNL: "Testarea rapida este inutilă. Testele încep să se pozitiveze la zece zile de la debutul infecţiei. Între momentul infecţiei şi momentul producerii anticorpilor se scurg 10 -14 zile. Acestea nu au marca."Rafila - Presedintele SRM	NOT	NULL	NULL
@gusteru Ce țigări sunt astea, Dragoș? Nam mai văzut....	NOT	NULL	NULL
@Costindte @OvidiuSky @OfficeTzetze așa bre :D de când te aștept.	NOT	NULL	NULL
Nu am crezut în viața mea că  mâinile mele vor consuma mai mult alcool decât gura ! ☺	NOT	NULL	NULL
Franţa o să aibă și ea peste 10.000 cazuri în curând.	NOT	NULL	NULL
@TanarulD Lasi telefonul acasă si adio orice acuratețe privind mișcarea.	NOT	NULL	NULL
fromjkwithluv "in pula mea" a fost aproape perfect :))))	OFF	TIN	IND
La noi toți sunt acasă și sănătoși...nici un simptom de nici un fel.	NOT	NULL	NULL
@jaunetom Ai de plm, asta o pun la fav pentru la urmatoarea primavara araba. Nu ca n-as fi de acord ca mai bine un criminal in uniforma sau scolit pe la Londra, decat unul in pijamale.	NOT	NULL	NULL
@127scuad Asta stiu da nush sa pun in argumente 🤡🤡	NOT	NULL	NULL
@SirGolan @ingerisidemoni Da, bre. Asa zic și io. În niciun caz nu am cum să zic că parohia mea este motivul răspândirii unei molime!!! Ar fi culmea tâmpeniei. Dar nici extrema aialaltă nu sună bine.	NOT	NULL	NULL
aveam zile când mă gândeam dacă oamenii dintr-un grup social mă plac, acum mă interesează doar dacă îi plac eu pe ei	NOT	NULL	NULL
acum ca va tineti si voi blugii in cuier pe hol putem vb de la egal la egal	NOT	NULL	NULL
@ipostaze @GabrielGiurgiu2 Din pacate unii nici acum, dupa atata timp, nu stiu ca emag listeaza si produse ale unor parteneri si fiecare aplica o taxa de livrare.	NOT	NULL	NULL
Ce a făcut Orban în 30 de ani de când face politică liberală? Care e „magistrala” lui?	NOT	NULL	NULL
Trăim vremuri interesante: după 30 de ani de libertate de mișcare, s-ar putea  întâmpla că, ca să ajungi acasă ca și român blocat in Occident să treci ilegal granița in România. Chiar că asta nu mi-ar fi trecut vreodată prin cap.	NOT	NULL	NULL
@basarab84 😁😄	NOT	NULL	NULL
In acest video este un om care sta pe yn scaun, se dezbraca, se face tot alb, isi pune faina in cap, vată pe față, bețe, si se picteaza (e super ciudat)	NOT	NULL	NULL
A murit scriitorul Paul Goma (fişă biografică) -	NOT	NULL	NULL
PE isi suspenda sesiunile plenare de 4 zile pana in septembrie. Joi voteaza oprirea "zborurile fantoma"	NOT	NULL	NULL
@nicolaeapostu Pe la 23:15 am lăsat treaba asta :))	NOT	NULL	NULL
@octavpelin @ExpresNational Vedem insa o mare coerenta a UE in a nu face nimic in criza actuala.	NOT	NULL	NULL
Nicolai du-te in măta #Amici19	OFF	TIN	IND
@VasuIndia55 Seară frumoasă domnul meu!🏕🏕🏕🏕❤🙏	NOT	NULL	NULL
@oleaberegoi @OliaBraguta Ei văd numai una din Oli takșto... Nici nu știu ce să zic	NOT	NULL	NULL
Pacient cu coronavirus, scos din Spitalul Județean Neamț în maiou! Are dreptate BOR: doar lingurița ne mai poate salva!	NOT	NULL	NULL
emiltoma_av Unii nu au unde plm s-o printeze. Îmi trebuie și dosar cu șină?	NOT	NULL	NULL
Acum ca ai ales scrie in com. ce familie au tu si distreaza te facand cat mai multe familii	NOT	NULL	NULL
Agenția Municipală Pentru Ocuparea Forței de Muncă a Municipiului BUCUREŞTI informează cetățenii cu privire la ŞOMAJUL TEHNIC:   Agenția Municipală pentru Ocuparea Forței de Muncă Bucureşti (AMOFM) pune la dispoziţia angajatorilor sau angajaţilor,…	NOT	NULL	NULL
@CristianMates Râdeți voi râdeți dar acum toată țara e condusă de milițieni... 😥😥😥	NOT	NULL	NULL
PLM ... Pe La Market, Pe La Magazin, Pe La Mega..., PuLa Mâncare	NOT	NULL	NULL
@itmorar @neamielualarau Punguța fără cash, de M. Isărescu	NOT	NULL	NULL
S'a dus dracu vremea dictaturii maimutelor ... haidi pa, ca va scuipa si aia de au crezut in voi.	NOT	NULL	NULL
@TanarulD Ba izolarea virusului la eventualii purtători era posibilă si necesară, dar s-a facut tarziu si prost.	NOT	NULL	NULL
Cum dracu poți sa dai retweet la dubioasa asta????	NOT	NULL	NULL
bai pula mea vreau si eu sa merg la gratarul asta maine firaral dracu de virus nu imi strica planurile	NOT	NULL	NULL
@MarmotaDeCampie Sigur e o sansa.	NOT	NULL	NULL
“UE face apel la Netflix să nu mai ofere streaming pentru filmele în HD”, pe mine nu mă afectează, mă uit doar la cele 4K.	NOT	NULL	NULL
@scstanel 0759106312 acesta este nr meu imi rsspundeti vă rog frumos pe wats up?	NOT	NULL	NULL
@acadelle Em... Curat? Citit? Remi? Chitară? Zacuscă? Meditație? O! Reparație? OMG - Aparent, eu am ce face 😁 ș fără internet :)	NOT	NULL	NULL
Sa pleci cu amanta in Israel si sa aduci familiei COVID-19 asta inseamna sa fii mafiot ! Fatalaii aduc magneti pentru frigider ! 🙈	OFF	TIN	OTH
@denis26_denise Impodobeste Mama bradul😂	NOT	NULL	NULL
atunci când închideai incet uşa frigiderului pentru a vedea cum se stinge lumina	NOT	NULL	NULL
Cum plm sa moara 250 de oameni intr-o zi intr-o tara civilizata???	NOT	NULL	NULL
@Junioru_eu fierbi 500g de ficat vreo 10-15 min, apoi il speli bine. tai 2 cepe mici/medii sau una mare si pui la prajit in ulei de masline (se poate si de floarea soarelui). rumenesti bine ceapa, in proces pui niste unt (~50-75g; eu fac la ochi totul).	NOT	NULL	NULL
Italia, statul membru al UE care a fost până acum cel mai puternic lovit de pandemie, a fost o țintă deosebit de importantă a campaniei de informare chinezească. Recent,  ambasadorul Italiei la UE se plângea că ”numai China“ a răspuns cererii de ajutor a țării sale.	NOT	NULL	NULL
Oare dacă bei single malt după blended, înseamnă că le amesteci? 🥃🥃	NOT	NULL	NULL
@Camelia30_0 Sunt un psiholog de 40 de ani care-ți recită din Varg Vikernes și cunoaște bine discografia Mayhem. Dar m-am gândit să nu vă sperii cu chestii prea dure și-am zis de Slayer. :))	NOT	NULL	NULL
@ioanapistol La banii aia te ia Arafat cu elicopterul. Pe bune.	NOT	NULL	NULL
Care e faza cu testarea a zeci de mii de oameni? Odata testat nu se mai infecteaza sau ce plm!🙄	NOT	NULL	NULL
@ECiocu Cum dracu au făcut asta?🤣🤣🤣	NOT	NULL	NULL
@victorciutacu @basarab84 Absolut ridicol sa scoti armata si cu acele masini speciale, risipa de bani si btw polueaza, atentie, se supara greta!	NOT	NULL	NULL
@CatalinJ15 @i0n1ca Prietene, crezi ca in momentele astea mai e vremea de polemici de asta de cacat?	NOT	NULL	NULL
Buna ziua. Toată lumea a trai naţionalitate străină, în Japonia, sa devina prieteni cu mine.	NOT	NULL	NULL
Aproape 10.000 de teste false pentru depistarea coronavirusului, ridicate de la o firmă care le vindea online	NOT	NULL	NULL
@_lor3scu_ Ahhh, Budeanu...Credeam că e Kempes îmbătrânit.	NOT	NULL	NULL
@bucharestlife Eu am fost. Prin Cismigiu si Calea Victoriei. Putina lume, se sta la distanță, putine mașini. Okish. Civilizat. Nu știu de prin magazine, nu am fost.	NOT	NULL	NULL
@DacianSoros Era filtru la ieșirea din București spre Pitești, de aia era aglomerația aia. În partea aia se duce lumea la muncă.	NOT	NULL	NULL
Și dacă sculamentul omoară coronavirusul ăsta? Apoi tratament pentru sculament și gata. (Da, sunt fan Doctor House)	NOT	NULL	NULL
@w_lemn @SirGolan Franța susține economic vreo 4-5 țări africane : Tunisia, Maroc, Algeria, Congo, etc. Noi pe cine dracu susținem ? 2 milioane de moldoveni ?	NOT	NULL	NULL
@pinguuina @radutimo @MarmotaDeCampie :)) păi înțelege cineva ??	NOT	NULL	NULL
Român aplaudat de medicii din Spania #StaiAcasă si informeaza-te #CuMine...	NOT	NULL	NULL
Cei mai mulţi pacienţi diagnosticaţi cu Covid-19 au între 19 şi 50 de ani.	NOT	NULL	NULL
În ianuarie 2020, Anca Bertea a fost numită la șefia DSP Brașov, printr-un ordin semnat de ministrul Victor Costache.	NOT	NULL	NULL
lino golden a facut piesa cu un manelist 😭😭😭😭	NOT	NULL	NULL
tii bine ce voia lumea, pulimea, prostimea. Pune, bă, boule Klause un premier, fie el și un gunoi ca Cîțu până trece nebunia cu virusul.	OFF	TIN	IND
@PTinello @gruppopinguini Doamne ...ce dracu de prostii poți sa scrii !!Minciuni sfruntate!!Rusine..🤦‍	NOT	NULL	NULL
@alexandriuqq Vai de capul meu, serios? Dacă e asa, sunt duși pe copca bine de tot. O sa devina noua italie soon.	NOT	NULL	NULL
Cum evalueaza medicii de familie daca un pacient e suspect de Covid-19 si cat de pregatiti pentru pandemie? Interviu	NOT	NULL	NULL
Facebook, un canal de marketing cu multe dificultăți pentru videochat:	NOT	NULL	NULL
Sunt cetateni romani cu drepturi depline, din pacate!Nu cred ca vrei sa auzi ce gandesc despre acestia...	NOT	NULL	NULL
#romaniiautalent Țâță de mâță	NOT	NULL	NULL
@itmorar carantinezi, nu carantinezi, vremea coronaviruslui trece. (KoronaSutra, pag. 3)	NOT	NULL	NULL
@MihaiHristea @Afc_Anto La multi ani cu sănătate multă!	NOT	NULL	NULL
poate stam toti in case destul timp ca animalele sa se plimbe pe strazi si sa reia tot teritoriul furat de oameni	NOT	NULL	NULL
În privința coronavirusului, Europa are de ales între a-și bloca sau nu economia. Țările au de făcut un compromis, ele trebuind să aleagă între sănătatea publică și stoparea creșterii economice	NOT	NULL	NULL
Nu vreau sa ma laud dar cred ca fata pe care o plac ma place inapoi	NOT	NULL	NULL
Adrian Oros: Preţurile au crescut brusc la aproape toate produsele de bază în data de 17 martie -	NOT	NULL	NULL
@AlexPop76 Lăudabilă inițiativă și sper sa fie așa cum e descrisă!Doar că am vaga senzație că omul respectiv incerca sa profite de orice situație că sa își aducă aport de imagine!Sper să mă înșel!	NOT	NULL	NULL
Yo nici nu mi-am dat seama cand s-a facut deja sapte seara, iar multi s-au plans groaznic de plictiseala azi... 😎	NOT	NULL	NULL
Artistul își ipostaziază propria percepție despre viață și uită să o și trăiască. El pune viața la lucru, iar viața nu-l dezamăgește, întotdeauna îl surprinde cu noi nuanțe.	NOT	NULL	NULL
Nu toate muștele fac Coronavirus #proverbe	NOT	NULL	NULL
nu ai nevoie la ...framantat ...😀😀😀😀😀  ?	NOT	NULL	NULL
@MarmotaDeCampie @cristinadobre Tu crezi ca io am rabdare sa iti copiez citate de pe net?	NOT	NULL	NULL
Ridicati starea de urgenta sau explodeaza mamaliga Ridicati starea de urgenta sau explodeaza mamaliga	NOT	NULL	NULL
@CarmenMaftei1 Sigur că da, aici este vorba de altele. Sunt curios dacă toate achizițiile astea directe, din perioada crizei sanitare vor fi în vreun fel verificate mai târziu....	NOT	NULL	NULL
@ZoliBara Ce kacat o fi în mintea lui?!	OFF	TIN	IND
In plina pandemie, un tanar a iesit cu masina pe strada, a facut live pe Facebook si le-a cerut prietenilor sa iasa din case	NOT	NULL	NULL
CE DRACU SUNT TOATE POZELE ASTEA SI DE UNDE LE SCOATETI CE CACAT AM DORMIT SI EU UMPIC AND I GET ATTACKED	OFF	UNT	NULL
Ma simt atat de bine descoperind ca sunt altii muult mai prosti ca mine...	OFF	TIN	GRP
Oana Roman și soțul ei s-au împăcat?! Avem imaginile care vorbesc de la sine...	NOT	NULL	NULL
Virusul apă nu se face #proverbe	NOT	NULL	NULL
a avea o conversație cu crush îți îmbunătățește puterea mentală -vorbește cu el! nu este nevoie să vă retrageți de la cineva de care sunteți interesat ... cu cât vorbiți mai mult cu el, cu atât mai mult vă puteți lega și creați o relație❤	NOT	NULL	NULL
facem pe dracu ghem, aia facem	NOT	NULL	NULL
hai ca incepe sa-mi placa acasa. bani sa fie...mai bine era la birou cu seful care va futea la cap?	OFF	TIN	OTH
@HoratiuAnghel Pentru ca voi ati fost si veti ramane numarul 1. Si numarul 12, pe stadion	NOT	NULL	NULL
@LucianMindruta In teorie buna idea, intr-o țară normală unde toți copii au acces la PC, tableta și telefon smart. Intreb și eu pentru un prieten: suntem noi acea țară?	NOT	NULL	NULL
@NATO e o institutie fundamentala in efortul de combaterea #coronavirus . Cu zborurile aliantei se vor aduce in #Romania kit-uri pentru testarea populatiei. #wearenato	NOT	NULL	NULL
@klau_buca Fuge de dracu si da peste muma-sa.	NOT	NULL	NULL
De ce cred eu ca demisia lui Costache, ministrul sanatatii, arata ca sunt probleme mari in guvern:	NOT	NULL	NULL
Să-i ia dracu pe chinezi. Pe chinezul care a mâncat primul pangolin, pe guvernul chinez care a acoperit cât a putut, pe toți chinezii care au plimbat virusul prin lume. 	OFF	TIN	GRP
Nici nu i-ar sta bine unui securist fără înjurături și blesteme aiurea când nu-i reușește cu denunțurile.	OFF	TIN	IND
În ciuda vremii de afară, florile încă rezistă!	NOT	NULL	NULL
Frigidere uriaşe pentru morţi în New York. Medic relatează din spital: „Oamenii mor! E rău! Nu avem ce ne trebuie!” IMAGINI New York Times	NOT	NULL	NULL
Coronavirus: Când se așteaptă vârful epidemiei de coronavirus în România	NOT	NULL	NULL
antihristii care au nenorocit Romania continua sa faca acelasi lucru si in ziua de astazi ..	NOT	NULL	NULL
m-am jucat fazan toata ziua va rog ajutati-ma	NOT	NULL	NULL
@skatecat_147 Cu siguranță 😀	NOT	NULL	NULL
Băsescu, despre ieșirea Armatei pe străzi: Statul pune o presiune formidabilă pe populație să respecte măsurile de limitare a epidemiei. Scopul și mijloacele sunt corecte (VIDEO)	NOT	NULL	NULL
Ordin de ministru: Persoanele aflate în carantină instituţionalizată - test pentru COVID-19 numai dacă devin simptomatice	NOT	NULL	NULL
@SilviuFoca @MarmotaDeCampie Adevărul e că era și păcat să-l întrerupi !	NOT	NULL	NULL
@MaestroMD Iaca din cauza situațiilor de așa gen este multișoară lume care și-au vândut afacerile și au plecat	NOT	NULL	NULL
Oricum americanii cei din Florida sunt de belea😂	OFF	TIN	IND
Cu doar 1842 de teste noi în ultimele 24 de ore ne aflăm în situația în care virusul vine după noi, și nu autoritățile după virus.	NOT	NULL	NULL
Peste 3.000 de magazine din România sunt aprovizionate, zilnic, cu produse din 23 de centre de distribuţie (analiză) -	NOT	NULL	NULL
Eu imi transpun gandurile aici ,m-a simt confortabil cu mine insumi si postez ce vreau ,bineanteles sa placa ochiului,, imi spun transpunandu-mi gandurile mele,poze cu fiica mea si cu produse AVON  si cu parintii mei sau eu si fiica mea cand am fost mici* RYA*	NOT	NULL	NULL
V-ați băut cafeaua în această dimineață?	NOT	NULL	NULL
scoți pula cu căcat din curul altuia i-o ( Iobagii ... ) bagi în gura unei pedofile , te crezi cineva	OFF	TIN	IND
Ca cica trendul era oricum de scadere. Pai plm, de asta e plafonare si nu inghetare. Ca pot sa scada daca trendul e de asa natura.	NOT	NULL	NULL
TE ȘTERGI LA CUR - TE ȘTERGI LA CU BIBLIA ȘI CU CORANUL ÎN PULA MEA ➕ 🐴	OFF	TIN	OTH
#DocumentarAGERPRES O PERSONALITATE PE ZI: Medicul Carol Davila, întemeietorul Şcolii Naţionale de Medicină şi Farmacie -	NOT	NULL	NULL
@iulialipovanu Era bine daca ar functiona :)	NOT	NULL	NULL
În alte vremuri, nu cu mut timp în urmă, în școli se învăța respectul față de cei vârstnici. Acum ce se va învăța? Că după 65 de ani, gata, devii o povară pentru societate, povară de care trebuie scăpat cât mai repede.	NOT	NULL	NULL
@_Vanagandr__ @walterusrex nu cand folosesc regionalisme :)))))) s ar putea zic eu	NOT	NULL	NULL
“ lasă vocea !!!! bolnav psihic !!! spune ce-ai făcut cu corpu !?!?! Colțea Gabriela !!!! “ .	NOT	NULL	NULL
@KlausIohannis Domnule Presedinte apropiati-va cat mai mult de Presedintele Trump. Cel mai probabil ei stiau ce urma sa se intample cu COVID19 tocmai de aceea a scumpit atat de mult in ultimul timp asigurarile medicale ale Americanilor pentru a avea rezerva cand va veni pandemia. Mult succes!	NOT	NULL	NULL
@eftimie ”Nu de verme mă tem, ci de gara de aveoane!” (Scociorillo, 14:2)	NOT	NULL	NULL
@ciubotariu_dan Ce treaba are sula cu prefectura. Doctorii trebuie sa se  ocupa de ceva, procuratura si politia de altceva.	NOT	NULL	NULL
Băăă, băleguță urlătoare, lupta politică nu-nseamnă să-l spurci p-ăllalt, ci să fii mai bun ca el, să-ți câștigi cinstit mălaiu', nu cu datu' cu cățaua, cu frâne, cu pile, cu bănci, băncuțe, puțe... 're-ai al dracu' de pa-pa-gal!!	OFF	TIN	OTH
Fuziunea dintre Grupul PSA și Fiat-Chrysler ar putea deveni incertă din cauza pandemiei de …	NOT	NULL	NULL
@MarmotaDeCampie @i0n1ca @gusteru :)mă gandii că cine stie prin ce carte le gasisi	NOT	NULL	NULL
@i0n1ca Capul tău , privit la luna , seamănă cu un cap de ... cum sa nu ai creier și te vrei rege ? ? Îți dai seama ?? Și câți sunt ca tine ...	OFF	TIN	IND
@liltntcionklk Taci din gura in plm	OFF	TIN	IND
@CloneSandman @itmorar El zice așa: nu se închide încă	NOT	NULL	NULL
Mai mulţi producători de smartphone-uri refuză să folosească Qualcomm Snapdragon 865 din cauza preţului prea mare	NOT	NULL	NULL
Coronaviru mata familia	OFF	TIN	OTH
Președintele Iohannis: Este nevoie de măsuri speciale în vremuri speciale	NOT	NULL	NULL
Medic de la Institutul de Boli Cardiovasculare din Timisoara, infectat cu coronavirus	NOT	NULL	NULL
@ANTIABE Dar dacă imi cer un act, ăla sunt 😬	NOT	NULL	NULL
Tocmai pentru că a fost construit de PSD (partidul pe care unii l-au numit „ciuma roșie”), imediat după inaugurare (5 septembrie 2019), au fost publicate numeroase știri în care se spunea că spitalul Mioveni este, de fapt, ÎNCHIS și NEFUNCȚIONAL.	NOT	NULL	NULL
@PleuAlexandru4 Nu e stupizenie, asa este,totul e planificat si in agenda lor, stabilit cu mult inainte (1970)	NOT	NULL	NULL
@marconst Dute dracu !	OFF	TIN	IND
Gigi becali e generos si face donatii. Bravo lui, dar hai sa va spun ce vad eu ca e in spatele unei astfel de actiuni.	NOT	NULL	NULL
ITALIA / Credință și Acțiuni	NOT	NULL	NULL
Ce dracu bă, nu mai știți să frământați cocă ? Aveți nevoie de o mașină să vă facă pâinea ?	OFF	TIN	OTH
ce pula mea imi fac follow list din ro struggle tweets cine naiba zicea ca romanii is amuzanti	NOT	NULL	NULL
@agerpres O traducere proasta. In plus, in alte studii se afirma ca virusul rezista minim 9 zile pe suprafete de sticla si metal.	NOT	NULL	NULL
@ZoliBara Primii vor fi testati toti angajatii din sistemul de sanatate, apoi cei din aparare (politie/armata/etc), urmeaza persoanele varstnice si cei cu boli... periculoase (inima/diabet/obezitate/etc) si in final persoanele tinere... Da' mai e mult pana departe...	NOT	NULL	NULL
@TanarulD Ciolanul cu fasole susține sistemul imunitar al românilor, datorită gazelor emanate.	OFF	TIN	IND
CORONAVIRUS | Virusologul Molnar Geza: Primul vârf al îmbolnăvirilor din România, în maximum 10 zile. Al doilea val va fi după Sărbătorile Pascale	NOT	NULL	NULL
Acel moment cand iti da mata una de te lipsești pe pereti😂😂	NOT	NULL	NULL
@RobertEVoicu @i0n1ca @AdUnATeDuPaNeT Corect. Acum va dona? Eu auzisem din Cancan că a donat acum 2 zile. 😂😂😂	NOT	NULL	NULL
@ECiocu ăla-i maradona sau doar cineva care seamănă cu el?	NOT	NULL	NULL
@AntiJavre @cosmin_roman_ @denis26_denise Cumparau, ca bine zici ... amu importa cox de ala sau cum plm ii zice ... asa ...	NOT	NULL	NULL
Hai gata, lasa-ti vrajeala. Ne ducem pe pulă!!😟	NOT	NULL	NULL
ce rahat trebuie sa imi sterg din telefon ca sa imi fac spatiu i hate it here	NOT	NULL	NULL
@i0n1ca @MaricaPuiu @piticu21 Trist e că văzusem ieri promovate, drept soluții digitale de două site-uri mari de stiri, Gigi și pro.	NOT	NULL	NULL
@sopeprotector lol am si eu ham din asta e al dracu de tampit tho il port cateodata	OFF	UNT	NULL
TAROM a suspensat cursele interne timp de două săptămâni	NOT	NULL	NULL
@futacu Și se fac în jur de 1000 de teste pe zi în toate cele 8 centre. Când mai cumpără aparate se va ajunge la 1500 - 2000 de teste pe zi.	NOT	NULL	NULL
70 de cazuri si asta numai din cauza astora care nu pot sta in plm linistiti in tara in care locuiau inainte macar acceptati sa fiti pusi in carantina i hate it here	OFF	TIN	OTH
Sofer bulgar oprit la Calafat, pentru ca incerca sa scoata 16 tone de paracetamol din Romania	NOT	NULL	NULL
vreau sa dorm taci dracu din gura femeie	OFF	TIN	IND
Dar cand a respectat acest"guvern " constitutia?	NOT	NULL	NULL
Acolo va fi absolut superb.	NOT	NULL	NULL
@Phezas @guima_xd Am 70 și tu 75 🤣🤣 vai de pula ta bai .Ai 17 ani sau câți ai și îmi suferi mie 🤣🤣🤣	OFF	TIN	IND
@Toader87994669 Auzi sunt chiar Selly am zis că parfumul a fost trimis de cei de leon ai citit tu greșit	NOT	NULL	NULL
Tăriceanu, obsedat de procurori şi pe timp de criză: Au de gând să facă percheziţii masive fără mandat de la judecător? Iohannis vrea să se extragă...	NOT	NULL	NULL
Grijă mare... Mănâncă,bea,fute, și cînta... Că te așteaptă o groapă adâncă. 2020	NOT	NULL	NULL
@not__vee Gigi e un om bun.	NOT	NULL	NULL
Ok, nu este vorba neapărat că acele site-uri care generează documente ar fi nesigure, ci că există deja posibilitatea de a descărca și completa acele documente necesare, fără a introduce date personale ONLINE. Haideți să mergem pe surse oficiale, mai ales zilele astea! #COVID19	NOT	NULL	NULL
Ați râs de băiatul ăla care a rămas izolat singur acasă de Crăciun.	NOT	NULL	NULL
Ce plm au ăștia de la TV împotriva ăstora care vând chestii mai rare? Adică: măști, spirt, teste... Pe bune, încalcă principiile pieței libere.	OFF	TIN	OTH
@bitatgjiu70 Toate știrile sunt pozitive la ora asta, una nu am auzit sa spună ceva negativ de pacienții noștri.	NOT	NULL	NULL
Jaxi's Campaign - Haideti si voi cu o donatie, 23 de lei pentru SMURD nu e nimic in comparatie cu ce fac ei pentru noi!	NOT	NULL	NULL
@AndreasSh3lley @itmorar Îi sprijină cei cu smartphone.	NOT	NULL	NULL
Premiile Radio România Cultural, acordate în emisiunea GPS Cultural	NOT	NULL	NULL
@CloneSandman Ca peste tot in tara, si la Iasi sunt, in presa, "gasti" si "gasti", fiecare spunand despre ceilalti ca sunt ticalosii ticalosilor. / Altfel, aia cu fostul procuror Eva, numit director al Spitalului de Neuropsihiatrie de la Săpoca, si demis a doua zi, e o gluma proasta.	NOT	NULL	NULL
@aegyobbts @BTS_twt gen eu cand am vrut sa omor un păianjen si a intrat sub parchet si mi-era ca ma mănâncă în somn😭😭😭	NOT	NULL	NULL
Îmi spuneau că vor fi alaturi de mine la bine şi la rău,ciudat,am dat de dracu şi nu mi-au fost alături nici după ce i-am sunat...	NOT	NULL	NULL
@casxloki afara nu iesim ca facem corona...sorry nu se poate	NOT	NULL	NULL
Intotdeauna lupta pt ceea ce iti place,lupta pt a iti face visul realitate,nu lasa pe nimeni sa-ti spuna ...ca tu nu poti,ca tu nu esti in state...ai incredere in tine si vei muta muntii din loc @ Bucharest, Romania	NOT	NULL	NULL
Deşi nu a fost testată, Greta Thunberg crede că a fost infectată cu coronavirus.	NOT	NULL	NULL
@GeorgianaGyoy Clar. Oricum tre'să mori de ceva. 😂😂😂	NOT	NULL	NULL
Coronavirusul asta cred ca a batut ultimul cui in sicriul presei tiparite.	NOT	NULL	NULL
@Univers1970 @mariaamichaela De utilități și servicii mă întrebam și eu...	NOT	NULL	NULL
@cosminchera E complicat. Unii au zis atunci că diaspora e bună, alții zic acum că nu e, ești sigur că aceiași zic lucrurile astea?	NOT	NULL	NULL
In ultimile doua saptamani, Romania este pusa intr-o mare incercare de supravietuire a oameniilor.	NOT	NULL	NULL
@MaAreces @asticep Sa trecem cu bine toți de acest rău și sigur ne vom întâlni la nunta 🍓🍫🎈❣️💖💕❤️	NOT	NULL	NULL
Trei lucruri pe care nu le puteți recupera în viață: un cuvânt după ce a fost spus, un moment după ce a fost ratat și timpul care a trecut.	NOT	NULL	NULL
Am vânat în această noapte. Ani întregi de black Friday m-au pregătit pentru asta.	NOT	NULL	NULL
Work from home și la noi ✅	NOT	NULL	NULL
@MarmotaDeCampie Privirea mea e intensa datorita miopiei, hipermetropiei, astigmatismului si cocheteriei absurde care mă face să nu port ochelarii. Atunci privesc fix și profund ca si când m-aș uita in orizont sa vad daca vine ploaia.	NOT	NULL	NULL
Cum am zis, cu asta trebuie sa se ajunga in fata unui Tribunal International	NOT	NULL	NULL
@eljijinews Cel mai bine a citit Arafat, sirianul!	NOT	NULL	NULL
@bits2read @EelcoZwart bag pula in ma-ta de oaie proasta, observa te rog ca am folosit si cratima pt ma-ta	OFF	TIN	IND
Povestea unei femei însărcinate, confirmate cu coronavirus: Sunt extenuată fizic, mental și emoțional...	NOT	NULL	NULL
Tren special Ucraina -Rusia pentru repatrierea cetățenilor	NOT	NULL	NULL
@stiripesurse_ro Statu' și benzinarii - cum dracu' nu plesnește fierea-n ei de ciudă?!?	NOT	NULL	NULL
@JoseoIogy @Liga1Romania @Afc_Anto E visul frumos al arabilor din orientul mijlociu	NOT	NULL	NULL
@LoredanaLutac Cred că și dacă îți cade un picior ți-l lipești cu paracetamol gel	NOT	NULL	NULL
Cui îi place să stea acasă? Pula sus!	OFF	TIN	OTH
eu n-am citit enigma otiliei, poate ne cearta profesorul prin discord ca ma si omor	NOT	NULL	NULL
Premierul Orban: Regret demisia domnului ministru, dar o înțeleg -	NOT	NULL	NULL
Comisia Europeană: Trebuie să ne protejăm securitatea și suveranitatea industrială	NOT	NULL	NULL
@ingerisidemoni @SirGolan Este biserica Sfântul Dumitru din Colentina. E o biserica mare, în dreptul Oborului. Parohia este uriașă, multe blocuri împrejur, cam cât un municipiu mai mic. Acolo am crescut, e cartierul meu natal. De acea biserică mă leagă multe, multe amintiri.	NOT	NULL	NULL
Stăm la rând la farmacii păstrând cu grijă „distanța socială” de un metru nu pentru medicamente ci pentru măști de protecție.	NOT	NULL	NULL
Orban: Rămân valabile priorităţile de diagnosticare stabilite de Institutul Naţional de Sănătate Publică -	NOT	NULL	NULL
Al 14-lea deces în România provocat de coronavirus	NOT	NULL	NULL
De ce plm cumpărați TONE de mâncare și alte chestii, dacă oricum ieșiți afară IN FIECARE ZI NENOROCITĂ!???	OFF	TIN	GRP
@bordianu_marian in traducere. pentru cei ce nu au inteles. Curva dracului de coronavirus.. pa	OFF	TIN	GRP
pai n ati facut, ba idiotilor, un referendum sa nu se poata da ordonante pe justitie? cum se razbuna realitatea pe prosti	NOT	NULL	NULL
BREAKING NEWS. Coronavirus în România: Am ajuns la 17 morți	NOT	NULL	NULL
Ne este dor de apā, dar astăzi trebuie să stăm în casă! 🌊🌊🌊	NOT	NULL	NULL
Nu că îmbârlig, da' cine plm se mai uită la romanes au talente? 😂	OFF	TIN	OTH
Sever Voinescu a lansat o întrebare foarte bună. În comentarii, se găsesc câteva din răspunsurile mele - o succintă prezentare a cauzelor.	NOT	NULL	NULL
@AntidotR Eu nu mai joc, efectiv nu mai ai cum sa te joci daca nici in sezonu urmator nu fac aia de la epic ceva jocu o sa moară complet si o sa mi vand contu	NOT	NULL	NULL
Încă 3 pacienți infectați cu coronavirus au murit. Numărul total al deceselor în România au ajuns la 17	NOT	NULL	NULL
Inca astept sa iasa cineva dintr un tufiș gen sa ne zica ca suntem in plm la camera ascunsa 2020 e o glm proasta si nici n am râs	OFF	TIN	OTH
Bine ca trăim în Europa pe timpul pandemiei ăsteia. Dacă eram foarte ghinioniști sa trăim prin cele mai sărace țări din Africa, râdeam in Ebola acum.	NOT	NULL	NULL
Coronavirus în Franța	NOT	NULL	NULL
@FIFAMobiledaily In pula cu satelitul ca trebuie sa ma duc la munca 😡😡😡	OFF	TIN	IND
@AndreiCismaru @SofiaCovaci I-a fost cerută demisia. Orban a solicitat demisia ptr slaba administrare a situației, în special în zona spitalelor	NOT	NULL	NULL
Sa speram cat mai repede posibil, ca vom avea vaccinul pentru acest mare necaz. STAM ACASA	NOT	NULL	NULL
Moldova nu se dezminte ! Inmormantare cu fast in plină pandemie de Covid.	NOT	NULL	NULL
Adio Control Panel din Windows 10? Microsoft i-a pus gând rău funcţiei pe care o ştim de atât de mulţi ani	NOT	NULL	NULL
O apărut prankeri care se apropie intenționat de oameni pe stradă și tușesc?	NOT	NULL	NULL
Izolarea cred....eventual prelungita, functie de ceea ce am scris mai sus.	NOT	NULL	NULL
@MihaiHristea Și pe el l-a "ucis" corona. Ce mizerie. 👎  Era foarte bolnav încă din 2015!!	NOT	NULL	NULL
@mad_dame Taică-miu, când era tânăr și vivace, a făcut o demonstrație matematică pe poezia lui Arghezi. Era prin revista Muguri a liceului Șaguna, posibil să fi auzit de ea. Hai, show me what you got!	NOT	NULL	NULL
@DacianSoros Vreun patron român are business-ul ăsta si a luat din România la preț de preț ... acum încasează profit. Pe vremuri se numea bișnițar, acum este businessman	NOT	NULL	NULL
@agerpres Trebuia sa fie prioritatea nr 1 testarea!	NOT	NULL	NULL
nu mai suport sa ascult inregistrari de la concert pe youtube VREAU SA IL AM PE SPOTIFY FARA ZGOMOTE DE FUNDAL	NOT	NULL	NULL
@CarmenMaftei1 Paiele sunt mai ieftine!	NOT	NULL	NULL
@trkshlove Așa e ...și la mine, am râs cu lacrimi,😂😂😂😂 mâine mă topesc efectiv😍💋👀	NOT	NULL	NULL
@spuse este, doar ca ai prins tu momentul de supraincarcare a serverului :))	NOT	NULL	NULL
@klau_buca @klubbingman @RFboris Ba dacopatule pe tine de ce te fute grija cine-i pesedist sau nu? Nu ai imunitate in tunelurile din bucegi ? Idiot	OFF	TIN	IND
@eljijinews Au și cristale swarovski? 😂😂😂	NOT	NULL	NULL
@ciulea E doar părerea ta. Eu pun foarte bine problema. Fiecare înțelege ce vrea.	NOT	NULL	NULL
Observ ca exista o oarecare crestere a speech-urilor pline de ura si distructive... sa fie oare de la autoizolare?!	NOT	NULL	NULL
@w_lemn @Carlos_Sacalul „Cui” fac propagandă este corect.	NOT	NULL	NULL
@StirileProTV Jale mare! Asta să fie paguba!	NOT	NULL	NULL
@mariaamichaela Despre ce este vb? Nu m-am uitat la tv!🤷🏻	NOT	NULL	NULL
@stirbei Eu am muncit când am avut genuchiul dislocat, strașnice rezultate la 39 de grade febra, o eroină, ce sa mai. Acum sunt scursura societății că îmi permit să știu limba italiana, sa nu mă panichez și să pot fuste scurte la munca.	NOT	NULL	NULL
@futacu Ai dracu'. N-ar fi dat si Romaniei cateva zile inainte sa dea intregii lumi. Sa ne fi ajuns si noua 2-3 la fiecare	OFF	TIN	OTH
@itmorar A vorbit putin si prost.Despre tratamentul cu HCQ nimic,in schimb a vorbit despre Plaquenil ,aiurea.Nimic despre Zelenko si Raoult.Daca vrei iti dau in privat nr lui sa-l intrebi de ce.	NOT	NULL	NULL
Sunt la OMV și am un TAB în față la pompă. Mi-am luat de citit.	NOT	NULL	NULL
#Coronavirus: Hidroxiclorochina nu este mai eficientă decât alte tratamente împotriva COVID-19 (studiu)	NOT	NULL	NULL
Mi-a zis cineva du-te în plm și eu l-am întrebat de mă trimiți pe drumuri necunoscute nu m-ai bine mă duc în a mea că măcar știu drumul !	OFF	TIN	OTH
China si ea sunt 100% convins ca testeaza deja pe oameni	NOT	NULL	NULL
...animalul că animal dar ce faci frate cu zugrăveala..cade casa pe tine ....cocota masculina ...	NOT	NULL	NULL
@_Vanagandr__ @walterusrex glumesc, unde te-ai nascut nu spune nimic despre tine. Tu esti oglinda stramosilor tai.	NOT	NULL	NULL
nu stiu de ce, dar am impresia ca atunci cand o sa vina valu ala mare la noi, o sa intelegem de ce e armata pe strada. Sa-mi bag pula...	OFF	TIN	OTH
@RalucAlexa Am citit și eu. Nu putem decât să ne protejăm pe noi stând în casă.	NOT	NULL	NULL
@sopeprotector am ramas la 10 dar m-am apucat sa citesc si cartea de la inceput pt ca erau unele informatii pe care nu le-am inteles din serial :(	NOT	NULL	NULL
Ai înțeles?! Niciodată nu te schimbi pentru nimeni!! Indiferent de cat de important/a a fost acea persoana pentru tine!! Esti minunat/a exact asa cum esti si sper sa asculti sfatul meu!! Te iubesc. 🥺❤️	NOT	NULL	NULL
BREAKING Bugetul CFR SA pe 2020 intră joi în dezbaterea Guvernului. Pierderi de 80 milioane de euro	NOT	NULL	NULL
vreau inapoi la mine sa ascult singura muzica in casa cat de tare vreau fara sa fiu intoxicata de fumul alor mei ma pis pe virusul lui peste prajit ca a bagat paranoia in mami si acum trebuie sa mai stau la ai mei,,,, MI-E DOR DE CABINA MEA DE DUS NU MAI SUPORT	OFF	UNT	NULL
O sa murim dracu de foame nu de virus calmati-va nebunilor	OFF	TIN	GRP
Cat plm costa un glont? Chiar nu poate trage nimeni un foc de  "avertisment"? 	OFF	TIN	OTH
@ACplusD @MihaiHristea N-ai nici o bănuială?👻	NOT	NULL	NULL
Diplomat român, infectat cu COVID-19. Ambasada României din Luxemburg a fost închisă...	NOT	NULL	NULL
@sandu_lupea Corect, dar acum e o situatie deosebita si la nivel planetar si oameni suntem in final.	NOT	NULL	NULL
@bitatgjiu70 E suficient poliția cu amenzile pornind de la 500 de euro...	NOT	NULL	NULL
S-a confirmat! Al 2-lea băcăuan infectat cu COVID-19...	NOT	NULL	NULL
Nici macar nu e un plic in pula mea ca jumatate din el e pe vasu unde il frecasi cu zahar	OFF	TIN	IND
pai daca nu se baga astea eu va spun lu seii si va face ddistreck cu zici ca am hec baga six pack #faivghenglaputere #5gang	NOT	NULL	NULL
@yerenexs de a dracu ma dau jos si merg si mai rpd decat autobuzu ce vb aici	OFF	TIN	OTH
@radusmall Nu mă pricep așa că îl las pe Sișu să vorbească...	NOT	NULL	NULL
world health organisation chiar a facut tutoriale pentru SPALATUL PE MAINI	NOT	NULL	NULL
@BotTomelloso @Andrea_Guberna Pula mea bunicule anticapatule	OFF	TIN	IND
Pofta buna.	NOT	NULL	NULL
haechan pare genul de roman care scrie . in loc de cratima si nu stiu daca pot tolera asta	NOT	NULL	NULL
@nymarielouise ia să vă dau eu un block și să vă trimit să discutați cu pesediștii care vă plac	NOT	NULL	NULL
@tepes_vladut @MaricaPuiu Pai daca e că la Mega de pe aici, înseamnă că nu există!	NOT	NULL	NULL
@DacianSoros @emiltoma_av ...eu ma chinui din răsputeri sa o tin la fereala si sa vina idioți ăștia după ce au umblat jumătate de București sa facă pe dracu ....	OFF	TIN	OTH
@BolboreaIon @w_lemn ceva link? sau numa bagi asa de la tine?	NOT	NULL	NULL
@piticu21 Ba, era o balarie ... scrisa in calr ... dar da, iti dau dreptate , o sterg da'o dracu ca astia tot minte ca militienii aia au	OFF	TIN	IND
Lotul național de alba-neagra vine in țară	NOT	NULL	NULL
@aegyobbts cine dracu sunt ăștia și ce impresie au ei că pot vorbi de țara noastră?	OFF	UNT	NULL
De fapt, nici nu era o lingurita. Era o "limgurita". Atragem atentia ca singurele lingurite sigure sunt acelea cu "n", sfințite la Ierusalim.	NOT	NULL	NULL
Noi ghiduri pentru coronavirus pe platforma naţională 'Fii pregătit'; informaţii despre simptome, furnizori la domiciliu	NOT	NULL	NULL
m am săturat să văd fete de 12 ani care pun story cu melodia "birthday sex" sau aia cu "I wanna put u in seven positions" 🤧🤧	NOT	NULL	NULL
Carantină, carantină, dar lumea trebuie să muncească | piticu .ro blog	NOT	NULL	NULL
Patronul unui magazin din Timișoara, terorizat de hoți: ”Sunt disperat! Am filmări și Poliția nu reacționează!”...	NOT	NULL	NULL
ticu așa vreau să arăt și eu la 43 de ani în pula mea	OFF	TIN	IND
Cum plm, ma, 3.497 de  cazuri noi azi in Italia? Ce se intampla acolo?	OFF	TIN	OTH
bine că ați plecat dracu din țară că “e nașpa și pute” dar imediat când se întâmplă ceva rău veniți înapoi ca viermii	OFF	UNT	NULL
@PleuAlexandru4 Of, trebuie sa traduc: pozitivi cu virusu' lu peste.😷	NOT	NULL	NULL
@ECiocu Cum mă să dai Like la asa ceva ?	NOT	NULL	NULL
Optiuni aflate la indemana angajatorilor in contextul COVID-19	NOT	NULL	NULL
@btslug pot sa ma fure cu totu	NOT	NULL	NULL
@lwantChoo Ce plm?! Vrei sa ne certam iar?!	OFF	TIN	IND
@patrasconiu Eu nu as indrazni sa le infrunt. Cine mai asigura laptele?	NOT	NULL	NULL
Lumea doarme, mananca, citeste...etc...liniste si pauza totala	NOT	NULL	NULL
daca nu aveti masca va puteti face una cu filtru HEPA sau cu filtru de  carbon #paranoia	NOT	NULL	NULL
@OvidiuSky Și eu spun la fel. Însă ministrul insistă puternic cu abordarea asta, ori este nebun, ori inconștient. Chiar și cu teste rapide, și tot ar fi aproape imposibil.  În plus, acuratețea testelor rapide este slabă, lasă mult de dorit	NOT	NULL	NULL
Vești bune! Zile libere pentru părinți. Ce condiții trebuie să îndeplinești...	NOT	NULL	NULL
@ingerisidemoni Am trait 18 ani in Italia.	NOT	NULL	NULL
@fromjkwithluv nu stiu ce imi vad ochii dar pare fake???	NOT	NULL	NULL
@StirileProTV Nu cred ca isi au rostul comentariile, porniti strangere de fonduri daca va preocupa orice situatie ( oameni ai strazii, spitale,etc) si asa cum putem semna aceste petitii, putem strange si banuti, eu as dona numai luati initiativa, lasti rautatile!	NOT	NULL	NULL
Parcurile nationale in care traiesc gorile se inchid unul dupa altul. Iata si explicatia	NOT	NULL	NULL
S-au furat bani și valori mari și acești hoți și tâlhari au fost mari vedete și absolut toată lumea în mare accord.	NOT	NULL	NULL
Am înțeles ca armata e cu noi. Dar minerii când vin?	NOT	NULL	NULL
ȚARĂ, TREZEȘTE-TE! Apel disperat al legumicultorilor din Băleni, județul Dâmbovița, CĂTRE TOȚI ROMÂNII: Veniți măcar unul din familie la piață! Aruncăm tone de legume la gunoi.	NOT	NULL	NULL
Iliescu nimic? Nici macar coronavirusul?...	NOT	NULL	NULL
Ce se întâmplă când o femeie o ia înaintea timpului său? Cine câștigă și cine pierde? Cum se reflectă soarta unui om în fragmente de oglindă spartă? Între jurnal poetic și documentar, MATA HARI recompune tabloul…	NOT	NULL	NULL
@TanarulD Sist de sănătate e in colaps de multa vreme si nu numai la noi.Virusul ajută doar justificarilor;dacă te uiți pe statistici nr de morti e "in grafic"cam peste tot in lume,cu codvidu sau fără,lucrurile stau la fel.	NOT	NULL	NULL
@MaximMihaela1 @KlausIohannis UK e foarte aproape de a produce un test pt a stabili cine deja a avut CoVid si evident, e imunizat. Tocmai, pt ca nu te poti sui ca nebunul cu bocancii pe drepturile FUNDAMENTALE ale omului, asa, cum te apuca. Uk a adus un avion cu cetățeni direct din Wuhan în timpul carantinei	NOT	NULL	NULL
Ăștia.s de dreapta futu.i în gură de jegoși nenorociți, ciuma roșie a fost rea, acum holera galbenă e bună mami	OFF	TIN	GRP
@rmalutan cocenii de porumb sunt mai putin traumatizanti😁	NOT	NULL	NULL
Lupta cu ”isteria” din România împotriva ”noii gripe” se poartă mai degrabă de la Viena, decât de la sediul MAI sau de la Palatul Cotroceni.	NOT	NULL	NULL
Iepurele mizantrop și gluma amară a zilei (25 martie)	NOT	NULL	NULL
Yaaaayyy!Izolați și fără curent!	NOT	NULL	NULL
UE este o uniunie bancara in interesul marii finante, in special de tip teuton. Bine ca ne-a procopsit cu km. de hartoage legislative despre lungimea morcovilor, a bananelor,  culoarea standard CE a leusteanului	OFF	TIN	GRP
astia sunt inconstienti sa ne izoleze... sa stea ei cu nevasta mea	OFF	TIN	IND
Euro 20 va deveni Euro 21, tocmai a fost amânat!	NOT	NULL	NULL
@twayoon vreau sa ajung in fata la mos craciun sa-i zic eu vreo doua acum - cum isi permite sa SE BAGE PESTE IEPURASUL DE PASTE????? ce discriminare e asa plm	OFF	TIN	IND
@Teo578 Atunci când vezi ca oamenii de lângă tine dorm in preajma primejdiei, cauți metode sa-i trezești, nu sa-i judeci..	NOT	NULL	NULL
Nelu Tataru: Vor fi testate toate aglomerarile urbane. Incepem cu Capitala	NOT	NULL	NULL
Oooh, am călcat într-un kkt! La dracu, am spus kkt! Futu-i, am spus la dracu! Plm! Oricum nu voiam să mă fac călugăriţă !!	OFF	UNT	NULL
..cineva în DM, nu fac nume că nu își are rost ”tu ăla din Diaspora ați stricat viitorul țări și nenorocit România, vă meritați soarta acolo in Italia, pălmaș ai fost așa rămâi” 	OFF	TIN	IND
Autoizolarea sau Izolarea totală nu e o măsură \"draconică\". Îl vezi pe dracu cand ajungi să faci febră 40, împreună cu ...toată familia.	OFF	UNT	NULL
Bai, voua nu vi'se pare nimic dubios ca un arogant autosuficient ca Iohannis, joaca dupa acelasi cantec?	OFF	TIN	GRP
“Dacă pun prezervativ mai trebuie sa mă spăl pe mâini?”	NOT	NULL	NULL
@sorana_cirstea Asta e problema ta zilele astea? Ești prea nervoasă, la fel ca și în relația cu antrenorii. Lumea moare pe capete și tu ești indignata ca nu te-au anunțat întâi pe tine ca RG nu se tine peste doua luni, ci peste șase. Ți-a stricat programul?	NOT	NULL	NULL
Dacă în perioada aceasta sunteți în căutarea de posibilități de a lucra / vă educa de acasă, vedeți resursele de aici.	NOT	NULL	NULL
Dupa declaratia lu' Orban am dat "o tura de telecomanda", sa aflu "minutul si scorul", si am ajuns la Realitatea PeSeDeee... iar acolo am dat de Laurentiu Botin si Gabriel Oprea. #stop_joc Un dublu jegos care le face concurenta gunoaielor de la Aneta3.	OFF	TIN	GRP
Vela asta e prost rau. Dezinsectie...🤦‍♂️Gata ma, scapam de gandaci la intrari in blocuri...Yeeeei. Babaiatulee	OFF	TIN	IND
Cum se inchid majoritatea unitatilor comerciale timp de 14 zile din ordinul Guvernului as fi curios cum o sa sara traficul de net in Romania.	NOT	NULL	NULL
La o rată de 2.500 de teste pe zi, nu o sa dureze decât 2 ani să testezi toți locuitorii Bucureștiului	NOT	NULL	NULL
Hahhahaha, "fiul/fiica lui", baga-ti-ai pula in el de stat roman...	OFF	TIN	OTH
Șocul COVID-19 trece ca un tăvălug peste așa numita solidaritate europeană.	NOT	NULL	NULL
Include Ghidul Comisiei Europene pentru traducătorii din Uniunea Europeană	NOT	NULL	NULL
@radusmall Nu am auzit. Unde ai văzut?	NOT	NULL	NULL
bag pula, imi iau o peruca roz si ma apuc de videochat	OFF	UNT	NULL
@ClaudiaRea2016 Sincer aș da orice să fiu o noapte cu tine♥️😘	NOT	NULL	NULL
@Adevarul De ce deabia acuma beliți ochii? V a durut in pula de aia, aveati salarii marite, sa traiasca cine poate!!!	OFF	TIN	GRP
@i0n1ca @danaionescu65 Super actor. The Office (cel mai bun serial din istorie, după mine), The Wire, Rocknrolla, blockbustere ca Thor, Avengers, Fast&Furious, StarTrek, Cats, in serialul Luther e personajul principal, are un Glob de aur.	NOT	NULL	NULL
Cine își asumă responsabilitatea unor astf de efecte? Și cine ar accepta sa fie vaccinat fără garanția efectuarii tuturor testelor?	NOT	NULL	NULL
Toate ca toate, dar ce ne facem cu elicopterele ce o sa pulverizeze substanta din aia alba peste Bucuresti in noaptea asta? #intrebptunprieten ce vrea sa doarma cu geamul deschis :)	NOT	NULL	NULL
@roxidh Zice că are voce de târfă și nu îl suportă...	OFF	TIN	IND
@Ntanil @AdrianBilic @EAFIFAMOBILE Sezonul asta e mai greu cu bann-ul :))	NOT	NULL	NULL
sunt reguli speciale care trebuie respectate, altfel ne ducem toți dracu. să punem problema de la cauză, nu de la efect.	OFF	UNT	NULL
Precipitation maps Europe #weather (Precipitatii Europa in urmatoarele 3 zile)	NOT	NULL	NULL
#Apple Analizeaza Amanarea Lansarii #iPhone 12 din Septembrie -  #peblog #romania #2020 #news #stiri	NOT	NULL	NULL
Tocmai m-am uitat cum e vremea mâine, ca să știu cu ce mă-mbrac când ies pe balcon să fumez.	NOT	NULL	NULL
Este o idee buna sa cumperi o lampa de veghe pentru camera copilului?	NOT	NULL	NULL
@btsromaniateam @BTS_twt Am rămas blocată pe o insulă pustie cu Jin pentru că am promis. 😂💜	NOT	NULL	NULL
Limba cea mai frumoasă din lume este limba română	NOT	NULL	NULL
am un pulālāu la lucru, coleg. Pe lângă că-i cocalar, și-o adus o oglindă și și-o pus-o pe birou! Și o și folosește! Du-te-n pula mea!!! Hai cu corona mai repede!	OFF	TIN	IND
@andreianu e stupid, că nu raportăm ca să nu avem panică, dar raportarea ar spune românilor că e treabă serioasă, să stea dracu în casă.	OFF	TIN	GRP
@ECiocu Du-te dracu... Si azi ai dat-o de mal. Du te dracu, a fost pe prietenie ca is moldovanca bre	OFF	TIN	IND
Doar pe mine mă ia somnul când vorbește Orban? Adică nu-ți transmite pic de energie, e așa ușor să tune out...	NOT	NULL	NULL
21 de teste positive Covid 19 la spitalul Gerota.	NOT	NULL	NULL
@itmorar @ioantibi Cei din grupul ‘intelectualilor’ purtători ilegal de creier, ce au ieșit să manifesteze susținere ptr arafat când presedintee Traian Băsescu a susținut public demiterea acestuia. Mai sunt câțiva	OFF	TIN	GRP
Toate cazurile de COVID-19 din Argeș vor ajunge la spitalul construit de „ciuma roșie”	NOT	NULL	NULL
Preşedintele sârb Aleksandar Vucic a mulţumit marţi Chinei pentru ajutorul său în lupta împotriva noului coronavirus.	NOT	NULL	NULL
Sunteti tari! Felicitari voluntarilor si celor care au organizat aceasta actiune!	NOT	NULL	NULL
@Ionel47919856 @adivino2010 La noi produsele se vor scumpi pentru a ramane la ei!	NOT	NULL	NULL
scoți pula cu căcat din curul altuia i-o ( Iobagii ... ) bagi în gura unei pedofile , te crezi cineva	OFF	TIN	IND
@PleuAlexandru4 Pai de HIV nu te faci 100% bine niciodată...cei cu SIDA sunt învățați cum să se resemneze cu discriminarea ...	NOT	NULL	NULL
@keyboardriot @OfficeTzetze Presedintele din Belarus nu crede in corina, el crede in Putin, cel care te omoară mai repede decat un virus.	OFF	TIN	IND
cineva sa ascultam muzica irlandeza sau pop punk si sa bem?	NOT	NULL	NULL
OPERAŢIUNILE Broadshare şi Rescript. UK a implicat deja Armata britanică în sprijinirea NHS	NOT	NULL	NULL
@b0bsacaman0 @nwradu @RFboris Da, demonstrație de român prost. Hai stai jos, Ia-o de aici ma panaramă	OFF	TIN	IND
Vine un amărât de virus, lumea medicală e la pământ, economia mondială e distrusă,  cercetătorii sunt șocați si tot ce ni se recomandă e...să ne spălăm pe mâini douăj de secunde ?? Zău ??	NOT	NULL	NULL
maica.mea crede ca sunt robot sa scriu 2 variante la romana si 2 la mate si plus sa mai fac inca ceva in plus	NOT	NULL	NULL
Klaus Iohannis anunță ca Guvernul este pregătit ca joi să dea OUG privind amânarea plății ratelor la bancă cu până la 9 luni	NOT	NULL	NULL
@CloneSandman Știu 😀😀😀	NOT	NULL	NULL
MI-O DAT COCOȘ LIKE LA POSTARE EU - DĂ-L DRACU DE AMEȚIT POATE IAR VREA SĂ SE PUNĂ CU MINE 🤢	OFF	TIN	IND
@gusteru Francezi, nu români! A mai fost o tanti care si-a scos pisica la plimbare la vreo 30 km de casă. Sofisticați francezii ăștia...	NOT	NULL	NULL
Acum văd și ei cum e după ce umbli cu iordane...	NOT	NULL	NULL
@SorinPaun3 @ZoliBara @KlausIohannis fii*, desteptule! Sa stii ca am mai multa scoala ca toata familia ta împreună și sunt mult mai citită! Linge până nu mai poți, ca doar esti generația bolsevica. Este președintele țării, NU AL MEU, țara aia in care cică eu nu mai pot intra, deci nu mai e a mea Regret ca l-am votat	OFF	TIN	IND
Reynaers Aluminium Romania: Industria de constructii nu se confrunta inca cu intreruperi ale activitatii	NOT	NULL	NULL
@nwradu Poate chiar asta vroiau și ei, le ajunge câți bolnavi au	NOT	NULL	NULL
Jumătate din cei care au auzit ca toți bucureștenii vor face test au început deja să își pregătească copiuțele.#citatulzilei #statusuri #amuzant #memeromania #romania	NOT	NULL	NULL
Şedinţă de #Guvern; urmează să se adopte o serie de măsuri în contextul pandemiei #COVID-19	NOT	NULL	NULL
La mine in cartier, la Mega Image găsești cam de toate, dar prețurile au crescut deja...	NOT	NULL	NULL
@GabryIonesc2 Denise e cu capatina praf din 2012. Asa am cunocuta-o, bolnava de cancer limfatic, cu un tata abuziv si fara nici un prieten, mincinoasa patologica.👨‍🎤😱👎	OFF	TIN	IND
@voiculesti Cine-și face iarna car mai mult păgubește. #concursdeproverbefake	NOT	NULL	NULL
@SilviuFoca Bine ca nu era viu🤣🤣🤣	NOT	NULL	NULL
Bă, serios acu. Văzând ce se întâmplă pe toată planeta, nu pot sa zic decât: să-i ia dracu pe chinezi.	OFF	TIN	GRP
În colaj nu am intrat toți dar vă garantăm că suntem aici pentru voi 🎧📞💻📧🎯.	NOT	NULL	NULL
@sergiuprt Nu. În așa situații majoritate vor fi fiecare pentru el, chair dacă toți zic că trebuie să ne ajutăm. Sunt excepții și mai este și statul, dar să aștepți acele excepții sau ajutor de la stat (mai ales dacă e vorba de Moldova) îi prea naiv.	NOT	NULL	NULL
Am lansat la inițiativa lui @manafu un nou episod pe tema întâlnirilor la distanță. Atât de importate în această perioadă  #learn4ever #StaySafeAtHome	NOT	NULL	NULL
Dumnezeu să că Binecuvânteze!🙏🏻	NOT	NULL	NULL
Shoigu a vorbit despre activitățile opoziției pro-occidentale	NOT	NULL	NULL
Hai că e prea mult deja pe ziua de azi. 'Crizele scot la iveală mizeria din oameni'. Checked. Noapte bună!	NOT	NULL	NULL
@ManoliuValy Buna dimineața! Cu mare drag va doresc o zi amuzant de vesela, oricum sunteti un dragut asa cu nu ma indoiesc ca sunteti si binedispus. Ca doar ziua buna se cunoaste de.....	NOT	NULL	NULL
@bilqvely Cat plm ți-ai tăiat?? Vreau sa vaaaad	OFF	TIN	IND
Dacă tot s-a dat dezlegare la pește, propun ca denumirea virusului să fie "Guvid-19"	NOT	NULL	NULL
Romanian-American Foundation (RAF), fundația-mamă pentru proiectul Code for Romania, i-a oferit asociației un grant în valoare de 418.800 de dolari, restul sumei, până la 713.839 de dolari, fiind completată din alte surse.	NOT	NULL	NULL
Bună dimineața dragi prieteni de pe Facebook și de pe Vkontakte!	NOT	NULL	NULL
Ehhhh... Oricum avem timp sa uitam de astia pana la finalul starii de urgenta. O sa "uite  si Politia...	NOT	NULL	NULL
@StirileProTV Cine dracu merge la plaja in Anglia 😂😂😂😂😂	OFF	UNT	NULL
@ionutzelgabriel Depinde de numărul membrilor familiei și de dieta pe care o ții. 😁	NOT	NULL	NULL
@severvoinescu @itmorar Da ăștia din "servicii" când te urmăresc crezi că înțeleg ce scrii? Prea le dați mult credit. 😉	NOT	NULL	NULL
@Liga1Romania @Chivu_Official Daca toti fotbalistii, manelistii si fuego si biserica ar da mesajul asta, ar fi mai eficient decat cam toate comunicatele de instruire a populatiei de pana acum.	NOT	NULL	NULL
#Tenis #Coronavirus: Organizatorii turneului de la Wimbledon evaluează ''toate scenariile'', inclusiv anularea competiţiei de Mare Şlem	NOT	NULL	NULL
@MarmotaDeCampie @daco_get Greu de raspuns...	NOT	NULL	NULL
@MarmotaDeCampie @radusmall Recomand și eu Knives Out !	NOT	NULL	NULL
O informare corectă ne poate ajuta să ne protejam.  Militarii sunt pregătiți să sprijine autoritățile în zonele unde va fi necesară intervenția armatei.	NOT	NULL	NULL
Medic: Degeaba scoatem armata pe străzi dacă doctorii sunt trimiși la luptă fără arme! -	NOT	NULL	NULL
Duminica inchinata Sfantului Ioan Scararul	NOT	NULL	NULL
Directorul Direcției de Sănătate Publică Suceava și directorul medical al Spitalului Județean, demiși după ce aici s-a declanșat cel mai mare focar de infecție cu coronavirus din România	NOT	NULL	NULL
Maaah... ori coronavirusu' a fugit ca dracu de tamaie cand a dat cu ochii de Liviu Pop, ori chiar Liviu Pop este coronavirusu	OFF	TIN	IND
Se transmite coronavirusul prin alimente? ANPC: E bine sa ne ferim. Alimentele sa se vanda ambalate, in aceasta perioada	NOT	NULL	NULL
@Teo578 @MihaiHristea Chestia asta chiar se întâmplă. Masiv. Granitele nu s-au inchis, la o adică, pot să vină oricâți de oriunde, de orice naționalitate, ne merge numele ca suntem ospitalieri si ni se pretinde solidaritate. Să fie, atunci!	NOT	NULL	NULL
@mariusbmg21 Când nu vom mai avea pe cine trage la răspundere.	NOT	NULL	NULL
#Coronavirus: Iranul interzice deplasările între oraşe, în contextul temerilor privind un al doilea val de infecţii	NOT	NULL	NULL
Lumea moare și pe noi ne fute grija că nu ne mai uităm pe net/youtube la filme	OFF	TIN	OTH
Simt că expresia "Mi casa es su casa'' a căpătat un cu totul alt sens...	NOT	NULL	NULL
@victorciutacu Si nu neaparat de calitate !	NOT	NULL	NULL
Alegerile sunt mișunări publice care trebuie interzise. Ne-am obișnuit cu Klaus Iohannis, putem să mai trăim cu el 13-20 de ani. E previzibil, deschide gura și respiră ca un pește mort. Partea proastă e că nu poți să-l izolezi la domicilii, va evada.	NOT	NULL	NULL
#COVID: Angajata ANMDM depistata pozitiv	NOT	NULL	NULL
Numărul cazurilor confirmate de coronavirus a urcat la 168, din care 29 în ultimele 24 de ore. Numărul persoanelor vindecate este acum de 9.	NOT	NULL	NULL
@simovitty Cred că populația e infectata și de acolo rezultă. Nu mă gândesc că se mai iese pe stradă. Cred că va fi un vârf, apoi va coborî. Să fie 5300? Eu speram că 1480 e...asta acum 8 zile.	NOT	NULL	NULL
@victorciutacu Băieții mari n-au principii.	NOT	NULL	NULL
@andreitescan Am testat o platforma cu un quiz de 20 de intrebari. A mers bine. Te anunt cand mai facem.	NOT	NULL	NULL
Vine momentul cand e uman,just si moral sa spui STOP!altfel te sufoci	NOT	NULL	NULL
de ce dracu tineti portile inchise daca vin elevii sa se uite la rezultate doamne ce prosti	OFF	TIN	GRP
Rusia anulează toate zborurile internaționale	NOT	NULL	NULL
@dj_mezeneu @OvidiuSky Acum doua zile am iesit,ma feresc sa intru in magazinele care nu respecta sau nu au pus anunt;Sunt pers care nu dau doi bani pe reguli;Pana acum am bagat capul,in cateva sa vad cum e pe acolo,singurul care mi s-a parut ok...e Mega,putin mai departe,sunt reguli, nu se lasa sa se	NOT	NULL	NULL
@StirileProTV Când plimbi lingurița din gura in gura, la ce sa te aștepți!	NOT	NULL	NULL
Companiile Enel din România donează 100.000 de euro pentru a sprijini activitatea spitalului Matei Balș în lupta împotriva COVID-19 -	NOT	NULL	NULL
World Vision Romania realoca aproape 100.000 de euro pentru tichete pentru alimente, produse de igiena, dar si burse si meditatii online. Cum poti ajuta si tu	NOT	NULL	NULL
Apropo de coronavirus, chinezii ne dau țeapă cu termometrele. Eu știam că temperatura normală a corpului e 37. La astea digitale cu termistori adesea am temperatura între 35.3-35.8.	NOT	NULL	NULL
Dar mai au de dat explicatii 2 (China si US) urgente in fata lumii intregi, se poate si in fata unui Tribunal International, pt. ca una este vinovata de tot dezastrul produs pe glob!	NOT	NULL	NULL
Guvernul a lansat noua platforma online cu informatii despre epidemia de coronavirus din Romania	NOT	NULL	NULL
Guvernul a schimbat modelul pentru declaratia pe propria raspundere. Trebuie tiparita sau scrisa de mana!	NOT	NULL	NULL
Reprezentanții clubului Politehnica Iași au donat sânge la Centrul de Transfuzie Sanguină	NOT	NULL	NULL
@OvidiuSky @john0peace @emiltoma_av @DacianSoros Exact. Tot asta se întâmplă și cu verificarea căcaturilor de adeverințe și declarații. Scria cineva pe aici: prin mâinile aceluiași polițist trec sute de hârtii din alea, de unde să își schimbe mereu mănușile?!	OFF	UNT	NULL
@ZoliBara @SorinPaun3 @KlausIohannis Bai jegosule, tocmai pt ca nu sunt egoistă ratatule nu am nicio problemă să mă imunizez natural, ca nu imi e frica de un rahat de viroza. Apoi devin imună, nu il mai pot răspândi, imbecilule.	OFF	TIN	IND
@santaromica Poate ai vrut sa spui că Italia are 462 de cazuri (nu decese)/ 1 mil. de persoane,	NOT	NULL	NULL
@Stelian_Ion_USR Daca chiar făceau școală stiau, dar asa...	NOT	NULL	NULL
să visezi bărbatul pe care l-ai iubit și pe care nu-l vezi de ani buni de zile și să te trezești dimineață complet cu busola strâmbă din cauza acelui vis și să nu scapi de starea asta toaaată ziua:  ✓	NOT	NULL	NULL
@alinaeradulescu Nu se pune!Daca nu e pe baza de troc cu zacuscă nu e ora de economie!	NOT	NULL	NULL
a zis frate.miu una buna rau in seara asta de am ras 😂😂😂	NOT	NULL	NULL
@vmacity Ce pula mea faci cu atata zahar si faina doamneeeeeeee	OFF	TIN	IND
@adrianamia_o Ești foarte Frumoasă Și Te iubesc Nespus de mult Vreau să Ne vedem Te rog Dă-mi Ocazia Sînt foarte Sincer Cu tine și foarte Corect Și foarte Responsabil Las Numărul de Telefon 0764952935Te rog Dă-mi un Răspuns!!!❤❤❤❤❤❤❤❤❤❤❤❤❤❤❤❤❤❤❤❤❤❤❤❤❤❤❤❤❤❤❤	NOT	NULL	NULL
Oana Marinescu: Etica în comunicare înseamnă să dai importanță unui criteriu de evaluare care este legat de « cum » faci un lucru	NOT	NULL	NULL
Ca să scape de amenda pentru viteză, un senator UDMR le-a spus poliţiştilor că se duce să se testeze de coronavirus...	NOT	NULL	NULL
Ca măsură pre-carantină lumea și-a adus acasă cât mai multă mâncare și apă. Da' noi ne-am salvat arhiva "din tinerețe" :))	NOT	NULL	NULL
@emiltoma_av Stiu ca e alt caz. Dar stiu firme care analizeaza asta pentru prima saptamana pana exista clar ce se intampla	NOT	NULL	NULL
Nu pot sa inteleg de ce posturile de televiziune isi tot modifica grila de difuzare?!?!	NOT	NULL	NULL
Preţul petrolului poate scădea la 10 dolari pe baril, pe măsură ce ţările rămân fără spaţiu de depozitare	NOT	NULL	NULL
intre timp, la granita imperiului aflat in implozie ...	NOT	NULL	NULL
cum adica kosovo si grecia lucreaza de acasa si noi nu......	NOT	NULL	NULL
@FortniteStatus o investighez eu pe ma-ta de copil ratat	OFF	TIN	IND
Am intrat pe fb și am ieșit după 2 minute. E mai rău ca pe antena 3.	NOT	NULL	NULL
@dj_mezeneu @Antidotul2 Merg pe ideea:E o doar o gripa,imposibil,nu are acum sa se intample la noi asa ceva(Italia,China)...sau, mie nu mi se poate intampla,cam asa gandesc unii la noi in tara!	NOT	NULL	NULL
Zău că încep să cred teoriile conspirației!La domiciliu și fără curent!	NOT	NULL	NULL
@Alex_Tikitaka @RFboris @Carlos_Sacalul noi nu radem de el, sa stii ca l-am educat foarte mult pe twitter! La inceput facea laba, isi punea pula de 16 cm, avea impresia ca il urmaresc toti, acum e impecabil!	OFF	TIN	IND
@ZoliBara Asta e solutia. Se asteapta ca si la noi sa trecem de 1000 de cazuri/zi. Problema e cu numarul testarilor/zi. Pentru ca ar trebui sa "batem" Coreea de Sud si Germania,de exemplu,la numarul de testari/zi,pentru a reusi sa ii testezi pe toti bucurestenii intr-o perioada rezonabila.	NOT	NULL	NULL
Cam cat de nemernic poti fi, sa vii din tari infectate, sa iti bagi ceva in ce zic autoritatile si sa te aduni cu "tovarasii" la scara???  La cum se prezinta situatia, ce se intampla in Spania si Italia e mic pui pe langa ce ne asteapta 😠 #coronavirus #romania #COVID #staiacasa	OFF	TIN	IND
Nu mai stiu cand dracu a invatat poporul asta sa urasca in asa hal	OFF	UNT	NULL
@radusmall Dacă tot îți e milă , nu cumperi 1-2 iepurași ? :)	NOT	NULL	NULL
#Coronavirus Alexandru Rafila: În două-trei săptămâni, am putea avea cel puţin 1.000 de cazuri pe zi	NOT	NULL	NULL
@Rara06570402 @Noname__off @rquandt de fapt, nu știu :))	NOT	NULL	NULL
Doctor din Cluj: Degeaba scoatem armata pe strazi daca medicii sunt trimisi la lupta fara arme. Am primit 5 masti	NOT	NULL	NULL
Premiile #RadioRomaniaCultural, acordate in cadrul emisiunii #GPSCultural!	NOT	NULL	NULL
@stiripesurse_ro Da ci jale.. da cata durere!! cu ocazia asta poate se renunta concursul asta care nu mai are legatura cu muzica	NOT	NULL	NULL
Profesorul Virgil Păunescu, șeful catedrei de Imunologie a Universității "Victor Babeș" din Timișoara spune că a descoperit vaccinul împotriva COVID	NOT	NULL	NULL
@93gcfs JUR!! au venit fix aia care spun ca vai Romania e tara de cacat..PAI DACA E TARA DE CACAT CE DRACU CAUTI AICI ACUM	OFF	TIN	IND
Țiganii nu sărbătoresc Halloweenul, pe ei îi ia cu leșin când văd  mascații!	OFF	TIN	GRP
Industria turismului din România pune sub semnul întrebării măsurile luate de Guvern pentru a susţine economia. Şomajul tehnic este doar un paleativ pentru o industrie muribundă, susţine Nicolae Demetriade, preşedinte ANAT	NOT	NULL	NULL
@AntidotR Vei face și bravo și Simon spune?	NOT	NULL	NULL
Aveți gura plină de sloganuri, atât știți, în rest aveți cap ca să nu vă plouă în gât.	OFF	TIN	OTH
Sincer il inteleg. In izolare poti deveni chiar si un geniu.	NOT	NULL	NULL
Mic dejun preparat în 5 minute: foarte simplu, rapid, gustos și sățios! -	NOT	NULL	NULL
Papa Francisc: ”I-am cerut lui Dumnezeu să oprească epidemia de coronavirus cu mâna Sa. M-am rugat pentru asta”...	NOT	NULL	NULL
@radusmall aicea in Spania e dezastru, e pe urma italiei, si trenuri plin de oameni care se duc la munca.....	NOT	NULL	NULL
Si cum se spune in popor : Dumnezeu nu dă cu paru', iți dă niste coronavirus. Să fie primit ! Amin !	OFF	UNT	NULL
@MarmotaDeCampie M-a ferit Dumnezeu de așa ceva....	NOT	NULL	NULL
@AlexPop76 Mulțumesc, Alex. Revin zilnic cât timp e #StaredeUrgență și anxietate mare în preajmă cu Buletin Pozitiv pt Pacienți Negativi :)	NOT	NULL	NULL
@itskiiraa_ @AwpMid N-am zis ca femeile nu se bucura de sex,zic doar ca dorinta din barbati este mai mare decat a fetelor. Si femeile saliveaza dupa baieti, insa nu suficient	NOT	NULL	NULL
de pulă zdrentaroșii că au votat 3 zile ca să ne pricopsească cu nazistul hot de case traficant și mâncător de copii cruzi cu toți susținătorii statului mafiot și abuzurile sale futu.vă.n gură de #hastagisti #procurorijigodii	OFF	TIN	OTH
@pereca_veca Da, corect. Ma bucur ca le respecți. Și eu fac la fel.	NOT	NULL	NULL
@qwertyoruiopz Asa cum ne am obisnuit 💥Ne ai nenorocit	OFF	TIN	IND
@itmorar @gadrian84 și amândoo fața.	NOT	NULL	NULL
Fotbal: Procurorii italieni au clasat dosarul în care Mario #Balotelli a fost acuzat de viol	NOT	NULL	NULL
Ciprian Marin, roman stabilit in #Germania, la #Essen: „De la primul anunt facut de #Guvern, s-a stat in casa. Una dintre reguli a fost sa nu se apropie de batrani si oamenii chiar stau departe de ei”	NOT	NULL	NULL
Ludovic Orban: „Asigurăm plata şomajului tehnic din bugetul Ministerului Muncii!”...	NOT	NULL	NULL
@nihasa Am la Orange, cartela, cu 5 euro am primit 155 GB luna asta. A mers la fix.	NOT	NULL	NULL
Autorităţile române cer închiderea primului site de ştiri acuzat de fake news...	NOT	NULL	NULL
Medici, spitale or fi, însă "sistemul" medical românesc e sublim, dar inexistent.	OFF	UNT	NULL
Sambata e soare si vreme buna. Sa defriseze cineva padurile din jurul Bucurestiului pana vineri.	NOT	NULL	NULL
Un producator mic dar care imi place iarasi mult din Provence e Domaine de Mauvan daca ati dat de el pana acum	NOT	NULL	NULL
Mai e vreunul pe aici care nu a numărat boabele din pungile cu orez? Eu vă dau o provocare, numărați grăunțele din pungile cu faină.	NOT	NULL	NULL
@mitrutdocan La ce limba de stramba ai si la ce dume ai o saniti face meseria de minune infecto !!!	OFF	TIN	IND
@cristinadobre @daco_get Deci Deveselu este în concepția voastră pe teritoriul SUA nu al României de aici și aberațiile rusiei și ale voastre . Voi nu credeți în intențiile Statului Român dar găsiți circumstanțe rusiei agresoare . Halal cetățeni români sunteți . Vă îndoiți de intențiile doar de apărare .	NOT	NULL	NULL
@saint_meria Și ai de gand sa spui toate astea fARA SA POVESTEȘTI VISUL SJSBDKSNDJSAHDNS	NOT	NULL	NULL
@DacianSoros I-au lasat mallurile deschise lu’ finu-su in schimb ;)	NOT	NULL	NULL
@libertatea Ei, dacă s-ar bucura și de tovărășia unui CURVID, chiar 19, ar fi o autoizolare în regulă!	OFF	TIN	IND
Dacă un infectat a strănutat și a contaminat hârtia cu declarația, o dă polițistului care prin mânușile alea, va contamina toate hârtiile cu care intră în contact.	NOT	NULL	NULL
Nu mai zic faptul ca serviciile te informeaza si ele. Ele stiu foarte bine ce inseamna biowarfare, laboratoare si sunt obilgati sa considere ORICE potential risc si sa atentioneze!	NOT	NULL	NULL
e ce sa intrebi pe twitter cand poti sa dai un google? a, vrei sa ne transmiti ca esti prea cult pt referinta respectiva, a, da, ok, ia la pulă	OFF	TIN	IND
1000 scări de bloc întră în dezinfecție. Pachete sanitare și alimentare pentru băimăreni. Curățenie „bec” în școli. Amenajarea și dotarea centrului de carantină!	NOT	NULL	NULL
@fromjkwithluv te rog nu i mai da apa la moara lui ruka ca si asa e el prost	OFF	TIN	IND
Fratelo mai taci dracu din gura ca vreau sa dorm boule	OFF	TIN	IND
@softlarentss IMI STATEA CA DRACU LAURA ARATAM CA O OMLETA	NOT	NULL	NULL
Gazon mai bun în iunie în Islanda...	NOT	NULL	NULL
@CloneSandman @OvidiuSky nu mă ceartă, că e blocat.	NOT	NULL	NULL
BMW îşi redefineşte prezenţa în segmentul compact cu noile BMW Seria 1 şi Seria 2 Gran Coupé	NOT	NULL	NULL
Mereu mă uimește cât de puțini îl trec. Mă întreb în ce stadiu de depresie ar fi dacă n-ar avea nici acces la tv,net, cărți, jocuri etc.	NOT	NULL	NULL
@BoyWithPlant vei ajunge acasă, trebuie doar să avem răbdare si lucrurile se vor rezolva 🥺❤	NOT	NULL	NULL
@ZoliBara @laurentiu009 @suspaharu Știu pentru că am avut ...2 luni la Marius Nastea...dar pe radiografie așa apare...plămâni i dispar treptat, făceam aproape zilnic radiografii	NOT	NULL	NULL
@BlankGets @ScrapyCoCoTV Sunt treaz de la 7 și nu am ce sa fac în casa plm... Nici nu sunt la mn	NOT	NULL	NULL
Grecii văd că încearcă și așa:	NOT	NULL	NULL
După ce Costache-Polisano a umplut conturile firmelor lui de casă, și-a dat demisia. Case closed.	NOT	NULL	NULL
@RobertEVoicu @keyboardriot Am văzut și mulțumim. Nu eu, mă așteptam la asta. Dar, și eu zic un "merci bien" 😅	NOT	NULL	NULL
Testamentele de Margaret Atwood	NOT	NULL	NULL
@BoamfaAndrei @KlausIohannis Pai ce dracu cauti pa acolo? Si acuma vrei cetateni Romini sa plateasca pentru tine? Nu-ti dau nimic. #SoSorry #LiveWithIt	OFF	TIN	IND
Ministerul Sănătăţii: Un pacient transferat de la Spitalul Judeţean Suceava la Spitalul de Arşi din Capitală, depistat pozitiv la COVID-19	NOT	NULL	NULL
Coronavirus: Parlamentul European va vota asupra sumei de 37 de miliarde de euro ca răspuns la criză	NOT	NULL	NULL
#GCS: 548 de persoane care nu au respectat autoizolarea - plasate în carantină instituţionalizată	NOT	NULL	NULL
Da măi Tăriceanu, dar cât timp șefii parchetelor și ai judecătorilor sunt cei numiți de nazist împuțit Johnazist hot de case traficant și mâncător de copii cruzi nu se va întâmpla nimic! Eu sunt de dreapta slugoi,sugători de pulă și lingăi de cur Johnazist	OFF	TIN	IND
Asa se pacaleste armata ac sa iesi din casa  prin @YouTube	NOT	NULL	NULL
@john0peace @emiltoma_av @DacianSoros Și două de moldamin, în aceeași bucă	NOT	NULL	NULL
Ce-i drept este perioada vânturilor.	NOT	NULL	NULL
@GabryIonesc2 @MarmotaDeCampie du-te la biserică, zi o rugăciune, pune o lumânare, ia o muie și îți trece :))))	OFF	TIN	IND
@6x3Energy @snvppi chapter 2 sez 1 aveam mai multe fps se misca tot mai bine nush ce pula mea s a intamplat probabil de la toate armele noi toate locatiile plm new engine	OFF	UNT	NULL
Dacă un singur om nu are acces la democrația țării sale, democrația nu e întreagă	NOT	NULL	NULL
Ca observ o tendință universală: lăsați dracu băutura și mâncarea, ca va futeți viitorul. Daca nu ar suna sarcastic, sfatul meu ar fi chiar o idee buna.	OFF	TIN	OTH
Vă rog mult să folosiți prezervativul acum în carantină că sigur nu o să am bani să vin în Decembrie la 27 de botezuri.	NOT	NULL	NULL
@DacianSoros Ieși dracu de pe internet cu filmele, ca trebuie sa muncesc de acasă și nu merge remote desktop!	OFF	TIN	IND
@honeyplumyoongi Da-mi pace ca am crezut ca-i un sfârc la început	NOT	NULL	NULL
Micul Grădinar: „Salvarea noastră vine de la natură". Toneli are toate premisele pentru a susține piața cu produse. Apel ARILOG către autorități -	NOT	NULL	NULL
@gabibulumac nu, s-au suspendat pana la epuizarea stocurilor de faina si fasole din casele romanilor :))))))))))	NOT	NULL	NULL
@sopeprotector nuuu,, se face roz daca esti decolorata	NOT	NULL	NULL
@lalowonde tata incepe sa lucreze si el de acasa de luni....nu o sa mai pot face nici pula in casa asta ca suntem 4 pers non-stop aci innebunesc	NOT	NULL	NULL
@danaionescu65 Inedit TV. E aur, pare-se. Caut mâine emisiunea pe net.	NOT	NULL	NULL
România salvează România - o campanie a Crucii Roșii care deja mobilizează oameni și companii.	NOT	NULL	NULL
FRDS informează că activitatea sa ca Operator de Program continua în parametri normali, întreaga echipă lucrând în scopul implementării în bune condiţii a Programului Dezvoltare locală.	NOT	NULL	NULL
m-a sunat cineva daca vreau Mona, a gasit la 17 lei de 0.5 in ceva magazin de cartier.	NOT	NULL	NULL
Contractele fotbaliştilor şi antrenorilor echipei CSM Poli Iaşi, suspendate pe perioada stării de urgenţă	NOT	NULL	NULL
de ce dracu as risca eu pentru doi-trei batrani care n'au stare pe acasa si vin sa ma intrebe prostii...	OFF	UNT	NULL
@andra_romila Stirile mereu spun numai proati bagati pula in el de televizor propaganda maxima si mult cacat.Lumea este f panicata momentan si nu vor sa i panicheze mult mai mult.	OFF	TIN	GRP
Scriitorul și dizidentul Paul Goma a murit într-un spital din Paris. Era infectat cu coronavirus, susține biografa acestuia	NOT	NULL	NULL
Cum se procedeaza? Sta cineva si cand vrea sa iasa copilul, il impinge cu piciorul inapoi??? 🤪	NOT	NULL	NULL
@sopeprotector dar nu poate sa ii spuna nimeni nimic??? Gen ca nu ii ok. Daca stati acasa nu inseamna ca nu mai dormiti deloc wtf	NOT	NULL	NULL
Deci am înțeles ca s-a intors acasa si selecționata României de Alba-Neagra.	NOT	NULL	NULL
@taetriviagi exact dar suntem pozitionati cam prost lmao tot ce stia lumea de noi e de dracula si atat	NOT	NULL	NULL
mai ai doar amintiri cu tine avand amintiri cu tine 6am eyes snap open si iti stii desfasuratorul desfacatorul si nu mana de la șliț alexa play 2 nectarine si o cola rece sau bujor la pacanele	NOT	NULL	NULL
Extremele meteorologice prognozate pentru urmatoarele 6 zile in #Romania si #USA (Romania and USA #weather extremes)	NOT	NULL	NULL
@denis26_denise @basarab84 In Italia au angajat pe toti medicii si asistentele care terminau facultatea in acest an.  Au data examen de diploma in avans . Au fost angajati cateva mi de doctori ( 5000 daca imi amintesc bine.)	NOT	NULL	NULL
@daco_get Luptau pe dracu, a fost si visul lor, rasa aia mixta creata in mintea lor, era utila pentru munca in slujba elitelor \"ariene\"	NOT	NULL	NULL
@sandu_lupea Sunteți dragut, cu mare drag va doresc o zi linistita si vesela dar nu raspund la provocare.	NOT	NULL	NULL
@marconst Internetul va rezista ..!! Întrebarea este cât va mai fi internetul un mijloc de manipulare ..?? Cred că o dată cu ..curățenia Terrei ..se va curăța și internetul..!!	NOT	NULL	NULL
@alinaispas02 mereu mă sperii când văd română pe twt lol scuze că mă bag	NOT	NULL	NULL
STATISTICA NOASTRĂ CEA DE TOATE ZILELE  via @YouTube	NOT	NULL	NULL
Nu iată de ce nu apare vreo boală pentru acei care fumează? Ca să se lesă toți de treaba asta odată	NOT	NULL	NULL
Protejeaza-te de virusuri si bacterii cu dezinfectantii Medical Confort. Pachete promotionale cu masti cadou	NOT	NULL	NULL
..stăpâne, stăpâne ..ai pățit ceva??	NOT	NULL	NULL
@RFboris Am auzit ca la Lidl iti iau tensiunea	NOT	NULL	NULL
e și timpul ca tata sa înceapă sa facă misto de mine in comentarii LETS GOOO	NOT	NULL	NULL
@piggiebrotha @thezvoner ca sa testeze 3 milioane de oameni le-ar lua 1200 de zile	NOT	NULL	NULL
@x1Iuv poate il aduc pe moonhyun in locul lor tho-	NOT	NULL	NULL
A fi artist înseamnă, într-un sens, a fi ”blestemat”. Artistul, prin propriul consimțământ față de sine, se privează de dreptul la o viață ”obișnuită”.	NOT	NULL	NULL
PAUL GOMA, UCIS DE COVID-19. SCRIITORUL SE AFLA INTERNAT INTR-UN SPITAL ...	NOT	NULL	NULL
Mamaaa, daca nu trece nici la vara, ce dracu ne facem?? Hai cu vaccinul ala odataaaa😡	NOT	NULL	NULL
@lidelsensmening @darthamalek Daca nu stiti ce inseamna cancer,nu vb de aiurea!Cancerul se poate depista inca de la f.usoare...daca se moare,din nepasarea sau neinformareacelui bolnav,alegerea sa!Nu exista vaccin,dar se poate trata!Da,se moare de cancer pt ca oamenii merg pe ideea"mie nu mi se poate intampla"	NOT	NULL	NULL
"Tot de la trafic? Tot de la masini? Pana cand isi bate joc de sanatatea noastra si asa subreda si incoltita de #COVID19 mizeria aia de Minister al Mediului, Garda de Mediu si cine pula mea mai e responsabil p'acolo pe bani multi ca dupa aia sa ne futa tot nou o taxa OXYGEN?	OFF	TIN	OTH
@CloneSandman @roxidh Ete na! Ce dracu aveti bre' cu orientarea asta #destanga socialista, toti, dintr'o data?	OFF	TIN	GRP
222 de cazuri de coronavirus în România.	NOT	NULL	NULL
Chiar şi Mercur ar fi dispus odinioară de ingrediente necesare apariţiei vieţii	NOT	NULL	NULL
Nu oferim oamenilor ceea ce merita.	NOT	NULL	NULL
@razvan_chiruta Deocamdată statul român  ii este dator,prostule care esti tu prost si un mare nenorocit mancator de kkt!	OFF	TIN	IND
@SirghieCristina Pensia este un drept castigat, pensionarul este un creditor care-si recupereaza esalonat, in transe mult subevaluate, banii de la statul debitor.	NOT	NULL	NULL
IN PULA MEA YIBO TU SI VOCEA TA MA DAU CU CAPUL DE MASA	OFF	TIN	IND
@cherryspicenat Vrei să ne cunoastem si noi mai bine	NOT	NULL	NULL
@daco_get @stefancrisan @cristinadobre Nu e numai polio, sunt o multime de altele si acestea nu sunt exceptii... Pe vremea mea ne vaccinau la școală, fără să ceara voie nimanui si bine a fost. De pildă BCG. Actualmente a reaparut tuberculoza.	NOT	NULL	NULL
Nefiind nevoit să mă trezesc dimineaţa, citesc noaptea. De fapt, nu pot să adorm fără să citesc.	NOT	NULL	NULL
@i0n1ca @MaricaPuiu @piticu21  pe asta îl mai găsesc doar	NOT	NULL	NULL
Du-te dracu la spital că nu te taie	OFF	TIN	IND
Doar printr-o declarație pepropria răspundere mai poate fi oprit!	NOT	NULL	NULL
Multumesc Werner! Multumesc si prefectului LIBERAL! Am glumit,vroiam sa va zic SA VA IA DRACU JAVRELOR!	OFF	TIN	GRP
Ca să-ţi spun cine ești.*	NOT	NULL	NULL
@monalisten @Iovenamjoons @yoonohwantsmilk să-mi bag pula în fandom-ul tău	OFF	TIN	IND
Coronavirus. Mesajul președintelui Klaus Iohannis pentru români: Ne aflăm în plin război pentru păstrarea sănătății omenirii...	NOT	NULL	NULL
Paul Goma - foarte bolnav era din 2015!!! Restul e minciuna necesară #COVID19.	NOT	NULL	NULL
Încă o dată vă spun, și mă scuzați dacă vă supăr, dar TREBUIE SĂ ÎNȚELEGEȚI! STAȚI ACASĂ în pula mea! STAȚI ACASĂ!	OFF	TIN	GRP
@MarmotaDeCampie Suna ca o întrebare la radio Erevan, fără răspuns :-)	NOT	NULL	NULL
Mă duc la cumpărături. Mi-am făcut și declarație ppr. Wish me luck.	NOT	NULL	NULL
@keyboardriot @adigoldi67 Îți faci armură de cupru.	NOT	NULL	NULL
găoază “ te prinzi Fănică !!! “ - ce domne ? .	NOT	NULL	NULL
Să știți cine ne-a îmbolnăvit ...restul e can-can!	NOT	NULL	NULL
CORONAVIRUS | O altă zi neagră în Italia: Peste 680 decese, în ultimele 24 de ore	NOT	NULL	NULL
@MarmotaDeCampie O spui cu mirare.	NOT	NULL	NULL
După ce trece toată nebunia asta  cu virusul pluii, se mai spală cineva pe mâini ?	OFF	TIN	OTH
@translationwork yeah, dute in pula mea cu spamul tau	OFF	TIN	IND
@veronicaelena20 Mersi, o sa încerc.	NOT	NULL	NULL
Se pare că, Autoritățile ar fi fost informate de magnitudinea epidemiei, încă de la jumătatea lunii Ianuarie, și că cel mai probabil aceasta va evolua în pandemie. Cel puțin asta demonstrează un document intern al@miniaterului sănătății, datat atunci	NOT	NULL	NULL
@ZoliBara îi dă cu apă cu clor de o săptămână. dar pe străzi	NOT	NULL	NULL
@MagnusCarlsen sa te fut in gat ba sclavule bagameasi pula in ma ta si in jocu tau	OFF	TIN	IND
Standardele armonizate revizuite se referă la dispozitive critice în lupta cu noul coronavirus, precum măști medicale pentru față, câmpuri operatorii, halate și costume, dispozitive de spălare şi dezinfectare şi la sterilizare #COVID19 #EuropeanUnion	NOT	NULL	NULL
@suspaharu Idioți? De ce? Ca pierd ultimul episod din how to fuck my mama de pe pornhub sa fie culți? Sau ca nu au profil pe Tinder? Rugăciunea a vindecat mai multe boli decât masturbarea în mașina fratele meu 😊	NOT	NULL	NULL
Voi pregatirati declaratiile pentru maine? Mi se pare de aur ca politia iti cere tie si altor 1000 toate documentele cu aceleasi manusi din ce am auzit. Daca aveti nevoie, sa imi spuneti, am un pachet intreg!	NOT	NULL	NULL
Și IOHANNIS a vorbit despre amânarea plății RATELOR la bănci. Totul se va afla mâine	NOT	NULL	NULL
Parlamentul European să-a amânat sesiunile plenare de patru zile cel puţin până în luna septembrie a acestui an; legislativul european va organiza minisesiuni plenare, la Bruxelles, cu o durată redusă pe 13-14 mai, 17-18 iunie şi 8-9 iulie #EuropeanParliament #COVID19	NOT	NULL	NULL
Folosita ca mormânt faraonului Keops, marea piramida a fost făcută din milioane de blocuri de piatra	NOT	NULL	NULL
Poate ajung sa dau in judecata statul Roman pentru raul pricinuit, in nici o tara civilizata nu se intampla sa ceva.	NOT	NULL	NULL
continuand , vreau sa l pup pe nasuc si sa l tin de mana si sa l iau in brate in pula mea nu mai rezist	NOT	NULL	NULL
cârpe de mers cu capra de anul nou	NOT	NULL	NULL
@denis26_denise 3 luni asa s-a spus, da,in acelasi timp, acelesi voci(autorizate sa zicem) au zis"sa nu credeti ca scapam in vara" adica iulie -august. Crede cineva ca poti restrictiona/limita pt iesiri (aer liber,parcuri, etc ..)TOTI romanii,perioada (martie-aug.)?	NOT	NULL	NULL
faptul ca incepem cursurile online ma nelinistete teribil	NOT	NULL	NULL
Toți locuitorii Bucureștiului ar putea fi testați #StaiAcasă si informea...  via @YouTube	NOT	NULL	NULL
Rugaciunea mintii si Parintele duhovnicesc	NOT	NULL	NULL
@denis26_denise Ar fi bine să intre armata pe străzi să îndemne oamenii să stea în case nu să plimbe hai hui...	NOT	NULL	NULL
"s-ar putea să am nevoie de o perioadă de singurătate, până când distanța dintre noi îmi va permite să-mi imaginez lumi fără ca tu să apari în mod automat în ele"	NOT	NULL	NULL
nu pot sa cred ca m am uitat la serialul gresit 🤡	NOT	NULL	NULL
@RobertCPhenom o să le blochez eu pe astea, oricum. Adică mature? Măcar de era un videochat normal, să ajutăm economia.	NOT	NULL	NULL
@cosmin_roman_ Eh, sa vedem partea plină a paharului: uleiul e hidratant! La cat ne'o " trage" viața, in timpurile astea, chiar avem nevoie ceva " emolient"..	NOT	NULL	NULL
All England Club, va lua o decizie săptămâna viitoare privind soarta turneului Wimbledon 2020	NOT	NULL	NULL
@basarab84 Asa frate hai cu cenzura.Cenzura gandului,opiniilor.Doamne Fereste!	NOT	NULL	NULL
Un pacient confirmat pozitiv cu coronavirus a fost scos din secția de ATI a Spit. de Urgență Piatra-Neamț,pentru a fi trimis la Iași.Medicii l-au scos fără izoletă,fără nicio măsură de protecție,bărbatul fiind lăsat în frig cu o simplă pătură pe el,legată cu bandă adezivă .	NOT	NULL	NULL
@ACplusD @DanBarnaUSR Ce dracu ai făcut tu la alegeri!? Pe cine ai votat aia ai primit! Totdeauna ncepe totul cu tine!"	NOT	NULL	NULL
@ZiarecomPolitic Ai dracu,despre scumpele banci nicio vorba.S-a propus amanarea platii creditelor.Nicio vorba despre asta,slugilor!?!	NOT	NULL	NULL
@miroh_mv Imagineaza-ti daca strainii ar crede ca injuraturile noastre s ar referi chiar la ce spun traducerile lol	NOT	NULL	NULL
Cristina Stănciulescu: Ce fac vedetele zilele acestea #Bizromania	NOT	NULL	NULL
Ieri zicea ca vor fi testați TOTI bucureștenii și azi își da demisia. #dezastru	NOT	NULL	NULL
Stai să îi vezi atunci cum isi amintesc cu melancolie de cand era rusia dusmanu nr 1	NOT	NULL	NULL
#StaiAcasa: Răzvan Ursuleanu lupta cu umor impotriva #COVID-19 :)	NOT	NULL	NULL
@expresmedia_ro Asta mai lipsea sa decideti voi ce dracu facem in curtea noastra ? Voi sunteti normali ?	NOT	NULL	NULL
Voi ati observat ca numai bărbații și femeile iau coronavirusul? Dar celelalte genuri unde sunt? Chiar nu s-a îmbolnăvit nici un altul pana acum?	NOT	NULL	NULL
S-a întors din Italia, dar refuză autoizolarea la domiciliu. Cum a fost surprinsă mama Danielei Crudu în Capitală...	NOT	NULL	NULL
Sunt curioasă cât îi ia lui Nelu Tătaru să ajungă de la Suceava la București👀	NOT	NULL	NULL
@RFboris @gusteru Maria este o printesa nu un inger...	NOT	NULL	NULL
@tyongsfrog NUSH L-A ADUS TATA VREAU SA PLECE CE PULA MEA FACE AICI	NOT	NULL	NULL
Inevitabil  va fi bine  prin @wordpressdotcom	NOT	NULL	NULL
@Camelia30_0 Ma mai uit la călărie... Nu prea înțeleg cum e cu săritul și punctajul 🤪 nici nu știu exact cum se numește sportul asta 🙄	NOT	NULL	NULL
@ailel4 „Aici găsiți manualele după care s-a învățat înainte de 1989” și din care nu s-a-nvățat nicio vită din Ministerul învățământului să tragă învățăminte. Vin mereu cu chestii idiot-manipulative și cu găselnițe nepractice, nerealiste și neinspirate. Vârâți porcii-napoi în cocină!!!	NOT	NULL	NULL
#Coronavirus: Papa Francisc a condus rugăciunea universală ''Tatăl Nostru'' ca metodă de combatere a pandemiei	NOT	NULL	NULL
Nelu Tătaru, secretar de stat în Ministerul Sănătății, măsuri pentru prevenirea transmiterii accelerate a noului coronavirus....	NOT	NULL	NULL
@Digi24_HD Tara arde si capra vecinului...	NOT	NULL	NULL
Mentalitate de militian prost. 99% dintre ei asa gindesc: sa minta, sa insele, sa fure si sa ia salariu + pensie. Al dracu, n-ar fi lasat locul liber pt un tinar!	OFF	TIN	IND
In acest episod, iti arat cum fac transferul (site-ului despre coronavirus) de pe serverul local, pe serverul "de productie". Take a look :).	NOT	NULL	NULL
Bagamiaș pula n-o să găsiți români în rulonte la Roma 🎶🎶	OFF	UNT	NULL
DECÂND CU CORONAVIRUS NU AM MAI SUPT NICI O PULA MIE DOR SĂ SUG PULA SÂNT MUISTĂ NUMĂRUL 1	OFF	TIN	OTH
@jkinthesky Ce dracu, cum sa aibă 15????? Gen??	NOT	NULL	NULL
@ArmandEpurescu Nu vreau sa mai am de a face cu cineva care se injoseste asa mult dupa cineva? Daca era sa ai ceva cu ea intelegeam. La tine acum ce se intampla e o prostie, ti-a mancat in pula mea creierii	OFF	TIN	IND
Nu există armă perfectă, funcție de tactica adoptată e mai bun un coș sau altul	NOT	NULL	NULL
@sopeprotector Nu sunt Namjoon, dar am făcut psihologie 😳 ce trebuie să faci?	NOT	NULL	NULL
Ai dracu' imbecili părerologi! Aveți gura plină de sloganuri, atât știți, în rest aveți cap ca să nu vă plouă în gât.	OFF	TIN	GRP
@MarNicho Ați spus! Dar asta nu mă împiedică să vă urez o izolare utilă, plăcută, cu multă sănătate la final	NOT	NULL	NULL
Sunt verzi toti senzorii de poluare de zici ca-s defecti. Deci sper ca am lamurit-o pt totdeauna ca traficul fute aerul.	NOT	NULL	NULL
@n0chuni sunt o steluta de fata	NOT	NULL	NULL
Despre certificatele de situații de urgență, emise de Ministerul Economiei	NOT	NULL	NULL
"Poate sa taca dracu mihai odata ca nu se intelege nimic din ce zic concurentii ca se da el destept... sincer #RomaniiAuTalent	OFF	TIN	IND
Care parte din 'stati dracu'acasa' nu inteleg mosii si babele din orasul asta?! 🙄 E plin orasul de ei. S-au gandit oare ca e timpul perfect sa aiba autobuzul gol pt ei sa aiba loc jos?	OFF	TIN	GRP
Avem nevoie de google... mai cauti una-alta...	NOT	NULL	NULL
Acum 30 de ani, la 26 martie 1990, se înființa Serviciul Român de Informații (SRI)	NOT	NULL	NULL
@skatecat_147 @roxidh Are respect față de lege și spirit civic gagiul! 😁😁😁	NOT	NULL	NULL
A fost dat Ordinul administrativ de începere a lucrărilor la terminalul de pasageri, al Aeroportului Internaţional Braşov – Ghimbav	NOT	NULL	NULL
@libertatea Vaaai ce răzbunare i-aș fute ăstuia, de să nu poate sta pe spate trei săptămâni...	OFF	TIN	OTH
Băi, la unii bate moartea la ușă și pe unii îi fute grija că nu mai au clineți. Pe bune?	OFF	TIN	OTH
Ai zice că de carantină ar fi mai puține mașini pe stradă și șoferii ar avea timp să meargă mai încet și să respecte regulile de circulație. Ai zice.	NOT	NULL	NULL
@ECiocu Chiar daca e o glumă, mi se întâmplă la fel, dintr-odată îmi șterg lacrimile de pe fața, nici măcar nu îmi dau seama că plâng din orice. Probabil nu plâng, dar îmi curg lacrimile toată ziua. Cred că incertitudinea e cauza.	NOT	NULL	NULL
@JIKOOK1236 Da, te cred, mai ales că la noi încă nu e luată în serios toată situația asta. Azi bunica mea a auzit o babă spunând că sunt numai minciuni de manipulat populația, că nu există niciun virus. 😂😂 Deci mor, mă, cu ai noștri, mor! Suntem un popor vai steaua lui.	NOT	NULL	NULL
@Costindte @keyboardriot @ZoliBara @Sorin_Patiu @itmorar Altă treabă.	NOT	NULL	NULL
"De ce minți, mă? De ce? - ⁦@KlausIohannis⁩ #mincinos #stupid #zevzec #nenorocit	NOT	NULL	NULL
Insa atentie asta cu simularea facuta de China e reala nu info, Wuhan,unde corona apare. Plus data apropiata (sept) de dec. 2019,chiar pentru novel coronavirus,nu exista asa ceva!adica din 1000 virusi,fix asta l-au ales!	NOT	NULL	NULL
Rezumând: pe americani ii înjură toți din orice poziție, germanii le-o trag tuturor din fruntea UE la prima rafala de virus, China ne-a blagoslovit cu beleaua, mai, mai să cred că vine Putin și ne salvează pe toți. Când s-a transformat Europa in așa păun cu coada pe sus?	NOT	NULL	NULL
@petria In calitate de sluga a imperiului yankee Romania nu are o politica externa proprie unui stat suveran.	NOT	NULL	NULL
Renunț greu, dar și când o fac, v-ați dus dracu'	NOT	NULL	NULL
SANA TREZESTE TE IN PULA MEA ACUM	NOT	NULL	NULL
pula ei de carantina VREAU SA MA VOPSESC O CULOARE LA INTAMPLARE DIN IMPULS	NOT	NULL	NULL
Vântul schimbării, al primăverii, al speranței, care ca și sămânța, moare  pentru a rodi.	NOT	NULL	NULL
Hello! Pe  găsiți videoclipul în care vă arăt cum mă vopsesc, rezultatul final și parerea mea despre Gliss Color cu acid hialuronic 😉.	NOT	NULL	NULL
@Cristin57579223 Imperiul britanic modern este imun ..!! UK ,a rezolvat cu imigranții cu Brexitul , de Covid 19 nu au nevoie , poate așa doar prin Daily Mail și The Sun , vreo bârfă de la Palat , vreo escapadă de prințesă . In rest omenirea nu are nimic ,se reașează lucrurile	NOT	NULL	NULL
@mokcris Reapariția ei e întrebarea principala. O iei de la început cu carantina?	NOT	NULL	NULL
@foreverrainmyg IN PULA MEA AI MANCAT PIZZA CU PORUMB ASA CA NU MAI COMENTA DATA VIITOARE CAND VII ITI FAC PIZZA CU MAZARE SA MOR	NOT	NULL	NULL
@David77692706 Seară liniștită David!	NOT	NULL	NULL
Virusul a monopolizat discutii,atentia,da,gresit. Cand  datorita acestui V unii iti schimba VIATA asa din mers,iar altii mor,sa vb. de floricele pe campii	NOT	NULL	NULL
Tocmai de aceea, te invit sa discutam mai multe, ce zici?	NOT	NULL	NULL
@KennyaMistress @clips4sale Ador sa fiu futut cu straponul si sa sug pula in acelaș timp	OFF	TIN	IND
Efectiv nu pot sa ma calmez si am creierul varza ma pun pe plans din 5 in 5 minute ce dracu e inneregula cu mine	NOT	NULL	NULL
@itmorar Mie îmi place expresia aia de anii '50: Zădărnicirea combaterii bolilor 😀	NOT	NULL	NULL
Mi-am făcut testul duminică seara, după ce am avut o serie de evenimente, ședințe, comandamente. Ma doare spatele de cand s-a urcat Basescu in elicopter si m-a folosit pe post de scara.	NOT	NULL	NULL
Atunci când fura conturi, ei nu se gândesc ca poate acea persoana și a depus tot efortul pentru a avea acel cont? Și au irosit zile și timp în care puteau face alte lucruri. Oare lor le-ar plăcea sa aibă un cont apreciat iar apoi cineva sa i-l ia? Nu prea cred!	NOT	NULL	NULL
@RobertEVoicu Mergem din ușă în ușă si care nu are ii dam noi	NOT	NULL	NULL
@majestatea @itmorar Stiati ca asta nu e o scuza pentru a amana declararea starii de urgenta?	NOT	NULL	NULL
Urmeaza o criza cum nu am prins pana acum, ce faceti voi ca banca reponsabila pentru clientii vostrii?	NOT	NULL	NULL
Prin pedalare în vacuum se consumă energie şi se tonifică musculatura picioarelor, feselor și abdomenului.	NOT	NULL	NULL
Coronavirus. Experimentul care a salvat un orășel din Nordul Italiei. Nu a mai raportat niciun caz nou de COVID-19...	NOT	NULL	NULL
Cum să fiu atent la cursuri astea online când parinții mei mă strigă din sufragerie de 35829 ori pe zi..	NOT	NULL	NULL
@JeanTheo14 Nu doar la turci. :) Numai că la noi e considerată (încă) fiță, nu necesitate.	NOT	NULL	NULL
Sper ca isteria politică, îmboldită-n cur de realitățile obiective ale economiei, să nu țină mult.	NOT	NULL	NULL
@mika_stef Era de ieri.	NOT	NULL	NULL
Peste 1.000 de morți și aproximativ 70.000 de cazuri de infectare cu coronavirus în SUA	NOT	NULL	NULL
De ce se înfig sticlele de plastic în grădină?! -	NOT	NULL	NULL
Semnat: toți spărgătorii de case pedofili	NOT	NULL	NULL
@denis26_denise Ar trebui impus ca obligatie si dezinfectarea, sau schimbarea lor ... te protejeaza pe tine, dar pe altii nu :) In rest da ... batani peste tot ..	NOT	NULL	NULL
Digi24: Franța. Primul pacient cu coronavirus dă în judecată Guvernul pentru că nu a fost internat pe motiv că nu sunt paturi în spitale.	NOT	NULL	NULL
@yoon2seoksie__ 😭😭😭😭😭 ce dracu mai ii și asta	NOT	NULL	NULL
Mi am luat call of duty si 4 tipi m au intrebat daca vreau sa ne jucam împreună mai pe seara =)))))	NOT	NULL	NULL
@liviumihai 1000, probabil. Ce, s-a terminat PNL-ul?	NOT	NULL	NULL
@BIGREDM00928416 Cred ca ești nebun omule	NOT	NULL	NULL
RYANAIR retine la sol peste 90% din flota pentru următoarele 2 luni. Vor fi operate zboruri esențiale. @airlinestravel	NOT	NULL	NULL
Însămânțarea la timp a întregii suprafețe a țării. Pentru aceasta trebuie asigurate inputurile;Pornirea urgentă a sistemelor de irigații și continuarea investițiilor	NOT	NULL	NULL
@ingerisidemoni @SirGolan @cosmin_roman_ Au vrut spitale, nu catedrale. Nah, că acum Dumnezeu dă folos spitalelor. La referendum, progresistii au zis că să stăm acasă. Iaca, și asta li s-a împlinit. Stăm acasă. Aveți grijă ce mai doriți. S-ar putea să se împlinească.	NOT	NULL	NULL
@denis26_denise Eu gătesc!Sunt fiarta după gatit🙄🙄🙄!	NOT	NULL	NULL
Cine vine acasă la mine la o cafea?	NOT	NULL	NULL
Nu ti se pare ca suntem deja acolo?	NOT	NULL	NULL
Ce plante putem folosi împotriva pandemiei de Coronavirus -	NOT	NULL	NULL
@DacianSoros O mica răbufnire a vremi zici a naiba ca vrea sa dea o mana de ajutor covidului😁	NOT	NULL	NULL
Daca n ati vazut shit posting pana acu nu ezitati sa dati scroll pe acest gunoi	NOT	NULL	NULL
@octavpelin Ai fost un dobitoc	NOT	NULL	NULL
Într-o societate aflată la un moment de cumpănă, cei ce adoptă politica struțului nu mai au un viitor de referință pentru aceia care anterior i-au prețuit.	NOT	NULL	NULL
@keyboardriot @mihairotar E normal să fie așa, altfel nu te înțelegi cu românu'	NOT	NULL	NULL
@MarmotaDeCampie @itmorar Vezi ca iti da ban rapid, orice opinie diferita de a lui, e impotriva lui ... meteahna securista. :))	NOT	NULL	NULL
Actorii din serialul VLAD arată ce desenează alături de copiii lor -	NOT	NULL	NULL
Simt că sunt important pentru nimeni. Să nu aibă prieteni.	NOT	NULL	NULL
Președintele CJ Iași, către guvernanți: „Nu transformați Iașul și Moldova în Lombardia României!”	NOT	NULL	NULL
V-am zis că Analistul afiliat de renume intergalatic e în extaz?	NOT	NULL	NULL
Te-aș iubi dar ai nevastă 🎶	NOT	NULL	NULL
@JustMe07661019 acolo apare numărul de cazuri confirmate. nu și numărul celor testate din care a rezultat acesta.	NOT	NULL	NULL
@StephT24191139 Facem pe cv cisco meetings sau cum pula n am auzit in viata mea si merge ca un cacat nu inteleg	NOT	NULL	NULL
Era un studiu mai demulty, cum ca astia micii o sa ceva drept adevar absolut doar pt ca e pe net.	NOT	NULL	NULL
@w_lemn @Carlos_Sacalul Mănânci litere, formezi fraza greșit, nu cunoști înțelesul unor cuvinte comune, nu poți lua acum un examen de capacitate la limba română dar te crezi în stare să-i înveți pe alții? Evident, tipic sputnik! Da, vreau o țară ca afară, dar așa cum tu nu ai văzut sau visat niciodată!	NOT	NULL	NULL
OBSERVATOR CULTURAL / Bedros Horasangian : Bunavestirea fără Paul Goma	NOT	NULL	NULL
Cum imporți parolele din Google Chrome în Safari	NOT	NULL	NULL
@AntidotR @FortniteGame Normal, jocu nu mai e distractiv deloc, update urile nici update uri nu mai sunt iar de comunitate si de jucatori pot sa zic un singur cuvant: CANCER	NOT	NULL	NULL
Ciolacu: Am facut o conexiune intre cele doua Camere pentru ca proiectele noastre sa fie votate in 10 zile	NOT	NULL	NULL
@anitamassey86 We need that now. Felicitări	NOT	NULL	NULL
@ZiarecomPolitic E normal că acest proiect de lege - respectiv acapararea de noi privilegii pentru aleșii noștri - să intre în Parlament în procedură de urgență, pentru că, atunci când viața însăși le este amenințată, să aibă și ei bani, acolo, de un cavou în marmură, poleit cu aur, ca noi toți.	NOT	NULL	NULL
am inceput sa am reclame pe insta la capsuni in ciocolata si la frufru. creepy	NOT	NULL	NULL
Pacientii din Italia, ajutati sa respire cu masti de la Decathlon	NOT	NULL	NULL
@yasinozbek_ Nu știu dacă pot urmări dar as aprecia sa fie o bomba drăguță ca de rele avem parte și cum suntem închiși toți în case dacă poți Yasin trimite-ne niște raze de soare niște porumbei frumoși CanDem 💖🥰💕de bine și fericire! Mulțumesc! ❤️ ❤️ ❤️ ❤️	NOT	NULL	NULL
@ovidiu_olaru Ceea ce spui tu acum, am citit eu ieri pe pagina unui prieten de pe fb...	NOT	NULL	NULL
Flutur, despre vinovatiile de la Suceava: Eu nu am luat la restaurant acest virus, am constiinta impacata	NOT	NULL	NULL
@alexbadea9 Lombardiiiiaa :)) daca e asa grav cum se caca astia pe ei proviziile tale pe 2 luni o sa fie fix pula.	OFF	TIN	IND
@denis26_denise Numai bem numai mâncăm în oraș asta e oricum pe la mine nix șansa la vară când o începe sezonul estival !	NOT	NULL	NULL
de ce să dai banii pe droguri când e mai simplu să te ridici brusc din pat și să vezi steluțe?	NOT	NULL	NULL
MApN: Rolul Armatei, după emiterea Ordonanţei militare 3, e de a completa efortul instituţiilor din Sistemul de apărare	NOT	NULL	NULL
Regasiti modelul acesteia aici	NOT	NULL	NULL
e pulă împreună cu zdrentaroșii diasporei pnl.isti usr.isti pmp.isti gunoi de dreapta sugaciule cu mă.ta și toți trogloditii #hastagisti #rezist 🖕 🤮	NOT	NULL	NULL
@zoso S-au inmultit acum...digitale	NOT	NULL	NULL
Pe pozele anterioare demonstrez Chelia cu gratii	NOT	NULL	NULL
Cum aș putea să sesizez autorităților persoane venite din țări afectate de coronavirus?	NOT	NULL	NULL
@bogliviu :))) mort nu era oricum, și dacă făcea corona n-avea nici pe dracu, nu vezi că ăștia bazații fac toți mild symptoms :)))	NOT	NULL	NULL
Idei creative pentru realizarea unor elemente de separare în încăperi	NOT	NULL	NULL
O decizie de 💩.	NOT	NULL	NULL
Patriotii care pe unde or fi la noi sau aiurea,ii numeri pe degetele de la maini. Si cam atat.Beleaua e ca astia care sunt la noi in capu’ trebii n-au invatat nimic de la smecherii din vest. Ca sa traiasca boieru’ bine,trebuie ca si sluga sa n-o duca rau.Asta ede fapt toata filoz	NOT	NULL	NULL
O cheltuială imensă, o disponibilizare enormă de resurse și de logistică, imposibil de făcut asta.	NOT	NULL	NULL
@EKirkopoulou Bună seara! pe la voi cum este situația covid19? este bună?	NOT	NULL	NULL
@itmorar Cine dracu' mai e și pocnitoarea asta?	OFF	TIN	IND
@AndreiCismaru @SofiaCovaci Exact. Dar, tot Orban era cel care îi lua apărarea acum ceva vreme....te doare minte	NOT	NULL	NULL
Alta intiativa frumoasa. Ia sa vedem ce mai gasim 📲	NOT	NULL	NULL
Nu stai închis în casă? Ești luat la bătaie cu bâta!	NOT	NULL	NULL
@PleuAlexandru4 @basarab84 Prostu' și-a făcut treaba: a împărțit contracte bănoase la firmele lui de casă. 💰💰💰👎👎👎	OFF	TIN	IND
@ipostaze Și eu la fel. Smart	NOT	NULL	NULL
@qwertyoruiopz Asa cum ne am obisnuit 💥Ne ai nenorocit	NOT	NULL	NULL
@alexgurdila Hz da eu totuși nu înțeleg cum plm nici o lună de stat acasă și deja fără bani... Și asta după un deceniu de economie în ascensiune. Eibogu nu înțeleg.	NOT	NULL	NULL
@i0n1ca @AntiJavre Pai eu ce zic?! #dedreapta pana la capat si dincolo de #muie! 😅	OFF	TIN	GRP
@subiectiv @zoso Mi-am pus semne de intrebare de unde pana unde cu armata pe strazi?!	NOT	NULL	NULL
#Oficial: Inca un deces la Spitalul Clinic Județean de Urgență Suceava	NOT	NULL	NULL
@CloneSandman @RobertEVoicu Erau mai multe. O parte din cele de pe TAB si TR-uri. Inclusiv inlocuitoarea lui R105 era facuta in colaborare sarbii.	NOT	NULL	NULL
#staiîncasă la Bulevardul Bucuresti Ploiesti	NOT	NULL	NULL
Super ideea celor de la @orangeromania 👏🏻👏🏻👏🏻 Mă surprindeți mereu cu inițiativele voastre. Bravo! #stămacasă	NOT	NULL	NULL
păcat că nu există nici măcar o minimă notorietate pentru profesia asta, darămite vreun dram de apreciere.	NOT	NULL	NULL
@_andra______ Am de obicei planuri din astea foarte detaliate si s chiar foarte bune :)	NOT	NULL	NULL
@AndreiCismaru In Coreea de Nord fake News-ul și specula sunt lăsate libere, deși ilegale, in diferite susținerii regimului Kim.	NOT	NULL	NULL
Cele mai sincere ființe, iubesc necondiționat...! ❤️	NOT	NULL	NULL
De dimineață, un mic dejun sănătos: pâine cu gem (pâinea în exces dăunează dar o felie două pe zi este perfect) un pahar de lapte sau un ceai, iar dacă nu ești de partea alimentelor dulci și un sandwich este bun :)	NOT	NULL	NULL
CINE PLM SUNT VULPITA SI VIOREL CA NU II MAI SUPORT DRACU	OFF	TIN	GRP
@alinagorghiu Da, sunt de acord cu găsirea unei soluții in vederea combaterii nerespectării prevederilor legislației actuale, chiar dacă se înăspresc pedepsele!	NOT	NULL	NULL
@ingerisidemoni il fute p-asta grija de Romania... pișat să fie, ca sete are!	NOT	NULL	NULL
@basarab84 Au primit si de la OMS.	NOT	NULL	NULL
@ICostelian De obicei eu sunt cel care nu se prinde la glumele celorlalti. Imi cer iertare, e clar ca trebuie sa #stamacasa cu toții.	NOT	NULL	NULL
#coronavirus în România LIVE UPDATE: 1029 de cazuri de infectare cu coronavirus depistate în total în ţară, din care 123 în ultimele 24 de ore / 17 oameni au murit	NOT	NULL	NULL
În schimb, medicii sunt internaţi pe un palier cu o singură baie comună, fără duş.	OFF	TIN	GRP
Am prototipat o vizieră de protecție a feței pentru medici a cărei durată de fabricare este foarte mică și din materiale care sunt ușor de procurat.	NOT	NULL	NULL
Bună seara prieteni! Vă vreau în siguranță... Dumnezeu să aibă grijă de noi toți! Să stați acasă și vom reuși împreună...😭😭😭🙏❤❤❤❤🏕🏕🏕🏕🏕🏕🏕🏕🏕🏕🏕🏕	NOT	NULL	NULL
Comisarul UE Thierry Breton numește pandemia “o criză care nu cunoaște frontierele”, dar tocmai europenii izolați nu pot vedea  pe fereastră decât granițele.China profită de această slăbiciune.	NOT	NULL	NULL
@Trevizes Dati-l dracu de idiotul naibii! Are alte interese...	OFF	TIN	GRP
Pe la jumătatea lunii aprilie vom avea un prim vârf epidemic	NOT	NULL	NULL
“dai cu rugaciunea in mine”	NOT	NULL	NULL
Toți bucureștenii vor fi testați pentru COVID-19. Mergem din ușă în ușă – spune ministrul Sănătății la PROTV	NOT	NULL	NULL
Grupări infracţionale inundă pieţele cu pretinse remedii contra noului #coronavirus, avertizează Europol	NOT	NULL	NULL
Nelu Tătaru este considerat unul dintre cei mai titraţi chirurgi din Vaslui.	NOT	NULL	NULL
@Digi24_HD Bai digi ia mai zi si cati pula mea s-au vindecat ca sunteti la fel de alarmisti ca si cacatii aia de la antena 3,ia mai megeti in pula mea.	OFF	TIN	GRP
L-am văzut de multe ori că intra și la familia Germaniei și a Franței. Pe mine,Romania, doar mă salută când mă vede pe la stradă și rar mă întreabă ce mai fac.	NOT	NULL	NULL
@sopeprotector iti pierzi telefonul sau laptop-ul say pe orice are de gand sa sune	NOT	NULL	NULL
@SatanaTweets Codrine fa dracu si tu sambata cu Satana in mortii mei	OFF	TIN	IND
Mi-a zis că e foarte ok. Nu e răcit deloc.	NOT	NULL	NULL
ba nici acum n-am terminat-o cu vulpița și viorel??	OFF	TIN	GRP
@Adevarul O găsit pe dracu și idiotul ăsta!	OFF	TIN	GRP
@matilda_teodora Ce bine ca nu sunt mai mulți. Azi dimineața erau 158 și acum încă 10 in plus deci e foarte bine după mine	NOT	NULL	NULL
Pe surse, Ludovic Orban i-a cerut demisia ministrului costache ptr proasta gestionare a situației, în special în zona spitalelor....	NOT	NULL	NULL
Universitatea de Vest din Timisoara va gazdui, in 2021, cea mai mare conferinta europeana in domeniul asigurarii calitatii invatamantului universitar	NOT	NULL	NULL
Vârful aisbergului: sunt activităţile umane la originea unor boli infecţioase precum Covid-19?...	NOT	NULL	NULL
@alexandradb13 pentru că Jisung e e-boy și nu ar purta :)	NOT	NULL	NULL
Depunerea declarațiilor fiscale se amână cu o lună, până în 25 aprilie 2020...	NOT	NULL	NULL
@MarmotaDeCampie Se va întîmpla la fel ca și cu SARS care tot o tulpina de Corona este. Sau se mutează și devine și mai agresiv sau este asimilat de corp precum Influenza A( aka N1H1) sau Influenza B.	NOT	NULL	NULL
@itmorar Pai tocmai au decriminalizat răspândirea conștientă de HIV in California. Noi nu urmam trendul?	NOT	NULL	NULL
#Omnicredit a deschis „camera de gardă pentru afacerile mici”	NOT	NULL	NULL
"Nuțule am citit ditamai omul în pământ și fosrte tânăr , am citit că te durea la pulă de înmormântarea sa .  dacă era cu mine nu pe internet nu murea	NOT	NULL	NULL
@Adevarul În sfârșit a-ți înțeles cum se fac testele.	NOT	NULL	NULL
Citu sau betivanul somer ajuns premier Orban.	OFF	TIN	IND
@kaza_shka nu cred că ai șanse, sorry	NOT	NULL	NULL
Cercetătorii germani au anunţat că pandemia de coronavirus va dura 2 ani! Ce au spus despre numărul persoanelor infectate cu COVID-19...	NOT	NULL	NULL
O crimă pe care viața nu o observă, deoarece acesteia nu-i pasă, ea curge, ea este.	NOT	NULL	NULL
Sunteti pe maini bune! Spalate. Sau nu	NOT	NULL	NULL
Și la orice comanda am si o mica surpriză pentru tine.	NOT	NULL	NULL
@DacoRex @denise_denis26 @Vasile55502205 Pune mana pe o carte de istorie inainte sa vorbesti fara sa ai nici cel mai mic habar despre ce plm vorbesti.	OFF	TIN	IND
Pentru cei născuți după revoluție! :Veți afla în sfârșit, ce înseamnă petrecerile în sufragerie! 😊	NOT	NULL	NULL
@puttycat Bingo! Cum era zicerea aia cu “cine numara ...”?	NOT	NULL	NULL
Se modifică condiţiile de acordare a concediului medical în perioada stării de urgenţă -	NOT	NULL	NULL
@denis26_denise @SanduGeorgeCla1 Pai eu din ce înțeleg la domiciliu sunt cei care prezintă un mic risc veniți din zone afectate nu foarte grav etc, iar cei în carantină ar trebui sa fie "contactați" care prezintă risc ridicat, zone roșii sau interacțiune cu cazuri confirmate.	NOT	NULL	NULL
Guvernul a stabilit modul de acordare și de plată a zilelor libere pentru supravegherea copiilor, în situația închiderii temporare a unităților de învățământ...	NOT	NULL	NULL
Newsfeed-ul FB s-a transformat peste noapte în necrolog și abia începem. Orice postare despre prezent mă deprimă, orice postare despre altceva mi se pare obscenă. Dar vreau să postez despre altceva.	NOT	NULL	NULL
Ma unii oameni de-a dracu sa te încerce doar pt ca sunt ei mizerabili trebuie sa le distrugă viața și altora	OFF	UNT	NULL
@EASPORTSFIFA stfig ca nu merge sbc pe mobile cu totw dracu sa ma ia	OFF	TIN	GRP
Moldovenii nu sunt de acord să se tragă acum linie în Liga 1: „Ar fi nedrept!”...	NOT	NULL	NULL
e când plm orice site penal se numește platformă. Sau, poate că se referă la vreo platformă d-aia pt luat mașina după accident.	NOT	NULL	NULL
Dar sunt proștii absoluți. Ăia români. Aia care spun că totul e făcut ca să ne fută pe noi.	OFF	TIN	GRP
Mitralieră - rămas bun nu mi-am luat de la nimeni, doar la revedere. Urmatorul comenteaza cu AS.	NOT	NULL	NULL
Nu ai revelatii si cu Mu-Iohannis si cu sase case jefuite si copii vanduti de care nu mai stie nimeni nimic?	NOT	NULL	NULL
Si Dumnezeu a zis : va dau ninsoare sa stati in plm in case caci prosti mai mari ca voi nu am vazut !	OFF	TIN	OTH
@teniescu @puttycat @nwradu Du-te mă-n pula mea de prostovan.	OFF	TIN	IND
Lupu Corvin: Ultima versiune primită de mine	NOT	NULL	NULL
Introducerea unei distincții arbitrare în tratamentul cetățen ac țări în funcț de vîrstă este tipică reg fasciste,care făceau asemenea distincții în funcț de etnie,rasă, orientare sex etc.Noi,bătrînii sîntem evreii, negrii,homosexualii reg ,Joha,care se pretinde unul democratic.	OFF	TIN	GRP
@Victor_Ponta Mai oameni buni cum dracu acceptați ca acest clovn sa va cheltuiască banii?	NOT	NULL	NULL
@itmorar Si in Belgia aceiasi poveste, daca esti prost si muncesti platesti taxe de mergi indoit, stai acasa, te rogi de 6 ori pe zi, faci de la 4 kinderi in sus, primesti ajutoare sociale...	NOT	NULL	NULL
Punem etichete repede, fara sa ne folosim prea mult mintea.	OFF	TIN	OTH
@basarab84 @MihaiHristea Atata au balmajit-o toti de la inceput ca merita un sut...	NOT	NULL	NULL
@RobertEVoicu @CloneSandman Ășteaptă să fie declarat "deținut politic" sau "luptător cu merite deosebite" și să-i platim despăgubiri pentru stresul suferit!😈	NOT	NULL	NULL
Coronavirus la o biserică din București. Sunt 6 persoane infectate, printre care și 2 preoți -	NOT	NULL	NULL
A stat lângă Trump şi a decis să dezvăluie trecutul: Orgii, petreceri. Eram bolnav…	NOT	NULL	NULL
hit-uri româneşti dar sunt despre carantină  via @YouTube	NOT	NULL	NULL
Chiar vreau sa incep a-mi face temele dar “One Direction funny moments” suna prea bine :(((	NOT	NULL	NULL
Klaus Iohannis: Până la finalul anului economia își va reveni și lucrurile vor intra în normal. Vom sprijini oamenii și firmele	NOT	NULL	NULL
@ZoliBara @SorinPaun3 @KlausIohannis Bai idiotule, NU nu exista tratamente pt viroze, sunt anumite medicamente care te ajuta simptomatic, pricepi idiotule? Dar cand toti zugravii se dau rotunzi pe net... Oligofren imbecil, mars la lopata! Am avut si 39 si niciun paracetamol n-am luat! Idiotule!	OFF	TIN	IND
#coronavirus mișună printre noi. #fmmkwi	NOT	NULL	NULL
@Doctoru_Andy Nimeni nu i-a subvenții pentru carantină !!!Uitate în lume!	NOT	NULL	NULL
@ingerisidemoni Offf, Doamne! Să îi ajute Dumnezeu!	NOT	NULL	NULL
Cine traieste in realitate nu in poezia bla, bla....stia exact asta inca de la sfarsit de ianuarie	NOT	NULL	NULL
Cum reușesc să muncesc de acasă, să îmi țin copiii în viață și să nu îmi pierd mințile	NOT	NULL	NULL
cum dracu reusesc sa cad pe scari in plm ca mi s au umflat picioarele	NOT	NULL	NULL
#NASA: Cum a UIMIT Omenirea cu o Premiera pentru un #Asteroid -  #peblog #romania #2020 #news #stiri	NOT	NULL	NULL
Toţi locuitorii din Bucureşti, testați împotriva coronavirus cu ajutorul echipelor mobile	NOT	NULL	NULL
La Iasi, nostalgicii USLamisti din PNL il vor sustine pe fostul PSD-ist Chirica. Daca ei nu au candidat cu sanse, de-ai dracu' nu ar sustine candidatul USR...	NOT	NULL	NULL
Olguța Vasilescu să mă sugi de pulă cu țuțuianu și toți parlamentarii care nu au respins oug 57 și 59,eu am ieșit la pensie la limita de vârstă și am pensia mai mica decât cel care a ieșit anticipat fără 1% pt fiecare an lucrat peste limita de pensionare gunoaie imbuibate 🤮 🖕	OFF	TIN	IND
O sectie a Spitalului Judetean din Deva a intrat in carantina: Mai multe cadre medicale au fost confirmate cu coronavirus	NOT	NULL	NULL
Fotbal/#Coronavirus: Serie A, aproape de oprirea definitivă	NOT	NULL	NULL
@itsmeChris50 @distrughy @just_gebby @airsurfercr "baga-mi-as pula in mortii ma-tii" 	OFF	TIN	IND
Ingeniozitate şi creativitate, pe ele le descoperim zilele acestea.	NOT	NULL	NULL
Un restaurant celebru din Capitală sare în ajutorul medicilor în timpul pandemiei: „Eroii noștri vor avea masa asigurată”...	NOT	NULL	NULL
@i0n1ca @OvidiuSky @ingerisidemoni @_lor3scu_ Vezi cine știe 🤣	NOT	NULL	NULL
@danaionescu65 @i0n1ca @GabryIonesc2 Pai deh, de obicei crapa unde'i de crapat ... ce sa zic!? 😂	NOT	NULL	NULL
iti raspund analize în Decembrie, prezervativ aseara, ce dracu nu înțelegi, sa-i fut pe diasporezi sa intelegi.	OFF	TIN	IND
Ești ceea ce mănânci - De când dracu mănânc eu dureri de spate și anxietate.🤣	NOT	NULL	NULL
Președintele Klaus Iohannis participă la o videoconferință cu membrii Consiliului European pe tema COVID-19	NOT	NULL	NULL
#SOLIDARITATE #COVID19 ... da, ba da, merita sa fie conectati la teava de bani a sistemului de sanatate, dimpreuna cu MedLife care a inchis usile pentru orice imbolnaviri cu dracosul carcalete. Hai, manutele in aer: #spitaleprivatenucatedrale	NOT	NULL	NULL
Politia Romana explica prevederile ordonantei militare 3 -  #peblog #romania #2020 #news #stiri	NOT	NULL	NULL
Îndrăznești săspui adevărul căsașii sibieni,conduși de cârmaciul Iohannis,au solicitat săfie succesori ainaziștilor șio judecătoare slugarnică i-aoficializat caatare,atunci eștiun șovin nenorocit care emusai săfie reclamat laCNCD,o bravă sucur.apoliției gândiriicondusă deun ungur	NOT	NULL	NULL
Gafă de proporții! În plină criză generată de coronavirus, Ministerul Sănătății s-a făcut de râs	NOT	NULL	NULL
@CPTariceanu nea Tariceanu, ce dracu e bre cu propunerea aia legislativa prin care sa permiti fimrelor sa ramana datoare la stat cu impozitele pe salarii, dar in schimb le pui de gat un ditai pietroiu, aceste firme nemaiputand concedia? te ai lovit la liberalism?"	NOT	NULL	NULL
@Adevarul Fute l in gura de cate ori îl prinzi.	OFF	TIN	IND
@denis26_denise Astia o tot pregatesc,ok, stai in casa acum insa atentie treaba cu virusul e de lunga durata adica pana in iulie ...august.	NOT	NULL	NULL
@Rares09860685 taci in pula mea	OFF	TIN	IND
Numele meu e România. Locuiesc pe strada Europa de 13 ani, din ianuarie 2007. Am o casă veche, care a fost mare și frumoasă cândva. Acum e tot mare, dar dărăpănată. Cade tencuiala, acoperișul a vechi și uneori îmi plouă în casă.	NOT	NULL	NULL
#Coronavirus România, Live Update 25 martie. S-a înregistrat al 14-lea deces	NOT	NULL	NULL
Fii prima care află, draga mea! ❤️	NOT	NULL	NULL
@jkstattss cum dracu n-am mai vorbit pana acum	NOT	NULL	NULL
@LustSophie @LiveJasmin @GirlsfromS20 O, cerule mare! Sau cum spunea Topîrceanul la finalul unei poezii celebre: ”Zău că-mi vine să-mi las baltă toate interesele!”	NOT	NULL	NULL
Vă rog pe voi, argeșenii noștri care sunteți peste hotare să trimiteți pe pagina Primăriei Municipiului Curtea de Argeș  video, fotografii sau mesaje despre situația din zona în care vă aflați. Doar împreună putem depăși aceste momente grele!	NOT	NULL	NULL
Clara esti o dobitoaca	OFF	TIN	IND
@aiurea era suficient sa tusesti spre el. Nu c-ai avea ceva tu, dar 2 saptamani s-ar fi cacat pe el de teama :)	NOT	NULL	NULL
Și-n moarte funcționează parti-pris-urile? Dacă livrează ambele firme e nasol sau ce? 😉 Te pomenești că vom avea prea multe ventilatoare	NOT	NULL	NULL
Nu ne mai primim copiii mari și nepoțeii în casă și nu mai facem vizite la nași. Ni se par mai lungi și mai lugubre sirenele autosalvărilor.	NOT	NULL	NULL
Furculiţa e folosită doar pentru a pune mâncare în lingură. Furculiţa nu e băgată în gură.	NOT	NULL	NULL
@maeverie @VanessaHudgens Credea ca mamaie si tataie si tanti Mita stiu ei sa vorbeasca engleza. Ei cred ca stiu alte limbi mult mai grele, cum ar fi rusa care se invata pe vremea lor 🤦🏻‍♀️ Cred ca e un trend si al americanilor si al englezilor la faza asta. Ii umplem notifs de romana, poate invata putina 😂	NOT	NULL	NULL
S-au închis si cârciumile.	NOT	NULL	NULL
Ai vârsta peste 65 de ani?E clar!Ești infractor. Ca urmare, ești condamnat cu arest la domiciliu fără drept de apel.	OFF	TIN	IND
am fost distrasa. au zis ca primariile trebuie sa puna dispensere cu dezinfectant la intrarile in blocuri? sau sa spele in plm strazile???	NOT	NULL	NULL
Daca a atinge un nou nivel de evolutie personala si a aduce armonia si bucuria in viata ta si a celor din jurul tau, sunt lucruri pe care doresti sa le obtii anul acesta, nu ezita sa te inscrii la Cursul prin care poti deveni Pract…	NOT	NULL	NULL
Sa va dau o idee.Cică vodka poate fi folosită la curățarea casei.	NOT	NULL	NULL
@ManoliuValy Mulțumesc!	NOT	NULL	NULL
Știe cineva unde ține greta greva azi? Nu de alta dar sînt cîteva milioane bune de mileniali și snoufleicși care umblă creanga, fie pe plajele Floridei, fie prin cluburi și discoteci.	NOT	NULL	NULL
În doar câteva ore, 524 venezueleni s-au înregistrat în SUA pentru a se alătura zborului înapoi acasă.	NOT	NULL	NULL
Ultimul episod al serialului ''The Walking Dead'', amânat din cauza crizei de #coronavirus	NOT	NULL	NULL
@denis26_denise Wow, parca ma doare pe mine, cu ce este ii da ala cu blana la cur.;)))))	NOT	NULL	NULL
Medicul care a vindecat cei mai mulți pacienți români cu coronavirus ne spune ce trebuie să facem prima oară când intrăm în casă	NOT	NULL	NULL
Salutăm declararea de către Președintele României a stării de urgență și ne exprimăm speranța că aplicarea lui în practică va fi efectivă, însă cu grija de a nu fi depășit scopul pentru care măsura a fost instituită.(FACIAS)	NOT	NULL	NULL
D'asta ba, d'asta o sa mai aiba miorita mea draga o sansa, dincolo de #covid19, dincolo de ce plm mai pun la cale cacatii astia la cale cu controlul si guvernul lor mondial cu tot .... #RomaniaTeiubesc, tara mea de frumoasa, tara mea de dor! 🤗	NOT	NULL	NULL
Ce dacă ulterior vaccinării unii vor manifesta efecte adverse (grave - paralizie, de exemplu sau mortale), nu interesează pe nimeni și tot nimeni nu răspunde. Ești numa' bun mort! #antivaccinare	NOT	NULL	NULL
@VladCabulea coaie ce plm e asta ca mi vn sa plang:)))))	OFF	TIN	IND
Universitatea din Iași nu reușește să se vindece de tudorelovirus.	NOT	NULL	NULL
@itmorar cum este dupa prima zi de izolare ?	NOT	NULL	NULL
@DevinaDomix Va sarut talpile, Stapana ! Vreau !!!	NOT	NULL	NULL
daca acum nu te poti folosi de masina ca sa te scape de belele atunci ne putem baga pula in orase, civilizatie, orase smart si tot.	NOT	NULL	NULL
Moartea scriitorului dizident Paul Goma: un om făcut să deranjeze şi după plecarea în nefiinţă	NOT	NULL	NULL
baa ce socata sunt ce dracu cand a crescut atat 😭😭😭😭😭😭	OFF	TIN	IND
rasucim in felurite unghiuri	NOT	NULL	NULL
singura persoana din Guvernul Orban care imi inspira o mare incredere este @BogdanAurescu .	NOT	NULL	NULL
Decizia a fost luata imediat dupa ce s-a aflat ca popii au inceput sa fie depistati cu Covid, desi au fost foarteprecauti si nu au folosit decat lingurite sfintite.	NOT	NULL	NULL
Asta e America satanista,...La dracu cu UE si planeta.	OFF	TIN	GRP
@vmacity nu sunt in plm ca am rata la telefon si ok am savings pt concert si le folosesc in cel mai rau caz	NOT	NULL	NULL
@CloneSandman Din redirecționarea a 3.5% din impozit	NOT	NULL	NULL
Eu sunt de acord să iasă armata pe străzi cu arme și tot ce trebuie. Nu știi niciodată când o iau razna jandarmii.	NOT	NULL	NULL
@gusteru Nu dar sunt mandrii de cei din spitalul ala. Prieteni, cunostiinte, etc. Medicul respectiv e foarte recunoscut in TM, am fost la el si cu David cand avea probleme.	NOT	NULL	NULL
@basarab84 Mare pacaleala poza 2.Vor unii sa ne salveze fix de ceea ce tot ei au creat	NOT	NULL	NULL
cat a fost vremea frumoasa am stat si am frecat-o in casa, ce pula mea iesi afara daca vrei nu te pune nimeni sa stai inauntru	OFF	TIN	IND
Chiriţoiu: Dacă produsele sanitare nu se ieftinesc, vom lua măsuri de urgenţă, precum rechiziţionarea sau plafonarea preţurilor	NOT	NULL	NULL
Art Directors Club România are un nou Comitet Director -	NOT	NULL	NULL
@iulialipovanu Nu numai la Milano. Toată Italia, și asta se datorează greșelii când au început să taie din bugetul sănătăți, restructurarea sistemului sanitar, închiderea de spitale regionale și multe alte exemple, dar sper să învețe din asta toată lumea și fiecare țara.	NOT	NULL	NULL
Blocaj total în imobiliare: Cum se va schimba comportamentul clienților și cine îi protejează pe chiriași?	NOT	NULL	NULL
CSM București suspendă toate contractele pe durata Stării de Urgență	NOT	NULL	NULL
mă tachinează dracu, stie ca până l-a vârsta mea centenară am învățat cu v-a și l-a 😉	NOT	NULL	NULL
Cum s-au mobilizat oameni de rând și mari companii pentru a produce ventilatoare medicale	NOT	NULL	NULL
Fericirea este ca un fluture care, odată urmărit, este întotdeauna dincolo de înțelegerea noastră, dar, dacă stai liniștit, ar putea flutura în jurul tău.	NOT	NULL	NULL
Când tu nu ai părăsit teritoriul țării și îți dă mă-ta mâncare, și nu ai sânge in pula nici poza cu tine sa ai la profil . Poți să spui ceva de alții ?	OFF	TIN	IND
Astăzi în 🇮🇹 este “Ziua Tatălui“ spus “Festa del papà “ inclus și eu în ea, deși nu acest este important, eu vreau să le transmit : “Cele mai bune urări către mamele care își cresc singure copii și înlocuiesc un tată, sunteți femei speciale” 👏🏻👏🏻👏🏻mai ales în aceste momente.🌹	NOT	NULL	NULL
ce naiba am azi, nu imi ajunge energia pentru elementele pe care le aleg pentru un singur text, ochiul meu are ceva sau redarea??	NOT	NULL	NULL
Le-am dat chinejilor un virus de i-a luat dracu! 🤣🤣🤣	NOT	NULL	NULL
Patriarhul Daniel: Nu trebuie în această perioadă să cădem în deznădejde, ci să ne întărim în credinţă	NOT	NULL	NULL
Ideea e ca unul sau altul din cei 2, care a bagat toata planeta in ra... ar trebui dusi in fata unui Tribunal-judecati.	NOT	NULL	NULL
Nici daca moare gagicmea n o sa pun poza cu ea pe ig🙄	NOT	NULL	NULL
Om mai prost decat Mihai Traistariu nu cred că se face =))))))	NOT	NULL	NULL
@SofiaCovaci Ne schimbăm, anii trec și preocupările lasă urme și câteodată sechele.	NOT	NULL	NULL
@RFboris Marian Nistor e dimpreună cu Carmen Hara în tunelurile dacice din Bucegi și deocamdată nu poate fi abordat pentru că nu și-a luat cartelă decât pentru Universul 75-Roz; o scăpare, e om.	NOT	NULL	NULL
Dana Budeanu, APEL către un grup de jurnaliști: Îi rog să cerceteze ce spun eu acum! Atenție la ce întâmplă în spatele Stării de urgență! -	NOT	NULL	NULL
@gusteru Dosar cu șină! Ștampila de la ghilesul 2, autentificare la notar.	NOT	NULL	NULL
Oricum voi de fapt aveți chiar 4, sunteți o adevărată metropolă🙂🙂	NOT	NULL	NULL
Vel Pitar fără virusul gripal...Absurd!	NOT	NULL	NULL
@b0bsacaman0 @nwradu @RFboris Vino mă, Vino la mine să te învăț educația român prost!! Te aștept fraiere	OFF	TIN	OTH
Drumul era plin de gropi dar nu a căzut în nici una.	NOT	NULL	NULL
IGSU: Echipamentul medical din Coreea de Sud - distribuit, în funcţie de nevoi, personalului medical şi echipajelor MAI	NOT	NULL	NULL
@tepes_vladut @MaricaPuiu De unde iei tu o virgină?	NOT	NULL	NULL
@iuliaa2603 Ma, da de ce dracu oare mintea romanului e la cum poate sa insele orice regula se impune? 😅 Sa mor eu daca noi ne mai facem bine ca natie vreodata	NOT	NULL	NULL
Nimeni nu știe când va lua sfârșit pandemia de coronavirus. Specialiștii fac tot felul de predicții, iar habarniștii agravează situația cu păreri deversate pe Facebook.	NOT	NULL	NULL
@Indig091 Am si eu asa obicei. E cam rau pentru viata sociala dar productivitatea maxima vine dupa 11 seara.	NOT	NULL	NULL
MAE le aminteşte românilor ce lucrează în Spania care le sunt drepturile, în contextul restricţiilor impuse de #COVID-19	NOT	NULL	NULL
bagă-mi-as pula in voi	OFF	TIN	OTH
@ECiocu Am intrebat la NHS daca pot sa ajut (macar pe plan local). Raspuns negativ ... plm.	OFF	TIN	OTH
@gusteru Faceai ca pe vremuri, iti puneai si imaginatia la contributie	NOT	NULL	NULL
Mi se pare lăudabil faptul că psihologii ne dau sfaturi în această perioadă, însă unul dintre ele sună mai degrabă a blestem: cum adică, „fiți pozitivi”...?	NOT	NULL	NULL
@keyboardriot Clar ca e aproape imposibil de crezut, da' el asa zice...	NOT	NULL	NULL
Anticipatele erau preocuparea lor,stim toti...si nu au scuza, serviciile au informat ref. China (virus,criza, risc)	NOT	NULL	NULL
@denis26_denise @MaricaPuiu La fel e și cu berea, mâncarea !	NOT	NULL	NULL
@camilstoenescu @thezvoner oamenii din liniile 2 si 3 au ramas aceiași	NOT	NULL	NULL
Majoritatea animalelor nu se recunosc în oglindă.	NOT	NULL	NULL
Direcţia Regim Permise: Documentele care expiră în perioada stării de urgenţă vor fi considerate valabile	NOT	NULL	NULL
Accesați aici pagina dedicată pachetului de măsuri pe care BNR l-a adoptat în contextul epidemiei de #COVID2019	NOT	NULL	NULL
Doamna Anisie, vă rog, pentru bunul mers al învățământului, veniți cu picioarele pe pământ!	NOT	NULL	NULL
@ingerisidemoni @_lor3scu_ Nu e salam prăjit, e cârnat prăjit.	NOT	NULL	NULL
@B_Transilvania Sigur.Nici nu m-ați întrebat de probleme și la ce agenții.În loc să acționați băgați mizeria sub preș.	NOT	NULL	NULL
În vremea asta căutăm nimicuri cu care să umplem vidul	NOT	NULL	NULL
Preşedintele #Iohannis participă la o #videoconferinţă cu membrii Consiliului European pe tema #COVID-19	NOT	NULL	NULL
@dj_mezeneu @SanduGeorgeCla1 De acord!Adevarat!Sunt foarte constienta de realitatea "virusului"E bine sa fii informat,dar si aceastea trebuiesc dozate,pt ca altfel alimenteaza stresul;Suntem bombardati cu informatii non stop,una dintre principalele cauze ale imunitatii scazute,stresul si starile conflictuale	NOT	NULL	NULL
Se bănuiește că virusul a fost creat de o femeie.	NOT	NULL	NULL
@IonutAxinescu Ceva cu decolteu, ie primăvară.	NOT	NULL	NULL
@CloneSandman Interimar. De la suceava	NOT	NULL	NULL
Se cer masuri pentru a bloca extinderea focarului de la Suceava: Nu transformati Iasiul si Moldova in Lombardia Romaniei	NOT	NULL	NULL
@razvancostache La Buzau lumea misuna. Nu-mi dau seama daca e de-a dreptul horror sau nu. :))	NOT	NULL	NULL
No, tovarasul Tiriac, capitalist desavarsit la Germania, nu aplica decat ce a invatat acolo. Sanatate si'un praz verde.😷	NOT	NULL	NULL
MARI3K3 LASA MA IN PACE E 12 NOAPTEA DORMI DRACU NU MI MAI DA MAILURI DESPRE CE FACEM SAPTAMANA VIITOARE SI CE AI PUS PE BLACKBOARD	NOT	NULL	NULL
Stii momentul ala cand poti ruina o relație doar cu câteva ss-uri?	NOT	NULL	NULL
sunt destul de trista ca maria sa kick it nu are niciun music show win pana acum :((	NOT	NULL	NULL
E aproape de autism ruperea comunicațională a lui Klaus Iohannis de poporul său.	NOT	NULL	NULL
Dacă in următoarele doua săptămâni România nu va avea o explozie de cazuri de gripă normală, se poate considera ca testul “pula mea, Corona trece” a avut un succes deosebit.	NOT	NULL	NULL
@YayyayaU Tre sa iti instalezi o aplicatie ca nu se prea gaseste pe google (manga rock trebuie luata tot de pe google ca nu se gaseste in app stores)	NOT	NULL	NULL
Hai una mai săltăreață,	NOT	NULL	NULL
Am fost o fuga la Carrefour...ce dracu s-a intamplat cu preturile, s-au virusat si ele, sau ce?!	NOT	NULL	NULL
De China nu intreaba nimeni&gt; Hey, ai de dat explicatii de ex. simularea fix pt novel coronavirus, sept, Wuhan.	NOT	NULL	NULL
@cristinadobre @TintaVasile Vad că insisti! Tu nu vezi ca omu se contrazice la fiecare propoziție?	NOT	NULL	NULL
Media ne bombardeaza cu nr de cazuri confirmate. Total nerelevant. 1029. Asa si?	NOT	NULL	NULL
Proaspăta șefă de la Direcția de Sănătate Publică, Anca Bertea, și-a dat demisia, conform unor surse de la nivelul Comisiei Județene pentru Situații de Urgență.	NOT	NULL	NULL
Spitalele din România „cad” unul după altul, pe măsură ce sunt identificați pacienți depistați pozitiv la testele pentru coronavirus. 	NOT	NULL	NULL
Daca faci cacatul ala in care iti cureti gingiile cu aer te urasc te dest pleaca din fata mea	OFF	TIN	IND
@Roberto76Adrian @GildasHamdad incearca doar a data sa fac ceava cu mama si tu o sa spun buna la dracu	OFF	TIN	IND
Pandemia de coronavirus îi rotunjește conturile lui Cătălin Botezatu. Medicii vor fi îmbrăcați de la renumitul designer	NOT	NULL	NULL
Mai mulţi producători de smartphone-uri refuză să folosească Qualcomm Snapdragon 865 din cauza preţului prea mare	NOT	NULL	NULL
@hoseokspapanasi Nici în 100 de ani nu-mi pica fisa	NOT	NULL	NULL
@CloneSandman Sandmane sa moara Fram Ursul Polar am iesit in curte la noi pe zona aici e stratul de praf si jeg pe masa de un deget. Nush ce plm a adus vantul dar e maro totu	OFF	TIN	IND
Un Vlad Voiculescu extrem de atașat la rândul său de Viena, astfel încât Bucureștiul la a cărui Primărie Generală vroia să candideze poate părea deja doar ”a doua casă”, după capitala Austriei	NOT	NULL	NULL
Nu. Nu poți să editezi filmări 8k!	NOT	NULL	NULL
Acestea sunt vremuri în care dpdv neuronal nu e ok să fii social media manager sau community manager... cantitatea de prostie la care ești expus zilnic e uriașă.	NOT	NULL	NULL
Băi băiete, ce fac ăștia...?!	NOT	NULL	NULL
231 de noi decese în Franţa, 2.827 de persoane se află la Terapie Intensivă!	NOT	NULL	NULL
@daco_get @denis26_denise Nu am auzit. Primele inf.din partea dr. (dar si cele recente 1 sapt. in urma) erau legate de aspectul asimptomatic si au zis ce am scris... 5-14 zile,dar si situatia 24 zile	NOT	NULL	NULL
Țara noastră are milioane de cetățeni în străinătate, care au tot dreptul să se întoarcă în țara lor. Numai în Italia sunt peste un milion și jumătate.	NOT	NULL	NULL
Toată populația Bucureștiului, testată pentru noul coronavirus	NOT	NULL	NULL
Lucrati responsabil! Oferiti siguranta colaboratorilor si angajatilor dumneavoastra, cu dispozitive Datalogic ce rezista fara probleme igienizarii cu dezinfectanti puternici!	NOT	NULL	NULL
Dacă, în virtutea anumitor circumstanțe, răspândirea virusului nu va putea fi oprită radical în termen de o lună și jumătate sau două, atunci toate procesele vor deveni ireversibile și peste noapte întreaga ordine mondială se va prăbuși.	NOT	NULL	NULL
Apple îi cam face în ciudă lui MinGicKuoko, oare câtă credibilitate o să i se mai dea că e în bălării cu informațiile.	NOT	NULL	NULL
@w_lemn @Carlos_Sacalul Dacă dorești explicații, acestea sunt: pagina citată este din 27 feb. atunci când sist. de sănătate credea așa și nu se știa mai nimic.	NOT	NULL	NULL
Dacă instituțiile care scot la concursurile pentru obținerea titlului de doctor ar fi serioase, și n-ar mai scoate subiecte care nu au nici o utilitate pentru nimeni, ar scoate un subiect unic la concurs - „Trădarea Românească”.	NOT	NULL	NULL
Nu e nici dracu afara la ora asta dar noi mergem la lidl 🤩🤩	NOT	NULL	NULL
Uniunea Europeana nu este, decat o mascarada, unde "Imigrantii" au mai multe drepturi decat autohtonii.	NOT	NULL	NULL
baietii din romania se aduna undeva toti sa faca sport la bustul gol? 😭😭 ce plm	OFF	UNT	NULL
@GabryIonesc2 Daca a trebuit armata sa intervina iti dai seama ca oaia tot oaie este nu intelege.Stati in plm in casa	OFF	TIN	GRP
@denis26_denise ... cu tot respectul, cum sa raportezi daca nu testezi ?	NOT	NULL	NULL
Am nevoie de tine, restul e rest !!!	NOT	NULL	NULL
Nu sunt bune supozitiile😆	NOT	NULL	NULL
@radusmall Sper. Metro Cash and Carry e totuși firma îndreptată către en-gros. Sper sa își schimbe profilul rapid, ca noi livrăm, dar sa avem ce și cui.	NOT	NULL	NULL
@Costindte Controale sunt pe străzi?	NOT	NULL	NULL
@ECiocu @LTeglas Să murim, dar să murim, dracu', frumoși. :)))	NOT	NULL	NULL
Sector 4: Persoanele rămase fără venituri din cauza crizei COVID-19 ar putea primi sprijin financiar	NOT	NULL	NULL
Neața oameni buni și nebuni. Îmi încep dimineața cu 9367 cazuri de Coronavirus in Germania...	NOT	NULL	NULL
Când #GuvernulOrban este paralel cu cetățenii dar #yesman cu băncile, corporațiile, stăpânii	NOT	NULL	NULL
SUA:„Închisorile pot fi incubatoare de boli, aşa că trebuie să luăm aceste măsuri curajoase şi drastice”.	NOT	NULL	NULL
Traian Băsescu, despre amânarea plății ratelor: Dă o gură de oxigen populației, dar trebuiau introduse niște plafoane (VIDEO)	NOT	NULL	NULL
Cafea și muzică  prin @wordpressdotcom	NOT	NULL	NULL
Noile funcții de pe Samsung Galaxy S20 vin și pe S10 și Note10	NOT	NULL	NULL
@capitan_bera Am vazut pe undeva ca Nuțu nu va mai taia degete in urmatoarele 30 de zile.	NOT	NULL	NULL
Ultimele date despre victimele coronavirusului în România: 14 morţi, 906 infectaţi	NOT	NULL	NULL
@santaromica Trebuie luat în calcul și faptul că Italia are o un număr foarte mare de bătrâni! Este țara cu cel mai mare procent de bătrâni din Europa!	NOT	NULL	NULL
ai de pula si zilele mele NU POTI SA IMI SPUI CA NU ARATA CA ITALIAN DIN PESCARA SUNT IN GENUNCHI😭🤲	NOT	NULL	NULL
Poliția Română sărbătorește astăzi în stradă! Vă mulțumim și vă sărbătorim de acasă!	NOT	NULL	NULL
@ekovericu Cu izolarea asta, prevăd o recrudescență a cazurilor de criminalitate domestică, pe de-o parte fiindcă turbă bărbații, iar pe de alta fiindcă dă strechea-n muieri.	OFF	TIN	OTH
@ECiocu Trebuia să zici : beau și din asta...😂😂	NOT	NULL	NULL
Lucrurile bune care se intampla	NOT	NULL	NULL
@denis26_denise Am citit. Comunisti jegoși, chinezii. Ca toti comuniștii	NOT	NULL	NULL
@chreqs I have no words.cine plm vine in ro si mănâncă pizza boss. Se mănâncă MÂNCARE AUTENTICA nu pizza tf	NOT	NULL	NULL
Ati obsevat si voi ca toata lumea s-a apucat de facut sport acasa de cand cu perioada asta???	NOT	NULL	NULL
@denis26_denise China anuntat ca ar fi gata un vaccin...sa gandim pozitiv!	NOT	NULL	NULL
@patrasconiu Multumesc. Am profitat si de cele de la Humanitas. Si iata-ma citind 3 carti in acelasi timp, ca un millennial loial multitaskingul-ui :))	NOT	NULL	NULL
Solidaritate în România! În plină epidemie de coronavirus, mai multe firme au sărit în ajutorul cetățenilor...	NOT	NULL	NULL
Ceea ce nu se previne azi, respectiv criza economică și socială consecutive opririi economiei din cauza pandemiei, va duce la o boală și mai gravă mâine. Iar aceasta va lovi pe toți fără deosebire de vârstă, religie sau stare socială.	NOT	NULL	NULL
De tevaturile interminabile cumodificarea vârstei de pensionare,cu recal.pensiilor,cu zvonurile cănu mai sunt bani depensii,cătot sistemul depensii seapropie decolaps și căva afecta întreg bugetul țării,căstatul este nevoit săfacă împrumuturi pentru aplăti pensiile atâtor bătrâni	NOT	NULL	NULL
Costache, cel mai frumos înmulțitor din orașul acesta	NOT	NULL	NULL
Coronavirusul la gravide: măsuri de precauție și trucuri de relaxare	NOT	NULL	NULL
Francezii au decis: Roland Garros amânat pentru toamna acestui an!...	NOT	NULL	NULL
@denis26_denise Fiti si voi realisti,astia care apar in video nu sunt "diaspora"cea care statea la cozi ,acestia sunt cei pentru care de multe ori noi ,cei din afara,ne-am rușinat de ce "muncesc"(furturi,etc)...nu mai biciuiți degeaba diaspora....	NOT	NULL	NULL
Momentul acela cand pantalonii care odata iti erau stramti, iar azi iti sunt largi cu vreo 5cm.	NOT	NULL	NULL
Temperaturile cresc în Capitală #meteo #Bucuresti	NOT	NULL	NULL
@foreverrainmyg @ATEEZofficial CA MUSCA IN LAPTE FIAR DRACU EL	NOT	NULL	NULL
@RFboris Virusu asta cam fute rișca	OFF	UNT	NULL
Dacă vor testa 3000 de bucureșteni pe zi, iar în oraș sunt 2 milioane de locuitori, rezultă că în 666 de zile vor termina testările.	NOT	NULL	NULL
atunci cand obisnuiai sa dormi cu toate animalele tale de plus incât niciuna sa nu fie singura	NOT	NULL	NULL
@stupidcow_81 Nu mai sta 3 zile in pestera, sta 2 saptamani.	NOT	NULL	NULL
cum dracu se face uleiul mai ales ala de floarea soarelui in pula mea cum storci seminte ca nu inteleg	OFF	TIN	IND
În timp ce transportul rutier este sub restricţii, iar rafturile din supermarketuri sunt goale, fermierii rămân cu marfa nevândută. Nimeni nu se înghesuie să cumpere de la producători. Un fermier din judeţul Călăraşi riscă falimentul.	NOT	NULL	NULL
In fiecare zi vin, in continuare, transporturi proaspete de covid de ăsta, dar armata si poliția păzesc restul populatiei, bătrânii, cu deosebire, dar nu de grija lor cum sustin	NOT	NULL	NULL
@ingerisidemoni @basarab84 "Adaptarea la orice schimbari din viata voastra"sa nu devina adaptarea un mod de viata care sa insemne accept ORICE	NOT	NULL	NULL
Situație dificilă pentru ONG-urile care se ocupă de persoanele cu dizabilități din cauza scăderii sponsorizărilor	NOT	NULL	NULL
@ionutzelgabriel @ProTVro Ne îngrozim puțin cu "I am legend", dar ne relaxăm duminica următoare cu "Zombieland".	NOT	NULL	NULL
@SBaoad @CorinaCg3 Of, cu incorenta este inutil sa ma lupt. :) ganduri bune si multa lumina va doresc - si ceva mai putina indarjire, caci intuneca ratiunea.	NOT	NULL	NULL
@MarmotaDeCampie Ar fi bine să fie așa, dar nu cred.	NOT	NULL	NULL
@i0n1ca @MarmotaDeCampie Las ca ți dau eu când crapi tu ... și dacă ai impresia ca e vreuna târfă pe aici , uita te la tine in casa , in afara de ma ta nu e nici una ... și nu mai fi frustrat .. fa ți o laba ca ți trece ... indiferent care pixda ți a dat atata muie , ai meritat o din plin , crede ma ...	OFF	TIN	IND
@MStudentessa As pune doar pula acolo,tarfa care esti	OFF	TIN	IND
@Digi24_HD Voi sunteti numai genii acolo la Suceava.\nDupa cum spuneam, au dat afara vechiul manager si au pus, tot un doctor( pediatru) pe aceasta pozitie.	OFF	TIN	GRP
@PleuAlexandru4 OMS stia din ianuarie,China anuntase OMS. Si apoi OMS a anuntat Guv. desi cred ca serviciile au anuntat inainte de astia. Nu de alta dar acolo la Wuhan era si biolab.	NOT	NULL	NULL
#continuamimpreuna Vezi ce măsuri am luat în acesta perioada. Detalii pe blog.	NOT	NULL	NULL
Tu chiar ai asteptari de la acea #javraPSD??? 😉🤣😂 PLM! Cand idolii ei sunt #VioricaDancila	OFF	TIN	IND
Relaxare pentru pisica, catel sau orice animal de companie - muzică rela...  via @YouTube	NOT	NULL	NULL
Sunt cel puţin bizare poziţiile ministrului Szijjarto.	NOT	NULL	NULL
Canalele de ştiri chineze au început să lege originile pandemiei de Italia.	NOT	NULL	NULL
@vminsoup Si pe langa asta nu s-au gandit in plm ca cu cat lasa mai multi sa vina cu atat o sa fie si mai coplesiti?	OFF	TIN	OTH
Probleme cu aducerea acasă a boxerilor...	NOT	NULL	NULL
@ZoliBara Asta si vor sa faca. Securizarea Bucurestiului (apoi, pe rand a marilor orase, cele care au spitale COVID, cum le spun ei), carantina in zonele spitalelor, iar orasele inchise (nimeni nu intra, nimeni nu iese).	NOT	NULL	NULL
„Activitatea din agricultură şi industrie alimentară nu se poate opri şi nici amâna!”.	NOT	NULL	NULL
credeam ca cel mai rau va fi cu betivii si pensionarii, dar de departe cei mai aprigi oameni in perioada asta sunt aia sustinatori ai bisericii	NOT	NULL	NULL
vreți să vedeți ceva trist?	NOT	NULL	NULL
@MirelaBuzoianu Nu mă pricep la Facebook, nu folosesc	NOT	NULL	NULL
FCSB a pierdut un proces la FIFA si e buna de plata -	NOT	NULL	NULL
@petria Inca astept sa vad si suprtul NATO la care contribuim cu ‘parnos’ anual intru ajutorate reciproca.	NOT	NULL	NULL
Lumea normală, de vârsta mea, ar fredona intr-o zi de joi in plină pandemie, un refren de la Metallica sau poate măcar un Iris, ceva, dar iooo m-am trezit cu melodia asta in cap și nu mai scap de ea. Iote, na! 😎 Angela Similea	NOT	NULL	NULL
Alibec a jucat 12 ore Counter Strike pentru o cauză caritabilă. Ce punctaj a obținut și ce sumă s-a strâns	NOT	NULL	NULL
@B1site O sa ne ia dracu ' .N-are cum altfel cu tolomaci si impostori in guvern.	NOT	NULL	NULL
@MarmotaDeCampie Am înțeles ...!! Rețelele de socializare ce au devenit un microb ... Facebook mai dăunător ..!! Cândva ,cred , se vor pierde în anonimat ..!!	NOT	NULL	NULL
de ce dracu vorbim de kfc in vaslui pa ora de maTE BRO TACI SI VEZITI DE SILOZ	OFF	TIN	IND
Rafila, despre coronavirus: Spre sfârșitul lunii aprilie, probabil, vom avea mii de cazuri zilnic -	NOT	NULL	NULL
Bre, șterge dracu' postarea inițială. E simplu. Sau, las-o, că e păcat de like și share...	OFF	TIN	IND
Sa bei apa minerala dupa ce ai mancat mujdei e mai horror decat mcdonald’s sprite	NOT	NULL	NULL
LASATI MA IN PULA MEA O SA MOR TRICOUL CU FG. BARE FACED BABY. NU.	OFF	TIN	GRP
@MarkHar16653252 Ce frumos gândești!!!🙏❤🏕🏕🏕🏕	NOT	NULL	NULL
Beneficiile meditatiei zilnice pentru echilibru interior | Gandeste Pozitiv	NOT	NULL	NULL
@robertruss21 @robmih Ieri am văzut unul încă împodobit în Bistrița, pe terasa unei case	NOT	NULL	NULL
@03innerchild dar da parca ar fi mai ok sa stau singura ca fac si mai mult spatiu la ei in casa daca merg la mine	NOT	NULL	NULL
Suge.m.ati de pulă toți zdrentaroșii #hastagisti #procurorijigodii	OFF	TIN	GRP
Se întreabă retoric medicii anesteziști «unde ești, tu, domnule profesor Tulbure, pentru că tu nu ai fi lăsat să se întâmple asta!»	NOT	NULL	NULL
@colo_ons Când ai la ce ora?	NOT	NULL	NULL
Scriitorul şi disidentul Paul Goma a murit la Paris din cauza Covid-19!	NOT	NULL	NULL
@PleuAlexandru4 Da, din punctul asta de vedere	NOT	NULL	NULL
Un diplomat român, infectat cu Covid 19...	NOT	NULL	NULL
Eu imi propun sa visez in fiecare noapte ca sunt la mare, de acum si pana in decembrie 2020. Poate prind ceva.....😆😂	NOT	NULL	NULL
si China va plati, intr-o forma sau alta.	NOT	NULL	NULL
Interdicție de ieșire între orele 22 si 6. Doi militari văd unul care se furișă. Unul scoate mitralieră îl împușcă.	NOT	NULL	NULL
daca in vacanta asta retardata de carantina ajung sa nu mai pot sa stiti ca nu e vina mea, e vina maica.mii	NOT	NULL	NULL
Sfaturi practice pentru marketing online de criză - Gun Media : Gun Media	NOT	NULL	NULL
@Precious_MissRA @mzinini @iLuckyMahlangu Ngi sure ba celebrate vele😂😂😂	NOT	NULL	NULL
@andreeaonline Am fost înaintea vremurilor, că am început-o dinainte de criză. 😁	NOT	NULL	NULL
@thezvoner Opinie nepopulară: probabil la fel.	NOT	NULL	NULL
19:52. Afară în pantaloni scurți așteptând corona...	NOT	NULL	NULL
Folosiți o soluție online pentru a genera declarația pe proprie răspundere în perioada pandemiei de Covid-19?	NOT	NULL	NULL
"Când toată lumea vinde, tu cumpără”. Mi-a luat 40 de ani și o pandemie de coronavirus să înțeleg ce spunea J.R.	NOT	NULL	NULL
Un locuitor din Dâmbovița, în carantină deoarece nu a respectat izolarea. Sancțiuni date de polițiști	NOT	NULL	NULL
@4ndr311999 Zice omul "Buna seara" si tu nimic... Mai stai si cu spatele...bineee! Te-am in vedere!😂😂😂	NOT	NULL	NULL
Cacofoniile îți fac viață grea.	NOT	NULL	NULL
Casa Albă recomandă evitarea adunărilor de peste zece persoane...	NOT	NULL	NULL
@OvidiuSky Ai strănutat? Detaliază, te rog.	NOT	NULL	NULL
O nouă platformă online – DateLaZi –  	NOT	NULL	NULL
De la Ceartă la Dialog. Ce spun soții Gottman despre noua lor carte publicată în limba română	NOT	NULL	NULL
O inchis toate scolile si universitatile la Cluj. In afara de politehnica o zis ca si asa suntem prea multi dane dracu..	OFF	TIN	OTH
@Costindte Ahh, da? Aș fi jurat că, prin portul Constanța...! Bun job 😀	NOT	NULL	NULL
@grafician Și Franța, și Anglia, și fking Canada au zis "war" prin vocile președinților lor. asta apropo de referirea ta doar la SUA. iar de faptul că l-am preluat si noi, am explicat deja.	NOT	NULL	NULL
@Digi24_HD Concediati va editorul articolului, este prost, imbecil	OFF	TIN	IND
@magda_centiu Magda, esti unul din putinii oameni pe care-i aud marturisind ca citesc. Bravo.	NOT	NULL	NULL
Azi la coada la farmacie pastrata elementar, domnul din fata mea care avea vro 60 kg in plus f vocal zicea ca el nu crede in corona asta ca e o facatura.	NOT	NULL	NULL
@OfficeTzetze @GrigM2 Și eu!	NOT	NULL	NULL
Eu zic că e bine că UEFA a amânat Campionatul European până în 2021. Până atunci se reîntoarce și Hagi jr. la Viitorul și vă avea meciuri destule ca titular.	NOT	NULL	NULL
Ia zi unu' mai luminat, cum îi cu cloudurile aștea, îți mai vezi datele-napoi cum or fost, sau adio și n-am cuvinte? Mai demult m-o vârât Linuxu-n draci, că venea cu mii de aplicații, le încărcam plin de speranțe și când să le deschid, "deschide cu". Cu ce plm, cu cuțâtu'?	OFF	UNT	NULL
Am fost pe afara...am incercat masca din prosop de hartie! Cam naspa,respiratie e greoaie si se umezeste foarte repede...	NOT	NULL	NULL
Suma pe care o vor încasa părinții care și-au luat liber pentru a-și supraveghea copiii în plina pandemie de coronavirus. “S-a făcut un calcul detaliat!”...	NOT	NULL	NULL
Gabriela Firea atrage atenția că România nu va putea să facă față unei situații asemănătoare cu cea din Italia...	NOT	NULL	NULL
@prncws teoretic da, practic plm	OFF	TIN	IND
@aspirantul Ah, nasol la partea cu manele.	NOT	NULL	NULL
@eww88435340 Mi-am dezinstalat și reinstalat snap-ul că ocupa cel mai mult	NOT	NULL	NULL
#video Administratorul firmei de pompe funebre din Focşani spune că este un mesaj de prevenţie şi responsabilizare a populaţiei.	NOT	NULL	NULL
@sopeprotector Chiar te rog 👀 dar fără spoilere prea mari juseyo 😞	NOT	NULL	NULL
2010 Pușcașu Mihaela -  Adrian ne cunoaștem de undeva !?	NOT	NULL	NULL
Doamne ajută !	NOT	NULL	NULL
@RobertCPhenom Oricum e cam prost adsense-ul. Am modificat codul exact cum zic ei ca să nu mai apară reclamele alea pătrate pe mobil, ci doar unele de maxim 80px pe înălțime. No fucks were given, unii tot din alea mari primesc.	OFF	TIN	IND
Ce cretini! Incredibil. Ce ceznura stupida! Si astia ca si FB a uluat-o razna, lingaii si slugile  Papusarului. 🤬🤬	OFF	UNT	NULL
@emiltoma_av Nu stiu ce numesti tu tigara electronica ,dar alea cu tutun parlit nu sunt electronice . Si sunt la fel de nocive cu aceiasi aditivi.Cele cu lichid la care iti stabilesti singur cata nicotina vrei , alea sunt tigari electronice.	NOT	NULL	NULL
@MikeKiyoshi @gadrian84 Multumesc frumos. Chiar are nevoie de cuvinte frumoase.	NOT	NULL	NULL
@SirGolan @denis26_denise ei se trateaza cu hidroxicloroquine. pentru noi se asteapta antiviralele alea scumpe	NOT	NULL	NULL
Dar uite că la fel cum medicii sunt angrenați 24 de ore din 24 în bătălia cu COVID-19, tot astfel și responsabilii Armatei forțează achiziția în regim de urgență a unei cantități tot mai mari de materiale de construcții.	NOT	NULL	NULL
@ECiocu @01004753 de-aia și zic, orice informație iese din china trebuie luată cu multă sare. extrem de puțini oameni din vârful piramidei de putere de la ei cunosc cu adevărat realitatea. pentru restul lumii există doar adevărul partidului.	NOT	NULL	NULL
@Costindte @_lor3scu_ Mi-ai stricat seara. Cum sărăcie mai merg la somn acum, cu gândul la sarmalele tale...!	NOT	NULL	NULL
@mb_0309 Schimba ba si tu si dupa la un moment dat vom fi din nou matchy😊😊😊	NOT	NULL	NULL
@DacianSoros Hai, băieți, acasă cu voi și stați și voi in pat măcar doua săptămâni. Promiteți, da? De unde spuneați ca ati venit? Din Antarctica? Gogule, ia vezi, e vreun caz pe acolo? Ce? Doar pinguini? Gata, liber, băieți!	NOT	NULL	NULL
Abordarea noastră de recunoștință trebuie să fie suficient de mare pentru a îmbrățișa toate dificultățile lumii.	NOT	NULL	NULL
98 de cm! Măsuraţi bine lăţimea tocul de la uşă ca să ştiţi pe unde trebuie să iesiţi când se termină carantina.	NOT	NULL	NULL
-merge treaba ? .\neu mai și înțeleg lumea .\nești bine pus bunii te doare la pulă de oricine	OFF	UNT	NULL
Vela de ce nu poarta masca sanitara când tine discursuri??? E mai al dracu sau ce??	NOT	NULL	NULL
Oferim ceea ce suntem😔	NOT	NULL	NULL
@ANTIABE București?	NOT	NULL	NULL
@CloneSandman Ăla e pește hai mă ce dracu numai noi romanii halim d'ăsta aveam pretenții de foame și pe criza asta înțeleg merge și așa să ai poftă apropo ăsta are multe oase !	NOT	NULL	NULL
Cert este însă că eforturile logistice făcute de ”guvernul meu” în acest sens se amplifică pe zi ce trece, vorbindu-se deja de operațiuni ”mamut” de repatriere.	NOT	NULL	NULL
Narada și Ministerul Educației și Cercetării lansează cu sprijinul Cora România inițiativa „Reacție pentru educație”, o platformă digitală menită să ușureze accesul la educația la distanță pentru profesori și elevi -	NOT	NULL	NULL
5 ghiduri video despre time lapse photography #tips #tutorials #timelapse #video via @fotostefan	NOT	NULL	NULL
@Gabriela_1870 @OvidiuSky @tvromania9 A rezolvat pe dracu' imbecilul ala. 🤬	OFF	TIN	OTH
@maibinecaieri @itmorar Cred ca până și popii plătesc mai multe taxe decât stomatologii. Pentru mai bine de 10000 RON plătiți la stomatologie, soția nu a primit nici o chitanță.	NOT	NULL	NULL
Vă oferim un apartament la casă cu intrare direct din stradă.	NOT	NULL	NULL
este grozav cand vezi revenirea sufleteasca apoi incarcarea cu forta, apoi efectulei,dar apoiparca te loveste cand iar cade sufletul in stari grele de suportat.	NOT	NULL	NULL
@RemusStefan72 Dude, fără supărare, dar nu e ok atitudinea asta.	NOT	NULL	NULL
@jennsruby @orange si eu sunt pe orange si am observat schimbarea in seara asta :))) si utilizatorii vodafone au la fel	NOT	NULL	NULL
@basarab84 A treia un fel de eminenta cenusie 😊 din spatele cortinei...?	NOT	NULL	NULL
@stefancrisan @cristinadobre Si chiar dacă boala revine, forma este din ce in ce mai usoara. Eu am facut rujeola de 4 ori!	NOT	NULL	NULL
@basarab84 In timp ce lumea sta in casa si tunurile au MASCA	NOT	NULL	NULL
@ErkenciKus_ Hahaha nici nu am făcut legătura 😂	NOT	NULL	NULL
@itmorar de exemplu sa citim descrierile ciumei negre sau celei de pe vremea lui justinian. pentru perspectiva.🤓	NOT	NULL	NULL
Un transport aerian cu 45 de tone de echipamente medicale a ajuns din Coreea de Sud	NOT	NULL	NULL
Stați liniștiți, dragi concetățeni, un popor care-și miroase șosetele înainte să le bage la spălat nu poate fi distrus de niciun virus!	NOT	NULL	NULL
Poţi să scrii articole pe blog, să atragi clienţi cu anunțuri cu plata-per-clic, s…	NOT	NULL	NULL
Care sunt primele simptome ale infectării cu coronavirus. Apar abia după 5 zile	NOT	NULL	NULL
Oh, bu-hu-hu. PNL (sau PLN - PLM, tot aia) izolaţi la domiciliu. Sper că nu le duceţi de mâncare.	OFF	TIN	GRP
@WHO @MAIRomania Ducase dracu la ei si cu ei! VOI sistemul militar NU aveți NICI o VINĂ!!! DAR sunteți CEI mai expuși!!! Offff, DOAMNE!!! Vă iubesc!!!	OFF	TIN	OTH
@radusmall E de urmărit cu atenție. E vorbăraie multă, dar te prinde bine :)	NOT	NULL	NULL
Bilanţ coronavirus: 906 persoane infectate, 13 decese şi 8 pacienţi în stare gravă -	NOT	NULL	NULL
@totnormal @MaestroMD E la fel peste tot, nu doar in ro sau md	NOT	NULL	NULL
„În viaţa mea nu m-am spălat atât de des pe mâini“	NOT	NULL	NULL
RECOMANDĂRI DE PREVENIRE A INFECTĂRILOR CU COVID-19, ILUSTRATE CU LUCRĂRI DIN PATRIMONIUL MNAR	NOT	NULL	NULL
Scotienii reactioneaza dupa noua oferta facuta pentru Ianis Hagi: Cartile sunt la noi	NOT	NULL	NULL
Elevi gălăţeni fabrică viziere şi măşti pentru spitale - Viaţa Liberă Galaţi	NOT	NULL	NULL
@dima_flavia Membrii simpli nu mai pot invita pe KG de ani buni. Doar membrii VIP, putini la numar, au acces la invitatii. Pe piata neagra costa 200$.	NOT	NULL	NULL
Întrebarea apare ca firească dacă avem în vedere că ultimele mari crize ale omenirii au generat cele două conflagrații mondiale. În același timp, pare a fi lipsită de sens. De ce? Fiindcă omenirea este deja în război.Retorica războiului este cât se poate de actuală.	NOT	NULL	NULL
@gadrian84 ..apropo ..da ce-l fute pe el grija de ce muzica asculți tu???	OFF	TIN	IND
Compania Dana Point din Iasi isi dedica o parte din capacitatea fabricii producerii mastilor de protectie din bumbac.	NOT	NULL	NULL
@stiripesurse_ro Crimnal si betiv ordinar si nenorocit deschide alea 67 de spitale care le-ai inchis. Sictir. Ai distrus milioane de romani. I-ai aruncat in strada cu datorii la banci si intretinere si familie si copii de intretinut. Javra ordinara.	OFF	TIN	IND
@CiolosDacian gura de gunoaie drogate	OFF	TIN	IND
@ingerisidemoni Va țin la curent dacă mai capăt ceva informații.	NOT	NULL	NULL
Ponta cere demisia lui Orban: Avem nevoie de un guvern de uniune naţională condus de Raed Arafat	NOT	NULL	NULL
Ministrul sănătăţii a demisionat #StaiAcasă si informeaza-te #CuMine	NOT	NULL	NULL
@MarmotaDeCampie Intestinele se schimba la 3-4 zile, oasele la 6 luni iar "pulmonul" la 45 de zile. Skin la 30!	NOT	NULL	NULL
Costache: Dorim să testăm toţi cetăţenii din Bucureşti cu echipe mobile de testare door-to-door	NOT	NULL	NULL
@_chuupiter Din the untamed si sunt doar flashbackuri mici intre	NOT	NULL	NULL
Suntem o forță în medicina.	NOT	NULL	NULL
Sunteți obligat, domnule Președinte, să asigurați tuturor persoanelor cărora le îngrădiți dreptul la circulație modalități practice de viață!	NOT	NULL	NULL
Ieri am făcut cumpărături pentru mine,azi am plecat mai devreme de la muncă și am făcut câteva cumpărături pentru amica mea, am trecut și le-am lăsat la poartă,de ieri seară e izolată acasă ieșind pozitiv la test,era normal, în sistemul sanitar există acest risc o știam amândoi.	NOT	NULL	NULL
Rezultat ca la salon chiar la tine acasă! 🏠	NOT	NULL	NULL
Se pare ca se contaminează și la distanță prin aer	NOT	NULL	NULL
@makavelis @itmorar Ai dreptate, doar că, dacă așa privesc ei preotul, își merită soarta, mai grav mi se pare că nu iau autoritățile atitudine.	NOT	NULL	NULL
Acu-i acu coaiemeu ca daca imi bullshituii   locul prin exercitiile alea ce pula mea fac la incadrarea in modernism	OFF	UNT	NULL
ANAF e cu ochii pe voi.	NOT	NULL	NULL
O firma dintr-un sat din Giurgiu, care se ocupa de comertul cu amanuntul, vinde masti de protectie Guvernului cu 56 de milioane de lei	NOT	NULL	NULL
@ECiocu plm domnu` Ciocu, sunteti adult, asta e, va asumati consecintele deciziei	OFF	TIN	IND
De ce nu a murit nimeni în România din cauza Coronavirusului? Cică nu rezistă deloc pe suprafețele cu pioceanic și/sau stafilococ auriu.	NOT	NULL	NULL
@LeroivAmis Deci nu se va îmgheța anul școlar!	NOT	NULL	NULL
@patrasconiu Sunteti amabil, dar da, e o problema serioasa. In alta ordine de idei, vad in biblioteca gratiuta a @Editura_Polirom mult accent pe Europa Centrala.	NOT	NULL	NULL
Kremlinul se ține de mesajul său de stabilitate și normalitate. Principala speranță a lui Putin se bazează pe răbdarea și indiferența populației; totuși, aceste „resurse” pot fi epuizate în câteva săptămâni.	NOT	NULL	NULL
din clanu sportivilor fiecare prinde câte o târfă o fute și o trimite la restu și prin primiri urgențe	OFF	UNT	NULL
@BXT_666 coaie pai ce sa vezi eu s asa de baiat in cat o dau mereu la pace pt ca nu prea si au rostu bataile simcer si sincer ce e asa de rau sa am pe cnv sa ma bazez in caz de orice? e asa de rau sa am prieteni pe care ma pot baza ?!??? baga ne am pula n gandirea ta de om prost	OFF	TIN	IND
@Horia8Bogdan @itmorar Nu apucam doua luni așa. O sa se dea drumul pana la urma, oamenii rămân fără bani.	NOT	NULL	NULL
Bryan Cranston şi Aaron Paul donează în beneficiul barmanilor rămaşi fără slujbe din cauza pandemiei	NOT	NULL	NULL
Apel la Guvern si Ministerul Sanatatii: Nu transformati Iasiul si Moldova in Lombardia Romaniei	NOT	NULL	NULL
@angelorobitu @itmorar Sincer, eu. Mă uit pe geam afară, sunt 20 de grade, pomii înfloriți, o plăcere :)	NOT	NULL	NULL
@libertatea Cum poartă ăștia măști, nici nu știi cine dracu' te-mpușcă...	NOT	NULL	NULL
Am fost in primele linii,am luptat,am fost prezent... Ce,măăăă???	NOT	NULL	NULL
Pai și Johnazist-ul a sărbătorit nu comemorat morții de la Revoluția din 1989 Lucovid are mentor bun pula.n gura lor de gunoaie de dreapta 🤮 🖕	OFF	UNT	NULL
Spitalul "Toma Ciorbă", este full, azi 17.03.2020 pacienţii sunt direcţionaţi la Spitalul Ministerului Sănătăţii, deja sunt mai.mult de 15 pacienţi. Datele oficiale, nu corespund realitaţii.	NOT	NULL	NULL
@patrasconiu Da. Știu ce zici.	NOT	NULL	NULL
Vor sa dea bine in poza internationala : Uite si Romania a scos armata wow! aplauze. BS	NOT	NULL	NULL
@itmorar Programul a doua sansa pentru politicieni :))	NOT	NULL	NULL
@basarab84 Ei, da. Acum te superi că nu cred că spune băiatul ăla. As întrebă și de unde "in 5 ani". De ce nu în 3, 7, 1.. e firesc zic	NOT	NULL	NULL
Primarul orașului Mioveni, Ion Georgescu, afirmă că nu a fost consultat pe marginea acestei decizii și că i-a fost comunicată „pe linie ierarhică”, deși Spitalul Mioveni se află în subordinea administrației locale.	NOT	NULL	NULL
@hoseokspapanasi sa sti ca si eu boss. dau pe mute stanga dreapta fara numar, ca nu au astia nici 2 neuroni sa-i frece impreuna, se cearta ca la piata. critical thinking cine? n-o cunosc	NOT	NULL	NULL
@suspaharu @neamielualarau Ia mai lasă-mă cu spaniola asta de baltă! Mai spănește nu mi-o cârâit careva-n scăriță! Destul că-mi habla español în jumatea neturcească a filmelor pentru ajutători!!!	NOT	NULL	NULL
De ce plm scriu ăștia legat la hastag? #Plmnuintelgnimicdincezicacolo. Nu e mai simplu să pui _underline din ăsta între cuvinte?	OFF	TIN	OTH
Cel mai dur test pentru cei sănătoși este cel al plictiselii.	NOT	NULL	NULL
#JO2020 #Coronavirus: #CIO lucrează pentru organizarea Jocurilor Olimpice în iulie-august 2021 (presă)	NOT	NULL	NULL
Pandemia de #coronavirus ''ameninţă întreaga omenire'', afirmă ONU, care lansează un plan umanitar	NOT	NULL	NULL
30 de idei pentru a trece cu bine peste statul numai în casă	NOT	NULL	NULL
@looshoe plm, poti sa iei oricand de la un shoppingsau ce faci acasa. ideea e minimizarea riscului	NOT	NULL	NULL
@jksrat omg georgia ai facut 11k😳😳 de la 0 in doar 9 zile😳😳😳😳share your secret queen	NOT	NULL	NULL
@i0n1ca Asta e PSDist de mic si prost tot timpul @MoiseGuran	OFF	TIN	IND
Simona Halep ia măsuri împotriva răspândirii coronavirusului!	NOT	NULL	NULL
Revin cu rugămintea să completați acest scurt chestionar. E despre scris și citit și orice răspuns ajută. Mulțumesc! 🙏	NOT	NULL	NULL
sincer mai bine mergeam de luni la scoala.... e panarama rau	NOT	NULL	NULL
@Keanure09611366 Frumoasa fotografie si destul de expresiva, draga domnule	NOT	NULL	NULL
@novlvt E dobitoc da-l in pula mea i-a facut ieri fratemeu scandal si doar s-a enervat el nu înțelege	OFF	TIN	IND
CryEngine ajunge pe mobile	NOT	NULL	NULL
Iohannis anunta o rectificare bugetara extraordinara: E nevoie de bani pentru Sanatate si pentru somaj tehnic	NOT	NULL	NULL
Cercetătorii de la centrul OncoGen Timişoara au anunţat în ianuarie 2020 că lucrează la un antidot pentru noul coronavirus şi susţin că statul chinez s-a oferit mult mai repede decât autorităţile române să le finanţeze munca de cercetare.	NOT	NULL	NULL
@e_raluca @spuse si de au ascuns-o? ca sa imbolnaveasca planeta?	NOT	NULL	NULL
@yuzi_chahal @BhuviOfficial Are mere bhai ko bi masc lga de please	NOT	NULL	NULL
@teniescu Chiar asa ! Nu s-a specificat nicaieri care animale au voie sa iasa si care nu. Fiecare iese cu ce are, caine, pisica, hamster, peste, sarpe de cauciuc, ursulet de plus, gandac de bucatarie...	NOT	NULL	NULL
În Gara de Nord te ia vântul ca-n Siberia. Oamenii se feresc de semenii lor ca de leproși	NOT	NULL	NULL
@klau_buca @Adevarul Al dracu sobolan,ai limita de varsta?Tac'tu adolf n-avea problema asta😂😂😂	OFF	TIN	GRP
Noua generație Ford Kuga este disponibilă și în România: SUV-ul producătorului american …	NOT	NULL	NULL
am încercat sa l iert,sa i uit toate greșelile,sa ma prefac ca nu m a rănit niciodată,iar asta doare ca dracu...😖😢💔	NOT	NULL	NULL
dacă se anulează bacul și evaluarea națională fac revoltă	NOT	NULL	NULL
ULTIMA ORĂ Vodafone, Telekom, Orange acceptă să furnizeze... |	NOT	NULL	NULL
Prin urmare si-asa deci, nu e vorba despre greci! 😇	NOT	NULL	NULL
Președintele Iohannis: Rolul SRI este esenţial în contextul pandemiei de #coronavirus -	NOT	NULL	NULL
6 dimineata si eu acum mi-am terminat tema in plm. Urasc cursurile astea online	NOT	NULL	NULL
În contextul răspândirii COVID 19, Comisia Europeană face o serie de precizări referitoare la granturile H2020. Informații se gasesc la adresa	NOT	NULL	NULL
România putea sa faca ce era in interesul nost cu alea.	NOT	NULL	NULL
@MarmotaDeCampie @victore_1974 Ba da. Cursele spre Germania și dinspre  se zboară în continuare	NOT	NULL	NULL
Avertisment sumbru: Mii de de romani vor fi depistati zilnic cu coronavirus	NOT	NULL	NULL
#hartă Stadiul răspândirii epidemidei de coronavirus este monitorizat online.	NOT	NULL	NULL
@robertruss21 Nici de-a dracu nu intru!	NOT	NULL	NULL
Iesi in oras gandindu te ca arati chiar bine pana le vezi pe altele si ti fut tot fengshuiu stati dracu n casa	OFF	TIN	GRP
@TanarulD @emiltoma_av Iar testarea rapidă dă rezultate eronate, adică o persoana poate avea rezultatul testului negativ iar in fapt să fie pozitivă.	NOT	NULL	NULL
@DiarioTalCual Era la dracu drogat	OFF	TIN	IND
Fotbal/#Coronavirus: Federaţia italiană vrea ca sezonul să meargă până la capăt, chiar şi în luna august	NOT	NULL	NULL
L-am întrebat dacă se simte bine.	NOT	NULL	NULL
Imagini postapocaliptice din incinta aeroportului Otopeni. Călătorii pot fi numărați pe degete. FOTO...	NOT	NULL	NULL
Retorica liderilor țărilor membre este confuză, inclusiv „greii” Angela Merkel și Emmanuel Macron nu au reușit să menționeze lupta comună a Europei în viziunile lor pentru combaterea virusului.	NOT	NULL	NULL
@Digi24_HD De ce nu le dați numele și poza? Ar fi cea mai bună metodă de a ne asigura că astfel de lucruri nu se mai întâmplă. Când o să-și vadă mutrele pe fiecare stâlp, ștanțate cu "WANTED", plus lumea pregătindu-și furcile, n-o să mai îndrăznească ticăloșia asta.	OFF	TIN	IND
Îmi dădea cu virgulă că am dormit până la 9. Dar s-o schimbat ora. Plm...	NOT	NULL	NULL
@ManoliuValy @basarab84 Discutia era&gt;sist. de supraveghere in masa de la noi,  previzibil China devenise exemplul cu masuri sporite pe motivul infectia virus,la fel in toata Europa si US	NOT	NULL	NULL
sa vezi ce nu o sa scriu eu azi decat cat vreau si cat pot si cat am chef	NOT	NULL	NULL
Coronavirus: Sprijin financiar pentru bucureștenii din Sectorul 4 rămași fără venituri	NOT	NULL	NULL
@neamielualarau Eu am găsit abia pe 29. Ieri am verificat	NOT	NULL	NULL
cum plm sa te cheme mircea	OFF	TIN	OTH
Tragedie românească, în Franța! O șoferiță de TIR a murit strivită în cabină, în urma unui accident cumplit...	NOT	NULL	NULL
Ia mâna de pe față! Voi sa nu faceți ca ea! Adică, deloc, nu numa’ la mâna de pe față!	NOT	NULL	NULL
DECÂND CU CORONAVIRUS NU AM MAI SUPT NICI O PULA MIE DOR SĂ SUG PULA SÂNT MUISTĂ NUMĂRUL 1	OFF	UNT	NULL
@MoiseGuran Stiau foarte bine ca sistemul este prost, dar nu au făcut nimic. Era bine, treaba mergea, leafa buna, șpagă șpagă. Curgea la fiecare câte puțin, cinism pana la capăt. Nu este normal sa fie forțați sa muncească fără protecție, dar acum e prea târziu casa arde!	NOT	NULL	NULL
@hoseokspapanasi Universitatea mea a zis sa ne ducem dracu la cursuri	NOT	NULL	NULL
i-am zis - ți-au făcut multe referate  să te dea afară : nu-mi spune  că ai vorbit te-ai pus ăștia astea de la tomograf ?	NOT	NULL	NULL
Suge.m.ati de pulă trogloditilor, cum morții ma.mi voastre nu prelungiți dacă îmi expira buletinul asta se prelungește voi nu?	OFF	TIN	OTH
„Costache a dezertat!”	NOT	NULL	NULL
@AlexandraRusu08 Bună ești de pula!!! 😘😘😘😍😍😍	OFF	TIN	IND
ehe ce vremuri😕	NOT	NULL	NULL
@victorciutacu Dar cu pupincurist, ca tine, cum ramane?	OFF	TIN	IND
@anaxmno Scuze na vrut n-o ce sa fac asta e	NOT	NULL	NULL
Instagram-ul poate să combată răspândirea coronavirusului! Platforma online depistează în timp real suspecții de Covid-19...	NOT	NULL	NULL
@hoseokspapanasi DRACU SA I IA CA NU MAI POT DEJA	OFF	TIN	IND
Piesa lui Adi Minune s-a dat până acum ?	NOT	NULL	NULL
Covid-19 a fost sigur inventat de o femeie: fotbalul este anulat, barurile și restaurantele sunt închise, cu amicii n-ai voie să te vezi, ești obligat să stai acasă cu soția…	NOT	NULL	NULL
@denis26_denise Postează,posteaza ca unele telefoane au mod silentios🤗🤣	NOT	NULL	NULL
Inainte de WWII Romania era invidia occidentului, cu toate problemele ce le aveam.	NOT	NULL	NULL
Bust,dacă se poate.	NOT	NULL	NULL
o persoana greu de suportat apare iar, cand totul era asa de promitator si minunat.	NOT	NULL	NULL
Bună dimineața draga mea! ☀️	NOT	NULL	NULL
Adunare religioasa de 10.000 de oameni, deși noul coronavirusul a făcut deja victime...	NOT	NULL	NULL
corectitudinea de a vorbi cu soarele	NOT	NULL	NULL
Doamne ajuta sa treaca mai repede 🙏🙏🙏	NOT	NULL	NULL
Românul care a fugit din carantină ca să-şi bată soacra a primit comenzi din toată țara!	NOT	NULL	NULL
@sergiuprt aha, Blindești. am mers să văd cum a început sezonul de irigare 😄	NOT	NULL	NULL
M-aș pricali dacă vaccinul contra coronavirus l-ar numi Kaspersky	NOT	NULL	NULL
@santaromica Pe dracu mă Romică, îți zic io, ie vina lu dragnia și a lu ciuma roșie 😉	NOT	NULL	NULL
Pandemia de #COVID19 afectează planurile NASA de a ajunge pe Lună	NOT	NULL	NULL
Stati acasa!	NOT	NULL	NULL
Cât e ceasul? 21.20... cred că au trecut de Stoenești...	NOT	NULL	NULL
@simovitty nu pot sa cred ca atâția oameni ți-au sărit in cap pentru ca ai spus adevarul gen, get a fucking grip...	NOT	NULL	NULL
@_PolitiaRomana_ La mulți ani! Și poate purtați masca aia că nu e accesoriu!	OFF	TIN	IND
@ArianaGrande @NJOMZA @needypsychos ariana să-mi sugi pula means i love you in romanian!!	OFF	TIN	GRP
@Adevarul La ce salarii aveti va puteti cumpara o pereche de manusi in pula mea de cersetori, si alea de sudura sunt bune.. alea de spalat vase, alea de facut curatenie.. mergeti la sapat canale, mergeti la cules capsuni, acolo nu va trebuie masca	OFF	TIN	OTH
@Angellaa2018 Uhuuu...!! Mai ales că blondele sunt imune la ...virus ..!! Spuneau suedezi.😀😀😀	OFF	TIN	IND
@ProTVTalent Andra cred ca va apăsa .	NOT	NULL	NULL
@RobertEVoicu Ăsta cred că e documentul că a fost discutat și în alte cercuri dar fiți atenți la datele de înregistrare	NOT	NULL	NULL
album nou Loffler si EP The Glitch Mob in aceeasi zi. ce sa vrei mai mult de la o vineri?	NOT	NULL	NULL
#KeysFin a lansat #KeysFinder, aplicație cu informații despre afacerile locale	NOT	NULL	NULL
-ah... dar în mod normal conversațiile merg mult mai bine în mintea noastră decât în realitate😅😐	NOT	NULL	NULL
România nu e București!	NOT	NULL	NULL
Te-ai dat de gol, ești din Ardeal! :)	NOT	NULL	NULL
În loc de acțiune, atunci când catadicsește a comunica ceva, Guvernul ne spune că deocamdată prioritatea unică este combaterea virusului iar după aceea se va ocupa și de altele. Ceea ce nu se însămânțează azi, nu are cum fi recoltat mâine.	NOT	NULL	NULL
dreaptaGuWernare? Bai, nu va SALVEAZA nici dracu, cu ei va ingropati amu de mana si @KlausIohannis chezasie!	NOT	NULL	NULL
Ministerul Mediului reclamă, marţi seară, posibile arderi necontrolate de deşeuri, în zona de sud a Bucureştiului şi anunţă că Garda Naţională de Mediu se deplasează în zonă. SI CE LATURI A TREBUIT SA SUPORTE FIREA PT.ACEASTA AFIRMATIE! ALEXE,UN PORC GALBEN!	OFF	TIN	IND
Acum această Republică e foarte rea, rea pentru că mi-a distrus de multe ori viața fără nici un reproș!	NOT	NULL	NULL
Gradul de mortalitate la mine e de 13.7% , din cauza ca am probleme cardiovasculare.. well shit. Cand le spuneam oamenilor de atacurile mele de panica si ca pot sa fac infarct în orice secundă, au inceput sa-si bată joc de mine.  Hai ca radeti voi dupa ce ma duc.	NOT	NULL	NULL
“mi-a trebuit mie, iubire, de la necunoscută, băga-mi-aș pula-n morții ei”	OFF	TIN	IND
Se spune că nu e bine să uiţi de unde ai plecat.	NOT	NULL	NULL
Îndrăzneala de a trăi peste 65 ani este infracțiune sancționată cu condamnarea la moarte!	NOT	NULL	NULL
EU alocă 38 de milioane de euro în regim de urgență către Albania🇦🇱, Bosnia și Herțegovina🇧🇦, Kosovo🇽🇰 , Muntenegru🇲🇪, Macedonia de Nord🇲🇰 și Serbia🇷🇸, ca sprijin pentru lupta împotriva COVID-19.	NOT	NULL	NULL
aia de mate mi a dat sa fac 50 de exerciții pana luni pai dracu le mai face ca eu îmi bag picioarele	OFF	TIN	IND
@PleuAlexandru4 La asta m-am gandit si eu zilele trecute	NOT	NULL	NULL
@RFI_Romania 2.    Noi, cei altii luam notite, ne	NOT	NULL	NULL
Resurse pentru lucrul de acasă - Lumea SEO PPC	NOT	NULL	NULL
E nenorocire cu ăștia care folosesc cuvinte doar pentru că le place să se audă.	OFF	TIN	GRP
@bebitabonita12 Mai ce piciorușe  ai? 💋🍓👌	NOT	NULL	NULL
@PleuAlexandru4 Total de acord,e adevarul. Un adevar urat insa.	OFF	TIN	IND
@dumycri Ar trebui sa auda in special cei cu mUE in suflet...noi stiam asta; e "grele" sa te pui cu prostii...	OFF	TIN	IND
6 sfaturi pentru siguranta pe internet in 2019	NOT	NULL	NULL
@danpopa60 ...da ca EL e foarte aproape de noi...după cum se pare nea cam abandonat ..sau in cel mai bun caz  se uita in cu totul alta parte ...	NOT	NULL	NULL
Militia, inima tarii, care bate, bate, bate...	OFF	TIN	IND
@cheng_staar profa de engleza deja a zis ca ii e scarba de noi iti dai seama sa stea cu noi pe webcam o ora? se duce dracu	NOT	NULL	NULL
#Coronavirus: Organizaţia Mondială a Sănătăţii salută ''sacrificiul'' organizatorilor Jocurilor Olimpice de la Tokyo	NOT	NULL	NULL
Decizia vine la doar o zi după ce oficialul a anunțat că întreaga populație a Bucureștiului va fi testată împotriva coronavirusului	NOT	NULL	NULL
KEYSFIN anunță lansarea aplicației MOBILE KEYSFINDER, cea mai complexă sursă de informații gratuite despre business-urile românești	NOT	NULL	NULL
Patriarhul României recomandă grijă la sănătatea psihică, acasă. Maica Domnului poate fi de mare ajutor -	NOT	NULL	NULL
@ValentinNebune1 @MihaiHristea Și pentru că DNA, justiție, chestii dintr-astea nesemnificative 😉	NOT	NULL	NULL
7 rețete ușoare pe care să le faci în izolare cu resturile din frigider	NOT	NULL	NULL
@bitatgjiu70 Eu nu. Îmi pare rău că totul e foarte strict, în rest nu mă deranjează carantina	NOT	NULL	NULL
Inchiderea țării ne face mai mult rău decât bine,si nu e deloc sigur că va da rezult scontate.	NOT	NULL	NULL
ziua la Tipova noaptea Durak	NOT	NULL	NULL
Foarte rosie si sigur cu ochii albastri	NOT	NULL	NULL
@LauraIonescu4 As incepe cu a ta sa o ling dupa restul 😁	NOT	NULL	NULL
Ciolacu: Toţi parlamentarii PSD vor dona 50% din indemnizaţii pentru achiziţia de echipamente medicale	NOT	NULL	NULL
Se pare ca au iesit peste tot mancatorii de 💩 de serviciu. Acum ii aud cum nu a a explicat KI ce se intampla cu starea de urgenta. Da- le dracu	OFF	TIN	IND
@ioenigma @AdyinaS Nemții merge la grădina zoologica, in parcuri la picnic, motiv pentru care Merkel vrea sa înăsprească legile. Oamenii nu înțeleg sau iau in derâdere toată situația.	NOT	NULL	NULL
Gata cu stadioanele, barurile, cîrciumile s-au închis, din casă n-o să mai poți ieși, să mergi la o băută cu prietenii.  Ce altceva poate să mai facă un bărbat, decât să stea lângă femeie?!	NOT	NULL	NULL
@ATEEZofficial da pe pula sksjshsh eu mereu folosesc asa cum mi se dau, schimb doar presiunea cred ???????	NOT	NULL	NULL
Tot ce voiam sa vad cum intru pe tw	NOT	NULL	NULL
Mai există un dobitoc care compară gripa "spaniolă" cu COVID-19: Trump. N-ai cum, n-ai cu cine.	OFF	UNT	NULL
UNTRR solicită Guvernului  excluderea șoferilor profesioniști de la aplicarea Ordonanței militare nr.3/24.03.2020	NOT	NULL	NULL
@CloneSandman Cica si un mos de 77 de ani care cauta pokemoni!	NOT	NULL	NULL
cred ca stim cu totii ca infiferent de intrebari raspunsul e jaehyun.	NOT	NULL	NULL
Când voi fi mare, vreau să mă fac descifratoare de facturi CEZ.	NOT	NULL	NULL
@keyboardriot dau cu gel dezinfectant și se freacă la păsă!	OFF	TIN	IND
@mitzuuYT @TeamYouTube @ytcreators @Fwiz @mitzuuYT Eu mereu am dat de problema asta cu notificarile pe ytb.. totusi intru pe aproape orice live pe care il faci daca imi apare pe homepage pe ytb. O solutie ar fi sa iti faci un server de discord unde sa se trimita notificari cand faci live daca nu ai deja.	NOT	NULL	NULL
@RFboris @Cernat_Catalin Sa mor daca nu esti comoara national bai boris :)))	OFF	TIN	IND
@i0n1ca @emiltoma_av Si cât de curând urmează furnizorii de piese si componente. Că nu mai ai cui să vinzi.	NOT	NULL	NULL
Asistenta al carei sot a murit in Suceava, unde nu sunt nici acum echipamente: Vom muri pe capete. Romania, trezeste-te!	NOT	NULL	NULL
@CloneSandman Ți-am zis, ăștia de la Digimentionau de documentul datat Ianuarie, bănuiesc că prostii nu citau surse PSD.	NOT	NULL	NULL
Sunt tare curios să vă aflu părerile.	NOT	NULL	NULL
@emiltoma_av Va apărea și la tv cum li se râde agenților în față cu hârtia în mână. Îi doare-n pulă, se duc la Carrefour pentru că se plictisesc în casă!	OFF	TIN	IND
@severvoinescu @RobertEVoicu stirea cu Lidl si Kauf e o mare teapa si ar trebui sa le fie rusine pt cum au formulat-o. Defapt ce au donat " Retailerii donează 100.000 bucăți recoltoare pentru exudat nazal și faringian/ mediu transport viral necesare pentru realizarea testelor de diagnostic molecular" !!!	NOT	NULL	NULL
Dosarul „Masca”. Un nume greu din România și contractul dubios de 11,5 mil. Euro cu statul	NOT	NULL	NULL
1.029 de persoane confirmate cu virusul COVID-19 în România	NOT	NULL	NULL
@victorciutacu Eu am o alta dilema !...:: se poate demisiona din calitatea de CETATZEAN !?🤣🤣🤣🤣🤣🤣🤣	NOT	NULL	NULL
mama ce naiba ai facut cu oalele mele de teflon ca nu le gasesc	NOT	NULL	NULL
Conținutul este demn de nume și se adresează unora asemenea.	NOT	NULL	NULL
#JO2020 #Gimnastica/#Coronavirus: Oksana #Susovitina îşi amână retragerea pentru a participa la Jocurile Olimpice în 2021	NOT	NULL	NULL
Incep sa ma obișnuiesc cu viata fara piese lego prin living.	NOT	NULL	NULL
Îs curios câți s-au reapucat de fumat în perioada de (auto)izolare. Cred că e o statistică interesantă de făcut peste o lună, două. Nu?	NOT	NULL	NULL
@Teo578 @basarab84 Cum dracu a ajuns asta fix la Campul Lung Muscel, cand ea de origini e de prin Hundeoara, am lucrat cu ea pe la R21 inainte sa plece la PROstTV.	OFF	TIN	IND
Adrian Stanciu: Trei teme de reflecție, în vremuri de incertitudine  #Bizromania	NOT	NULL	NULL
DJ-ul și producătorul sud african Black Coffee va mixa live mâine din propria locuință pe platforma Twitch de la 6PM (ora României), numai bine pentru a intra cum se cuvine în atmosfera de weekend!	NOT	NULL	NULL
O invitație la calm	NOT	NULL	NULL
@La_cuentarojamx SĂ SATI BAG PULA ÎN GAT	OFF	TIN	IND
@ailioiu @ipostaze nu-mi stă în obicei să fac asta.	NOT	NULL	NULL
pula.n gura ta 11 ani lucrați peste limita legala de pensionare însemna 11%și 50%din creșterea salariului cadrelor în activitate am rămas cu rata inflației suge.mi.ati pula toți parlamentarii	OFF	TIN	GRP
@fromjkwithluv Nush ce plm ai zis dar mi se pare emoționant	OFF	TIN	IND
@pinguuina Oricum era prea târziu. Următoarea zi am văzut anunț asemănător pentru 50euro în Italia.	NOT	NULL	NULL
Chiar nu nu putem inteleg asta? Sunt chestii simple	NOT	NULL	NULL
@Dan_Tanasa Surse oficiale înseamnă știri cenzurate. Știrile care spun că virusul nu e chiar așa de grav sunt considerat fake, iar cele care spun „virus ucigaș” sunt ok. Și mai ziceam de comunism...!	NOT	NULL	NULL
@keyboardriot @Gabriela_1870 Sunt aproape convins că este o traducere proastă ceea ce au făcut cei de la Hotnews în articol.	NOT	NULL	NULL
@CloneSandman @Doctoru_Andy Lăsați că are grija Tolontan de libertatea presei!	NOT	NULL	NULL
Cine are clipuri sau poze când se fute sa mi le trimită in privat	OFF	TIN	OTH
#TrueStoryProject continuă seria de analize originale în care criza coronavirusului este analizată în profunzime cu un articol scris de Mălina Mândruțescu, masterandă în terorism și violență politică la University of St Andrews.	NOT	NULL	NULL
A răspuns provocării	NOT	NULL	NULL
#COVID-19 #Coronavirus #StaiAcasa #VaFiBine	NOT	NULL	NULL
Ignorați @-ul poate îl voi schimba cu unul mai puțin clapped într-o zi	NOT	NULL	NULL
@lavinia38122605 Dementiala! Numai buna de dezmierdat!	NOT	NULL	NULL
Cand iti spune “faci cum crezi”, sa nu te puna dracu’ sa faci cum crezi :)))	OFF	TIN	IND
Moara cu vorbe a lui Moș Călifar : Despre prostia "influencer"-ului pe timp de criza ...	NOT	NULL	NULL
@Adevarul si la ce pula mea ne intereseaza pe noi???	OFF	UNT	NULL
Iepurele mai mult alearga #concursdeproverbefake	NOT	NULL	NULL
@keyboardriot Nuu! Chiar trebuie să-i dorim sănătate multă ca să poată lua cu executare și agravante!	NOT	NULL	NULL
@ingerisidemoni Pai la ce lot olimpic a revenit în țară, cineva trebuie sa bage frica in ei!Prin cartier era promenada până să apară primul Humve azi. Și chiar sunt selectivi, au ochi pentru aia care trebuie opriți.	NOT	NULL	NULL
@chainedrebel a ieșit de sub tejghea, acolo obișnuiesc babele să cuibărească	OFF	UNT	NULL
@CosminMCraciun De curiozitate, cu ce companie ai zburat? Nevasta trebuia sa vina acasa dar i-au anulat zborul pentru minim 30 de zile...	NOT	NULL	NULL
Tudor Chirilă, strigăt disperat de ajutor: „Ei nu mai au din ce trăi”. Solicitarea de ULTIMA ORĂ de la stat pentru artişti...	NOT	NULL	NULL
Trebuie să-i protejăm pe ceilalți și pe noi!!Dacă era să ascultăm de Guvern atunci avea să evităm acest virus de tip nou!Virusul de tip nou nu a apărut în China,ci doar în Europa(Italia,Olanda,România,Republica Moldova).Nu cred că e așa de grav cum pare!Evitați contactul cu pers.	NOT	NULL	NULL
Vremurile grele întotdeauna îți vor arată cine îți e prieten cu adevarat.	NOT	NULL	NULL
@denis26_denise E ușor să facă doar ce vrea pentru că are justiția pusă în slujba,,normalității lui".	NOT	NULL	NULL
@piticu21 Exact. 60k in SUA, in doar 5.5 luni. Acum, daca ti-as spune ca aia au fost dintre 800k de infectați cum ai reactiona? Sau daca ar trebui sa ii incinerezi pe toti si s-ar face coada?	NOT	NULL	NULL
Iulian Bulai (USR): Moldova trebuie testată întâi, nu Bucureştiul! Riscăm să devenim Lombardia României!	NOT	NULL	NULL
Cine ar fi prevăzut o criză mondială care va scoate la lumină importanța personalului medical, din educație, cercetare și a personalului ”unskilled” din comerț, transport și curierat?	NOT	NULL	NULL
@JeanTheo14 Rahat cu perje ... ce dracu vrei sa se strice in mancare de azi, mai ales semipreparate? 😂	OFF	TIN	IND
2008 făptuitor .. “ are dreptate looseru avocatu lui !!!! ați fost la vrăjitoare !!! da cum faci domne !?!?! “	OFF	TIN	GRP
Pentru flacara geamana	NOT	NULL	NULL
@EstheticDoes Ba e buna maneau da NU IN PULA MEA INTRE BLOCURI LA 11 NOAPTEA CU BOXE DE MASINA SI CAINI IN FUNDAL	OFF	TIN	OTH
@ZoliBara Te ai pishat pe ea ce cretina bravo Zoli !	OFF	TIN	IND
GabryIonesc2 @santaromica La aceeași cârciumă era atașat și un club în care în sâmbăta respectivă au avut petrecere cu chinezi, iar a doua zi cu italieni. Ia ghici: omul nostru, cu toate măsurile de protecție pe care putea să le ia la muncă, tot s-a infectat. Așa că dă-l în plm de idiot!	OFF	TIN	IND
@subiectiv Niciodată.	NOT	NULL	NULL
@DeinteresOrg Libertatea de a fi prost nu este aceeași cu libertatea de a fi civilizat	NOT	NULL	NULL
„Stați acasă, spălați-vă pe mîini...” Da' pe chept, pe chicere, pe cur și pe șele cu apă rece ca gheața să ne spălăm e sănătos, bă pulă, bă!!!	OFF	TIN	OTH
@03innerchild Și asai? De ce plm trese mă suni sa-mi iei din timp și energie?	OFF	TIN	IND
.Asta tot repeta. Pe bune crede cineva ca TOTI romani pot sa stea asa la cutiuta,sa aiba interzis la parcuri,chiar si munte/mare?	NOT	NULL	NULL
@e_raluca @Digi24_HD 3205. o cifră de duminică. ar însemna până în 200 de teste / zi. adică aproape nimic comparat cu zecile de mii de oameni care au venit în aceeași perioadă din zone de risc.	NOT	NULL	NULL
Italia:„Încă o dată, cea mai mare solidaritate și contribuție provine din țările socialiste.Și asta în timp ce UE este complet dezorganizată în fața acestei situații de urgență (până la punctul de a nu avea o politică comună în această privință) și nu face aproape nimic serios.	NOT	NULL	NULL
@MarmotaDeCampie Pai nu ziceam de internet. De cele mai multe ori nu deschid eu discutia...	NOT	NULL	NULL
@KpopLover1970 @btsromaniateam @BTS_twt Mulțumesc pentru comedii💜 Chiar am nevoie de una dupa Mariage Contract 😭😭	NOT	NULL	NULL
Pulă ăsta de Guran e vârful ipocriziei liberale!!! N-am văzut  curvă mai mare, băga-l-aș de unde-a ieșit „prin el însuși”...	OFF	TIN	IND
Să vedeți cazuri în SUA de mâine încolo. Ș-au luat 500.000 de teste. Și noi avem tot așa, dar fără ”000”. 500/zi.	NOT	NULL	NULL
Asta e fratele meu care lam iubit adevarat	NOT	NULL	NULL
Stai acasă şi rămâi în siguranţă. Astăzi mergem mai departe fără a conduce.	NOT	NULL	NULL
1.029 de cazuri de persoane infectate cu virusul COVID – 19	NOT	NULL	NULL
@RemusStefan72 Ce-i drept... aseară am avut și eu tendința sa bag nitro când am văzut ca sunt singura pe drumurile orașului 🤭😂😂😂	NOT	NULL	NULL
Romanul merge la alegeri,nupentru a avea pecineva care sa-lreprezinte inadministratieci,pentru a avea pecine injura dupa aceea!In marea noastra majoritate,suntem atat lipsiti deconstiinta sociala,cat side constienta,incapabili dea analiza ceva side avedea efectele faptelor intimp	NOT	NULL	NULL
@balarii Nu pot pleca, am creditul la ei ...	NOT	NULL	NULL
Sper ca lucrurile să revină repede la normal și să le putem oferi suporterilor bucuria promovării! - Pol Roige⁣	NOT	NULL	NULL
Daca nu vedem dimensiunea dezastrului,atunci avem o probl	NOT	NULL	NULL
Un pacient transferat de la Spitalul Județean Suceava la Spitalul de Arși din Capitală a fost depistat pozitiv la coronavirus. 28 de persoane de contact sunt cadre medicale	NOT	NULL	NULL
@beebee2345 Chiar ca. Să rămână dracu acolo sa nu mai răspândească boala	OFF	TIN	OTH
ULTIMA ORĂ Vodafone, Telekom, Orange acceptă să furnizeze autorităților date despre locul unde se află utilizatorii, în contextul pandemiei	NOT	NULL	NULL
Apel urgent transmis de peste 40 de medici și cercetătorii Ad Astra: Testarea rapidă a populației să se facă și prin teste IgG/IgM și antigen	NOT	NULL	NULL
#Enel își asigură toți angajații împotriva #Covid-19	NOT	NULL	NULL
Am fost o fuga la Carrefour...ce dracu s-a intamplat cu preturile, s-au virusat si ele, sau ce?!	OFF	UNT	NULL
@daninhodj Ai uitat că ți se zice Daninho, nu Victor Babeș :)))	NOT	NULL	NULL
Victor Costache... Iasi... Emilian Eva... PNL...	NOT	NULL	NULL
Săptămâna trecută s-a înregistrat un nivel #record de #exploatare a pădurii. S-au efectuat oficial 79965 de transporturi. Și tot oficial, din #InventarulForestierNațional, se știe că pe lângă fiecare arbore doborât legal, un altul cade tăiat #ilegal.	NOT	NULL	NULL
@i0n1ca La banii ăia sterilizează la fel ca scuipatul meu.😂	OFF	UNT	NULL
gen taci dracu odată ca nu ești tu mare doctorița sau om de știință. stai in băncuța ta ca ai abia 15 ani și tu te chinui sa nu rămâi corigenta la peste 5 materii	OFF	TIN	IND
Al meu e Best Market, îs vreo 4 prin București.	NOT	NULL	NULL
@ciprian_marica se baga si el ca musca in curul calului Marica se revoltă din cauza vaccinului împotriva coronavirusului: „Noi avem fețe de cobai?” Stai in PLM in banca ta.	OFF	TIN	IND
@denis26_denise Încet asa, când te vezi încolțit, Vedeti ce buna e Uniunea Europeană? Vroiau sclavi nu parteneri!	NOT	NULL	NULL
1+1gratis...Ofertă valabilă pentru livrari!!	NOT	NULL	NULL
#DocumentarAGERPRES UN SECOL DE CULTURĂ: Romanul de debut al scriitorului F. Scott Fitzgerald, "This Side of Paradise" -	NOT	NULL	NULL
8 rochii comode sub 300 lei  Inspiră-te din selecția noastră de rochii pentru a fi stylish chiar și atunci ... O rochie mini, în carouri, cu mâneci bufante, nu mai are nevoie de alte ...	NOT	NULL	NULL
@SorinGrumazescu @itmorar @victore_1974 Legi de 2 bani se dau de 30 de ani, cu ce e asta mai speciala? Și încă nu e lege..	NOT	NULL	NULL
Mai du'te'n plm si veziti de nas!	OFF	TIN	IND
@i0n1ca Ravagii :))) click bait foamea la tolontan	NOT	NULL	NULL
Bani care vor fi ”pompați” în proprietatea unei ”entități” străine, fie ea și US Army!	NOT	NULL	NULL
M-am simțit bine și în această dimineață!	NOT	NULL	NULL
Jurnal de carantină: Cum fac cu apa în perioada asta	NOT	NULL	NULL
@yifanclit Miru ce dracu iesi de acolo	OFF	TIN	IND
Mă bucur când văd animale la oraș, altele decât oamenii.	OFF	TIN	GRP
@denis26_denise Dacă tot lucrezi pentru guvern, nu ne dai și măști ?	NOT	NULL	NULL
@vitamine_tae hahaha racism ce funny is astia c🐑 esti roman date dreq navem străzi și dezinfectant in spitale da te iei de ei care sunt top 5 ca puteri economice plm telefonul tau e coreean/chinez și e mai destept ca tn	OFF	TIN	OTH
bai ce pula mea nu înțelegeți sa stai in casa?	OFF	TIN	GRP
Canal +, postul francez criptat, a anunțat că, pe perioada pandemiei, va oferi acces la emisiunile sale  pentru toată lumea. Bravo!  @canalplus !	NOT	NULL	NULL
@PawYeontan Mi se pare ff useless si durea m ar pe mn capul ce simtea el probabil si o durere in pl 😂	OFF	UNT	NULL
@NeacsuRmn Noi am prins si comunismul,vremuri de restriste,dar cum sa faci sa inteleaga un tanar,ca viata lor,de pana acum nu va mai exista;Ca nu-si vor mai petreze zilele alaturi de prieteni,nu vor exista vizite,aniversari,distractii	NOT	NULL	NULL
trb sa faca ea poza cu tine nu tu cu ea	NOT	NULL	NULL
Care naiba e treaba cu Defenderul ăla?  E ceva real pe acolo?	NOT	NULL	NULL
Practic, de mîine, sîntem arestați la domiciliu, pentru cel puțin 15 zile. Așa că, adio poze cu portul și corăbiile :)	NOT	NULL	NULL
NESIMTIRE CAT INCAPE: FLUTUR - Gheorghe Flutur figurează internat la Boli Infecțioase, dar stă singur într-un salon de la Chirurgie -	NOT	NULL	NULL
Modificare de ultimă oră: S-a schimbat modelul de ‘Declarație pe propria răspundere’ ce trebuie arătat organelor de ordine	NOT	NULL	NULL
@GooglePlay @LeagueOfLegends @TFT @riotgames Sa ma sujeti de pula de prosti, NICI NU POT SA INSTALEZ JOCUL VOSTRU DE 70MB din cauza unui procesor ca cica nu e pe 64 de sâmburi x64	OFF	TIN	GRP
Vom vedea românii pe balcon, cu ceafa de porc pe grătar !	NOT	NULL	NULL
@hoseokspapanasi pe mine ma relaxeaza daca joc in continuu ca le stiu ce hot dog vor si e super satisfying	NOT	NULL	NULL
Niciodată n-am ajuns așa devreme la birou ca în zilele astea când lucrez de acasă.	NOT	NULL	NULL
Cate teme sa tot faci la 7 ani? Cat youtube? Cat sa citesti? Cat lego sa construiesti? Cat nu te supara frate? Cate forturi? Aparent mult mai putin decat scandal. Poti sa faci enorm de mult scandal. Mult mai mult.	NOT	NULL	NULL
@vitamine_tae Pe puțin 2 saptamani. Am bunicii acolo și situația e nasoala	NOT	NULL	NULL
@petria Cuba? Nu ma mir, unul dintre cele mai bune sisteme medicale, lideri in medicina experimentala si epidemiologie din lume. Da, da .. Cuba aia comunista! :)	NOT	NULL	NULL
Ghiorghidiule unde esti tati ca mi-e un dor de tine	NOT	NULL	NULL
Marketing online poate să facă oricine. La un moment dat , firma ta are sute de opţiuni pentru desfăşurarea unei campanii de marketing. Totul depinde de alegerile făcute.	NOT	NULL	NULL
@CloneSandman Mai ales că, este conștient că nu poți spune chiar totul pe sticlă....dar deh, speculează momente	NOT	NULL	NULL
@vmacity pe mama au lasat-o acasa pana pe 23 ca mna lucreaza la cresa, da io la mall ... pula	OFF	UNT	NULL
@MarmotaDeCampie @cristinadobre Izolarea ajuta cel mai bine sa limitezi răspândirea rapida a infectiilor	NOT	NULL	NULL
@mika_stef Nu știu nimic despre aia. Nu ma uit la tv și n-am nici Facebook. :)Dar te cred pe cuvânt. :))	NOT	NULL	NULL
@CloneSandman Si nu numai fierea...nici NickEasy nu mai scoate ciocul marele candidat.  Jivinele cand e groasa la curul lor se trag in vizuina.	OFF	TIN	GRP
Daca vrei pe seniori sa ii protejezi,3 luni stop economia!Ei sa stea in casa si la fel cam toata lumea 🥺	NOT	NULL	NULL
Update: toate aglomerarile urbane. Oare vor termina inainte de EURO 2021?	NOT	NULL	NULL
@Alien_draft @MihaiHristea Cu masca fara masca, afacerea marca PNL	NOT	NULL	NULL
Bună asta! Confort și...disconfort 😀	NOT	NULL	NULL
#BreakingNewsAGERPRES Iohannis: Guvernul e pregătit ca mâine să dea OUG care permite amânarea plăţii ratelor la bancă	NOT	NULL	NULL
@DacianSoros A, credeam că în seara asta. Nevermind.	NOT	NULL	NULL
Toate organizatiile diasporei sunt niste făcături. Nu reprezinta pe nimeni. Au primit o caruta de bani pt presupuse activitati si pt a influienta rezultatele alegerilor.	NOT	NULL	NULL
@alinagorghiu Esti o inculta,inchideti dracului Molurile	OFF	TIN	IND
mai bine ma intrebi intunericul cui incearca ceva	NOT	NULL	NULL
@jsalaxy pentru că Jisung mătură cu tine pe jos în outfitul ăla	OFF	TIN	IND
@Horia8Bogdan Ăsta e știre pt telespectatorii Antena 3 cu tot doctor.	NOT	NULL	NULL
@DacianSoros Atenție, Arafat e foarte răzbunător!	OFF	TIN	IND
@cristinadobre @TintaVasile Lasa-i in pace pe astia cu steaguri UE si SUA..sa vezi peste câțiva ani cand SUA va fi pe față ostila estului prea alb, nedivers și când o să desemneze Romania stat terorist "white supremacist".	NOT	NULL	NULL
Cum dracu se face că atunci când luați șpagă sunteți sănătoși tun, iar când va arestează, intră în voi toate bolile din lume?	OFF	TIN	GRP
@nwradu Ce faceai daca nu aveai imprimanta?	NOT	NULL	NULL
@denis26_denise La fel a fost și la ultima comunicare cu închiderea restaurantelor, dimineața era zvonul(draf-ul), iar seara împreună le analizam reacția emoțională!Vedem deseară ce comentăm!	NOT	NULL	NULL
Instalarea unui spital modular de izolare și tratament la Constanța	NOT	NULL	NULL
De luni trebuia încep munca la un nou loc de muncă.	NOT	NULL	NULL
” #NATO are mai multe operatiuni in derulare, iar #Romania e unul dintre beneficiarii unui program strategic.”	NOT	NULL	NULL
@SamsungRomania Daca vreti televizoare cu defecte ascunse de fabricatie care se manifesta dupa expirarea garantiei, cumparati cu incredere Samsung.	NOT	NULL	NULL
Recunoașteți că era mult mai palpitant dacă virusul ăsta transforma oamenii în zombie...:))))	NOT	NULL	NULL
@DianaWdr extrem de prost, cu gafe, bîlbîieli...nu înțelege ce trebuie să transmită...	OFF	TIN	IND
@laylow1948 @DeeGoesLive Este adevarat ce spui, dar am uitat sa mentionez ca vreau sa imi iau un monitor pe 1440p cu 144hz. Puteam sa raman la ce am 16 de ram, 8700K-1080p,144hz, schimbam placa video si imi luam monitorul de 1440p. Dar vreau sa vad cum merge un AMD. Sunt cu Intel de cand ma stiu.	NOT	NULL	NULL
@Cococori5 Buna, am 28 de ani, ma primiti alaturi de voi pentru o experiență noua? 🤗	NOT	NULL	NULL
#România transportă 45 de tone de echipamente medicale din Coreea de Sud cu un Boeing C17 Globemaster din flota @NATO.	NOT	NULL	NULL
Nu vad nici explicatiile lor argumentate-STIINTIFIC nu povesti "ca se poate ca" virusul vara asta sa....fie asa si asa, BS, lasati-ma,la propaganda sunt toti buni si ipoteze, ipoteza nu e fapt sau adevar stiintific	NOT	NULL	NULL
„Domnul Tătaru va trebui să ia urgent toate măsurile necesare pentru combaterea epidemiei de coronavirus”	NOT	NULL	NULL
@alexgurdila Nu eu zic, asta scrie pe asfalt 😅	NOT	NULL	NULL
#Coronavirus: Ungaria şi România vor redeschide frontiera comună pentru navetişti (MTI)	NOT	NULL	NULL
@NicuMARIN9 Ești pe aproape ..!! Nu Rusia este doar spectator ...nu participant ..!! China a inițiat ...Italia a continuat cam mult ce-i drept ..și se întinde până Globaliștii progresiști sunt ...gata..!! Terra va trece prin transformări..	NOT	NULL	NULL
De ce nimeni nu se daibeste de codul testerilor?	NOT	NULL	NULL
BMW îşi redefineşte prezenţa în segmentul compact cu noile BMW Seria 1 şi Seria 2 Gran Coupé	NOT	NULL	NULL
Voi stați pe salarii de 20.000 euro/lună iar China pube umărul la treabă în #ItalyCoronavirus #SpainCoronavirus #SerbiaCoronavirus	NOT	NULL	NULL
@geo_ginger @itmorar Hârtia de copt este cerată... filtrul de cafea merge. Ne adaptăm	NOT	NULL	NULL
Măcar să apreciem că n-o vedem pe Greta Thunberg schimonosită ca toți dracii. Coronavirusul e eco.	OFF	TIN	GRP
Dinu Roxana dinții ei strâmbi cariați de maimuțică ..	NOT	NULL	NULL
Comanda sa vezi despre ce este vorba!	NOT	NULL	NULL
@diana_umm @itmorar Când am zis Cuca macaii, chiar e Cuca macaii. E la 40 km de Buzău printre dealuri.	NOT	NULL	NULL
Puneţi cât mai puţin mâna pe BANI! După China, şi Rusia vrea să OPREASCĂ RECIRCULAREA BANILOR	NOT	NULL	NULL
@Rafan4ever1 Nu-s presupuneri, pentru că nu am scris ce se va întâmpla cu siguranță, ci lucruri care vor fi afectate cu siguranță.	NOT	NULL	NULL
Pentru a veni in sprijinul parintilor, astazi avem reduceri la toate cartile pentru copii si la toate jocurile.	NOT	NULL	NULL
@hopelessully eu nu mai stau chiulesc de la mate🥴🥴🥴HAHA TU FACI MATE . DA BINE VIN PANA LA BAIE	NOT	NULL	NULL
Meritați să vă lovească Covid-ul si să ardeți in crematoriu.	OFF	TIN	GRP
Câta cruzime sa existe in lumea asta ???😤😤😤🤬🤬🤬🤬🤬😤😤😤😤....ăștia nu sunt oameni 😤😤😤🤬🤬🤬	NOT	NULL	NULL
Degeaba 😈 #coronavirus #corupție	NOT	NULL	NULL
Dar tu basisti le de preda cum morții mă.ti ai scăpat nu ai crăpat încă	OFF	TIN	IND
Imi zice si mie cineva ce plm se intampla acum in Parlament ?	OFF	TIN	OTH
Ştii că e îngrijorată atunci când simţi că se bucură când ajungi acasă,că se întristează atunci când pleci.	NOT	NULL	NULL
@fromjkwithluv poate asa mai creste iarba ca e cam uscata	NOT	NULL	NULL
@revuwution Guriță, tu ești, mă? De ce superi lumea pe interneți?	NOT	NULL	NULL
@piticu21 😂😂😂😂 serios!Suntem in beznă! #dupablocurilegri	NOT	NULL	NULL
Criza coronavirusului. MAE solicită autorităților ungare deschiderea suplimentară a punctelor de trecere a frontierei de la Borș, Cenad și Nădlac 1...	NOT	NULL	NULL
@lyanswerlm Ce pula meaaa	NOT	NULL	NULL
presupunand ca e oke si nu mi iau amenda, cum fac sa nu afle mama ca vreau sa mi cumpar o consola de jocuri ca e mai ieftin cu mai bine de €100 aici decat in olanda in conditiile in care sta in carantina cu mine 🤡	NOT	NULL	NULL
@ailel4 Cât de mult mi-a plăcut în adolescență cartea. Mulțumesc pentru reamintirea ei. O să o recitesc zilele astea, de data asta cu ochelari.	NOT	NULL	NULL
ma astept ca atunci cand dai share in fiecare zi la postari cu 'stati acasa' ca si tu sa stai acasa si sa nu mergi cu iubi la starbucks sa bei cafea @proasta dracu care esti	OFF	UNT	NULL
Băga-ți-aș pula în inimă , ca să mă ai la suflet	OFF	TIN	OTH
@sopeprotector Nici eu n-aș fi crezut că o să mă uit la vreun serial cu 3 luni înainte de bac lmao xjsjs but here we are 😳	NOT	NULL	NULL
@trueroobert Când ma pis pe manele se inundă țara. Va iau țiganii in pula fara supărare\nDa ascult Ombladon de vreo 9 ani, mai exact de la 10 ani cand am aflat si eu ce e muzica adevărata	OFF	TIN	IND
@MarmotaDeCampie @RaduV84 Nu ți-e îți era adresat tweetul Alex. Scuze de confuzie.	NOT	NULL	NULL
@RobertEVoicu Doar Fasting ca să văd dacă funcționează. Și ghici ce! Dacă lași o pauză mare între cină și mi - dejun, ies minuni!	NOT	NULL	NULL
Simplu si usor! Tu stai acasa, intri pe Uber Eats, comanzi si Clatitele Hazlii vin si la Tine!	NOT	NULL	NULL
VIDEO: Polițiștii patrulează străzile pustii din Alba Iulia. Populația, îndemnată prin semnale sonore să rămână în casă	NOT	NULL	NULL
vorbeste despre digitalizare. ca doar asta e important acum	NOT	NULL	NULL
Gogomania asta era prea mare. Si in vreme de razboi -corona,nitica ratiune,totusi	NOT	NULL	NULL
Cele trei secrete către Paradisul tău cu Anita Moorjani	NOT	NULL	NULL
@ECiocu Furnizorul meu de cablu a dat pachetul sport gratis pe perioada carantinei. Am 15 canale de sport.	NOT	NULL	NULL
@AndreiCismaru :))) are afinitati la chestiile de peste 100	NOT	NULL	NULL
@mohneaaa cineva trebuia sa o zica	NOT	NULL	NULL
nu pot sa le urez decat multa muie oamenilor de la ANAF.	OFF	TIN	IND
@Costindte Mare portul Agigea, este comercial?	NOT	NULL	NULL
de ce e mai multa lume afara decat inainte..	NOT	NULL	NULL
@JammiCho Buna anca. Conform Institului National de sanatate USA - pubmed, informatie oficiala, statul la soare si la aer ajuta in ameliorarea infectiei cauzate de coronavirus. Va rog sa im scrieti un mesaj pt a va trimite toata documentatia.	NOT	NULL	NULL
@alexmanoiu1 @stirbei Eu sunt bucureștean dar nu arunc cu d'astea :)	NOT	NULL	NULL
@OanaReveica Are dosar cu șină?	NOT	NULL	NULL
Gata! Am strâns toate acele de la bradul de Crăciun. Cu 9 luni mai repede.	NOT	NULL	NULL
@DacianSoros Nu ai auzit de frății micula ?😤🤬	NOT	NULL	NULL
Nu merge coaie un plic de nes la un ditamai borcanu de lapte ce pula mea nu intelege	OFF	UNT	NULL
@PleuAlexandru4 Cu mare drag va doresc o zi frumoasa!	NOT	NULL	NULL
@unknown_ro_ @CorinaCg3 De la un coleg care stă prin zonă.	NOT	NULL	NULL
@DacoRex @CristianMates E bine ca-s politicienii bine! Ma ingrijoram ca nu are cine fura dupa virus	NOT	NULL	NULL
Au facut olandezii o aplicatie, daca ai simptome de corona, 50 de oameni specializati sunt acolo cu sfaturi/indicatii. Momentan e in beta, o s-o transmita la toata spitalele curand.	NOT	NULL	NULL
@libertatea Putin e deja în adăpostu' prezidențial antiatomic...	NOT	NULL	NULL
Cirlig Costel Relu “ d-alea ieftine !!!! “ vorbea că le-a băgat bani în buzunare tomografului la asistenți și asistente - 500 ( 50 roni ) lu’ aia acolo , îți dădeam și ție 250	NOT	NULL	NULL
RUSIA IA MĂSURI APOCALIPTICE. Vezi ce PREGĂTIRI URIAŞE face Vladimir Putin	NOT	NULL	NULL
@itmorar daaa. e frumos rău. cred că un tur ciclist al unei țări este cea mai frumoasă idee sportivă. poate jocurile olimpice să depășească simbolistica. istorie, turism, marketing.	NOT	NULL	NULL
@rzvn_ E un soi de “Actualitatea la zi “! (RockFm, la MorningGlory)	NOT	NULL	NULL
#Tenis: #Djokovic regretă amânarea JO de la Tokyo, însă consideră că decizia este ''corectă''	NOT	NULL	NULL
@CatallinM @sorana_cirstea Tu nu ai inteles. Care e baiu, a anuntat pe twitter, care naiba e problema? Lumea arde si problema e ca s a anuntat pe twitter amanarea unui turneu care are loc peste luni, nu zile...probleme gogule?	NOT	NULL	NULL
Deci daca nu era pensionarul de la MAI, noi aveam cam cu 50 de cazuri mai putin? Si asta trăiește pe banii noștrii?! Închisoare nu e suficientă pentru ce a făcut! #COVID19	NOT	NULL	NULL
@AlexPop76 Civilizat. Bine, la ei la țară, ca la oraș, educația și respectul față de lege face diferența.  Zona  Burgenland?	NOT	NULL	NULL
@chnheeful stai că am ss cu mn de la oră cred	NOT	NULL	NULL
@Simona_Halep Hai lasă mă!! Ce tare!! 💪🏻	NOT	NULL	NULL
“Daca vine garda, fugi” doar ca acum nu respectam carantina	NOT	NULL	NULL
Striga din toti bojocii contra Antena3!	NOT	NULL	NULL
@Kray1717 @CloneSandman O cunosc, e Jeanne D'arc! Deci, s-o ardem, în plm!	OFF	TIN	OTH
@Conny0208 Bună seara draga mea!	NOT	NULL	NULL
Fotbal: Cristiano #Ronaldo este cel mai bun astăzi, dar regele este unul singur, afirmă #Pele	NOT	NULL	NULL
@iuliaa2603 Nu stiu,insa ieri pe toate canalele spuneau (medici) si altii ca nu scapam usor....varful dupa Pasti...	NOT	NULL	NULL
Bursele, în creștere puternică, după ce SUA au anunțat un nou plan de salvare de 2 trilioane de dolari. Dow Jones, cel mai mare avans într-o singură zi din ultimii 87 de ani | InCont	NOT	NULL	NULL
@SuiuMarius Ce nu vezi, pe geam? Ce e overkill?	NOT	NULL	NULL
imi bag pula frate cum adica ticketing iar :)	OFF	TIN	OTH
@santaromica Ce dracu să mai încerc mă Romi ... hai că o să fie hai maxim cu cîțu.	OFF	TIN	IND
@GrigM2 @e_raluca ar trebui sa le. umple cu COVID19 si sa dea cu ele peste voi. scapa tara de niste imbecili !	NOT	NULL	NULL
@ioenigma Stai, ca m-ai pierdut: ori e inceputul, ceea ce inseamna ca mai avem de evoluat si nu suntem scopul final…	NOT	NULL	NULL
Cristian Gațu, internat de urgență la Spitalul Militar din București. Fostul campion mondial la handbal a suferit un atac cerebral și urmează să fie operat	NOT	NULL	NULL
@MoiseGuran Ciudat sa asculti pe cineva despre cum functiona economia in 1990 cand , pe vremea aceea , era pionier.....	NOT	NULL	NULL
Ce s-a intamplat cu atentatele teroriste? Nu mai sunt trendy? Sau anul asta Europa poarta doar Covid.	NOT	NULL	NULL
@CarmenMaftei1 am vrut si eu par albastrui mai demult :)). kum e?	NOT	NULL	NULL
@roxidh Recomad cu tărie :) Owen Gray ... fute ăsta într-un mare fel.	OFF	TIN	IND
@libertatea Nu-i mai satura dracu de bani.	NOT	NULL	NULL
Așa să fie? Timişoara a găsit vaccinul împotriva Covid-19. „Avem vaccinul. Am început testele”	NOT	NULL	NULL
Autodesk: Soluții software gratuite în contextul actual	NOT	NULL	NULL
Dacă ar exista o oglindă a sufletelor oare noi ne-am recunoaște?!	NOT	NULL	NULL
@neogotmeshook @BoyWithPlant Eu in iulie tre sa merg la londra daca se anuleaza o sa plang	NOT	NULL	NULL
@AmirSariaslan plm, se moare si din prostie	OFF	UNT	NULL
El - Dumnezeul nostru etern - ne-a spus, omule, ce este bine și ce vă cere Domnul: - de la noi: - că practicați - practicați - dreptatea și iubirea - iubirea - miluiește-te și umblă - umblă - umil cu al tău - al nostru - Dumnezeul Mică 6.8.	NOT	NULL	NULL
@Alien_draft Iohannis și repede în aceeași propoziție dă amețeli.	NOT	NULL	NULL
Dacă e să mor de râs, o sa declare că am murit tot din cauza Covid-ului ? #numaintreb	NOT	NULL	NULL
Oare daca in perioada ma opreste politia si incep sa tusesc spre ei, o sa am escorta pana la spital? 	NOT	NULL	NULL
@BXT_666 am mai multi prieteni decat ai tu zile pe pamant stai calm baiatu meu ca nu ma impresionezi cu atitudinea ta de baiat rau wannabe. esti alt copil de 13 in care a lovit pubertatea prea rau si ti iei filme de ceva serial killer stai in pula mea linistit	OFF	TIN	IND
@DacAntic @NatureIsRight Nu stiu, e totuși cam devreme de căsătorie dar familia mea mă susține și mă gândesc la asta de mult timp, am aproape un an de chitară	NOT	NULL	NULL
Oare ministrul fondurilor europene cu ce se mai ocupă in perioada asta ? Dar cel al lucrarilor publice si dezvoltarii ?	NOT	NULL	NULL
@cristinadobre Din pct lor de vedere asa e, Cercel facea previziuni si mai sumbre, dar din pct de v economic, financ, social etc, să pui totul pe butuci pt o gripa, denota ca ceva nu e in regulă pe planeta. Eu zic ca se pregatesc schimbări mari iar acesta e un test, test reușit, după cum vedem	NOT	NULL	NULL
I-aș căra la pumni numa-n mufă, până i-ar pieri piuitu'!! În instanță, judecătorul, conciliant și educativ către țigan: -Măi, Parpanghele, de ce-o tot lovești peste gură pe reclamantă? -Ăi a dracu', dom judecător, n-am pace de ea!	OFF	UNT	NULL
@nwradu acum, fara sa glumesc, oamenii cad pe capete. de la PR, care nu mai fac nimic, pana la secretare care vor fi concediate si soferi. Plm, si noi, dar ne tinem bine.	OFF	UNT	NULL
@elcnsng Da... Dar poate îi atragi atenția prietenului tău Yunus să dea dovadă de mai mult respect față de problemele Italiei. Puțină decență nu i-ar strica.	NOT	NULL	NULL
Ungaria lasa sa treaca romanii care fac naveta zilnic de-o parte si de alta a frontierei	NOT	NULL	NULL
UITP publică un ghid destinat operatorilor de transport împotriva coronavirusului	NOT	NULL	NULL
@BoyWithPlant Vin cu babele de la Carrefour care se băteau pe hârtia igienică să-ți furăm tot raftul	NOT	NULL	NULL
@CloneSandman @RobertEVoicu @ZoliBara Poate comparatia nu e cea mai potrivita dar si W.Churchill a fost intens criticat pentru deciziile luate in WW 2. A avut multe esecuri, dar pana la urma a fost apreciat.	NOT	NULL	NULL
@MarmotaDeCampie Tu te-ai uitat in jurul tau in ultimele zile? Vai pula noastra,e plina planeta de dobitoci,virusul asta nu poate sa ne faca decat o favoare.	OFF	TIN	IND
Ministrul Sanatatii spune ca toata populatia Bucurestiului va fi testata de echipe mobile door-to-door. #COVID19	NOT	NULL	NULL
du-te sa ma sugi de pula ca deja ma enervezi	OFF	TIN	IND
@StroMiii Kürtőskalács mai vii prin romania boss? La o cafea cv dracu ca altfel ne lipsim de unguri	OFF	TIN	IND
pula.n mă.ta moartă de căcat bolnav #rezist cu toți zdrentaroșii #hastagisti #procurorijigodii #judecatorisantajabili	OFF	TIN	GRP
Am devenit mai egoiști. Nu mai ieșim din casă decât cu bilet de voie. Nu ne mai bucură un copac înflorit, nu ne mai miroase a primăvară. Numărăm cu coada ochiului oamenii din tramvai și ne întrebăm care este posibilul infectator.	NOT	NULL	NULL
@looshoe Idea e ca stau cu alti oameni in apartament si plm nu pot sa ma simt in siguranta in propria casa	OFF	TIN	OTH
Cei de la actsipoliton au demarat un proiect foarte dragut si important, zic eu, pentru perioada aceasta. Se numeste JURNAL DE VREMURI INCERCATE. 	NOT	NULL	NULL
@futacu Corect! Doar că acum are mediul propice de propagare şi extindere, internetul. Orice dobitoc poate fi vedetă şi influencer peste noapte.	OFF	TIN	IND
Concluzia pentru români: #StatiAcasa	NOT	NULL	NULL
,,Primarul U.E"vine la noi pe stradă, dar nu se oprește decât la cei mai înstăriți.	NOT	NULL	NULL
Haideti sa fim cu totii optimisti si increzatori, ca vom trece impreuna de acest mare hop.	NOT	NULL	NULL
TAMADUITORUL organismului: combate INFARCTUL si CANCERUL, protejeaza FICATUL si BILA	NOT	NULL	NULL
#contributiepentrucogenerarefacturata	NOT	NULL	NULL
Cum doar 3000.sper ca ai încercat sa faxvi o gluma.	NOT	NULL	NULL
ma streseaza prea mult chiar daca stie ce drq patesc din cauza asta 🤦‍♀️🤦‍♀️🤦‍♀️🤦‍♀️	NOT	NULL	NULL
Cat de prost poti fi, măi, Dodoane! Medicii și polițiștii infectați vor primi 16 mii lei din partea statului	OFF	TIN	IND
@ValentinNebune1 Desi pe undeva, conservatorii sau libertarienii... cum dracu' s-or mai lauda aia (ma refer la caricaturile jenibile din Romania) ca sunt, au o gandire extremista. Nationalist-extremista.	OFF	TIN	OTH
Acest virus a fost inventat de o femeie.	NOT	NULL	NULL
@CloneSandman Accident a fost cand l-a nascut ma-sa!	OFF	TIN	OTH
„Românii trebuie să înţeleagă că amânare nu înseamnă iertare şi trebuie să fie cumpătaţi”.	NOT	NULL	NULL
Ok the world is having a crisis rn dar voi stiti cat de cringe sunt meme urile alea cu minioni de pe facebook la care doar femeile casnice si grase  tunse f scurt de 40+ intrate deja la menopauza pe care le inșeala soții saptamânal dau like si repost ??	OFF	TIN	OTH
@TanarulD Ei, nu înțeleg! Da' ce, tre-să dai în ei ca-n vite ca să-nțeleagă? Îs ai dracu', asta e, fac pe proștii, poate ține!	OFF	UNT	NULL
@berbecealexandr @SmileSil4 Datorită  talentului ei ,ea este un stomatolog foarte bun	NOT	NULL	NULL
ALERTĂ: Coronavirusul mai face încă TREI victime. Două femei și un bărbat au decedat	NOT	NULL	NULL
Radu Herjeu conform căruia „Au intrat în secția asta din Bruxelles 1673 de români care au ștampilat 5341 de buletine de vot pentru alegerile europarlamentare!”	NOT	NULL	NULL
@nymarielouise ia să vă dau eu un block și să vă trimit să discutați cu pesediștii care vă plac	OFF	TIN	GRP
@CloneSandman Rareori îi urmăresc. Dă-i în spanac și pe ăștia. Toți sunt mâncători de harat, într-un fel sau altul	OFF	TIN	OTH
Citește știrile din secțiunea AGERPRES dedicată pandemiei COVID-19:  Alege să știi primul ceea ce contează! Informează-te doar din surse sigure și #staiacasa!	NOT	NULL	NULL
Ofițerul MAI de la Gerota, care a infectat peste 60 de persoane, comportament scandalos cu medicii: „Răspunde cu marș”...	NOT	NULL	NULL
Orice medicament existent, care este utilizat pentru tratamentul altor boli, în special cele antivirale, cum sunt cele anti-Hiv, poate fi testat in vitro pe o cultură de virus corona SARS-Covid-2, și poate fi detectată eventuala sa utilitate în tratamentul bolii Covid-19!	NOT	NULL	NULL
@Alexand54516540 @Europarl_EN @EP_President Ce plm vrei de fapt? Te-a scapat ma-ta la tastatura?	OFF	TIN	IND
scuzați limbajul dar sper să vă ducă dracu la pușcărie pe toți care ați fugit din italia chit că era toată țara în carantină să veniți în românia să dați mai departe boala	OFF	TIN	GRP
@RobertEVoicu Nebuni fără creier !Crede ma ca sunt intr o situație mai disperata ca oricare cretin din cei ce au venit,din 8 sunt blocată sa nu pot pleca ,am motiv întemeiat și grav , dar nu se poate ! Aștept .. au o vorba italienii “ la unii oameni mai repede le o bagi in cur decât in cap !”	OFF	TIN	IND
@stiripesurse_ro Ce mama dracu' i-a găsi și p-ășia? În loc să facă schimb organizat, elegant și liniștit de viruși, se bat ca chiorii, ai cui sunt mai de treabă. N-au ce face!!!	OFF	TIN	IND
pentru cei care se pricep: mausul fără fir, apple, a început să mănînce cam multă baterie... de la ce o fi?	NOT	NULL	NULL
Primaria Leresti (Arges) s-a miscat repede: Toate magazinele primesc comenzi telefonic si livreaza la domiciliu	NOT	NULL	NULL
Fotbal/#Coronavirus: #Maradona îi transmite ''forţă'' fostului portar #Gatti, pozitiv la #coronavirus	NOT	NULL	NULL
@gusteru @itmorar Acapararea puterii,produce monștri care calcă pe 👻☠️💀👿cadavre ! ;l-au înțărcat și pe dracu' !😈👹	OFF	UNT	NULL
Pandemia de coronavirus: vacanța de vară va mai exista?	NOT	NULL	NULL
Ca mna... Vreme frumoasa	NOT	NULL	NULL
@AdyinaS Nu le ai pe toae, fata! 'Ț-imaginezi că-mi face bine să-mi bagi mortu-n casă? Uie ce spui io: la cele șapte miliarde de ciumeți care spurcă acu' pământu' ăsta nenorocit, căteva mii lipsă nici nu contează, iar că printre ăștia s-ar amesteca și dintre noi, e chestie aleatoare.	OFF	TIN	IND
@aegyobbts ce frumos ti ai organizat aplicatiile i could never	NOT	NULL	NULL
@DrTedros Și îmi bag CEVA, dar NU AM, împrumut, În Ministrul de interne!!! Face jocul la "Iluminați"!	OFF	TIN	OTH
@WOMAN31481285 😔😞👏Cinste medicilor care se luptă în prima linie cu COVID19 În România și în lume! 👍 👌	NOT	NULL	NULL
@hellnyc @kittesencul @AuroraFantin mai discutere con un #italexit potresti sembrae un italexit...	OFF	UNT	NULL
~probabil ai avut o conversație imaginară cu crush-ul tău cel puțin o dată	NOT	NULL	NULL
Fufele la Nuba , la Loft ... si in timpul anului la oala cu mămăligă	OFF	TIN	OTH
@keyboardriot @bogdan_tm @teoadi @ZoliBara Una este fake News, alta este document de lucru. Am văzut toți că nu este implementat, din lipsa semnăturilor	NOT	NULL	NULL
@libertatea Pe mine ma depășește un lucru si anume, de ce nu isi iau singuri un echipament de protectie, care nu e asa de scump? Sau sa ceara sa li se aducă. E câteva zeci de lei unul. Statul oricum nu asigură ce trebuie, dar e sănătatea lor în joc.	NOT	NULL	NULL
Fie ce-o fi,dar să fie cu tine.😍	NOT	NULL	NULL
@nwradu nu, dar se știe deja că este un rezultat al 5G-ului, au demonstrat niște cercetători daci	NOT	NULL	NULL
Saptamana culturala: De la Wagner la Prostia omeneasca, doar sa nu iesiti din casa!  via @Ziare_com	NOT	NULL	NULL
@tzaca1969 Uite ca la asta nu ma gândi, dar posibil sa aplic, daca mai tine mult izolarea at home.	NOT	NULL	NULL
@i0n1ca @piticu21 Așa se duce pe pulă creditarea și încrederea românilor în sistemul bancar și în instituțiile care îl reglementează (oricum era la un nivel scăzut). Deci, in concluzie, criză sau necriză, muia o luăm tot noi... #fmmPNL	OFF	TIN	IND
În loc sa-i izoleze,să-i bage in carantină și să-i păzească,strașnic,să nu fugă,pe cei veniți de peste hotare,Guv a preferat să izoleze si să ameninte cu arme și mașini militare restul populatiei,vreo 15 mil.Cică vom scăpa de covid peste cca 2 ani.Stam in domicil forț pânăatunci?	NOT	NULL	NULL
@serrrotonin Ba dimpotrivă, toti vor sa se dea legi sa poti avorta fara probleme, chiar si cu o zi inainte de termen... Sunt conștientă ca virusu asta e unul nenorocit ce provoacă moarte si abia astept sa scapam de el, dar se vorbește zilnic si se monitorizeaza doar asta ca deja o iei razna	NOT	NULL	NULL
e pauza hai pana la baie ca m am tinut toata ora @foreverrainmyg	NOT	NULL	NULL
CINE DRACU TIPA IN MEGAFON ESTI UN CACAT PE TINE MA SPERIASI COAE	OFF	TIN	OTH
Ai grija de tine! Fi în siguranță!	NOT	NULL	NULL
Corect, zdrentaroșii diasporei pnl.isti usr.isti pmp.isti au ales un președinte de căcat 💩 de pulă toți 🖕 🤮	OFF	TIN	GRP
Eu vreau la olimpiadă nu la test la mate, încă nu pot să cred că se închid de mIERCURI CE DRACU	NOT	NULL	NULL
pe guerrilla e doar muzica romaneasca. o initiativa cu care sunt de acord si e de laudat. avem si muzica ok, nu doar inna si manele	NOT	NULL	NULL
Ministerul Sanatatii: fumatul e factor de risc pentru #Coronavirus ? - #peblog #romania #2020 #news #stiri	NOT	NULL	NULL
@tkdionysus vai de plm pe oamenii in genu i-as bate	OFF	TIN	GRP
Am trimis drona la Carrefour să văd dacă au băgat hârtie igienică. N-au băgat. E a 188-a zi când mă șterg la fund cu ce gasesc…	NOT	NULL	NULL
România urmând a se alege în schimbul celor aproximativ trei miliarde de dolari investiții directe cu ”prezența sporită a trupelor americane pe teritoriul țării”.	NOT	NULL	NULL
Eu tot sper sa aflu cine e autoarea, am rabdare....	NOT	NULL	NULL
@n0chuni As incerca dar sunt 99% ca n ar intelege... sau daca o voi face ii voi zice f2f ca prin mesaje n am nicio sansa. Nu e genul care sa inteleaga si alte puncte de vedere	NOT	NULL	NULL
@balarii @denis26_denise Buna intrebare cine raspunde?Tribunal?Pai sa incepem cu China.Virusul nu a fost in curtea noastra,totusi sa nu uitam	NOT	NULL	NULL
@chizanul De ce nu 3700X in loc de 3900X, daca e doar pt gaming e fix acelasi lucru. Nu ajuta cu nimic nucleele in plus ale 3900X-ului	NOT	NULL	NULL
@i0n1ca Vorbeam de cei care nu lucrează și de unii adolescenți ! :)	NOT	NULL	NULL
@solivan675 Va mulțumesc pentru apreciere ! Seară frumoasă!	NOT	NULL	NULL
Oficial: Clever Media, trustul care deține Look Sport și Look Plus preia postul Telekom Sport!	NOT	NULL	NULL
@oshlobanul Inteleg ca momentan,#dăcât în picioare, dar lucreaza intens sa-i puna ataș...	NOT	NULL	NULL
@futacu dar cine dracu' citește notele de subsol? 😁	OFF	TIN	IND
Cât de nesimțiți să fie EMAG? Face nevasta-mea comenzi. De mâncare, de băut, de spălat. Au pus taxa de transport separat pe aproape fiecare produs. De ex, 12 lei șamponul, 12 lei balsamul. Bautură, alți 12 lei. Mâncarea, 12. Comenzile au ajuns după 6 zile! Pa, eMAG, ALUPIGUS.	OFF	TIN	OTH
@itmorar Sau sunt producători muzicali și au un frumos studio amenajat acasă...	NOT	NULL	NULL
@itmorar Albă ca Speriata și cei Șapte Infectați	NOT	NULL	NULL
Prințul Charles a fost diagnosticat cu COVID-19	NOT	NULL	NULL
@thezvoner Poate crede că bucureștenii au toți peste 65 ani	NOT	NULL	NULL
@Rara06570402 @Noname__off @rquandt Nu prea. Pe Mate 30 Pro erau 4500mAh... măcar atât de avea și ăsta	NOT	NULL	NULL
Allview se alătură campaniei #staiacasă	NOT	NULL	NULL
@bbbbbnacu altho, eu as vota-o pe pe Michelle, fiindca cu totii stim c o sa fie dirijata de celalalt Obama	NOT	NULL	NULL
Nu mai mințiți! Măcar atât v-aș cere! Nu mai dați vină pe medici că lucrurile merg prost! Pentru că este o minciună grosolană pentru care istoria nu vă va ierta!	NOT	NULL	NULL
@ioanapistol Din cauza nepasari au ajuns la 30000 de cazuri....GG	NOT	NULL	NULL
3000 de morti in Italia din care un singur roman. Asta arata ca boala afecteaza clar un anumit segment al populatiei.	NOT	NULL	NULL
BRO SANT DACOROMANA CE PULA MEA URASC	OFF	UNT	NULL
Fostul președinte al FRH, transportat la Spitalul Militar!	NOT	NULL	NULL
Ciolacu: Managementul a fost greşit la Ministerul Sănătăţii	NOT	NULL	NULL
Domnu Orban, Vela, Arafat cand plm transformam si noi recomandarile alea in obligatii ? Multumesc anticipat	OFF	TIN	GRP
#Oficial: 1.029 de cazuri de persoane infectate cu virusul COVID – 19 (coronavirus)	NOT	NULL	NULL
In 2 ore am call cu diriga 🥴🥴 cum fac sa nu am call cu diriga?🥴🥴	NOT	NULL	NULL
@hopelessully imi exploda vezixa am crezut ca nu mai scap	NOT	NULL	NULL
inchide dracu scolile, liceele si facultatile si nu te mai intinde sa te lingi in cur la tv	OFF	TIN	OTH
ba nu ma lasa mama sa ies din casa cum dracu imi mai fumez tigarile	OFF	UNT	NULL
#miculdejun #masadepranz si #cina le poti comanda la  si 031-0050460. Elibereaza-te de Grija Gatitului!	NOT	NULL	NULL
Coreea de Sud testează de coronavirus 12.000 – 20.000 de persoane pe zi. SUA la fel. România 14.466 într-o lună. Ministrul sănătății din România vrea să testeze toți bucureștenii.	NOT	NULL	NULL
Să îi trieze și să - i jefuiască pe toți jegoșii de dreapta futu.i în gură de vânduți scursuri, toți sunt bugetari dar sunt de dreapta slugoi sugători de pulă	OFF	TIN	GRP
partea proasta e ca, daca o fi sa crăpăm cu totii, si in iad tot de voi dau	OFF	TIN	GRP
@avalidnerd Pe Gigel. Ai vreun argument să îl contrazici pe Gigel, altele decât cele luate de la colegul olimpic?	NOT	NULL	NULL
chiar nu nu înțeleg, de ce plm nu se înghesuie nimeni la guvernare, ce mare lucru să gestionezi o criză din asta fără precedent în istoria modernă a omenirii?!	OFF	UNT	NULL
„Este un accident regretabil”, afirmă Flutur.	NOT	NULL	NULL
Au zis chinezii că ne trimit alt virus, poate învățăm să ne spălăm și pe dinți	NOT	NULL	NULL
“ ce marfă suge pula !!!! “ brancardier Claudiu bloc operator	OFF	TIN	IND
“Ce demonstrează, de fapt, dragul unora de Iohannis?	NOT	NULL	NULL
Cum sa te organizezi pentru munca de acasa	NOT	NULL	NULL
@CloneSandman @ingerisidemoni Și eu marg zilnic la muncă..ok,nu se fumează,no prob. ))👍	NOT	NULL	NULL
Aici nu mai e vorba de o tara, 2 afectate si tinut totul ascuns sub capac...au terminat tot globul	NOT	NULL	NULL
@ECiocu Deci avea oricum și ea un interes, altfel ar fi fost puțin probabil! Pe a mea am convins-o sa ne făurească…	NOT	NULL	NULL
Numărul persoanelor care au fost testate este însă mult mai mare.	NOT	NULL	NULL
Descrierea acestui om mnunat .( vezi video)	NOT	NULL	NULL
Numărul contaminarilor e mult mai mare decât apare în cifrele oficiale, personal cunosc cazuri nediagnosticate și trimise acasă, să se izoleze cu familia. Asta înseamnă că și mortalitatea e mult mai redusă decât o arăta datele.	NOT	NULL	NULL
@roxidh Ca tovarășu Țiriac, care s-a dat la fund în vremuri de restriște după ce averea și-o datorează statului.	NOT	NULL	NULL
eu gostei dx e me decepcionei:	NOT	NULL	NULL
@Digi24_HD Mai bine pastreaza toata indemnizatia si doneaza 2-3 vile si 4-5 amante (cu tot ce le-AM luat, ca n-au dat de la ei)	NOT	NULL	NULL
Dacă mâine se votează guvernul catu înseamnă că aleșii nu vor decât un mandat ntreg sa primească pensie speciala și atunci îmi bag pula.n gura lor de nenorociți jegoși 🤮🖕	OFF	TIN	OTH
nvm dupa ce m am uitat mai bine am ajuns la concluzia ca este fix acelasi lucru, mai bine il cumpar de acolo ca sa nu o aud pe mama cum comenteaza	NOT	NULL	NULL
@radutimo @OvidiuSky @pinguuina Era un mic joc de semantică la Ovidiu. Tu ai întrebat care e scopul după ce noi ne-am tot chinuit sa ii explicam ca nu are nici un sens (scop) notificarea aia :) Pingu nu înțelegea, tu nu înțelegeai, la care Ovidiu “pai înțelege cineva?” 😬	NOT	NULL	NULL
timpul sa îmi terorizez familia cu meme-uri despre coronavirus	NOT	NULL	NULL
Străzile din centrul Capitalei dar şi locurile de joacă, spălate zilnic cu substanţe dezinfectante...	NOT	NULL	NULL
@rcarolyn480 Seară frumoasă!🏕❤🙏🙏❤🏕❤🙏	NOT	NULL	NULL
Nu am înțeles bine, toți bucureștenii vor fi testați pentru coronavirus sau toți bucureștenii vor fi testați MÂINE pentru coronavirus? 	NOT	NULL	NULL
@MarmotaDeCampie Vezi ca în Italia a fost scandal ca România ar fi una dintre aceste țări	NOT	NULL	NULL
“Toata lumea produce masti de protectie” aud foarte des aceasta expresie. Sigur ca pentru inceput aduce un gram de optimism, dar la ce costuri? Pentru ca nu exista in Romania infrastructura pe care o au chinezii, de exemplu. Deci tot cei cu bani isi vor permite, pana la urma.	NOT	NULL	NULL
Sindicalist din sănătate: Se mizează pe imunizarea în masă a personalului sanitar	NOT	NULL	NULL
dar nu inteleg de ce mi a dat mai putini oameni mai scunzi decat mn wtffffffffff	NOT	NULL	NULL
Circa 150 de persoane au fost luate ostatice în urma unui asalt asupra unui templu al comunităţii sikh din Kabul, capitala Afganistanului.	NOT	NULL	NULL
@cosminchera Știu, dar crezi că asta îi face să se lase? Din contră, sunt convins că se vor reapuca	NOT	NULL	NULL
mergem 40 de ani la munca pentru a ne lua case + masini, Dragnea sta cativa ani si se intoarce la palat, masini de lux, amante.	NOT	NULL	NULL
@SilviuFoca Sunt de acord cu tine că puteau să lucreze mai mult la mesaj. Oricum, în orice moment al zilei, numărul de seriale din lumea asta este limitat.	NOT	NULL	NULL
În Timișoara s-au vindecat mai mulți decât s-au îmbolnăvit.	NOT	NULL	NULL
Multă muieeee la cei de dreapta guvernare de căcat bolnav tot timpul au tăiat au redus nimic pentru oameni	OFF	TIN	OTH
Fără usturoi de import! Sprijin financiar în 2020 pentru cultivatorii de usturoi...	NOT	NULL	NULL
Momentan, mă uit ca broasca la barieră/ ca mâța-n calendar/ ca vițelul la poarta nouă/  ca bou-n țeavă (ar mai fi câteva, dar nu-mi permit să le amintesc aici).	NOT	NULL	NULL
A început programul Rabla Plus: bonusul pentru mașini electrice a rămas 45.000 de lei. …	NOT	NULL	NULL
Oamenii ăia care repun toată ziua hartie igienică in rafturile magazinelor merită și ei niște aplauz, nu?	NOT	NULL	NULL
mi s-a intors tot ce am facut rau vreodata.	NOT	NULL	NULL
Daca as putea sa oblig toata planeta sa vada filmul "The Platform", sincer, as face-o. Poate schimba conceptia despre viata oricui. Si daca as putea sa-i fac pe toti sa inteleaga filmul, sunt convins ca lumea ar fi un loc mai bun.	NOT	NULL	NULL
Covidu scoate la iveala, iubiri primavaratice, adanc ascunse ....	NOT	NULL	NULL
@aydan_m_ Oare banii sunt mai importanți decât sănătatea unor oameni? 😠😠😠	NOT	NULL	NULL
Vremea frecatului PLM sa dus 🤣🤣🤣	OFF	UNT	NULL
tu farmacia nu ai voie sa functionezi fara sa fi dotat si tu constant sa iti pierzi din timpul de cautare, tu, cumparatorul, care este important in unele cazuri.	NOT	NULL	NULL
@StirileProTV Sa o stampilezi pe mata!!	OFF	TIN	IND
stii cum spargi o lingura de mazare pocneste coaja se lipesc maselele prin budinca verde si sanatoasa maruntesti coaja cu dintii din fata si apoi bagi limba in masea sa scobesti omida strivita si ce vreau sa zic e ca fix aia e fața lui basescu cand zambeste	NOT	NULL	NULL
Un antrenor spaniol de fotbal a murit din cauza coronavirusului la doar 21 de ani!...	NOT	NULL	NULL
Nu plecați de acasă suntem într-o stare de excepție.	NOT	NULL	NULL
cum plm sa vii la meditatii puțind a transpirație nespalata de 3 zile omule fa dus ce dracu	OFF	TIN	IND
@Shirine00396228 @Jany22569702 @Pontifex_it Nu numai creștinii trebuie să doneze, ci și el papa, cu Vaticanul lui trebuie să doneze, din banii luați de la creștini.	NOT	NULL	NULL
Stai,Adreane,ca mai este si ANDREA,pe aci.O asazisa FINUTA,fabrica FRAUDULOS,lucruri H&M si incalca legea copy-right-ului.Dracu sta sa o reclame,pe cea care a fabricat jacheta vintage?	NOT	NULL	NULL
Ăia care s-au înghesuit să cumpere hârtie igienica și făină, nu cumva sunt aceiași care îndemnau pe toți că e important să votezi?	NOT	NULL	NULL
Bag pula in toti oamenii care isi fac provizii crezand ca vine sfarsitul! S o luati in sus de retardati!	OFF	TIN	GRP
In spiritul vremurilor. Faza cu demis și teroriștii	NOT	NULL	NULL
1) o fute și pa,  2) o fute și încă o mai fute, 3) o fute și îi cere bani, 4) o fute îi dă un picioar în fese 	OFF	TIN	IND
ma pis pe tipele din grupa nea tho gen sabina tu ce faci acum pai va corectez voua capitolele ce pula mea sa fac	OFF	TIN	GRP
Zece tehnici de liniște si sănătate interioară, pe durata temerii provocate de pandemia de coronavirus	NOT	NULL	NULL
Și block sau pentru cei mai politicoși doar ignore. :)	NOT	NULL	NULL
Și unde ii bagă in carantina?!	NOT	NULL	NULL
@Digi24_HD Ba ! Ba da terminati cu fake new. Ce dracu de jurmalisti sunteti voi? Voi nu urmariti feed-urile pe Twitter ? Sunteti zdraveni la cap?	NOT	NULL	NULL
Mincinoasa a dracu ce esti. Cum pizda matii stii tu Asta? Lögnare !	OFF	TIN	IND
@esjptgz nUUUUU vr să fac mișcare o să putrezesc aici 💔	NOT	NULL	NULL
@itmorar Ce vremuri mizerabile.  Trebuia sa ai memorie beton ca tipa dicta numarul si inchidea.  :))	NOT	NULL	NULL
r0manii sunt asa embarrassing ii vezi de la o posta in aeroport nici nu trebuie sa deschida gura, va rog stati acasa daca sunteti tarani ms	NOT	NULL	NULL
308 români infectați, DAR doar 8.000 și un pic de teste. Bă, nu-s cam foarte puține teste?	NOT	NULL	NULL
@aiurea Și nrevoasă și justițiară de fiecare dată.	NOT	NULL	NULL
@diana_umm @itmorar O sa încerc :)	NOT	NULL	NULL
Doar una : despre big pharma si vaccin (B. Gates) dar si altii au scris multi inca din ianuarie,la randul meu am scris,lumea nu prea era interesata...	NOT	NULL	NULL
Curajul pionierilor	NOT	NULL	NULL
Mana-ntinsa care nu spune o poveste nu primeste pomana. Fii profesionist ce dracu.	OFF	TIN	IND
Premierul Ludovic Orban: Voi propune numirea lui Nelu Tătaru în funcția de ministru al Sănătății	NOT	NULL	NULL
Las permeabilitatea celulară pentru specialiști, eu știu doar că trebuie mă spăl pe mâini . :)	NOT	NULL	NULL
@ZONEofTECH tot versiunea 18 e ok si la pret mai bun! pana cand ipad os nu se modifica semnificativ in mai bine... tot macbook-u va trebui folosit! parerea mea! #efainaptfilme macar atat! si ultraportabila!  zi faina!	NOT	NULL	NULL
@AlynkaBeauty Pai e unul din cateva milioane. Hai, douăzeci să fie...	NOT	NULL	NULL
Cum să aleg gardul - 6 criterii şi 14 recomandări de gard WPC din care poţi să te inspiri	NOT	NULL	NULL
toată situația asta mă face să fiu irascibilă vreau doar sa hibernez până trece tot	NOT	NULL	NULL
CORONAVIRUS. Câtă NESIMȚIRE! Un nenorocit NU A RESPECTAT IZOLAREA la domiciliu	NOT	NULL	NULL
Liniștea dinaintea furtunii, americanii au trimis 30mii de soldați în bazele NATO și Europa.	NOT	NULL	NULL
Ziua 1 fără meciuri în Europa :mă duc la Dl Goe ca să văd cum mai arată un blat	NOT	NULL	NULL
Varianta legală e cea mai bună	NOT	NULL	NULL
@mihailmrom Da, aici l-am văzut, dar e preluat din francezul Les Echos.	NOT	NULL	NULL
@prisrbc1 La fel ca toți români	NOT	NULL	NULL
cel mai potrivit moment pentru a inventa sexul la distanță ))	NOT	NULL	NULL
@e_raluca @futacu adica de joi si pana azi s-au facut, zici tu, in jur de 6000 de teste?	NOT	NULL	NULL
@Camelia30_0 Foarte, foarte, foarte bun articolul, mulțumim!	NOT	NULL	NULL
@avalidnerd Bloggerul este ascultat de categoria de oameni care susține superstitii si bârfe inutile , iar fizicianul este ascultat de oameni care își caută informațiile de la oameni care le pot da. Selectia naturală sa isi facă treaba.	NOT	NULL	NULL
de ce nu are nimeni o amarata de argumentare in pula mea	OFF	TIN	GRP
#CJSU Argeş: Cazurile de #COVID-19 vor fi tratate la Spitalul Mioveni şi Spitalul de Pediatrie Piteşti	NOT	NULL	NULL
@ionutzelgabriel @john0peace @emiltoma_av @DacianSoros Și dracu le deschise ăstora după ce au costumele alea pline de microbi din toate casele de pe unde au umblat ?!	NOT	NULL	NULL
@PawYeontan Paracetamolu vindeca si cancerul la noi, numai romanii au gasit solutia 😎	NOT	NULL	NULL
@marconst Dul dracu ! O seara buna !	OFF	TIN	IND
Fotbal/#Coronavirus: Sergio #Ramos şi #RealMadrid donează materiale sanitare spitalelor din Spania	NOT	NULL	NULL
@ACplusD @Alien_draft Dar zi tatai corect MUIE.....nu trebuie să-ți fie rusine.....doar Muianis a zis ca nu e nimic rușinos in asta 🤦🏻‍♂️😤🤬	OFF	TIN	GRP
Transportul a fost asigurat cu o aeronavă C-17 Globemaster III, în cadrul cotei de ore de zbor alocate României, ca stat membru al Unității Multinaționale de Transport Strategic.	NOT	NULL	NULL
@lucyskkrr Așa te-aș fute , lata te-aș lăsa	OFF	TIN	IND
Va fi război?	NOT	NULL	NULL
Nemira lansează campania Books are magic – Terapia prin poveste + Campania NemiȘcoala, prin care oferim gratuit materiale și idei de activități pentru copiii de toate vârstele	NOT	NULL	NULL
@Mihai36379824 Sugi pula copil de 9 ani.	OFF	TIN	GRP
Nu mi se cuvine tot ce am , sunt doar norocoasă!	NOT	NULL	NULL
fix la fel suntem, doar conturile sunt foarte diferite.	NOT	NULL	NULL
bine dracu că le-a reușit demiterea palestinianului, privatizarea sănătății și minimul istoric la Euro 😉	OFF	TIN	OTH
@denis26_denise Asta am facut pana la urma🙄 cand am vazut ca efectiv sunt rudimentari in gandire m-am retras! Cu o singura “lectie” raman,insa: cine nu e cu EI,e impotriva lor...doar ei conteaza,uar lucrul pe care il repeta la infinit e ca ei ne-ai trimis bani in tara 🤬	NOT	NULL	NULL
hai că și așa ne plictisim. măcar s-o facem împreună, dar distanțați social.	NOT	NULL	NULL
@SirghieCristina Nu mai bine efectiv toate pensiile? 🤦‍♂️	NOT	NULL	NULL
@itmorar Pădurea virusaților	NOT	NULL	NULL
@MarmotaDeCampie @i0n1ca @danaionescu65 🤣🙈🤣 eu ma plictisesc .. el e leu și vrea dreptate ca modest e maxim 🤣🤣	NOT	NULL	NULL
O zi bună	NOT	NULL	NULL
Absurditatea cifrei totale de imbolnaviri. Complet irelevanta	NOT	NULL	NULL
#Bitdefender a blocat pagini neoficiale care permit descărcarea sau completarea de declaraţii pe proprie răspundere	NOT	NULL	NULL
Oare dece nu ia statul măsuri să achiziționeze produse direct dela producător sisă le vânda la prețuri rezonabile pentru fiecare cetățean?Ar fi omasura buna si pentru cetateni si pentru taranii care au trudit!	NOT	NULL	NULL
CE FACE - TOT LE FUTE CE SĂ FACĂ	OFF	TIN	IND
@cipprian Sau poate spune ceva despre sistemul nostru imunitate.	NOT	NULL	NULL
În general, grăsimile trebuie consumate cu moderație, pentru că pot cauza indigestii sau probleme hepatice.	NOT	NULL	NULL
@IoanaPavel4 @w_lemn @sandu_lupea Pavel Ioana! Suge-le-ai pulă la toți trogloditii pnl.isti usr.isti pmp.isti 🤮	OFF	TIN	IND
Ziceam sa ies sa ma plimb prin curtea blocului, dar mi-e lene sa ma dezinfectez dupa, asa ca am renuntat.	NOT	NULL	NULL
am intrebat 100 de români: DE CE PLM N-ATI STAT IN CASĂ?!?!?!	OFF	TIN	GRP
@gusteru Foarte multi! Dar care banca mai are curaj sa dea? 🤓	NOT	NULL	NULL
@aiurea Nu ți-ai făcut stoc?	NOT	NULL	NULL
mi-a dat Abel la temelie să moară fata 😭	OFF	UNT	NULL
@itmorar N-are. Doar dacă are adeverință semnată de Dan VoicuIescu.	NOT	NULL	NULL
Lumea moare de foame in casa și tu o arzi cu tatăl nostru și stați pe..,ați dat boala, sanchi va pasa, pe bune, cum? Ii izolam, cea mai buna metoda, umblat la psihic, “stai in casa e boala” e pa dracu, e “tre sa curățata planeta“asta e,nu?	OFF	TIN	GRP
Înțeleg să fii depășit de situație, dar măcar taci din gură, nu spui prostii în aceste zile. Îți cântărești de 10 ori cuvintele înainte să le spui.	OFF	TIN	OTH
se pictează cu breton: nu poți să ai un bărbat bine ? “ grași cu burtă fraiere !!!	OFF	TIN	IND
BAGA-MI-AS PULA IN RO ALERT CA M-A SPERIAT ASA DE RAU SI MI-AM STRICAT DESENUL EFECTIV TREMUR CPLM	OFF	TIN	OTH
stati ce dracu se intampla cum adica bucuresti in carantina 21 de zile	OFF	TIN	GRP
sunt mai plictisit decât eu pot lua omggg vreau să mort	NOT	NULL	NULL
@CarmenMaftei1 Mai funcționează Apaca?!	NOT	NULL	NULL
Ce s-a ales de Darius Belu, câștigătorului sezonului 7 Dansez pentru Tine, de pe Pro TV. A ajuns să muncească pe brânci la mai multe locuri de muncă...	NOT	NULL	NULL
VACCINURILE CONȚIN VIRUȘI VII, ATENUAȚI - Dacă ai scăpat cu viață din vreo "epidemie" și statul te vrea vaccint obligatoriu, află că abia atunci ți se înjectează virusul viu al respectivei boli, atenuat+o doză de mercur-timerosal (etilmercur)+alte substanțe chimice.  #antivaccin	NOT	NULL	NULL
@JAy_FLo92 Aoleu, inca un pompier atomic? Bai frate, ce plm au toti retarzi in ultima vreme cu metafora caselor in flacari? :)))	OFF	TIN	GRP
@Cernat_Catalin @NarcisD ei, asta e, nu există și variantele astea...E doar cu formulare imprimate acasă...	NOT	NULL	NULL
Ion Bogdan Stefanescu - Piazzolla	NOT	NULL	NULL
luam cu noi o mort si o moarta pa lumea cealalta	NOT	NULL	NULL
FCSB, Viitorul şi Poli Iaşi reduc salariile cu 50 %	NOT	NULL	NULL
#Coronavirus/Fotbal: Tudor #Baluta: În România oamenii par mai conştienţi de pericolul coronavirusului decât în Olanda	NOT	NULL	NULL
Mamaaa, daca nu trece nici la vara, ce dracu ne facem?? Hai cu vaccinul ala odataaaa😡	OFF	TIN	OTH
@johnctzn zici că mănâncă salata aia cu bețe n are nevoie de tacâmuri	NOT	NULL	NULL
—Tatiana. Acest nume ar proveni din onomastica rusă și are semnificația de „prințesă”.	NOT	NULL	NULL
indicalist din sănătate: Se mizează pe imunizarea în masă a personalului sanitar	NOT	NULL	NULL
•Te gândești mereu, "Sa-i dau mesaj? "	NOT	NULL	NULL
bine ma, si cat dracu vreti sa stam in casa, pana mor toti ?	OFF	TIN	GRP
Stiam romaneste bine acum 15 de ani, dar din pacate, n-am ocazie s-o vorbesc deloc, si nu mai pot s-o vorbesc bine... Vreau s-o invat inca o deta!	NOT	NULL	NULL
@ingerisidemoni Dacă o ai pe asta in casa 14 zile îți minca și covorul.	NOT	NULL	NULL
@CloneSandman 😂😂 Băi băiete, dar îi dă serios. M-a durut și pe mine 😂	NOT	NULL	NULL
@elonmusk Fuck You Xi Jinping!Fuck You Chinese People!La dracu,voi chinezii aduceti Sfarsitul Lumii si vreti sa fim toleranti?Duceti-va dracu,v-ati inmultit necontrolat,ati crescut economic si militar necontrolat,mancati necontrolat si acum ne atacati in ceea ce avem mai sfant!	OFF	TIN	GRP
@ipostaze Zona Unirii.	NOT	NULL	NULL
@khatxr Iamnotokaywiththis  trebuie să vizionați această serie	NOT	NULL	NULL
Dar stai liniștită ca va reveni și aglomerația...aia pe o bucata de pâine.	NOT	NULL	NULL
Este greu sa treci peste faptul ca lui crush nu îi place de tn dar aici vei găsi câteva sfaturi sa treci peste acest lucru.	NOT	NULL	NULL
Fmm Nelule ,ai băgat Bucureștiul in carantină !	NOT	NULL	NULL
Tot aud tot felul de oameni care spun ca nu inteleg ce spune ministrul. Ce dracu nu e de inteles? Cine nu are de ce iesi, sa stea dracu’n casa!	OFF	TIN	OTH
Când ești femeie și ai ochi frumoși chiar arăți drăguț cu mască.	NOT	NULL	NULL
Test cu Sigma 17-70mm f/2.8-4 DC Macro OS HSM Contemporary pentru Nikon #test #lens #macro #photos  via @fotostefan	NOT	NULL	NULL
@gadrian84 @Adevarul Dacă era Cumpănașu?	NOT	NULL	NULL
Echipamentul medical din Coreea de Sud a ajuns in #Bucuresti!	NOT	NULL	NULL
Ce "duel"! Si abrupt si incisiv! Speram ca se detensioneaza admosfera dar toata lumea e deja foarte nervoasa .... Din ce in ce mai nervoasa! Si suntem abia la inceputul pandemiei! Of, Doamne!	NOT	NULL	NULL
BREAKING Declarația pe propria răspundere, cu care poți merge cu trenul, a fost modificată	NOT	NULL	NULL
@aiurea Eu, eu i-aș fi zis.	NOT	NULL	NULL
#JO2020 #Ciclism: Alejandro #Valverde - Amânarea Jocurilor Olimpice era inevitabilă	NOT	NULL	NULL
Ați observat că în ultimele luni  toată lumea moare de #COVID2019? Nimeni nu mai moare de cancer sau alte boli morbide. 😉	NOT	NULL	NULL
Cand Firea este epidemiologul sef al Romaniei. De ce va bateti joc de medici?	OFF	TIN	GRP
DOAMNE FERESTE CE PULA MEA	OFF	UNT	NULL
La Bălți poliția a inchis activitatea firmei germane Drăxilmaier! Dictatura rusofonă și rusofilă în acþiune!! Jos Dodon!!	OFF	TIN	IND
@mad_dame ce sa am, n-am nimic, doar empatizez cu ei, ca sa nu zic public ca sufar alaturi de ei	NOT	NULL	NULL
Poate, cel de Treilea Război Mondial a și început. Un război neconvențional, în care sunt folosite arme și tactici diferite de cele aflate în arsenalele militare mondiale. Este, așa cum nimeni nu s-ar fi așteptat cu o lună în urmă, un război nemilos cu acest virus ucigaș.	NOT	NULL	NULL
In timp de crantina ne apucam de arta!!! @ Bucharest, Romania	NOT	NULL	NULL
Probabil ei aveau rachete indreptate spre ... atunci mergem pe "probabil" si ca ru stia/banuia ceva legat de deveselu	NOT	NULL	NULL
@stefancrisan De democrație ma? Terminați dracu cu democrația, stați în casa	OFF	TIN	GRP
Unde sa ne ducem? Am incercat sa sun si la consulat si la nr de pe siteul mae , nu mi raspunde nimeni	NOT	NULL	NULL
În clipa de față, Jacinda Ardern este cel mai calm, ferm și competent lider. Change my mind.	NOT	NULL	NULL
Un alt lucru bun e ca de frica covidului au disparut si pantalonii mulati cu glezne la vedere ...	NOT	NULL	NULL
@ZoliBara @keyboardriot ))))mai periculoasă decât virusul..fana lu' budeanu probabilsigur	NOT	NULL	NULL
Coreea de Sud a testat aproximativ 360.000 de cetateni pana in prezent, dom' ministru si Streinu au de gand sa vina cu echipa Flash si Road Runner in capitala.	NOT	NULL	NULL
dute dracu .	OFF	TIN	IND
Vecinii fac petrecere like pula mea suntem in plina pandemie si vouă va arde de chefuit.......	OFF	TIN	GRP
@lookatDworld @OfWudan Dă-i și cu niște pelin că-i bun și ăla.	NOT	NULL	NULL
@sim010101 Iu iu iu iu iuuuu!!!!	NOT	NULL	NULL
Vr sa iau corona si sa mor dracu	OFF	UNT	NULL
@Liga1Romania @Afc_Anto Ce tara e aia de jos n-am auzit de ea stiu doar de Israel	NOT	NULL	NULL
nu deci io nu zic asta dar nu vă suport în pula mea de futuți veniți acum ca să vi se dea cazare pe gratis că voi nu ați fost în stare să aveți un loc de muncă în italia	OFF	TIN	OTH
Editarea genetică permite crearea şi studierea a trei tulpini de malarie simultan	NOT	NULL	NULL
Imi dau filme de influencer cu tweet urile astea	NOT	NULL	NULL
Jurnalul de azi e despre vecini și organizații care ajută: „În toată nebunia asta există și o parte bună: pandemia începe să schimbe relația noastră cu vecinii, după un debut destul de traumatizant (mai ales pentru ei)."	NOT	NULL	NULL
@MAIRomania Domnilor ce este cu imnul României pe auto specialele de poliție. Cine naiba are mintea asa luminată de la dvs. Credeti ca ii motivați pe români, nu va spun eu. Mai bine continuati cu îndemnul "stati dracu în casă". O seara buna.	OFF	TIN	GRP
94,1% dintre români sunt de acord cu declararea stării de urgență pentru limitarea epidemiei de coronavirus	NOT	NULL	NULL
PLM IN ROALERT CA MI-A SUNAT FIX IN CASTI	OFF	TIN	OTH
De ce Mozzartbet se încăpățânează să - l păstreze ca imagine pe Ronaldinho,infractor aflat in pușcarie pt.spalare de bani si fals in documente oficiale???	NOT	NULL	NULL
De ce să nu aibă și UEFA înțelegere?	NOT	NULL	NULL
eu am facut pastet. sfarsitul lumii poate sa vina.	NOT	NULL	NULL
@teoadi Sincer nu stiu ce s-ar putea întâmpla.  Sincer e a treia zi de cand stau acasa si parca nu am ce face.	NOT	NULL	NULL
@IonutAxinescu Sincer, nici nu știu de ce mă mai uit pe aplicația meteo, că tot din casă o să privesc.	NOT	NULL	NULL
În sesiunea plenară extraordinară de astăzi, Parlamentul European va vota 3 măsuri pentru consolidarea răspunsului european la pandemia #COVID19.	NOT	NULL	NULL
#staiacasă Teatrul Excelsior se mută în spaţiul online	NOT	NULL	NULL
@RobertEVoicu Este, probabil, una dintre putinele companii de croitorie care mai funcționează și care are capacitatea de a produce/importa "in timp util", pt că lucrează în domeniu.	NOT	NULL	NULL
@parcatoteu camă	NOT	NULL	NULL
@Simona_Halep Da Simona asa este din pacate trecem prin momente dificile cu toti dar te rog sa ma crezi ca eu trec prin cele mai mari necazuri te rog ajutama.	NOT	NULL	NULL
Stau și mă uit la tot ce se predă acum.	NOT	NULL	NULL
Puterea cuvintelor	NOT	NULL	NULL
@keyboardriot @orban_ludovic * 😄 pot înțelege că CCR=PSD. Pot înțelege că s-au dus pe pwla și anticipatele și primari în 2 tururi. Dar să muiești milioane de oameni pentru interese personale...marș in plm.	OFF	TIN	GRP
#InterviuAGERPRES Gimnastică: Marian Drăgulescu - Am şansa mea la aurul olimpic şi în 2021	NOT	NULL	NULL
Nu pot fi testati nici măcar suspecții aflați in carantină/izolare și personalul medical expus in permanență infectării,dar Costache vrea testarea întregii populații. Altă cheltuială aiurea,bani si energie consumate inutil.De-aia suntem săraci,pt că se pun in aplicare ideiproaste	NOT	NULL	NULL
#GTA 6: Daca Astepti Lansarea, ai parte de o Veste PROASTA -  #peblog #romania #2020 #news #stiri	NOT	NULL	NULL
@patrasconiu Nu e antidot. Dar solutii militare medicale sunt. Mai trebuie putin creier la guvern, ca lipseste cu desavarsire.	NOT	NULL	NULL
Du-te dracu și ieși din gândurile mele.	OFF	TIN	IND
@ECiocu Imi pare rău!	NOT	NULL	NULL
@denis26_denise @MonicaKrueger67 Venind de la Ponta, as avea rezerve majore în ceea ce privește veridicitatea relatării dar și a gradului de acuratețe. Ultima chestie mare cu care a ieșise Ponta, era parcă mega moscheea. Deci să îl lăsăm să se zbată	NOT	NULL	NULL
#coronavirus , #ChineseVirus de ce baga Trump batul prin gard, enervand... China (cu aceasta terminologie, expresie, denumire proprie)?!! (poate) nu pare interesant dar... o sa devina! francezul spunea... cauta femeia dar aici este vorba despre US... so; cauta / urmareste banii!	NOT	NULL	NULL
@CloneSandman nu de aia, ci datorita faptului ca ai votat ca un prost, hoti sa te conduca, ca nu te duce capul	OFF	TIN	IND
@CloneSandman Da-i in PLM de Pesedisti! 😂	OFF	TIN	IND
Dar daca incurca testele oamenilor?(s-a intamplat lab. private)analize,eu am patit.	NOT	NULL	NULL
daca ești din diaspora stai in pula mea unde te-ai mutat și nu veni acasa doar din cauza virusului.	OFF	TIN	GRP
Pe bune, la vara mareeeea ma asteapta!😄😆	NOT	NULL	NULL
@RFI_Romania Dobitoc Păunul ăsta.	OFF	TIN	IND
Am zis că fac un spanac. N-am găsit usturoi NICĂIERI. Ați luat tot usturoiul! E virus, nu vampir.	NOT	NULL	NULL
În vreme ce fanii Samsung vor Snapdragon 865, companii precum LG, Nokia şi Google refuză procesorul din cauza prețului piperat	NOT	NULL	NULL
Dă-o dracu, Borise!	OFF	TIN	IND
Floyd Mayweather, îngenuncheat de o nouă tragedie, după ce i-a murit mama. A pierdut o altă persoană importantă...	NOT	NULL	NULL
O pisică sau un căţel implică multă responsabilitate din partea stăpânilor săi, care trebuie să fie conştienţi de faptul că noul membru al familiei le va răpi din timpul liber, mai ales când este vorba despre pui.	NOT	NULL	NULL
@iuliaa2603 Vă înșelați amarnic spunând că gripa sezonieră este mult mai rea. V-o spune unul de 39 de ani, fără alte afecțiuni , internat de 8 zile cu COVID-19. Simptomele la acest virus pot să fie inexistente, ușoare, medii și grave. Eu am avut medii, și sunt mult peste orice gripă.	NOT	NULL	NULL
Așa e fiecare zi din viațaaa meeaaa 🙄	NOT	NULL	NULL
Din corp solid, devin ceata. Am murit de zeci de ori intr-o singura dimineata.	NOT	NULL	NULL
@CatalinTat Nu îți doresc sa ai contact zilnic cu persoane care trăiesc acolo. Azi am trăit imaginarul in care se îndepărtau oameni din mine in supermarket într-un oraș mic din Ardeal doar pentru că vorbeam italiana. Mai bine să fiu eu proasta, dar să nu fie asa	NOT	NULL	NULL
@crispygyu @UnusualVideos Da duten pula mea de proasta	OFF	TIN	IND
Poate sunt enervanta dar macar nu ascult Ian si Azteca in mod neironic.. a stai ba da	NOT	NULL	NULL
@Jondaescatsmile aolo fata mea lasă-mă că viscolește de azi dimineață și mai am puțin și mă urc pe pereți nu mai suport să stau în casă, așa mai stăteam afară în curte sau cu animalele da acu pula	OFF	TIN	IND
Băi, e fioros. Expertul hlizitor care zice că nu există corona și experta în quantum computeristică.	NOT	NULL	NULL
@sopeprotector e vorba de mine tipand pula cumva	OFF	UNT	NULL
nimeni, absolut nicio autoritate nu a depus plângere la poliție, poliția a închis ochii. s-o fi închis?	NOT	NULL	NULL
@simovitty nu chiar, pentru ca, italia e cum e și din cauza faptului ca au o populație de bătrâni crescută, iar virusul este mult mai agresiv, noi tinerii nu murim de la el, dar cei care au dificultăți respiratorii sau boli ale plămânilor sunt mult mai prone	NOT	NULL	NULL
Statul roman a cumparat 45 de tone de echipament medical de protectie	NOT	NULL	NULL
Voi vă gândiți ce este în sufletul lu' domnu' Liviu acuma? Cum se învârte el în celulă ca un leu în cușcă? Putea să-și pună toate puterile lui de teleormănean în slujba poporului român, dar vânzătorii de țară l-au băgat în carantină.	NOT	NULL	NULL
Cand pasiunea devine nebunie!!! @ Bucharest, Romania	NOT	NULL	NULL
@KookieIoana Ăștia merita dosar penal și închiși. Idioți naibi	OFF	TIN	IND
Wei Wuxian comentează și se ceartă cu toată lumea și sincer mi se pare sexy	NOT	NULL	NULL
Repet : important e sa vedem rezultatele la final si abia atunci putem critica deciziile lui.	NOT	NULL	NULL
El nu vede din cauza ceții ca practic Romania nu are nici un teritoriu suveran de cand a aderat la UE.	NOT	NULL	NULL
Unii si-o manifesta deschis,cei ca mine isi tin credinta in suflet;In aceste momente grele,e bine sa fim alaturi de Dumnezeu;Sa intelegem cu totii,ca fara credinta in Dumnezeu viata n-are sens!	NOT	NULL	NULL
@kithobie "They didnt even speak english" gen??? Normal ca nu da ma scuzati pt ca esti americana trebuie ca toata lumea sa stie engleza pt ca tu esti prea proasta sa mai inveti si alta limba	OFF	TIN	IND
Domnul Ludovic Orban este obligat de pandemie şi de colegul său senator liberal de la Constanţa să se izoleze la vila Lac 1. Deci, practic, este scos din joc!	NOT	NULL	NULL
În sfârşit, un proiect care ar putea dura mai mult decât construirea metroul din Drumul Taberei.	NOT	NULL	NULL
Să nu credeți ca prin alte țări situația e mai roz	NOT	NULL	NULL
Aşa cum companiile private îşi revizuiesc acum veniturile şi costurile, aşa şi statul ar trebui să-şi revizuiască cheltuielile şi dimensiunea aparatului pentru că nu va avea veniturile aşteptate	NOT	NULL	NULL
Octavian Cotescu  și Toma Caragiu - Icoane pe sticlă  via @YouTube	NOT	NULL	NULL
Germania oferă o mână de ajutor în lupta cu coronavirusul. Șase pacienți italieni au ajuns în spitalele nemțești	NOT	NULL	NULL
Încă un record negativ pentru Italia. Peste 2.600 de cadre medicale din Italia au fost confirmate cu coronavirus...	NOT	NULL	NULL
Am vaga impresie de presimțire părerologică anticipativă  că în situatia asta de criză și odată cu intrarea în scenariul 3-4 abordarea guvernamentală românească va fi una de ”political stunt” peste tot si aiurea.	NOT	NULL	NULL
@n0chuni e relaxant tot ce fac e sa am grija de pisici si sa strang inimioare ca sa imi iau si mai multe pisici 🥰	NOT	NULL	NULL
Da, nu e o perioadă veselă. Suntem in izolare si nu stim cand vom avea vești bune despre evenimentele noastre. Între timp, apar roadele pământului, sunt cooperative agricole care fac livrari, asa ca o sa scotocim…	NOT	NULL	NULL
Inca odata spun, in afara de faptul ca eu consider o bataie de joc asa zisele masuri-urgenta, draci...pot sa ii numesc pe astia decidentii --"organizatorii" lui peste,niste iresponsabili si idioti!	OFF	TIN	GRP
Cu 50 de ani înainte de coronavirus, Eugen Ionescu a profețit dezastrul de acum	NOT	NULL	NULL
@ECiocu @itmorar Mauritius inchide de miercuri ora 20:00 ora locală toateintrarile din Europa, UK, USA și Reunion.	NOT	NULL	NULL
Ca să ne-amintim de viață!	NOT	NULL	NULL
Nu am avut timp să mă uit la știri! Eu reușit să treacă "românii" blocați la granița Ungariei?	NOT	NULL	NULL
@Adevarul Unde la lucru merg ciorile dracului . Au venit trantorii in tara la pomana ??? Gazatii , dauar dracu in ei !!	NOT	NULL	NULL
Scriitorul Paul Goma a murit. Avea 84 de ani și se stabilise în Franța din 1977.	NOT	NULL	NULL
@_lor3scu_ Nu au spus în cât timp. 5-6 ani de aici încolo poate reușesc!	NOT	NULL	NULL
@zoso Bai, declic and company de unde plm mea sa isi mai ia banu? Nu tu #rezist prin Piata Victoriei Socialiste, nu tu poluare ca s'a dus dracu si aia de cand cu covidu si biodegradabila, nu tu nimic .... pai ce sa faca si ei? E foame bre ..	OFF	TIN	OTH
Am auzit azi o discuție cu rezonanță istorică. “Nelu, vezi că au băgat spirt la Mega Image”.	NOT	NULL	NULL
Șeful Organizației Mondiale a Sănătății:  Avem un mesaj simplu către toate țările: Testați, testați, testați! / Ar trebui să fie testate toate cazurile suspecte de infectare doas sa aveti cu cer	NOT	NULL	NULL
@_lor3scu_ @itmorar Virgula ta va fii bine definita in câteva saptamani☹️. Dacă la 14 decese, avem peste 200 de cadre medicale confirmate pozitiv cu covid-19...pana la 1000, rămânem fără cadre medicale.	NOT	NULL	NULL
@Symplistu După ce că e vai de pula lui se mai rade și n cap	OFF	TIN	IND
E vorba de Zona Euro, nucleul dur al U.E., mai ales Germania şi Europa de Nord, instalate la „clasa întâi” în trenul european.	NOT	NULL	NULL
Unsă în funcție de Victor Costache, traseista PSD-PNL,Anca Bertea a cedat! În plină epidemie de coronavirus, șefa Direcției de Sănătate Publică a demisionat	NOT	NULL	NULL
Sfaturi pentru perioada de izolare, de la un celebru disident care a petrecut 9 ani într-o închisoare sovietică și 405 de zile în carceră	NOT	NULL	NULL
Bha jegoșilor de parlamentari da suspendați - l pe Johnazist-ul României și trimite-ți - l la pușcărie	OFF	TIN	GRP
Puritate şi inocenţă, despre ele vorbim zilele acestea.	NOT	NULL	NULL
@teniescu @puttycat @nwradu Du-te mă-n pula mea de prostovan. Ai dracu' imbecili părerologi!	OFF	TIN	GRP
Hai c-au făcut, dar viceversa	NOT	NULL	NULL
Pen'ca ne tot plângem că vai de mamitica noastră de români care n-au o țară ca afară, vă întreb: o societate civilizată se construiește prin...	NOT	NULL	NULL
O pleiada de puncte de vedere fata de demisia ministrului sanatatii si atat de multe merita citite si retransmise in bucla	NOT	NULL	NULL
@Afc_Anto Regnul animal! Sa te plateasca Statul pentru marele merit de a transforma O2 in CO2.	NOT	NULL	NULL
@agerpres Cifra reala e de cel putin 6 ori mai mare :( Din pacate unele state ascund adevarata amploare.	NOT	NULL	NULL
India a anunţat un program de ajutor alimentar pentru 800 de milioane de oameni	NOT	NULL	NULL
Ministrul Sănătății: Toți bucureștenii vor fi testați pentru Covid-19. Mergem din ușă în ușă	NOT	NULL	NULL
Inafara ca nu iesi din casa in pula mea si ca esti o saracie mondiala,cum morti tai ai tu tupeu sa imi comentezi mie ? Fututi ego ul ma tii pe burta goala	OFF	TIN	GRP
imi schimb frecventa vibeului si ma teleportez intr-un univers alternativ, in care wang a scapat ciorba de liliac pe jos	NOT	NULL	NULL
Asa s-a dus si honoru meu la @Allecsinn in loc de @KitsuneSupport	NOT	NULL	NULL
Acu, la sf de mandat a dracu de bagaboanta penala. Pana acu ce-ai pazit fmm	OFF	TIN	IND
@pilplay salut draga, vreau doar sa stiu mai multe despre tine ..	NOT	NULL	NULL
SA VA FUT IN GURA VOASTRA MA SPERIAI CA DRACU SUNT IN CASA DE 3 SAPTAMANI DEJA	OFF	UNT	NULL
@Trevizes Inseamna ca nu cunosti produsele de la Lidl...toate sunt de acolo! Si mobila, cum adica? 😂😂😂 Eu am mobila la comanda acasa, o recunosti?	NOT	NULL	NULL
Copiii te provoaca ... -74% -10% la activitati si la joaca.	NOT	NULL	NULL
@Alien_draft Wow, pe tuta aia mică o stiu, e aia cu salvarea planetei, dar ariciul ala cine dracu este ?	NOT	NULL	NULL
Vă puteți imagina cum ar arăta lumea dacă s-ar afla că virusul ăsta se transmite prin fumat, jucat la păcănele, sedentarism, alcoolism, bătut femei/copii, fast-food și postat selfie-uri pe net?	NOT	NULL	NULL
ne mințim ca luptam împotriva fakenews si vasile ernu scrie la libertatea	NOT	NULL	NULL
@AdyinaS Puiuț, nu mai număra atâta la ei că obosești și devii anfeligă. Dăi în bubă, că dau de dracu' și fără noi. Voi să fiți sănătoși, că belelele curg gârlă.	NOT	NULL	NULL
cineva pe tl a zis ca scaunul a facut pârț	NOT	NULL	NULL
Aș bate fiecare român care se plânge că întârzie CFR-ul. Că dacă discuți cu vreun român, băi, hai să ne vedem la ora X, nicio șansă să se întâmple. Nici măcar telefonic nu se poate.	NOT	NULL	NULL
#Italia are 500.000 de militari, Carabinieri, Guardia di Finanza, Corpo forestale. Nu avea nevoie de aceasta prezenta rusa, mai ales militara ! Este un pericol, stiind bine agenda ascunsa de la #Moscova si alianta cu tot soiul de virusi lansati in ultimii 6 ani...	NOT	NULL	NULL
Cum dracu in Rusia nu este nimic  nu tu virus. Nu tu pesta porcina. Vaca nebuna. Gaina turbata???	NOT	NULL	NULL
@OvidiuSky În final tot comunismul l-a omorât, comunismul chinez. Sad, so sad!	NOT	NULL	NULL
Ce înțeleg tinerii din filmele cu care au crescut boomerii (da, și tu, boss)	NOT	NULL	NULL
@ineedmawaterrr Si acum stai treaz pana cand in plm, culcate	NOT	NULL	NULL
De ce plm să scoți armata pe străzi când poți să scoți fanii Mafia?	NOT	NULL	NULL
@i0n1ca PSA inchide toate fabricile, Renault inchide 12 uzine cu 18000 de muncitori.	NOT	NULL	NULL
#StaiAcasa vine #teatru la tine	NOT	NULL	NULL
mai dă-i in pula mea	OFF	TIN	GRP
@denis26_denise @danaionescu65 @StefanF28452082 Firesc la noi in jur de ora 19!La voi nu e Glovo?	NOT	NULL	NULL
@victorciutacu Poate ca imaginea pe care o vedem, seamănă cu ce spui tu, dar daca gândim obiectiv, românii nu inteleg decât așa.	NOT	NULL	NULL
Renovat.ro- Cum sa iti faci singur o gradina verticala pentru legume - Toate materialele…	NOT	NULL	NULL
Tenis/#Coronavirus: Roger #Federer a donat un milion de franci elveţieni	NOT	NULL	NULL
China sustine ca virusul ar fi aparut in Italia, nu in Wuhan, inca din octombrie	NOT	NULL	NULL
Ce vedem pe Netflix | Documentar despre Juan Manuel Fangio, omul care a îmblânzit mașinile, cel mai mare pilot de Formula 1 al tuturor timpurilor	NOT	NULL	NULL
@______dread poti sa pleci daca ai foaie din aia pe proprie raspundere eu zic sa te duci o tragi la imprimanta plm	NOT	NULL	NULL
Toată populația Bucureștiului va fi testată pentru coronavirus	NOT	NULL	NULL
Fotbal/#Coronavirus: Dani #Alves îl critică pe preşedintele #Bolsonaro şi îi sugerează să se ''gândească la binele poporului'	NOT	NULL	NULL
Mă, ce plm?	OFF	UNT	NULL
Exemplul vaccinului anti-rujeolic, anti-rubeolic conține virușii atenuați ai rujeolei	NOT	NULL	NULL
zoo târgu mureș, așteptăm mișcarea voastră	NOT	NULL	NULL
Îi place să se audă vorbind și ce e și mai grav, nu știe când să tacă!	NOT	NULL	NULL
Primul caz de coronavirus din România a fost diagnosticat în 26 februarie.	NOT	NULL	NULL
✨😍 Iată ce rezultat uimitor se obține cu Kit-ul de Keratina Cocos! Părul este mult mai hidratat și perfect drept.	NOT	NULL	NULL
Imbunatatiti activitatile din spitale cu solutii de afisare optimizate	NOT	NULL	NULL
Aceștia pot recunoaște până la 200 de cuvinte, pot înțelege semne și gesturi, pot enumera până la 5 și chiar pot face calcule matematice simple	NOT	NULL	NULL
Lumina rece te induce în eroare şi vei fi tentată să exagerezi machiajul.	NOT	NULL	NULL
Lasă calatoritul și degustatul și stai dracu' in casa.	NOT	NULL	NULL
@ECiocu Am crezut ca pe tricoul lui scrie cocaina🤣🤣🤣	NOT	NULL	NULL
La culture de la sucerie ici	NOT	NULL	NULL
@adinaaa142 Nyuuu~~ Pune-i intr-un plic si uita de ei in dulap :))	NOT	NULL	NULL
Equest Logistic Park, achiziționat de CTP pentru 30 de milioane euro	NOT	NULL	NULL
Dialoguri despre sanatate la Medika TV – Despre Sarbatoarea Mierii de la Blaj (Reluare)	NOT	NULL	NULL
Azi am scris la carte 6 pagini și am făcut 100 de flotări. Aș fi vrut să fie invers, mă mulțumeam doar cu 6 flotări !	NOT	NULL	NULL
@PhilipIrma de mi-ai be si din pula tot asa !	OFF	UNT	NULL
Sute de rezidenti, chemati la gramada sa fie instruiti pentru Covid-19, la Institutul de Sanatate Publica. "Nu suntem bolnavi, de ce va revoltati?", li s-a spus	NOT	NULL	NULL
Șefa de la Orăștie a zis  ca e mai sigur videochatul ca atunci intra in ea doar pula nu si virusul.	OFF	UNT	NULL
@diohnisrv Intre 22-6 e interzis, intre 6-22 e recomandat which is bullshit ca oricum in pula mea seara nu este multa lume pe drum	NOT	NULL	NULL
Or pus mana pe toate resursele noastre, si ne mai arunca cate un covrig sa nu murim de foame? Și ala uscat.	NOT	NULL	NULL
@santaromica Mafioții între ei	NOT	NULL	NULL
Mai știți cum era România în 1990, izolată, căzută brusc și brutal într-un model economic pe care nu-l înțelegea?	NOT	NULL	NULL
@MarmotaDeCampie Dacă tot te pui pe treabă, inchide și Instagram-ul, altă problemă mondială...	NOT	NULL	NULL
@AntiJavre Nu cred, sincer daca ar mai candida robotul, inteligenti îl votează. Iar PNL=PLM, o sa fie votat din nou, ne meritam soarta, sincer.	NOT	NULL	NULL
Lăsați-mă să mă bucur de această micuță victorie, da?	NOT	NULL	NULL
@Digi24_HD Se putea să fie de altă naționalite?! Românul e un fel de Florida man.	NOT	NULL	NULL
Situaţia e mai bună decât în alte ţări...	NOT	NULL	NULL
zilele trecute, o televiziune din timișoara titra „armata închide timișoara”. 	NOT	NULL	NULL
@rjsego sa speram ca se mai tempereaza situatia pana atunci sper sa iti poti petrece majoratul cum iti doresti	NOT	NULL	NULL
#DinSurseOficiale: Președintele #Iohannis a explicat cum va fi ajutata economia!	NOT	NULL	NULL
CJ Dâmboviţa, agenţii economici din judeţ, oameni cu  suflet mare au făcut  front comun pentru dotarea Spitalului Județean de Urgență Târgoviște, în plină criză COVD-19	NOT	NULL	NULL
Orban este acuzat că nu vede medicii abandonați, românii blocați în aeroporturi, patronii disperați că și-au închis firmele	NOT	NULL	NULL
@DacianSoros Ba cred că acesta a fost și scopul. Să testeze reacția oamenilor. Sau să îi pregătească	NOT	NULL	NULL
#Coronavirus Romania: Cazuri, noi vindecari anuntate pe 26 martie -  #peblog #romania #2020 #news #stiri	NOT	NULL	NULL
@GabryIonesc2 @mireaemi @miradulescu 👨‍🎤🤣 cum sa tin un monstru-n casa, fato? Imi sperie dracu pisicile...	NOT	NULL	NULL
#Atletism/#Coronavirus: Federaţia europeană ia în calcul o eventuală amânare a CE de la Paris din august	NOT	NULL	NULL
@ManoliuValy Asta e o enigmă	NOT	NULL	NULL
Agenția Europeană a Medicamentului informează că ibuprofenul nu agravează efectele COVID-19...	NOT	NULL	NULL
@Aternos sa va i-au serverele in pula cu ma-ta	OFF	TIN	IND
Autorit.italiene au închis traficulaerian cuChina,ceea cea făcut capersoanele care trebuiau săse reîntoarcă înItalia să folosească rute alternative,scăpând astfel uneimonitorizări sistematice șiorganizate,denatură sățină subcontrol contagiozitatea,carealtfel,iată,riscă să explod	NOT	NULL	NULL
@Horia8Bogdan Deci prin Iulie ma intorc la birou?	NOT	NULL	NULL
Ai ochii albastri ? Esti o persoana atragatoare si isteata  fara dar si poate . Pasiunea si senzualitatea sunt cuvintele cheie iar increderea de sine duce pana la exagerare . Iti urmezi intuitia si-ti place sa fii in centrul atentiei, sa te simti special.	NOT	NULL	NULL
cineva pe aici se aștepta ca fratii Micula să facă si ei niște donații pt susținerea sistemului sanitar in perioada epidemiei...	NOT	NULL	NULL
@fckeveryword da mai daten pula mea tudor	OFF	TIN	IND
Medicii de la spitalul din Rosiorii de Vede refuza sa devina unitate pentru COVID-19 si ameninta cu plangere penala: Nu avem oameni, nu avem dotari! 	NOT	NULL	NULL
@i0n1ca Acum incepe sa ne fie mai clar parca, la ce dracu aveau nevoie de banda, si de ce trebuia limitata calitatea streaming'ului nu'i asa? :D	NOT	NULL	NULL
Guvernanților, treziți-vă! Faceți centre de colectare și strângeți marfa de la țărani! Tipatul taranilor este in van !Ciuma galbena este interesata doar de multinatioale,asa au ordinul de la stapanire !Au desfiintat si Aprozarele lui Daeea,cel mai destept Ministru.	NOT	NULL	NULL
@victorciutacu De pulă nu cred că s-or fi luat! Ori???	OFF	TIN	IND
Sper să nu am gura aurită, dar sunt curios ce o sa facă italienii când o sa constate că blocajul ăsta nu ajută la nimic...	NOT	NULL	NULL
Un grup de medici români a realizat un material despre evoluţia în timp a simptomelor la bolnavii infectaţi cu coronavirus.	NOT	NULL	NULL
@petria Nu-i falsă ...e foarte falsă ..!! Nu uita că România este singura țară Corporație Internațională Financiară din Europa ..și ...pe China n-o interesează România ..! Este o manipulare bine ticluită însă interesul trebuie căutat în altă parte..!!	NOT	NULL	NULL
@JiMiNsSi05 Nu stannuiesc dar hate pt svt n-am vazut si carats chiar se poarta nasol dar cacatul asta dintre armys si nctzens e exasperant idiot fara rost si fara motiv	NOT	NULL	NULL
Dracu stie, cand o gasesti zi-mi si mie.	NOT	NULL	NULL
@ECiocu Mai lasă-i ... de rusnaci! Face și armata română un spital care va fi gata în cinci zile! Cu așa concurență o să ne trezim că avem spitale înainte de a avea nevoie de ele!	NOT	NULL	NULL
Deputat USR: Asistenta de la UPU Cluj depistata cu coronavirus, pericolul de contaminare este major	NOT	NULL	NULL
Italia anunţă 683 de noi decese provocate de coronavirus. Bilanţul total depăşeşte 7.500 de morţi	NOT	NULL	NULL
mama e la o prietena si mo sunat sa vin cu varza ca o uitato acasa,,,NU POT SA GASESC O PUNGA PLM TREBE SA MA DUC CU ES SUB BRATS	NOT	NULL	NULL
Băi, ești nebun?! Până și la noi în companie mai totul este focused pe situația actuală, se revizuiesc și reprioritizează proiectele, bugete, iar animalele astea se ocupă de pensia și stipendiile ‘avocatului poporului’. Numai avocatul poporului nu este hahalera...	NOT	NULL	NULL
Cam asta înseamnă seriozitate în măsuri față de cei iresponsabili!	NOT	NULL	NULL
Marea majoritate au probleme cu respectarea regulilor, iar acum chiar trebuie forțați să respecte.	NOT	NULL	NULL
Tocmai a postat o fotografie	NOT	NULL	NULL
Clauza de forță majoră în contracte și în afaceri	NOT	NULL	NULL
@RobertEVoicu ...daa clasic ..acuma TOȚI se apuca sa cerșească de la stat ca vezi doamne nu mai pot supraviețui...si cum statul suntem noi toti ..ietete cum trebuie sa "sponsorizam" toată loazele ..... bai bulangiilor e stare de urgenta de o săptămână nu de un an ...de ce plm cereți bani ??	NOT	NULL	NULL
@KlausIohannis Nu mai aduceți bolnavi din străinătate,că nu mai facem fata nici celor de aici!!!! Voi sunteți primii iresponsabili!#Covid_19  #coronavirus #firesponsabil #Romania	NOT	NULL	NULL
@EAFIFAMOBILE Hai în plm mai repede	NOT	NULL	NULL
Ce vrei să spui? idiotule nu am înțeles nimic What is your point?	NOT	NULL	NULL
@Horia8Bogdan @radusmall @b0gdan82 Nu o sa fie ani. O sa aibă rebeliuni sociale dacă nu dau drumul la economie din nou. In câteva luni se duc rezervele oamenilor. Nu o sa ii mai intereseze de virus.	NOT	NULL	NULL
@ingerisidemoni Mi-ai adus aminte de un citat dintr-o lucrare de control de clasa a patra: "pe vremea lui Ceaușescu, toate mega Image urile erau goale" 😬	NOT	NULL	NULL
@127scuad din fericire nimeni din nct nu e roman 🥰	NOT	NULL	NULL
@MediaLool Fake,poza este cu victimile unui Naufragiu.	NOT	NULL	NULL
@i0n1ca Sunt oameni care nu au nevoie de suspendare. Plus ca nimic nu e gratis :). Suspendarea poate veni cu clauze. Nu mai spun ca exista si email. Legea poate fi utila daca nu sari cu hate-ul asa :)	NOT	NULL	NULL
Expert deșeuri: Primăria Generală scapă de responsabilitatea depozitării deșeurilor	NOT	NULL	NULL
@StirileProTV De unde pot ei sa asigure asa ceva? cand mai de mult un alt guvern se plangea ca abia pot asigura pensiile si indemnizatiile ?	NOT	NULL	NULL
Time Between Dog and wolf. Esre veche, dar nu i-a luat nici una locul in topul p referințelor mele	NOT	NULL	NULL
@adriano_qld E prost rău Vela... Ce dracu a zis?.. mai nimic . E actor bun, nu contest.	NOT	NULL	NULL
@RobertEVoicu Comisie făcuta din medici de unde??? Din Iași?	NOT	NULL	NULL
Înaltul Comisar al Națiunilor Unite pentru Drepturile Omului,	NOT	NULL	NULL
Drojdia pentru pâine, cum o puteți face acasă. Din magazine a dispărut	NOT	NULL	NULL
Cora promoveaza pe FB zilnic treaba cu comanda online.	NOT	NULL	NULL
Căci El nici nu dispreţuiește, nici nu urăște necazurile celui nenorocit și nu-Și ascunde Faţa	NOT	NULL	NULL
@MPastarnac @KlausIohannis Nu am luat in considerare Turcia , m-am focusat mai mult pe Canada/Panama/ Mexico/ Argentina/Brasil/ si poate unele state africane. Deocamdata “being stuck“ in America de Sud nu e chiar asa de rau ba din potriva ! jaja.	NOT	NULL	NULL
Apogeul statului marxist roman-Sa platesti profesorul sa trimita online temele elevilor,ist parintii sa faca treaba lui,in timpul dintre doua schimburi. Ce plm de sistem de educatie e asta?	NOT	NULL	NULL
daca imi ziceti ca sunnee pleaca acasa PLANG	NOT	NULL	NULL
@stiridinbucov Deja se resimt efectele întoarcerii diasporei😳😳😳?	NOT	NULL	NULL
Tocmai am fost sunat de manager și mi-a spus ca se amână angajarea până se întoarce la muncă persoana cu care trebuia să fac o săptămână de training, la Derby, persoana s-a autoizolat.	NOT	NULL	NULL
O doamnă profesoaraă drăguță și înaltă. De treabă. Aveam cam toți 10. Adică nu era exigentă...	NOT	NULL	NULL
@AlexMinca Pai daca America are un presedinte dobitoc. O sa fie haos acolo.	NOT	NULL	NULL
Ba,macar in ceasul al 12-lea nu mai trageti in piept cand sugeti pula ...	OFF	UNT	NULL
@itmorar Dar cum faceti kilometri? Ma intreb din prima zi in care ati postat!	NOT	NULL	NULL
Staț acas zic eu in timp ce mi dau coate cu babele in lidl ca mi am mancat proviziile in juma de zi	NOT	NULL	NULL
@LuminitaPoenaru @canyaman1989 Zi frumoasa și cu speranțe ca va fi bine! 💖 💖 💖 💖 💖	NOT	NULL	NULL
mama se trezeste si tampitul asta sa zica repede doua cuvinte da dracu gandeste inainte sa scrie 😃😃😃😃	NOT	NULL	NULL
@gusteru De unde le-ai luat? Un Kent din ăla ca pe vremuri ai de unde sa procuri?	NOT	NULL	NULL
😎Plavane', da ce dracu' te-ai autoizolat, ba?! Doar tu ai imunitate pentru orice!	NOT	NULL	NULL
mi-a trebuit,in plm,să mă îndrăgostesc,băga-mi-aș pula-n morții lui de suflet,prost	NOT	NULL	NULL
@SofiaCovaci e cam teoria conspirației și nu prea cred în așa ceva.	NOT	NULL	NULL
@i0n1ca @balarii Pai cine dracu nu a fost sarac, si mai ales cine n'a avut carpeta aia? :)))	NOT	NULL	NULL
În atenția Guvernului/Și ONG-urile plătesc impozite/Și ele au nevoie de ajutor din partea statului 	NOT	NULL	NULL
Avertisment dur: Virusul va avea două VÂRFURI în România. El nu poate fi oprit, doar ….	NOT	NULL	NULL
@RemusStefan72 Pentru că întotdeauna e mai la îndemîna să fii prost decît destept.	NOT	NULL	NULL
Daca tot e reclama aia cu 25000 de specialisti care lucreaza sa avem medicamente, unde plm e eutyrox si metforgama (ala de diabet) ????	NOT	NULL	NULL
- Din ce gaură neagră vii, băi?	NOT	NULL	NULL
@petria Lipitorile bancare au inventat o noua icoana: 'profilul de risc al clentului'. Doamne fereste, sa nu se cace	NOT	NULL	NULL
Euro scade puternic și se îndepărtează de maximul istoric de săptămâna trecută. Cursul anunțat de BNR | InCont |   via @incont_ro	NOT	NULL	NULL
daca ai avea calmul si corectitudinea morala a unei masini, ai vedea multe odata cu evolutia ta	NOT	NULL	NULL
Cam la asta se ‘rezumă’ totul...!	NOT	NULL	NULL
#Coronavirus Argeş: Spitalul din Jinhua (China) va trimite echipamente de protecţie şi materiale medicale la Mioveni -	NOT	NULL	NULL
mda ...nimic de zis ...dar , dar noi nu cumva avem un guvern si un presedinte slugarnic UE ..?intreb si eu ..	NOT	NULL	NULL
@TintaVasile @daco_get Perfect,fiecare cu parerea lui....am spus ne invartim in "jurul cozii" fara un rezultat ....	NOT	NULL	NULL
Au intrat in tara minim 200.000... penelistii au "izolat" cica, 33 de mii... restul s-au izolat in carciumile si molurile tarii... bine tata!	NOT	NULL	NULL
Maternitatea Moreni, dedicată exclusiv gravidelor  suspecte sau confirmate cu COVID-19	NOT	NULL	NULL
@RobertEVoicu @itmorar Cred ca e mai usor sa căutam vinovați. Ce au făcut țările de la apariția virusului pentru a-și proteja cetățenii? Vina se găsește in “ograda” fiecărei tari, zic eu🤔.	NOT	NULL	NULL
Suceava: 200 de teste pentru Covid-19, în fiecare zi...	NOT	NULL	NULL
#Oficial: Inca un grup de 190 de cetățeni români din Italia revine in tara	NOT	NULL	NULL
@stiripesurse_ro Chiar atât de acută a devenit criza de hârtie igienică???	NOT	NULL	NULL
@liviutita Stai de prea mult timp in izolare 😬	NOT	NULL	NULL
În Londra a început să dispară și paracetamolul.	NOT	NULL	NULL
Pe de alta parte, in #Italia razi tot tineretul la prima pensie, iar in #Romania nu esti in stare sa pui la pamant o baba. Nu stiu de voi, dar eu incep sa dau dreptate batranilor nostri.	NOT	NULL	NULL
@PleuAlexandru4 Sunt sigură că ai mult de citit...eu asta fac citesc și stau calmă.	NOT	NULL	NULL
@itmorar covidul plecat vaccinul nu-l taie. (Iuda 1:12) #concursdeproverbefake	NOT	NULL	NULL
peste douăsprezece ore de muzică românească	NOT	NULL	NULL
Pentru susținătorii psd, adică pentru nucleul dur: era rău dacă în criza de acum aveam ceva bani în loc de datorii? Frimiturile scăpate de guvernele psd în anii trecuți vă ajută acum după ce ați aruncat cu ei pe prostii? Lipsa răspunsului este egală cu un nu, NU ERA RĂU!	NOT	NULL	NULL
Economia românească, economiile românilor, mulţi foarte săraci, vor fi mai lovite decât Europa de Vest, bogată şi protejată mai mult de U.E. 	NOT	NULL	NULL
The immaturity coaieeeee mai prosti ca astia n am vazut in viata mea nici nu ma mai duc daca e pe asa firatzai dracu de inconștienți	OFF	TIN	GRP
stai stai stai nu nu e prea devreme pentru asta jeong jaehyun	NOT	NULL	NULL
@ECiocu plm domnu` Ciocu, sunteti adult, asta e, va asumati consecintele deciziei	OFF	TIN	IND
Spuneti STOP raspandirii #COVID-19! Lucrati doar cu dispozitive ce pot fi dezinfectate!	NOT	NULL	NULL
@01004753 Da, despre ăsta era vorba	NOT	NULL	NULL
@batfangsz da frt mie mi a picat fata cand am vazut anuntul de la molotov	NOT	NULL	NULL
toată lumea se comportă de parcă ar fi descoperit nu știu ce, de parcă nu mă punea bunica mea să fac toate astea de copil și nu în căcaturi de astea de ghiveciuțe și borcănașe dar LA CÂMP MAICĂ	NOT	NULL	NULL
Bă, deci vreți? Amîndoi? Da? Păi hai în plm și semnați și cărați-vă d-aici!	NOT	NULL	NULL
curajul de a exprima un adevar, o bucurie, o suferinta, o frumusete, in orice caz nu o batjocura.	NOT	NULL	NULL
@agerpres Acum ar trebui sa nu ne evite...	NOT	NULL	NULL
e pula mea de treaba are respectul cu cacarea unora pe ei?	OFF	UNT	NULL
Nou deadline pentru apelurile #MusicMovesEurope ,  #WesternBalkansCoop și #CulturalHeritageinAction. Termenele se extind cu aproximativ o lună.	NOT	NULL	NULL
am invatat jumatate din capitolul despre boli inflamatorii intestinale din cartea de rezi. ma simt desteapta	NOT	NULL	NULL
@b0gdan82 Trăim și vedem deocamdată omenirea cu toate progresele pare ca bajbaie.	OFF	UNT	NULL
@agustsuckmyq lol stai sa vezi cand vin ceilalti 3500 de tampitii care dintr.o data sunt mari iubitori de tara si vor sa vina acasa	NOT	NULL	NULL
Moara cu vorbe a lui Moș Călifar : Ludovic Orban a primit demisia lui Victor Costache...	NOT	NULL	NULL
@rosdarino nu știu, eu mi-am făcut când nu își făcea nici dracu și după aia brusc toată lumea a explodat că vrea breton	NOT	NULL	NULL
@JeanTheo14 @puie_charleta Activist, neactivist, eu îl respect ca om și ca poet.	NOT	NULL	NULL
Aștia care umblați pe afară, meritați bă să vă îmbolnăviți în pula mea.. că sunteți atât de bătuți în cap în cât nu puteți înțelege un lucru simplu.	OFF	TIN	GRP
Autoritatea pentru Reformă Feroviară cumpără protecții împotriva COVID 19	NOT	NULL	NULL
Nu foarte îmbucurător, nu?	NOT	NULL	NULL
Trebuie precizat că din Consiliul de Director al Romanian-American Foundation fac parte oameni care au avut legături cu Fundația pentru o Societate Deschisă, patronată de George Soros.	NOT	NULL	NULL
Tricouri/Bluze personalizate copii	NOT	NULL	NULL
@oradesibiu Domnul C.U.s-a prezentat SINGUR marți dimineață in Clinică. Doar dânsul...cu proba de exudat a sotiei ,In mână(Pe care nu stiu nici cine a recoltat-o?...nici când?...Si nici in ce conditii?).	NOT	NULL	NULL
Tânjesc spre evoluție,dar nu doar la stadiul de discuție	NOT	NULL	NULL
Traian Băsescu, despre amânarea plății ratelor: "Dă o gură de oxigen populației, dar trebuiau introduse niște plafoane"	NOT	NULL	NULL
@Liga1Romania @itmorar Ete pe dracu'!, s-au amânat jocurile olimpice,mondiale!!!!, Dinamo dă București nu poate amâna partida, și,valid pentru toate echipele, aveți patru perechi de coaie !👀👀👀👀👁️‍🗨️💪	NOT	NULL	NULL
La dracu cu cardurile lor europene, sunt inconștient prin faptul că sunt posibili purtători de virus.	NOT	NULL	NULL
@avramar Da, pula imunitate	OFF	UNT	NULL
@RobertEVoicu @SofiaCovaci omu si-a facut treaba, a bagat polisano in sistem, a dar liber la cateva milioane, e linistit	NOT	NULL	NULL
O firma de productie publicitara din Buzau face viziere de protectie pentru medici si asistenti medicali	NOT	NULL	NULL
Nu mai luati toata faina, in plm de romani	OFF	TIN	OTH
Ministerul Sanatatii: Legatura dintre vaccinul antigripal si Coronavirus	NOT	NULL	NULL
PLM, stiu ca vorbesc la pereti ca de o luna ma tot straduiesc sa scriu si pe blogul ala, dar inca n'am abandonat lupta cu minti cretine, asta poate va ajuta si un comentariu de acolo	NOT	NULL	NULL
Vești proaste! A fost înregistrat primul caz de deces din cauza coronavirusului, în Republica Moldova...	NOT	NULL	NULL
@n0chuni Iti dau pleilistu meu cu melodii din romania care include hatz	NOT	NULL	NULL
stie mata ca plangi dupa unu care poarta vansi nespalati de acu juma de an si sosete cu gogosi din h&m?	NOT	NULL	NULL
COVID-19 | Apel al medicilor de la Spitalul CF Timișoara: Avem nevoie de echipamente și materiale sanitare	NOT	NULL	NULL
Inventivitate românească in vremuri de criză 😂😂😂	NOT	NULL	NULL
@roxidh Tre mai întâi să apară ordinul în monitorul oficial, poate de aia	NOT	NULL	NULL
Sa ne bucuram de marirea salariilor medicilor anii trecuti (au meritat si merita pe deplin) si sa ne gandim zilele astea la un spor de risc (e un mare risc, cel asumat) de toti cei care interactioneaza (inclusiv epidemiologi, suprasolicitati) cu potentialii bolnavi de coronavirus	NOT	NULL	NULL
Cât  de egoist poți fi ca părinte și ca pasager sa zbori pe o cursa de peste 12 ore cu copii sub 2 ani. Și sa ai și doi. Stai in pula mea acasă și creste-ți. Nu sunt obligat sa-ți aud copilul urlând ca-l dor urechile din cauza presiunii din avion.	OFF	TIN	OTH
Cei eliberați au obligația să respecte ordinul de a sta în case. După încheirea crizei, ei îşi vor executa diferența de pedeapsă rămasă, dau asigurări autoritățile.	NOT	NULL	NULL
@ingerisidemoni @piticu21 Hai sa ne informam înainte să scriem. Eu scriu din punctul de vedere personal.  Am avut de a face cu ambele sisteme medicale, așa se întâmplă când ești cronic :) și hai sa mai și căutăm info înainte să aruncăm piatra	NOT	NULL	NULL
Victor Costache şi-a dat demisia din funcţia de Ministru al Sănătăţii -	NOT	NULL	NULL
Victor Costache, ministrul Sănătății, și-a dat demisia joi dimineață, după ce aseară a înaintat planul testării tuturor bucureștenilor pentru coronavirus.	NOT	NULL	NULL
@i0n1ca @emiltoma_av Fac p-al dracu si iau la British Airways. Daca imi da banii înapoi. Astia nu mai dau faliment.	NOT	NULL	NULL
M-a interpelat cineva aici zilele trecute, ca să îmi explice cum medicii, mulți șpagari, sunt niste eroi. Unii. Uite-i și p-ăștia🙄	NOT	NULL	NULL
@banqtanwithluv Ma simți ca un psiho	NOT	NULL	NULL
Grapini:Domnule Presedinte, oamenii peste 65 de ani mai contează pentru dumneavoastră?	NOT	NULL	NULL
•Oamenii pot spune lucruri ciudate câteodată, considerate de noi chiar prostești. Ei doar încearcă să ajute, nu trebuie să-i iei tot timpul în seamă.	NOT	NULL	NULL
Patriarhia Română: Ora de Religie - difuzată la Trinitas TV -	NOT	NULL	NULL
@adriano_qld E o iluzie ! Vorbim peste o lună !	NOT	NULL	NULL
Am acasa 5 batrani si un copil de 2 ani. Batranii sunt ca toti romanii batrani: diabetici, cancerosi, saraci...	NOT	NULL	NULL
În două zile te voi uita, sau poate luni, sau ani, dar o voi face, promit!🥺💔	NOT	NULL	NULL
Actualizarea MODELULUI declarației pe proprie răspundere	NOT	NULL	NULL
Pur si simplu innebunesc nu mai pot in pula mea	OFF	UNT	NULL
@SilviuFoca @neamielualarau @ipostaze S-au ieftinit și pentru că li s-ar strica in depozite. Ultima dată când am mers într-un carrefour, acum mai bine de o săptămână, erau vreo 11 lei / kg cartofii din Egipt.	NOT	NULL	NULL
tata nu ma lasa sa ies deloc saptamana asta din casa si e a treia oara cand ii spun la orofa de engleza ca nu pot veni, mi-e si rusine sa mai vorbesc cu ea plm	NOT	NULL	NULL
@Adevarul Aiuritul asta nu știe pe ce lume trăiește ...mai prost ca asta nu puteau găsi ?	NOT	NULL	NULL
@e_raluca la fel ca italienii / oficialii UE.. sa fim realisti	NOT	NULL	NULL
@CloneSandman @i0n1ca Sunt pe dracu’. Niște comuniști mizerabili	NOT	NULL	NULL
Se închid magazinele din mall-uri! Românii vor putea merge doar la alimentare și farmacii...	NOT	NULL	NULL
@CloneSandman @GabryIonesc2 Nicăieri nu apare, doar pe site-ul ăla este situația cu 9 decese. Ori este o greșeală, ori dezinformare...	NOT	NULL	NULL
Da să mă sugă de pulă zdrentaroșii diasporei	OFF	TIN	GRP
îi bate îi terorizează îi și fute pe unii se folosește de ei droguri	NOT	NULL	NULL
îi mai bine totuși să trăiești, chiar dacă în închisoare, decât să nu	NOT	NULL	NULL
@MirelaBuzoianu Mai bine lasai contul sters, ca nu ti-a dus nimeni lipsa. Mai du-te la cacat de simpatica care esti. Vorbesti de omenie, intelegere si bunatate, dar te iei de altii ca nu te bagau in seama. M-A-R-Ș!	OFF	TIN	IND
Plm mea, parca am fi in anii '90, dupa revolutie, toata lumea cu ochii pe tv, pe Ceausescu si teroristi #dejavu	NOT	NULL	NULL
@Camelia30_0 Romanii sunt poeti... O sa compuna multe poezii.. O sa intre in istorie "covidvers. Ro"...	NOT	NULL	NULL
@thezvoner Speră să facă 2500 de teste pe zi. Până în 2023 cred că o să termine. Este bine.	NOT	NULL	NULL
M-ai fumat pana m-ai facut scrum si eu nu am apucat nici sa te-aprind.	NOT	NULL	NULL
Gândește-te că aștepți 71 ani după maică-ta să urmezi la tron și apoi afli că ai coronavirus și ea n-are nimic. Al dracu e această "Ion Iliescu de Anglia"	NOT	NULL	NULL
#DACIA #Duster: VIDEO cu o Lupta Off-Road ce te va SURPRINDE -  #peblog #romania #2020 #news #stiri	NOT	NULL	NULL
@aruse1 In pula calului, baga și o statistica pe gripa normala. Aia fără covid in nume. Și pe tbc.	NOT	NULL	NULL
ATAT!demisia Costache!	NOT	NULL	NULL
Basescu, nu numai că a vândut, pe blat, întreaga flotă comercială a țării, dar, cu de la sine putere, a cedat „Europei” suveranitatea României, considerând că cedarea de suveranitate este atribuția principală a unui președinte de țară.	NOT	NULL	NULL
@taetriviagi Ce plm romani o văzut aia 💀💀	NOT	NULL	NULL
Traficul aerian european a scăzut cu 79%	NOT	NULL	NULL
mă fute de 100 și ceva de ori pe zi . la cerere și de 200 și ceva de ori plus noaptea . - ăsta are sida	OFF	TIN	IND
Am fost în ambele tabere și îți spun că nu e productiv discursul ăsta al urii doar pentru că unii au ales în viață o cale diferită față de tine.	NOT	NULL	NULL
@MarmotaDeCampie Dați de veste daca se poate	NOT	NULL	NULL
@milfapervoi da,esti multa,te poti fute si cu armasarul !	OFF	TIN	IND
„Pentru că ne preocupă siguranța celor izolați din cauza Covid-19, noi și labelul nostru @LomaVistaRC am decis să amânăm lansarea albumului #Amends din 10 aprilie pentru 26 iunie. Vom păstra legătura cu fanii noști și vom publica muzică, videoclipuri și poze.” - @therealgreydaze	NOT	NULL	NULL
@Alex90527436 @AntidotR @FortniteGame Rezista o pula în cur, nu știu ce sa mai bage ca să joace lumea, mai da-l în pula mea de joc de căcat și lasă-l sa moara, apex și warzone nu sunt gunoaie, dar dacă tu ești obișnuit cu fortnite-ul și ți se par grele, e normal.	OFF	TIN	IND
Trebuie să rămânem uniți!	NOT	NULL	NULL
Că nu au timp să le întoarcă pe dos	NOT	NULL	NULL
Aceasta ideie este a mea asa ca daca o vrei sa faci si tu, da-mi tag daca nu report👀Sper sa va fie de folos😊	NOT	NULL	NULL
@TanarulD Francezii au anunțat că datoria statului va depăși cu mult 100% din PIB, conf. France24.	NOT	NULL	NULL
Vă dați seama de șocul psihologic asupra acestei categorii de vârstă, când oamenii respectivi văd cu cât cinism li se dorește și se urmărește dispariția lor? Dar șocul educațional asupra celorlalte categorii, care și ele, la rândul lor vor ajunge la vârste înaintate?	NOT	NULL	NULL
@MarmotaDeCampie ma doare in pula, sa calificat Atletico	OFF	TIN	IND
Oficialitățile dezmint informațiile apărute sâmbătă, în spațiul public, potrivit cărora populației i se vor limita drastic deplasările...	NOT	NULL	NULL
Eu ma intreb...daca cumva ajungeam aici cu Dancila, Liviutzu, cheliosu ala dubios si toti gealatii lor - oare cum era? Daca a facut Dumnezeu bunutu' sa ne scape de raul de dinaintea raului?	NOT	NULL	NULL
@w_lemn @Alien_draft Greșală maaare cu „umplutu' de bani”! Vom fi mai departe folosiți de cârpă-n cur, și când nu le-o mai trebui, or ține-o numa-n șuturi: că aia, nu, că ailaltă,nu, că „iar n-ai bască!”, ce, ați și uitat?	OFF	UNT	NULL
E clar.. romanii sunt atat de inconstienti. Vin din toate tarile posibile, stau in multime si dupa se mira de ce se raspandeste virusul peste tot. Ce nu e clar?! Tot ei sunt indignati.. asa ceva.	OFF	TIN	OTH
Ambivert sau nu, chiar nu e ok ce sa intampla...	NOT	NULL	NULL
Spitalul Orăşenesc Găeşti va da personal de suport  pentru toate unităţile medicale din Dâmboviţa, dedicate cazurilor COVID-19	NOT	NULL	NULL
Uniunea Europeană a suspendat accesul cetăţenilor noneuropeni în spaţiul comunitar...	NOT	NULL	NULL
Fotbal: Seminar online de pregătire teoretică dedicată VAR pentru arbitrii din Liga I	NOT	NULL	NULL
@daco_get In cel mai bun caz, vecinii vor lupta pt propria identitate si libertate, ca ungurii.	NOT	NULL	NULL
Până acum se știe că unul dintre medicamentele fabricate de Cuba„Interferon B”a reușit să vindece eficient mai mult de 1.500 de pacienți cu coronavirus și este unul dintre cele 30 de medicamente alese de Comisia Națională Chineză de Sănătate pentru a combate bolile respiratorii.	NOT	NULL	NULL
@Alex_Tikitaka Succes.Daca o gasesti,imi spui si mie...nu am nervi nici sa caut.	NOT	NULL	NULL
Nu ești pesedist ci sputnicist.	OFF	TIN	IND
@PleuAlexandru4 @avrenim50 Trebuiau să îi coaca și ăstuia ceva ca sa ia lumea în serios mascarada....	NOT	NULL	NULL
@CloneSandman @bogdantatuta Si sunt facute acum n luni	NOT	NULL	NULL
Cum e să ai înălțimea de 10 metri și să nu observi atenția mea față de tine? :))	NOT	NULL	NULL
Toți oamenii cu măști pe față prin centrul Londrei sînt asiatici.	OFF	TIN	OTH
SA MOR EU CUM DRACU MA GASITI	NOT	NULL	NULL
@sftggukie Am timp. Ce exerciții mai exact?	NOT	NULL	NULL
@emiltoma_av La 2500 teste pe zi, imi da cu virgula	NOT	NULL	NULL
@severvoinescu Dreptate vor avea amândoi, dar nu în aceeași măsură cu disperarea.	NOT	NULL	NULL
CERT-RO: Recomandăm utilizatorilor să folosească doar surse oficiale pentru obţinerea declaraţiei pe propria răspundere	NOT	NULL	NULL
Ba stati ma in casa daca nu vreti sa luati coronavirus 😂🤦🏻	NOT	NULL	NULL
LL Cool J și-a făcut public numărul de telefon!	NOT	NULL	NULL
Adriana Nica, directorul Spitalului Universitar București ar fi fost demis de ex-ministrul Sănătății ... pentru că n-a vrut să semneze un contract de achiziții "aranjat" de Costache! S-a temut femeia de pușcărie. Ei...parcă-i logic, nu?	NOT	NULL	NULL
@CloneSandman @RobertEVoicu Ma rog, fiecare le stie pe-ale lui. Daca tu nu te-ai inteles cu ei nu inseamna ca toti ii consideram la fel. Parerile difera de la caz la caz.	NOT	NULL	NULL
@MAIRomania @_PolitiaRomana_ @IGSU_URGENTE_RO @JandarmeriaRo @FrontieraRO E ceva ciudat în fața la aeroport  otopeni  la terminal-ul sosiri  jos  unde două persoane mi-au cerut un foc puțeți verifica pe camere și după aceia m-ia zis că am loat corona când mia dat bricheta inapoi	NOT	NULL	NULL
Bani n-aduc fericirea, mult mai de pret e Drojdia!!!! #stauincasa	NOT	NULL	NULL
Au început afacerile, legalizate de starea de urgență. Să vezi acum îmbogățiți peste noapte, firme dedicate ce vor face milioane în mod....legal	NOT	NULL	NULL
Usi din lemn stratificat de interior sau exterior - modele si optiuni pentru fiecare locuinta	NOT	NULL	NULL
Nu exista dovezi ca animalele transmit COVID-19, dar expertii avertizeaza ca sunt necesare masuri de precautie	NOT	NULL	NULL
@lanzhanbarosan ioai frătiuț nu, ca esti ca si cristos pe twitter si l-ai vazut tu vreodata pă cristos sa zica ca-i prost? nu l-ai vazut. noa atunci?	OFF	TIN	IND
crezând că este o armă biologică ,în Whuhan(oraşul de unde a inceput)fiind şi cel mai mare laborator biologic	NOT	NULL	NULL
@B1site Si mata nu te ghiama? Are treaba cu tine si tu nu stii.	OFF	TIN	IND
@Digi24_HD E la moda, pe cine mira umorul românesc? 🤣	NOT	NULL	NULL
Stai locului!😄 ca scot astia niste avioane de lupta, abia s-au incalzit	NOT	NULL	NULL
unul foarte puținii dizidenți reali din timpul comunismului românesc	NOT	NULL	NULL
@yodoru2003 @alienvision1 De mâine ne întoarcem la normal	NOT	NULL	NULL
Pe Twitter sunt 379.000 de utilizatori români înregistrați, însă doar 43.695 au fost activi în 2018. Doar 9.000 de useri au avut peste 200 de postări anul trecut.	NOT	NULL	NULL
Tenis/#Coronavirus: Organizatorii turneului de la #Wimbledon evaluează ''toate scenariile'', inclusiv anularea competiţiei de Mare Şlem	NOT	NULL	NULL
Biserica fortificata din Alma Vii va fi restaurata, cu o investitie de 500.000 de dolari - etapele proiectului	NOT	NULL	NULL
Alertă de coronavirus la un Spital din Capitală. 28 de medici şi asistente au intrat în izolare	NOT	NULL	NULL
#Rusia: Două persoane, testate pozitiv la #coronavirus au decedat (autorităţi)	NOT	NULL	NULL
Am tușit de la etajul trei, doua babe cu câini au tresărit jos pe alee 😬	NOT	NULL	NULL
ARES ofera consultatii online gratuite pentru pacientii cardiaci aflati in izolare din cauza epidemiei de coronavirus	NOT	NULL	NULL
Mi-am dorit să dispară, dar nu am reușit să fac nimic.	NOT	NULL	NULL
@cristinadobre @basarab84 Înțeleg că in principiu nu-i frumos ca or mințit, da nu ma intereaza nici măcar daca ii minciună sau nu	NOT	NULL	NULL
Cum sa negociezi cand iti cumperi masina noua ca sa obtii discount:	NOT	NULL	NULL
INS: Managerii IMM-urilor se aşteaptă la reducerea cu 50% a activităţii sau chiar închiderea ei	NOT	NULL	NULL
-atunci când faceai torturi din noroi sau nisip si le ornai cu pietricele sau flori	NOT	NULL	NULL
de ce noi, oameni simpli ne gandim la varianta asta, si cei de la conducere, nu vor sa o ia in calcul?	NOT	NULL	NULL
@emiltoma_av Eu sunt halit: de când cu mizeria asta, am trecut de la 14/15 pe zi la un pachet.	NOT	NULL	NULL
Eu sunt cum sunt, nu-mi pasă de părerea altora! Cine nu mă înghite, nu are decât să se înece.	NOT	NULL	NULL
Da frt facem mare “cioată” si el a venit doar cu OCB uri	NOT	NULL	NULL
În aceste momente, în care stăm acasă și ne concentrăm pe educație, pe ce putem învăța pentru a deveni din ce în ce mai buni în carierele noastre, podcasturile sunt o…	NOT	NULL	NULL
Samsung Galaxy Note 20+ a primit randări foarte convingătoare, cu o cameră preluată de la S20 Ultra, dar ceva mai plată	NOT	NULL	NULL
@rcarolyn480 Atât poate omul...🤦‍♂️😂	NOT	NULL	NULL
Nu stiu voi dar unul din lucrurile de care devin constient, fiind in casa de o saptamana jumate - bai, deci folosim enorm de mult plastic. Foarte, foarte mult plastic. Daca nu e de la piata, de pe taraba, e cu plastic for sure.	NOT	NULL	NULL
Executare Silita Poprire Patria Bank Clauze Abuzive In Contractul Bancar	NOT	NULL	NULL
tocmai am am mancat paine cu usturoi, am mancat portocala, mi am facut ceai cu propolis, am luat vitamina C si decasept pt ca ma doare gatul	NOT	NULL	NULL
O lume nebună, nebună, nebună	NOT	NULL	NULL
#BreakingNewsAGERPRES Ministrul Sănătăţii a demisionat din funcţie; secretarul de stat Nelu Tătaru - interimar -	NOT	NULL	NULL
Cîțu a fugit de frica coronavirusului. Puneți-o pe Violeta Alexandru premier, e singurul om curajos din partidul ăla de pensați!	NOT	NULL	NULL
@itmorar "Covidul nu merge de doua ori la Papă" proverb vaticanez	NOT	NULL	NULL
Doamne, vino Doamne, sa vezi ce-a mai ramas din oameni...	NOT	NULL	NULL
Oameni cu copii, ce-l sfătuiți pe omul acesta?	NOT	NULL	NULL
@JoanaRSSousa Ficaste a flutuar cu mister	NOT	NULL	NULL
Vintule,te ia MAMA LU DRACU,daca nu-l BAGI IN PIRNAIE,pe acest SCHIZOFREN,care i-mi intra in casa	OFF	TIN	IND
Mihai Bendeac, declaraţii dramatice despre cariera în actorie, dar şi despre viaţa sa intimă: “Sunt disperat! Este pentru prima dată în existenţa mea când regret”...	NOT	NULL	NULL
Doamne ajuta!! E nevoie de repararea echipamentelor!	NOT	NULL	NULL
Ca sfaturi toti primim de la fel de fel de "experti"...	NOT	NULL	NULL
partidul nu permite esecuri, viata oamenilor nu conteaza acolo! sa vedem la noi cat va conta pentru "partid"	NOT	NULL	NULL
Te gandesti sa cumperi Manusi vinil pudrate? Vezi mai multe detalii aici Mihail N.  via @yotpo	NOT	NULL	NULL
@ingerisidemoni Nu e posibil!Numai testarea efectelor secund ar putea dura ani,pt ca pot exista astfel de efecte pe termen mediu si lung.	NOT	NULL	NULL
Poate singurul disident real din România. A murit departe de țară, fără să-i fi fost redată cetățenia română. Drum bun, maestre, și rușine pentru clasa politică!	NOT	NULL	NULL
@MarmotaDeCampie :))) sigur: 3 vocale (a,i,u) și 3 consoane (h,p,c) cu repetare o singură dată, nazal, cu h aproape mut și uuu prelungit.	NOT	NULL	NULL
@roxystoica2015 M-am gândit si eu la asta.Ne-am consultat intre noi.Unii ziceau ca cu doi ,altii ca trei”i”.....așa ca am dat cu banu’!	NOT	NULL	NULL
Tre' să fii idiot irecuperabil! Pulă, cu cash mai plătești eventual barcagiu' ăla care te trece Dincolo.	OFF	UNT	NULL
@RobertEVoicu Nu face așa ceva. E imposibil.	NOT	NULL	NULL
@GabrielGiurgiu2 Ideile, de asemenea, se pot deriva din trairi anterioare. Poti sa intuiesti ca o sa-ti fie sete dupa o alergare de 10 km, daca ti-a mai fost sete anterior.	NOT	NULL	NULL
După cinci ani de „prezidat”IohanniSS (citat din renumita frază prezidențială: „Nu mă joc, nici nu dictez, eu prezidez!”) el a generat rușine cât toți ceilalți trei laolaltă.	NOT	NULL	NULL
#Box/Coronavirus: Campionul britanic Anthony Joshua a intrat în #carantină	NOT	NULL	NULL
S-ar părea că virusul corona poate supraviețui până la 3 ore în aer și până la 3 zile pe anumite suprafețe. Autoritățile nu publică însă date oficiale în acest sens și nici nu ne instruiește cum să dezinfectăm corect ambalajele mărfurilor pe care le introducem în case noastre.	NOT	NULL	NULL
Sorin Lavric: Trăiesc cu impresia că o conjurație a mass-mediei și-a pus în gînd să-i aducă pe oameni la un prag de isterie obștească	NOT	NULL	NULL
Eu zic să plecați din țară cât mai puteți !	NOT	NULL	NULL
Era mai bine pe vremea brexit-ului	NOT	NULL	NULL
M AM DUS LA BUCATARIE SI ERA UN GANDAC NEGRU GIGANTIC PE JOS SI S A BAGAT SUB DULAP SI DUPA AM IESIT SI ERA INCA UNUL PE HOL SI ERA SA IMI CADA CANA CU APA DIN MANA AJUTOR	NOT	NULL	NULL
@skatecat_147 @roxidh E un drăguț de felul lui!😅	NOT	NULL	NULL
6 sfaturi de la ginecolog pentru gravide care au mai greu acces la servicii medicale din cauza COVID-19	NOT	NULL	NULL
Florin Cîțu, despre amânarea plății ratelor: Nu înseamnă iertare de datorii! Să fie foarte atenți când iau acestă decizie	NOT	NULL	NULL
Acest cont l-am facut prin decembrie,inainte de Craciun.Postam rar,deoarece nu era activitate,chiar si daca la descriere era"selfcare daily".Nu stiam cum sa pun filtre dragute,nici cum se fac editurile sau outrio-urile.	NOT	NULL	NULL
@PRO_BUILDINGS Acum. O să fie și un după.	NOT	NULL	NULL
@adrianamia_o Te iubesc foarte mult Vreau să vorbim Te rog Dă-mi un Răspuns Sînt Sportiv Și Am Propria Afacere Sînt O Persoană foarte Corect și foarte Responsabil Te sărut dulce Mult!!!❤❤❤❤❤❤❤❤	NOT	NULL	NULL
@madman1436 @FlorinAndone11 Numai la meci au  corona! Mall-uri sau la restaurant nu are nimic!!	NOT	NULL	NULL
Eu am impresia acum că dacă eu sunt supărat și nu mai joc FIFA, nimeni nu mai joacă FIFA. 🙈 A dracu bulă.	NOT	NULL	NULL
Tara arde și nouă ne arde de  "Bravo fă, ai stil !" cu combinezoane de la Botezatu si matracuca aia care isi plimba găina.	NOT	NULL	NULL
Zi bună! #smileface #goodday #lamuncă #parlament	NOT	NULL	NULL
Dă-mi voie să îți spun: tragedia nu a început acum, tragedia a început când v-ați pierdut simțul rațiunii și al bunului simț.	OFF	TIN	IND
@basarab84 Schimbarea ordinii mondiale. 😉	NOT	NULL	NULL
@TudoseVali eu am citat din Adevărul...nu m-am uitat la Antena 3 de 12 ani. De cînd mă mai înjurau și pe mine.	NOT	NULL	NULL
@maads2010 ‘Neața😞 Sunt câteva indicați în decret, problema este cu lumea care nu stă in casă , sunt restricții, nu-i sperie nici amenda de 206€ care este penală.	NOT	NULL	NULL
Spitalele nu mai internează decât coronați, doctorii nu mai au timp să se ocupe decât de virusați. Asistăm la o uriașa decimare a populației la nivel mondial 😢 #COVID2019	NOT	NULL	NULL
@keyboardriot Cel mai relevant criteriu este relația de rubedenie. Marea majoritate sunt angajați pe pile	NOT	NULL	NULL
Președintele Belarusului: "Vă recomand să faceţi o saună, să beţi multă vodcă şi să munciţi din greu, în acest mod o să ucideţi virusul din organism"	NOT	NULL	NULL
Faptul că mizeria asta de emisiune se mai difuzează, e un jeg în sine. Înțeleg, te mai gândești la una-alta, dar las-o-n plm de treabă.	OFF	UNT	NULL
@PleuAlexandru4 Bună dimineața!🏕🙏❤😘	NOT	NULL	NULL
@OvidiuSky Pontiacul are dreptate la faza asta, chiar e aiurea revolta unora! 😎	NOT	NULL	NULL
@zoso Pe dracu’! Au băut și testele de aia nu e nici un caz!	OFF	TIN	IND
Firea cere Guvernului bani pentru spaţiile de carantină; Dancă îi spune să realizeze o echilibrare în interiorul bugetului	NOT	NULL	NULL
Fără legătură cu covid19 : clanul procurorilor, de la noi, seamănă cu ce a fost în Germania nazistă Gestapo. Urmăresc pe Viasat History niste filme despre Germania în WW2.	NOT	NULL	NULL
@mad_dame Freud ar putea să-ți explice niște chestii ;)	NOT	NULL	NULL
@onebluestar13 Ne ducem dracu rău de tot.	NOT	NULL	NULL
Democraţia nu poate fi suspendată în mijlocul unei crize atât de dramatice, a transmis preşedintele Parlamentului European, @DavidSassoli, în deschiderea unei sesiuni plenare extraordinare la Bruxelles pentru adoptarea de măsuri împotriva pandemiei de #COVID19 #EuropeanUnion	NOT	NULL	NULL
@stiripesurse_ro Ar trebui închise toate si asa sint focare de infecție!	NOT	NULL	NULL
Soborul Sfantului Arhanghel Gavriil	NOT	NULL	NULL
@w_lemn @Carlos_Sacalul Nu am spus că este mai bine în Ro sau că măsurile sunt anti maghiare: am spus ca Ro și Hu sunt diferite! Nu inventa conținut pentru mine, nu este necesar. Dacă ai ceva cu țiganii nu te ascunde spune-o!	NOT	NULL	NULL
Mai gândeşte-te odată. Când pleci din iad... chiar e recomandat să uiţi. Asta dacă o să poţi.	NOT	NULL	NULL
Noutăți în Campionatul Mondial de Raliuri: etapele din Portugalia și Sardinia au fost amânate	NOT	NULL	NULL
Aici azi a fost frig, dar vântul s-a mai potolit puțin.	NOT	NULL	NULL
@gusteru Deocamdată il fierbem. Cu usturoi, ca sa moară covidul.	NOT	NULL	NULL
Sunt controale in toate intersectiile!	NOT	NULL	NULL
Care te bagi să faci covid voluntar? 😬😒😳	NOT	NULL	NULL
@thezastru Eu doar ii întorc pe dos când mă întorc acasă.	NOT	NULL	NULL
@Horia8Bogdan Nu de-acolo se trage! Pacientul 0 nu a avut nicio legătură cu piața de animale, nici jumătate din primii 10 diagnosticați.	NOT	NULL	NULL
@AncaPopaSQ doar în Canare o să avem 100 000 de şomeri doar din turism	NOT	NULL	NULL
Ce sa faci când te simți singur	NOT	NULL	NULL
Cred că "fake vs reality-like digital avatar" în ultimii ani înclină semnificativ spre al doilea (GDPR - safe, anti-fake etc). Apoi "proof of stake" - cine își actualizează datele pe Linkedin are un scop clar, de ce nu ar face la fel și pe Facebook? Ceva studiu / info comparativ?	NOT	NULL	NULL
Pacientul nr. 1 din Torino fusese declarat vindecat de coronavirus, dar a fost rediagnosticat pozitiv...	NOT	NULL	NULL
Doreste cineva sa ajute, cu alimente o bunicuta ?	NOT	NULL	NULL
Bogdan Aron, românul vindecat de coronavirus, trage un semnal de alarmă: ”Toată lumea e pe stradă. Credeam că românii au înțeles că ne paște un pericol mare”...	NOT	NULL	NULL
10 tehnici de liniște si sănătate interioară, pe durata fricii de Coronavirus	NOT	NULL	NULL
Cum ar fi să punem fiecare poze cu incinta caselor noastre in acest moment. In special cei care aveți odrasle :) EU nu am curaj :) Maine, că e mai jale	NOT	NULL	NULL
să-ți amintești la 5 jumate dimineața random că acum mulți ani ai văzut niște mesaje ale maică-tii cu cineva care nu era taică-tău și te-ai gândit că sună prea afectuos ca să fie trimise cuiva care nu e taică-tău și că s-ar putea să îl înșele or something, dar nu ai zis nimic...	NOT	NULL	NULL
Doi inculpaţi pentru terorism în SUA după ce au tuşit deliberat către alte persoane şi au pretins că au #coronavirus	NOT	NULL	NULL
.@Simona_Halep: "Traversăm cu toții o perioadă foarte grea. Este, pe de altă parte, și ocazia perfectă să arătăm că știm să fim solidari și responsabili cu viețile noastre și ale celor din jurul nostru."	NOT	NULL	NULL
#foto Bogaţii şi-au luat măsuri de prevenţie împotriva coronavirusului.	NOT	NULL	NULL
Fraților, dacă vă fac bine scenariile de orice fel despre cine e în spatele COVID-19, folosiți-le. Orice ajută! Nu sunt sarcastic. La fel cum nu încerc să conving pe nimeni să-și schimbe religia și credința.	NOT	NULL	NULL
MAICA TEREZA ȘI TAICA GABRIEL	NOT	NULL	NULL
Federatia Solidaritatea Sanitara: Daca refuzati in continuare testarea personalului, nu va mai avea cine sa va trateze!	NOT	NULL	NULL
@SBaoad @Alien_draft Pai nu vrea tot romanu' #otaracaafara? la ce dracu' mai vrem #otaracaafara? Ca sa-i umplem de bani?	NOT	NULL	NULL
La nivel mondial, a început o cursă contra cronometru pentru găsirea unor vaccinuri eficiente împotriva infecţiei cu noul coronavirus.	NOT	NULL	NULL
@DeeGoesLive @laylow1948 Multumesc de sfaturi. Sunteti niste draguti😉	NOT	NULL	NULL
De oriunde va apărea antidotul vor fii unii că păi da că plm că conspirații că îl aveau că oculte că masoni că americani că reptilieni căcat aiurea.	NOT	NULL	NULL
@ingerisidemoni E fake news cum ca am fi refuzat ajutor de la chinezi	NOT	NULL	NULL
caca ma si pe profa de franca zici ca nu stie sa isi foloseasca telu 😭	OFF	UNT	NULL
@norvina1 A pfff în România cel puțin dacă te uiti pe geam si stai la bloc vezi oamenii p-afara	NOT	NULL	NULL
@severvoinescu Observand ca ne ducem dracu' cu poluarea niste extraterestrii prietenosi au luat-o pe ocolite, gen, sa ne avertizeze prin guvernele proprii	NOT	NULL	NULL
Când se împlinește opera lumii, artistul și spectatorul pot fi învinuiți de crimă împotriva vieții.	NOT	NULL	NULL
ce-au făcut apartament 58 și 50 perioada 2010 interval 2020 ! anumiți pacienți din Bagdasar să citească pe Facebook : vai au neamuri de țigani drogați	NOT	NULL	NULL
„Ne aflăm într-o situație cu care omenirea nu s-a mai confruntat în istoria recentă. Vom trece cu bine prin această grea încercare luând imediat cele mai drastice măsuri și înțelegem cu toții că severitatea lor este pe măsura gravității perioadei ce o traversăm”	NOT	NULL	NULL
@LoredanaLutac Dar știm sigur că-i mort. Asta e clar	NOT	NULL	NULL
@DacianSoros Desigur,mulțumesc.	NOT	NULL	NULL
@andreianu aşteaptăm să vedem conferinţa de presă de azi a lui BJ să vedem ce măsuri confuze se mai iau.	NOT	NULL	NULL
Unde găsesc mingea cu care joaca băieții?	NOT	NULL	NULL
Petre Daea: Fermierii și hrana sunt scutul nostru de apărare împotriva dușmanilor nevăzuți	NOT	NULL	NULL
@wendyiloveyou2 da-o dracu zapada, de cate oti nu era sa mor din cauza ei, da e buna..	NOT	NULL	NULL
Acum 2 zile am facut publica acapella piesei "Nu stim sa pretuim" pentru cei care doresc sa ii faca un remix. Primul remix pe care l-am primit ii apartine lui DJ Knistru.	NOT	NULL	NULL
@CloneSandman Ghiță s-a întors în țară? Parcă a fost anulat mandatul de arestare, știu bine?	NOT	NULL	NULL
Inainte de sex va ajutati unul pe celalalt la dezbracat, dupa sex fiecare se imbraca singur. Morala: Nimeni nu te-ajuta dupa ce te fute!	NOT	NULL	NULL
@ailel4 Interesantă o chestiune. Dacă virusul se ia pe mâini , la ce trebuie mască ?? Poate mănuși ..?? S-au poate niste sârmă de cupru înfășurată , că cică pe Cu nu se pune virusul , spuneau cercetătorii americani..!! Ce mai distrează ...virusiada...😀😀😀	NOT	NULL	NULL
Unii dintre ei argumentează că doar acolo se găsesc capace de wc pentru o priză sănătoasă.	NOT	NULL	NULL
ce trebuie sa va dau pentru a vota pentru nct pe mubeat? am doar poze cu flori sau nct daca vreti	NOT	NULL	NULL
Pentru ca-i lasa nevestei casa si toate lucrurile de pret?	NOT	NULL	NULL
Cedemonstreaza dragul unora de Johannis?lipsa de discernamint?Poate un argument indirect,in contextul actual:”Speriati de epidemie,oamenii par sa se fi resemnat cu noile intruziuni ale autoritatilor in viata lor si,uneori,chiar accepta cu bucurie limitarea drepturilor cetatenesti	NOT	NULL	NULL
@octavpelin Omu' era foarte bolnav încă din 2014-2015, n-a murit de la corona. E o minciună ordinară!!!	NOT	NULL	NULL
Pentru ca i-a ramas doar Bunul Dumnezeu!	NOT	NULL	NULL
Nu vreti sa stati dracu nici in carantina. Doamne de nu imi vine sa va catapultez pe toti inapoi	OFF	TIN	GRP
România are un număr mic de virusați declarați, pentru că nu face destule teste. Și acest lucru – dacă nu se iau măsuri rapide – îi va exploda la un moment dat în față – ca în Italia și ca în Iran. Restul sunt minciunile și dezinformarea pe care le practică acest Lodovic…	NOT	NULL	NULL
@MoiseGuran Credeam ca Oltenii Au Solutii ! Insa cu nonsalanta descriu Neputinta #bizzyneputinta	NOT	NULL	NULL
HP si partenerii sai ofera solutii de imprimare 3D in lupta impotriva COVID-19	NOT	NULL	NULL
Nu-mi pot permite momente de slăbiciune, dar sunt zile în care pot să mă prăbușesc și eu.	NOT	NULL	NULL
Farmecul democrației: răspunderea e colectivă, individualitatea dispare, constatase dezgustat Aristotel prin anul 300 și ceva î.e.n. 😭	NOT	NULL	NULL
@Horia8Bogdan Eu port masca de vro luna cand apăruse abia in Italia!Având la activ atat eu cat si fiul meu o pleurezie si antecedente in  deces de cancer la plămâni,am simtit nevoia sa ma protejez!Nu vreau sa vă explic cum fugea lumea de mine prin market!	NOT	NULL	NULL
Un alt suspect de coronavirus a fugit dintr-un spital din Galați. A băgat șapte persoane în carantină...	NOT	NULL	NULL
@GabrielGiurgiu2 @AlexPop76 @Horia8Bogdan @ciulea Păi pentru cretinii care nu respectă niște legi, deoarece ei nu cred in existența acestui virus, e normal să-i ameninți cu pușcăria, că cu niște amenzi ridicole nu rezolvi nimica. Aici nu mai e vb de democrație sau comunism, vorbim de siguranța tuturor.	NOT	NULL	NULL
Cu asemenea stiri...era si cazul!	NOT	NULL	NULL
@BoyWithPlant Same... e si mai fain ca anu are varsta ta in el. Plm vreau si eu sa am 20 de ani 2020 coaie.	NOT	NULL	NULL
ro moots știți bombonelele alea care se pun pe coliva?? deci eu le ador... și a fost mama azi la selgros ȘI MI-A LUAT O PUNGA IMENSA NUMAI CU BOMBONELE PENTRU COLIVA HOW CAN YOU NOT LOVE HER???	NOT	NULL	NULL
Știe cineva unde pot citi propunerile economice ale marelui economist de renume dâmbovițean Eugen Teodorovici?	OFF	UNT	NULL
45 de tone de echipamente medicale ajung în România, din Coreea de Sud, cu o aeronavă NATO	NOT	NULL	NULL
@ionutzelgabriel Uhuu, grea carantina de unul singur.	NOT	NULL	NULL
I-ascultați aici, fumătorilor!	NOT	NULL	NULL
#Arad: Primul aparat de testare #COVID-19 a ajuns la Spitalul Judeţean, împreună cu teste pentru trei luni	NOT	NULL	NULL
"@trueroobert Iau țiganii in pula ca asa vreau eu, ma cert cu toti ca asa vrea pula mea, altceva, daca te supăra vino, dar pun pariu ca tu nu știi sa ții un ciocan macar in mana, nu ai har sa lucrezi ceva	OFF	TIN	IND
@d3void_ Nu mai mult decât eu	NOT	NULL	NULL
@KlausIohannis @StirileProTV De ce nu se iau măsuri mult mai stricte de urgentă? Avem exemplul Spaniei unde cazurile de Covid 19 au crescut de la 1000 la 8000 intr-o sapt, iar astăzi sunt peste 11.000 cazuri Covid 19?	NOT	NULL	NULL
@SceltoDaglidei Gasesc pe dracu spirt! Si-mi trebuie sa dau faianta.. 😃	NOT	NULL	NULL
Nu stiu dar vad ca ei, medicii, merg pe un plan (etape) probabil stabilit si de OMS, functie de evolutia virusului si nr. infectati -bolnavi	NOT	NULL	NULL
Patriarhia Română: Ora de Religie - difuzată la Trinitas TV	NOT	NULL	NULL
@Cristia55055441 Bine zis Sf moaște! 🤣🤣🤣	NOT	NULL	NULL
Iar dacă există 1 caz netestat - o luăm iar de la capăt.	NOT	NULL	NULL
Daca n-o primesti, nu voi avea odihna	NOT	NULL	NULL
Digi a dat 2 luni cadou HBO, FilmNow gratis, dacă dau la popor si SuperOne 4K or să ia fața Netflix-ului.	NOT	NULL	NULL
@radusmall Pe dracu ba drace, la voi robin hood e mort și îngropat dimult, nu faci haiducie cu indienii, harapii, magrebienii, țiganii și ce mai aveți voi ... aaa irlandezii? 😇😈	OFF	TIN	IND
ai de pula calului! putin, erdogan și toți tiranii din țările "democratice" cred sunt verzi de invidie.	OFF	UNT	NULL
Anu asta 1 mai o sa fie un fel de revelion cu Dan Negru	NOT	NULL	NULL
@cristinadobre @denis26_denise Tonul da, dar nu e singurul factor, "ochii nu minte" și i-am văzut în full HD.😂	NOT	NULL	NULL
HBO, creştere a audienţei cu 40% în vremuri de carantină din cauza noului #coronavirus	NOT	NULL	NULL
Chiar acum am mai băut două cafeluțe la 1 leu nou românesc de la un magazin din centrul orașului, Slatina, Olt și am mai fumat încă două țigări Pall Mall negru la bucată!	NOT	NULL	NULL
@LTeglas @MarmotaDeCampie Livia, americanii, israelienii, parcă și belgienii au început testele încă de acum câteva zile....	NOT	NULL	NULL
@blankfrost2 Blank ce plm ii bulanu asta pe tn ba ca nu inteleeeeg=)))	OFF	TIN	IND
@127scuadXD roots dați welcome acestui nou cont de shitposting, crize și meme-uri	OFF	TIN	GRP
@TrinityEternal2 Dacă îmi ești prieten...trimite-mi că o să ai grijă de tine!🏕❤🙏🏕❤🙏	NOT	NULL	NULL
@denis26_denise Stii ce e trist, daca acceptam totul! cand spun tot inseamna tot!	NOT	NULL	NULL
@ingerisidemoni Bun articolul! Puțin prea pesimist parcă...	NOT	NULL	NULL
Ce #plm vorbește Klaus acolo? Poate pișă și o lacrimă cretinul #BPÎRL	OFF	TIN	IND
@GabryIonesc2 @radusmall Mi se pare mie sau miroase a razboi?	NOT	NULL	NULL
Informație de ultimă oră! Medicii români au inventat vaccinul împotriva COVID-19	NOT	NULL	NULL
de unde plm au iesit tantari primavara abia a respirat chill fratilor ca nu am chef sa imi iau sugere de sange	OFF	UNT	NULL
@Horia8Bogdan @puttycat A luat masuri pe dreacu, au intrat 2500 de chinezi in Romania DUPA ce China blocase Wuhan iar comunistii sudau usile la blocurile clasei muncitoare de unde ii scoteau numai morti buni de crematorii. Au crezut ca prostii cifrele Partidului chinez.	OFF	TIN	IND
Cum dracu sa nu fi indragostit de tehnologiile folosite pe tractoare in anii '90?!	OFF	UNT	NULL
@adivino2010 Nu uita cine conduce Germania ...stupiditatea democrației ... Merkel....!!	OFF	TIN	IND
@ingerisidemoni Ca să produci din nou biocide, trebuie-ntâi să produci iohannocide, sicăcide orbețicide și tâmpitocide. Chestie de durată, cu atâtea soiuri de carcalaci...	OFF	UNT	NULL
Sunt total împotriva pensiilor speciale.. da', în vremea asta, numai de pensii speciale îi fute grija, de dragul voturilor.	OFF	UNT	NULL
Pe lângă faptul că aplică măsurile de carantină, legea permite, de asemenea, autorităților să forțeze vaccinarea oamenilor, chiar dacă în prezent nu există vaccinare pentru virus.	NOT	NULL	NULL
Momente impecabile cu multă munca și Ambiție doar la  #romaniiautalent ❤️	NOT	NULL	NULL
@denis26_denise Cu oricine vb din sistemul sanitar de la voluntari și studenți pina la medici, toți îmi zic ca va urma prapadul	NOT	NULL	NULL
primarul timisoarei, in pandemie: eu nu am inhibitii!	NOT	NULL	NULL
Pe dracu, nu deosebește arpagicu de ceapa, leușteanul de pătrunjel și fagul de stejar ...	OFF	UNT	NULL
Trimit 3 miliarde de euro pe an în țară şi țara îi primeşte în carantină cu jeg.Ludovice,tu eşti bine la Vila Lac?Îți aducem ceva de la Mega?	NOT	NULL	NULL
Începutul a fost greu. Acu-i boul la butoane și maimuța la brici.	OFF	UNT	NULL
@halmerb Nominalizează, să ştiu şi io.	NOT	NULL	NULL
@CloneSandman @miradulescu @GabryIonesc2 Coae tu nu te uiți la tine că ești un complexat dislexic, contează că ești urat sau strâmb hoașcă sau moș ?	OFF	TIN	GRP
Medicii şi societatea civilă cer testare în masa pentru COVID-19, în România	NOT	NULL	NULL
Ce mi se pare tare e ca formularele CSU pentru somaj tehnic sunt Albastre si Galbene. S-a gandit mult PNL-ul la asta?	NOT	NULL	NULL
@GentiDeBani Marș în PLM ca m-ai plictisit.	OFF	TIN	IND
@dj_mezeneu Been there, dar m-a hrănit mama pentru că încă stăteam la ai mei.	NOT	NULL	NULL
Campanii Lichidari primavara si Promotii de primavara, ambele cu produse din stoc, pentru care livram IMEDIAT :	NOT	NULL	NULL
@klubbingman Unul mai are si 89 de ani...	NOT	NULL	NULL
Crezi ca sunt utile? Cui ajuta? Nu ajung 15 ani de heitareala? Eu zic sa lasi in pana mea avioanele si apuca'te sa faci ceva util, ca la ce vine, nici dracu nu te mai salveaza. E un sfat prietenesc.	OFF	UNT	NULL
omg, de când nu am mâncat de astea 😭😭😭	NOT	NULL	NULL
Bagă o ordonanță pt amânarea ratelor la bănci din care să reiasă că ești prost și ticălos.	NOT	NULL	NULL
@SilviuFoca da, îmbogățiți peste noapte, mai ales dacă noaptea ține cîteva săptămîni	NOT	NULL	NULL
@KlausIohannis Multa putere si credinta va doresc Dle. Presedinte!!	NOT	NULL	NULL
@radusmall Da, așa e, pregăteau niște exerciții cu NATO &amp; shit. Le-a trecut (momentan)...	OFF	TIN	IND
Cred că cei mai fericiți zilele astea au fost producătorii de hârtie igienică scumpă	NOT	NULL	NULL
@w_lemn Rămâne traficant doar statul. La fel s-a întâmplat și cu prostituția.	NOT	NULL	NULL
@_lor3scu_ Iar acum, pe bune și sub cuvânt de onoare, habar nu am cine este individa. Îmi explică cineva?	NOT	NULL	NULL
@robertruss21 @peretsergiu17 @otiliag1 românia are scenarii în funcție de cazul de îmbolnăviri. despre ce plm vorbim?	OFF	TIN	GRP
Dacă să stai în casă ca să eviți contactul cu oamenii e carantină, înseamnă că eu sunt în carantină de vreo 15 de ani.	NOT	NULL	NULL
@i0n1ca @CloneSandman Ai copil , da i lui ... aia nu e scădere .. aia e praf in ochi .. scrie mi când e 3,8 și mi cer scuze ..	NOT	NULL	NULL
Leoreanu (PNL) : "Astăzi au avut loc niște concluzii" - Unde au avut loc?! Că aveți capu' mic. Nuie loc de concluzii.	OFF	TIN	OTH
@Concy90257370 Doamne ajuta la toată lumea sa fie satoasa!	NOT	NULL	NULL
Sa incerci sa manipulezi populatia cu artificii din acestea ieftine de amatori mai inseamna: dispret, lipsa de respect si incapacitatea de ati asuma cu curaj masurile pe care trebuie sa le iei.	NOT	NULL	NULL
Japonia continuă să urle lumii că sunt centrul incompetenței. De asemenea, sunt un membru incompetent.	NOT	NULL	NULL
Acum e drept ca nici conditii ca la Vila Lac nu trebuie sa le asiguram.Alea-s conditii pentru cei care nuau avut serviciu in ultimii 30ani	NOT	NULL	NULL
daca ma mai fute taica-mio la creier jur ca l-oi păli	OFF	TIN	IND
Salarii micsorate la CSM!	NOT	NULL	NULL
Mercur retrograd, și uite cum noul virus a făcut horoscopul inutil !	NOT	NULL	NULL
frate am vrut sa ma programez la tuns la o frizerie si cica scuze tundem doar barbati coaie am parul mai scurt decat tine si vreau o tunsoare barbateasca :((	OFF	TIN	OTH
@MarmotaDeCampie e autorizată o deplasare pe săptămînă pentru alimente	NOT	NULL	NULL
Există motive populare să te împotrivești recomandărilor.	NOT	NULL	NULL
@denis26_denise @SanduGeorgeCla1 Desigur, și dacă considerăm și ceilalți factori existenți până acum asta nu e decât un factor major în plus.Nici de sus nu suntem ajutați cu măsuri concrete!E nevoie de ancore pentru societate, nu de "vom face/drege"	NOT	NULL	NULL
Trăim vremuri când a face cumpărături la supermarket e ca o joacă în ruleta rusească.	NOT	NULL	NULL
@subiectiv Păi nu trebuia să se oprească la peste 20 de grade?	NOT	NULL	NULL
@Observator_TV Disperati?Protest ? Cand nivelul prostiei este asa de mare ar trebui sa fie lasati acolo sa moara de foame ...Suntem in carantina la nivel european de cateva zile, multe tari au anuntat din timp inchiderea granitelor	OFF	TIN	IND
@JezTiny fa mizerie care esti,daca te fute covid19 in cur cum te-ai simti ???	OFF	TIN	IND
#Iohannis: Rolul SRI este esenţial în contextul pandemiei de #coronavirus	NOT	NULL	NULL
Campania de promotii de primavara	NOT	NULL	NULL
Guvernul ia azi în discuție o decizie privind casarea unor macazuri luată de CFR SA acum trei ani	NOT	NULL	NULL
@santaromica P.S. Am găsit. Numărul de teste efectuate : totale și în ziua respectivă.	NOT	NULL	NULL
Comisarul pentru comerț, @PhilHoganEU: Ne confruntăm cu o criză a sănătății publice fără precedent, cu consecințe grave pentru economia europeană. 	NOT	NULL	NULL
Noul ministru propus la Sănătate, Tătaru, are ditamai viloiu' și un apartament de la ANL!!!	NOT	NULL	NULL
@radusmall @ioanapistol Eee, nu eu, vară-mea :)	NOT	NULL	NULL
Andreea Bălan nu poate să-l uite pe George Burcea! Mesajul subliminal transmis pe internet: “Cum de poți zâmbi așa cu gândul în altă parte”?...	NOT	NULL	NULL
Lupta cu coronavirusul. China anunţă, după teste clinice, că medicamentul antiviral pentru gripă Favipiravir este eficient împotriva COVID-19...	NOT	NULL	NULL
Ce sa vezi? Uite ca acum pot sa isi dea demisia in masa. Oare de ce inainte cand erau aceleasi conditii infecte in spitale nu puteau? Cumva din cauza ca riscurile pentru ei erau mici si pacientii puteau sa se duca pe pula cat timp lor le intrau banii bine-mersi?	OFF	UNT	NULL
@aditeaca @denis26_denise Sa arate bine in poza internationala, uite si Romania a luat masuri extraordinare,vaiii, vaiii	NOT	NULL	NULL
Declaraţia zilei aparţine preşedintelui Consiliului Concurenţei, Bogdan Chiriţoiu	NOT	NULL	NULL
Un tânăr de 19 ani a mers pe stradă cu peştişorul din acvariu pus într-o pungă şi le-a spus poliţiştilor că a ieşit din casă ca să-şi plimbe animalul de companie ... 😜	NOT	NULL	NULL
când eram frate cu voi, eram cel mai bun, acum, că vă iau morții în pula, dacă comentați aiurea, nu vă mai convine	OFF	TIN	IND
@lanzhanbarosan Fute l și pe celălalt măcar așa stai in pat și nu pe gresie	OFF	TIN	IND
Restricțiile se termina destul de aleatoriu si parerea mea îi ca politicienii vor lua in calcul situația economică, sfaturile venite din domeniu (oms) si se vor orienta dupa cum au facut alte state deja.	NOT	NULL	NULL
Comisia Europeană constată că statele UE sunt capabile să răspundă doar unui procent de 10% din cererea actuală de echipamente personale de protecţie şi alte dispozitive medicale; majoritatea au stocuri şi capacităţi limitate de a-şi suplimenta producţia #EuropeanUnion #COVID19	NOT	NULL	NULL
Volkswagen: “Piața auto din Germania va reveni la normal în această vară”	NOT	NULL	NULL
Ziua 3 in carantina: m am împrietenit cu fantoma din camera mea care a murit de ciuma bubonică deci putem vorbi de pandemie impreuna ✌🏻	NOT	NULL	NULL
Sunt tare si nimeni nu poate sa ma doboare am putere mare	NOT	NULL	NULL
Sau niste intelegeri respectiv afland, le-a convenit.	NOT	NULL	NULL
@PleuAlexandru4 Da,sunt inf. care se arunca de unii si altii le stiu.	NOT	NULL	NULL
Mi-am luat report pe Facebook, ca mi-am baga pula in gura la bozgori acum vreo luna când era scandalul ala cu cei din SiR Lanka	OFF	TIN	GRP
O aeronavă militară cu 45 de tone de echipament medical din Coreea de Sud a aterizat pe Aeroportul Otopeni	NOT	NULL	NULL
@stiripesurse_ro Lu' Guzganian nici nu-i trece prin barbă că nu cu jalba-n proțap obții ceva de la Sică3, ci dacă le tragi curu'-n proțap.	OFF	TIN	IND
@k0ffy dar cei care deja lucrau de acasa?	NOT	NULL	NULL
@DoarDiana Lasă să nu vină să stea dracu acolo cum au stat și până acum  !	OFF	TIN	IND
Intalniri amoroase in vremea Covid-19 – misiune imposibila? Ce solutii noi au cei singuri?	NOT	NULL	NULL
@Adevarul Poliția ce face ? Izolat la carcera.	NOT	NULL	NULL
@ZoliBara @SorinPaun3 @KlausIohannis Pai idiotule, esti un castrat! Daca ar trebui să mergi la razboi... Dacă ție îți e frica distrusule de un rahat de viroza.	OFF	TIN	IND
inchideti in pula mea mallurile	OFF	UNT	NULL
@AndreiCismaru E ocupată cu decorațiunile de Crăciun, poate-poate de data asta nimerește trofeul Euro.	NOT	NULL	NULL
@KlausIohannis Eu am ramas blocat in America de Sud, Peru. Cum procedez ?	NOT	NULL	NULL
Sigur, sexul e grozav, dar ai experimentat senzația aia când ți-ai dat seama că doar tu ai văzut ultimul pliculeț de drojdie de pe raft la oșan sau carfur?😊	NOT	NULL	NULL
Americanii pun mașina de făcut dolari în funcțiune. FED va împrumuta SUA, care și așa avea datorii imense.	NOT	NULL	NULL
Ba, @Digi24_HD , calculul din studiul ala din 2012 e adevarat doar daca avem 3852 de paturi (pentru 18 milioane de locuitori) SAU cu datele oficiale de la GCS, daca suntem 12 milioane de locuitori. PLM!!!	OFF	TIN	GRP
Nu stiu ce e mai sinistru... Sa iei Covid-19 si sa te tratezi in spitalele din Romania sau sa ti se termine bateriile de la Xbox noaptea.	NOT	NULL	NULL
“ el are boala copilului !!!! minus Virgil !!! “	NOT	NULL	NULL
Iată cum pot obţine firmele Certificatul de Situație de Urgență pentru a primi ajutor de stat -	NOT	NULL	NULL
@diohnisrv Si ti se pare ok sa iasa? Daca oamenii nu inteleg cu frumosul, sa vina armata sa ii bage dracu in casa, daca cu voie buna nu merge.	OFF	TIN	IND
of ca maine tre sa merg sa mi caut alti nadragi vr si io sa stau dracu in casa	OFF	UNT	NULL
Cine vrea sa vb cu mn	NOT	NULL	NULL
@i0n1ca Aha. Nu mai au fonduri.	NOT	NULL	NULL
nu am omorât pe nimeni , am făcut 16 , vreau să văd salam cu pâine	NOT	NULL	NULL
De ziua lui primarul Lucian Morar stă acasă.  Azi, 26 martie 2020, președintele PMP a împlinit 42 de ani !	NOT	NULL	NULL
Totuși, și vocabularul de bază nu e atat de simplu :/	NOT	NULL	NULL
@mihairotar E tragic, știu, dar hai sa ne gândim și la cei care se vindeca sau la asimptomatici. Ca trebuie sa trăiască și ei mai departe. De aia zic, nu am văzut pe nimeni sa își pună problema și nici o analiza nu am văzut pe tema asta, in rest e plin de grafice cu viruși.	NOT	NULL	NULL
@LeroivAmis Evident. Si acum înmulțește cu 100x la nivel național. Eu le-aș face dosar penal pentru abandonarea îndatoririi profesionale in perioada Stării de Urgență. Sunt toți pesedei, nu or să pățească nimic.	NOT	NULL	NULL
Sefa DSP Suceava a demisionat. Secretar de stat: Ne confruntam cu demisii. Demisie si abandon	NOT	NULL	NULL
@MarmotaDeCampie Total. Și ăsta e centrul.	NOT	NULL	NULL
@_lor3scu_ Pana in Martie 2022 au tot timpul din lume. :)	NOT	NULL	NULL
Vivo iQOO Neo 3 apare într-un prim teaser; Va oferi procesor Snapdragon 865, 5G și ecran cu rată de refresh superioară	NOT	NULL	NULL
@TanarulD Cui ii pasă?	NOT	NULL	NULL
Plm! Cand ma apuc sa gatesc, plange ceapa.	OFF	UNT	NULL
@daco_get @bordianu_marian Sa cream o societate libertariana, cu un guvern si administratie mica si eficienta de genul Oradea sau Ciugud.Scoatem afara impostorii din functii publice.	NOT	NULL	NULL
@yoogieboobie Ale ce pula mea	OFF	TIN	IND
deci să mor io dacă am auzit până acu că el zice “te țin de coi”	OFF	UNT	NULL
Istoria cunoaște perioade similare care au fost legate de catastrofe globale, războaie și situații excepționale […]. Globalizarea s-a prăbușit complet, rapid și irevocabil	NOT	NULL	NULL
I-auzi băi băiete, firma lui botezatu tocmai ce a încasat un contract de 18 mil euro ptr combinezoane și măști. Băi ești prost, cum dracu’ au ajuns tocmai la botezatu nene??	OFF	UNT	NULL
De fapt,fără nici un drept,toate drepturile au fost suspendate. Poliția și armata pe străzi pentru a-i identifica și prinde pe eventualii evadați,adică pensionarii	NOT	NULL	NULL
PENIBIL! sa mearga sa pazeasca hotii de lemn scos pe furis din tara	NOT	NULL	NULL
@denis26_denise Ce dracu' să traduc ceva ce nu vezi...	OFF	TIN	IND
E o pandemie in plm da tu lasi sa vina oameni inapoi	OFF	UNT	NULL
@SofiaCovaci Tot e ceva ....PNL USR ???? ....aia nimic ? 😤🤬	NOT	NULL	NULL
S-a lansat Rabla Plus 2020 - Topul celor mai vandute masini electrice si hibrid in Romania	NOT	NULL	NULL
@Alexxandra91 @OrodelDolj @KlausIohannis Intr-adevar, asa este poate. Dar ce nu inteleg majoritatea oamenilor este ca nici toti banii din lume, nici toate masurile din lume nu pot opri acest virus. Nici cel mai smecher conducator. Doar educatia civica poate stopa acest lcru. Asa ca hai sa o lasam mai moale cu politica..	NOT	NULL	NULL
@bogdantatuta @NarcisD @Cernat_Catalin Sigur că nu iese, dar dacă ar trebui să meargă la medic? sau să-și ia o pîine? Noroc că stă în România unde regulile sînt altfel	NOT	NULL	NULL
Curtea de Apel Ploiești a decis definitiv, luni, să înlocuiască măsura arestului preventiv cu cea a controlului judiciar în cazul lui Gelu Oltean, fostul șef al serviciului secret din Ministerul de Interne.Qest erat demonstratum.Slava KWI !	NOT	NULL	NULL
#Tătaru: Spitalul Judeţean Suceava - focar care a ajuns în acel punct în care a decimat personalul medical	NOT	NULL	NULL
Istet!mai ales daca convingi masele ca ele sunt eroii-salvatori si sa extinzi pe luni de zile masurile(restrictiile), suprimand orice forma de impotrivire sau de a cere explicatii...	NOT	NULL	NULL
daca in luna decembrie o masca sanitara costa 0.25 lei/buc la furnizor, in prezent costa intre 4.5-6 lei/buc.	NOT	NULL	NULL
Bro Ce Pula Mea E Cu Toți Rapperi Ăștia Albi Gen Du-te La Cărturești Coaie 😂😂	OFF	UNT	NULL
Povestea unor tineri voluntari din Sibiu care produc viziere de protectie si le impart gratuit medicilor	NOT	NULL	NULL
Windows 10 are doua noi vulnerabilitati prin care poate fi atacat	NOT	NULL	NULL
De ultimă oră! În această seară au fost raportate încă 3 decese confirmate cu COVID-19 pe teritoriul României. Vezi din ce zonă sunt victimele	NOT	NULL	NULL
@CloneSandman Spuneau ăștia că există document informare oficial, cu nr de înregistrare cu tot ce trebuie	NOT	NULL	NULL
nu stiam ca e un tip la mine in bucatarie si m-am dus la frigider in prosop poate ca vreau putina moarte	NOT	NULL	NULL
@agerpres Niciodata astfel de masuri nu vor putea fi implementate cu vorba buna si ratiunea, statul trebuie sa scoata 'bata" astfel incat populatia sa inteleaga ce trebuie facut. Din pacata Spania si Franta nu au inteles nimic din ce se intampla in Italia....si nici Romania se pare ca nu.	NOT	NULL	NULL
Va vad cum va plangeti ca va plictisiti ca sa stati in case. Plm, eu as vrea sa stau in casa, sa nu ies deloc afara, sa pedalez ca un hamster bicicleta, sa fac flotari, sa citesc si sa comand mancare pentru ca NU SUFAR SA GATESC.	OFF	TIN	OTH
Mesaj de adio al unui tată de 39 de ani: ”Vă rog, nu fiți proști!”	NOT	NULL	NULL
Medicii ne roagă să stăm în casă pentru a nu le da mai mult de muncă.  Noi, Batman: vrem marș pentru a le mulțimi !  Concluzie : stați in plm in case !	OFF	UNT	NULL
tu ioana cum dracu avem acelasi header si efectiv nu m-am luat dupa tine l-am gasit pe pinterest	OFF	TIN	IND
Cum poti completa online o declaratie pe propria raspundere pentru a iesi din casa?	NOT	NULL	NULL
Orasul meu trece prin necaz, Doamne ajuta.	NOT	NULL	NULL
acesta postare este o idee originala asa ca daca doresti si tu sa faci acest lucru pe contul tau nu uita sa imi dai credit. Ideea acestei postari este ca o sa urmeze cateva dansuri facute de charlie d’amelio pe care si eu le stiu face (ca sa raman anonima am pus-o pe charlie)	NOT	NULL	NULL
UNDE DRACU GASESC CERCEI DINASTIA CARE ATARNA CA PLANG EFECTIV	OFF	UNT	NULL
Doi prieteni își petreceau o scurtă vacanță într-o excursie cu bicicletele. S-au oprit pentru a se odihni la un han din sat, au consultat o hartă a traseului, care este reprezentată în ilustrația noastră într-o formă extrem de simp…	NOT	NULL	NULL
Dacă vrea să producă ceva valoros, el este nerăbdător să evadeze din propria viață. Se transformă într-un soi de chirurg și-și diseacă propria viață sub lupă, cu mâna fermă și fără pic de milă.	NOT	NULL	NULL
Cea mai veche dintre minuni, care poate fi admirata și azi, a fost construita în jurul anului 2560 î. Hr.	NOT	NULL	NULL
@OvidiuSky @john0peace @emiltoma_av @DacianSoros Să fim serioși, dacă dai cu dezinfectant pe hârtia aia, se întind semnăturile și ce mai e scris cu pixul, riști să ai probleme la următorul control. De rahat.	OFF	TIN	OTH
Dr. Musta, de la Spitalul de Boli infecțioase "Victor Babeș" din Timișoara, pe care-l cunosc, este un medic foarte bun, excepțional, dar și un om extraordinar, care, contrar butadei "invidia medicorum", recunoaște meritele Prof. Streinu-Cercel.	NOT	NULL	NULL
@LiJiaheng_ m-au ajutat testele de pe sporcle ✌🏻	NOT	NULL	NULL
NeacsuRmn Nu s-a luat nici o masura! Majoritatea produselor s-au scumpit, nu cu mult, dar pt o persoana cu venituri mici, chiar conteaza...	NOT	NULL	NULL
Am mai fumat și azi un pachet din Elveția. Când îmi aproba creditul la banca, îmi voi lua un Huawei. M-am simțit bine și în această după-amiază.	NOT	NULL	NULL
@Costindte Sper sa nici nu se dea stingerea. Voi cei din linia-ntâi 👍🏻👍🏻👍🏻	NOT	NULL	NULL
Și diasporezu p***i! Diagnosticat l-a durut in pix!Un avion întreg a băgat în carantină!Sursa@ ProTv Special live in momentul de față!	OFF	TIN	OTH
In plinda pandemie, sefa DSP Brasov si-a dat demisia: Cand au aflat de coronavirus, jumatate din angajati au intrat in concedii medicale	NOT	NULL	NULL
Oamenii în criză întotdeauna și-au căutat un vinovat pe care să-l încrimineze de toate relele.	NOT	NULL	NULL
Să-mi dea si mie cineva un exemplu de sat in tara asta care poate se administra fara limitele legale UE	NOT	NULL	NULL
@Alexandru_Olah Stai ma ca ala tine si doua d-alea in mana.  Sa il ia dracu 😂	OFF	TIN	IND
Rusia: Putin anunţă o săptămână de concediu cu plată pentru toţi ruşii, cu scopul de a încetini propagarea noului #coronavirus	NOT	NULL	NULL
@halmerb @ECiocu Acum nu mai e la fel. Prețul petrolului nu mai e controlat. La ultima adunare OPEC, rusia și-a pus palma-n fund, iar apoi când s-a răsucit, n-a mai cooperat Arabia Saudită.	OFF	UNT	NULL
@MarmotaDeCampie @GabryIonesc2 @i0n1ca Eu m am retras elegant...Nu e pentru mine discutia asta!!!	NOT	NULL	NULL
#NATO se implica serios. Trebuie intarit ajutorul pentru #Italia, civil si militar. Sa nu cada in plasa murdara a Rusiei si Chinei, care isi raspandesc tentaculele in spatiul aliat profitand de #CoronaPandemie	OFF	UNT	NULL
băga-mi-aș pula, futu-ți pizda mă-tii	OFF	TIN	IND
@basarab84 Relax.Asta e doar un alt cretin cu ifose de Mesia.Cum plm sa dai 600 milioane de coco pe un yacht?	OFF	TIN	IND
Teleorman are un singur angajat care se ocupă de decontaminare în tot județul!...	NOT	NULL	NULL
Uitasem de afirmațiile panicarde ale marelui ‘profesor’ A3 Acum face proiecte cu duamna de voluntari, cine știe ce dracu’ ne mai așteaptă...!	OFF	TIN	OTH
Cel de al patrulea președinte s-a dovedit a fi o formă fără fond. El a continuat cu încăpățânare racilile predecesorului, motiv pentru care al doilea mandat al său a fost denumit „al patrulea mandat Băsescu”.	NOT	NULL	NULL
@VTemeraru @SirGolan Mai prost decat mucavaua! 🤪	OFF	TIN	IND
@stiripesurse_ro Sondaj facut probabil la Bucuresti....situatia reala este inversa.	NOT	NULL	NULL
MApN: La Spitalul Militar de Urgență “Dr. Alexandru Popescu” din Focșani continuă dezinfecția de grad foarte înalt în toate spațiile spitalului	NOT	NULL	NULL
Deprehub, primul hub anti-depresie din România, a deschis o linie telefonică anti-anxietate, în contextul răspândirii infecției cu coronavirus. ❤️	NOT	NULL	NULL
@stefancrisan Nuuuu, aia din biserica au 3 coaie. Baga-mi-aș pula in inima lor, au îmbolnăvit toate oile care nu gândesc	OFF	TIN	GRP
@ing_ro @iamntz Serios?! Atunci poate imi explicati cum in cele din urma a rezolvat fara acele documente carora chiar nu le vedeam rostul… Si chiar si asa, poate ii invatati pe cei care cer astfel de acte sa si explice de ce le cer, nu sa repete de 10 ori ca pentru transparenta…	NOT	NULL	NULL
@DacianSoros @emiltoma_av Pentru ca tva depaseste 25 lei imi cere 2% din valoarea produsului + comision DHL 83 lei :)))	NOT	NULL	NULL
iar ma doare capul fute-m-as in viata	OFF	UNT	NULL
@spuse nu pe dracu😂😂 colcăie bătrânii pe strazi...🙄	OFF	TIN	IND
Of. Abia acum m-am prins. Oamenii ăia de au ras rafturile cu hârtie igienică se pregăteau și pentru momentele alea când îți pică pachetul întreg în spatele mașinii de spălat și n-ai cum să-l scoți de acolo. Nici cu o combinație de făcăleț+furculiță. Bravo, Dana!	NOT	NULL	NULL
Deciziile directorului Transgaz Ion Sterian, lovite de coronavirus	NOT	NULL	NULL
@itmorar Hehe, A revenit de vreme bună, era coordonator responsabil cu campania doamnei dancila. Necrofagi	OFF	TIN	GRP
Apa nu mai e apă, pâinea nu mai e pâine, aerul nu mai e aer, leacurile nu ne mai ajung. Avem liste de cereri. Străzile se golesc. Mașinile se opresc. Piețele pustiesc. Astăzi am vrea să dăm buzna în biserici, dar uleiul din candelă nu-i de ajuns pentru toți.	NOT	NULL	NULL
@sadino22 Seară liniștită Martin!🏕❤🙏🏕🏕	NOT	NULL	NULL
@MaricaPuiu Mai tre sa vina intreruptorul cu dhl care ma obliga sa platesc 100 lei taxe de vama. Produsul a fost 140 lei ... #plm	OFF	UNT	NULL
Prietenii mei sunt la modu yey stau acasa si nu fac nimic	NOT	NULL	NULL
@Adevarul Ce articol de prost gust și ce trist că @Adevarul publică asemenea tentative patetice de jurnalism...	OFF	TIN	GRP
Va funcționa linia verde unde vor putea anunța oamenii, în special cei peste 65 ani, dacă au nevoie de asistență sanitară sau de medicamente etc.? Altfel cum vedeți funcționarea restricționării?”, întreabă Grapini.	NOT	NULL	NULL
ticule dacă fata asta îți fute un șut tu vii după planetă ca satelit	OFF	TIN	IND
Carantina te învață să nu mai urăști orezul și să-ți calculezi fiecare felie de pâine ca să n-o mai mănânci pe toată într-o zi cu singurul borcan de zacuscă din frigider.	NOT	NULL	NULL
Criza coronavirus în Italia: fotbalul a contribuit la răspândirea masivă?	NOT	NULL	NULL
ORBANE las. O în plm cu explicațiile tale. Romanii au nevoie sa știe de unde au bani pt mâncare, rate și chirii. Tu ne furi cu o izolare.	OFF	TIN	IND
nu stiu de voi bro dar #yuta a zis sa dati stream si la mots:7 si la neo zone sau o sa va fure rotulele din genunchi	OFF	TIN	GRP
Schimb mască medicala cu apartament 2 camere zona Militari	NOT	NULL	NULL
Construcția unei echipe în 5 etape… mai importante acum ca niciodată!	NOT	NULL	NULL
@DacAntic @CachetMarie Mulțumesc mult, și chiar imi ar place să mai descopăr și eu mai mult despre țara mea, nu mă duc atât de des acolo	NOT	NULL	NULL
Sfantul Mucenic Montanus si sotia sa, Maxima	NOT	NULL	NULL
@bisaci007 Urcite o Cine a urcite o AB👍🤪	NOT	NULL	NULL
CEEEE BAG PULA IN EA DE NINSOARE PARCA ERA APROAPE APRILIE ALOOOOOOO	OFF	TIN	OTH
Știți de ce nu mai este hârtie igienică în magazine? pentru că acum când strănută unu’, zece fac pe ei!	NOT	NULL	NULL
@agerpres Niciodata astfel de masuri nu vor putea fi implementate cu vorba buna si ratiunea, statul trebuie sa scoata 'bata" astfel incat populatia sa inteleaga ce trebuie facut. Din pacata Spania si Franta nu au inteles nimic din ce se intampla in Italia....si nici Romania se pare ca nu.	NOT	NULL	NULL
FRF nu renunta la Campionatul European!	NOT	NULL	NULL
Suceava, focar de coronavirus. Iaşul cere AJUTOR să nu fie transferaţi pacienţii	NOT	NULL	NULL
„Şomajul tehnic, o necesitate amară!”.	NOT	NULL	NULL
@ZoliBara i-ai dat cu căcat pe ochi și ai scăpat-o de covid!	OFF	TIN	IND
@Mei_Suka @Denisa27909878 @BTS_twt Am atașat link cu programul tv, utv	NOT	NULL	NULL
@esennoua Salut. Conform Institului National de sanatate USA - pubmed, informatie oficiala, statul la soare si la aer ajuta in ameliorarea infectiei cauzate de coronavirus. Va rog sa im scrieti un mesaj pt a va trimite toata documentatia.	NOT	NULL	NULL
@radusmall Dar oare o sa mai existe meseria asta mult timp ? Cine dracu ii tot plateste pe toti cand nu mai sunt incasari din bilete, drepturi tv, publicitate etc ?	OFF	UNT	NULL
@BoyWithPlant poti sa mi recomanzi niste fansite uri de incredere :( multe sunt problematice	NOT	NULL	NULL
@sopeprotector @BoyWithPlant Imaginează-ți că în mai ar trebui să merg cu clasa la cabană să ne facem bahaos drept banchet de a 12-a și e posibil să se anuleze din cauza virusului ăsta nenorocit 😭😭😭 NUUU CHIAR VOIAM ASTAA	NOT	NULL	NULL
@RaduTheSecond Iar dupa doua sticle, casele erau impecabile, banuiesc	NOT	NULL	NULL
@xyzwtf_55 Vă mulțumesc frumos! Să trecem cu bine, vă doresc multă sănătate Doamna Dana! 🌹 🌹 🙏🙏💐💐🌷🌷	NOT	NULL	NULL
MApN a cumparat din Olanda un spital modular de izolare si tratament. Va functiona la Constanta	NOT	NULL	NULL
@MarmotaDeCampie Te gândești la modelul Olandei ?	NOT	NULL	NULL
@vkfilter și eu văd pufuleți omg	NOT	NULL	NULL
Peluza Nord Rapid Bucuresti	NOT	NULL	NULL
@_lor3scu_ Chiar deloc!	NOT	NULL	NULL
Romantice: doar 3 kdrame m au făcut sa plâng, mai demult Loving you a thousand times și Uncontrollable fond. Iar de curând am văzut Mariage Contract 😭😭 Acum caut comedii ca să ma vindec	NOT	NULL	NULL
@stiripesurse_ro Ăștia-s incorigibili! Ce dracu' au ei de-mpărțit cu chivuțele, care vin cu noaptea-n cap la piață.	OFF	UNT	NULL
@yo0nmin_ oke oricum sunt pe la jumate ,daca nu s ar mai bloca poate l as termina curand	NOT	NULL	NULL
Ce noroc are Dragnea, bag pula...	OFF	TIN	OTH
@w_lemn @ManoliuValy @stareapreseiro În orice condiții e un prost. Chiar și neplătit. Omu' are la propriu probleme psihice.	OFF	UNT	NULL
@suspaharu toți suntem, intreaga omenire. Sper că ne vine bine palma asta, dar mă tem ca e cam târziu	NOT	NULL	NULL
@nwradu Tocmai ca să nu termine pandemia PNL-ul fix în an electoral.	NOT	NULL	NULL
@severvoinescu @itmorar Au funcția ‘Translate’	NOT	NULL	NULL
@radusmall @victore_1974 Tu nu mai ești ue.	NOT	NULL	NULL
„CULTURA este cea care faciliteaza indeplinirea oricarui plan curajos de CX” – Anca Serbanescu	NOT	NULL	NULL
@mybabygonloveme AUGUST? PLM TOATA VARA SE DUCE PE PULA	OFF	UNT	NULL
De 30 de ani așteptăm starea de urgență.	NOT	NULL	NULL
@futacu @Sorin_Patiu Toate cifrele sunt spuse de Tătaru, la întrebarea unui jurnalist. Eu n-am calculat. Nu raportează periodic, doar dacă sunt întrebați.	NOT	NULL	NULL
Nu puteți întâi închide oamenii în casă și apoi să gândiți soluții! Căci ne-ați obișnuit, gândiți greu,,de îndată" nu știm când este la dumneavoastră pus în practică!	NOT	NULL	NULL
#CIO Comitetul Internaţional Olimpic, criticat după ce doi boxeri turci au fost infectaţi cu noul #coronavirus	NOT	NULL	NULL
@ZoliBara @voiculesti In cazul acesta, compleCtat.	NOT	NULL	NULL
Lumea de după …	NOT	NULL	NULL
Recomandăm folosirea surselor oficiale în completarea documentelor necesare pt activitățile din afara locuinței, în perioada restricțiilor determinate de #COVID19. Fiți grijulii cu datele dvs și faceți o minimă documentare înainte să le introduceți online!	NOT	NULL	NULL
French toast cu fructe si miere -	NOT	NULL	NULL
@ECiocu dacă tot avem timp si avem ceva in comun(bucătari) am 3 intrebari:	NOT	NULL	NULL
Sunteti in cautarea unui hibrid de floarea soarelui performant, cu un randament ridicat de ulei?	NOT	NULL	NULL
Am fost la Kaufland. Am luat și eu ce-am mai găsit: caviar, foie gras, cremă de hribi cu trufă albă, terină de struț cu stafide aurii și un bax de Evian…	NOT	NULL	NULL
În cât timp putem produce medicamente pentru Covid-19 în România?	NOT	NULL	NULL
@SilviuFoca Știu despre ce vorbești, mă îngrețoșează reclama aia, conceptul, de fapt, că-s mai multe versiuni ale reclamei. Și le mai și difuzează nelimitat... 🙄	OFF	TIN	IND
@JAy_FLo92 Am zis bine ca mai avea sa se blocheze doar  pe ea !  Da-o in plm de muiere !	OFF	TIN	IND
Prezentul ne dovedește încă o data ca viitorul nu poate fi decât digital.	NOT	NULL	NULL
Tu întrebi care este scopul notificării unei aplicații de știri ?	NOT	NULL	NULL
@jsalaxy și dacă ar purta you'll be dead :)	OFF	TIN	IND
Mărturia sfâșietoare a unei jurnaliste din Italia: ”Bergamo nu cântă ci numără morții”...	NOT	NULL	NULL
@NOTSATISFYlNG @valis2023 vai sami bag pula cu sunet ii si mai rau	OFF	UNT	NULL
există vreo sursă oficială privind numărul de oameni testați pentru coronavirus în românia?	NOT	NULL	NULL
Danemarca se grăbește cu legea de urgență asupra coronavirusului	NOT	NULL	NULL
Și cu gripelnița asta: vine chinezu' cu brațele pline, prieten bun și vechi, să te scoată din căcat, iar tu, nimic, deși ești în cloacă pân-la nas. Capra, cu cât îi mai râioasă, cu atât ține coada mai sus! Anii trecuți, alte animale au dat flit japonezului. Politicieni, ce plm!!!	OFF	TIN	OTH
@CorinaCg3 Vom putea in continuare , doar sa avem rabdare .	NOT	NULL	NULL
Un înalt prelat al Bisericii Ortodoxe, doctor în teologie, recomandă atacarea virușilor cu apă sfințită, dangăt de clopot și post	NOT	NULL	NULL
Usturoiul este o planta medicinala, alimentara dar si condiment.	NOT	NULL	NULL
Untișorul oprește evoluția varicelor și vindecă hemoroizi sângeroși -	NOT	NULL	NULL
Florin Cîțu: "Amânarea plății ratelor înseamnă o păsuire. Ratele trebuie plătite ulterior. Românii să fie foarte cumpătați"	NOT	NULL	NULL
@oanyyyy cum iti dicteaza inimioara, practic, ce-am inteles e ca web nu e egal cu zici ca suni si nu mai suni, deci trebuie sa mai lucrez la dispecer	NOT	NULL	NULL
andreea nu ti mai fute genunchiul la fiecare 3 luni challenge failed	OFF	TIN	IND
Să-l pună dom'le pe Voiculescu, să-i facă omului o bucurie, că de când tânjește 'mnealui (și nu numai!). In plus avem nevoie de din ăștia, competenți...	NOT	NULL	NULL
#JO2020 #Coronavirus: Organizaţia Mondială a Sănătăţii salută ''sacrificiul'' organizatorilor Jocurilor Olimpice de la Tokyo	NOT	NULL	NULL
@JeanTheo14 Cu tulpina cea mai ai naibii e o enigma. Am auzit-o spusa si de dr. nostri.Unul nu a explicat cum,ce,de ce....Nu stiu ei? sau au gandit ca ne pun creierii pe bigudiuri -si trebuie sa trecem prima data pe la Fac. Medicina?	OFF	UNT	NULL
Avion Tarom întors pe Aeroportul Otopeni, din cauza unei pasagere suspecte de coronavirus...	NOT	NULL	NULL
@libertatea O posibilitate : nu ar fi mai eficient ca guvernul sa se implice in a cumpara anumite clădiri  in toată țara cu potențial de a fi retrofited rapid chiar și hoteluri disponibile pentru vânzare in situația acută in care ne aflam cu toții ? Oricum totul costa.Răspândiți acest mesaj.	NOT	NULL	NULL
Decalogul lui Daea:Dezinfectarea piețelor și asigurarea de echipamente de protecție pentru vânzătorii de produse agroalimentare din piețe;Continuarea și operaționalizarea tuturor programelor de susținere existente în cadrul MADR ( tomate, usturoi, lână, motorină, etc.)	NOT	NULL	NULL
@DacAntic @CachetMarie Am familie și cunosc oameni, și e un satuc drăguț lîngă unde bunica mea trăiește i care imi place mult sa ma duc, am prietene acolo și mătușa mea are o casă acolo, imi ar place să traiesc acolo...	NOT	NULL	NULL
Interviu cu cunoscătoarea Orientului Mijlociu despre relaţiile între Iran şi Israel actuale şi trecute, ca şi despre rolul pe care România şi Bulgaria îl pot juca în aceste relaţii	NOT	NULL	NULL
Florin Roman: Am distribuit 50.000 de teste pentru coronavirus; Am găsit stocuri zero când am preluat guvernarea...	NOT	NULL	NULL
Asa-s zilele mele, 1 bunã zece rele	NOT	NULL	NULL
@AlexCodreanu7 Greul in România abia acum incepe ..!! Nu rahatul ăsta de virus imaginar cu scopuri politice mascate !! Ci delicvența care va crește iar autoritățile sunt complet aiurea ...vor fii sute de mii până la urmă ..ce fac cu ei.??	OFF	TIN	OTH
@foreverrainmyg DE CE ARE STAGE NAME COMPUS DIN NUME DE FAMILIE SI PRENUME DE CE ARE ALTA IDENTITATE	NOT	NULL	NULL
Se mai țin curele de slăbire?	NOT	NULL	NULL
@LovePower_page Agonie și extaz 🤣🤣🤣	NOT	NULL	NULL
#Coronavirus: Peste 5.000 de măşti de protecţie, descoperite în cripta catedralei din Washington	NOT	NULL	NULL
@ECiocu mie îmi este milă de el.	NOT	NULL	NULL
@veronik_dan @dandrive65 ..mulți ai dracu și greu de stârpit....hmmm îmi pare cunoscut ...parca aveam și noi o etnie conlocuitoare cu caracteristici asemănătoare ...😁	OFF	UNT	NULL
ups, l-au ajuns pe Șică zile grele	NOT	NULL	NULL
Așa ar trebui sa facă și la noi🤣	NOT	NULL	NULL
@testalways Pai nu ma uit, dar vine pe aerisire	NOT	NULL	NULL
@ZoliBara @SorinPaun3 @KlausIohannis Bai, când vezi ce jegosi pe aici, parca înțelegi selectia naturală! Cat de oligofren sa fii sa zici ca eu omor pe unul care are nu stiu cate afecțiuni si nu poate duce o viroza, ca nu stau eu de nebună ascunsă în beci! Bai idiotule, în beci tre sa intre ala cu afecțiuni, nu eu.	OFF	TIN	OTH
@ZoliBara @SorinPaun3 @KlausIohannis Bai poti sa te si spanzuri, la cat de prost esti! Cui ii pasa ce face un ratat ca tine? Mars jegosule!	OFF	TIN	IND
2010 - și tu poți să-ți dai demisia .	NOT	NULL	NULL
@Dan_Tanasa Koae, #sarscov2 e virusul pe care ar trebui sa-l ai in cacatul din teasta, nu  Câțu. Daca ai fi normal. desigur. Din ce pula mea ai trait pana la varsta asta mai maidanezule?	OFF	TIN	IND
Orientările au scopul este de a proteja societățile din UE și activele critice din sănătate, cercetare, biotehnologie și infrastructura esențială pentru securitatea și ordinea publică.	NOT	NULL	NULL
@eftimie Știu mai puțini români care ajung la timp decât trenuri CFR care întârzie.	NOT	NULL	NULL
Izolarea asta e o ocazie bună  pentru unii bărbați să-și lase barbă și mustață. Cum a făcut Năstase în pușcărie	NOT	NULL	NULL
@pinguuina @OvidiuSky @radutimo Să înțeleg ca notificarea asta e printre cele optimiste, de ții sa o tot vezi 😬	NOT	NULL	NULL
#Coronavirus - Preşedintele #Macron promite investiţii masive în sănătate după ce va trece criza	NOT	NULL	NULL
@hoseokspapanasi cred ca e prieten cu spaniile si a venit pe la ele dar uh,, ce cauta in bucataria mea?? bro sunt la mine acasa vreau sa ma pot plimba in prosop fara sa zica nimeni nimic	NOT	NULL	NULL
Cu gura mare dar si cu un suflet pe masura.	OFF	TIN	OTH
@radusmall Pardon, sunt spumat si nu m-am exprimat corect. Care le ai cu engleza si cu legile? 😂	NOT	NULL	NULL
Pe HBO puteți urmări documentarul "colectiv".	NOT	NULL	NULL
@itmorar Covidul Zilelor de Boris Vi(rus)an	NOT	NULL	NULL
@Simona_Halep Ce păcat ca nu sunt toți ca tine! Bravo Simo👏	NOT	NULL	NULL
Halal clasa politica! Ciolanu care are diploma de revolutionar!	OFF	TIN	OTH
Iar în prezent la ce asistăm? La coalizarea epoleților din USR în jurul unui candidat surpriză la președinția partidului. Totul pentru ca partidul să fie smuls din mâinile naivului și idealistului Nicușor Dan, spre a fi livrat părinților săi chimici, SRI – DNA.	NOT	NULL	NULL
Inteleg starea de urgenta, dar chiar sunt aiuritoare cu armata cu humveeuri si automatele la gat prin mijlocul orasului. E cam mult, totusi.	NOT	NULL	NULL
S-o crezi tu că te las să te prăpădești  când gazul nu-i plătit de două luni !	NOT	NULL	NULL
@LTeglas aşa sunt vremurile. nici nu mai ştim de la ce avem ochii roşii: de la febră, televizoare şi dispozitive mobile, lipsa de somn, lacrimi sau alcool.	NOT	NULL	NULL
Zilele astea, doua cuvinte sunt pe buzele tuturor: Coronavirus si Zoom	NOT	NULL	NULL
@ZoliBara Dar ele vin când vor ele, nu când aștept eu să le filmez. :)	NOT	NULL	NULL
Ce interesant, ca să deturneze atenția de la dezastrul din spitale, se anunță testarea tuturor bucureștenilor, deși mai durează săptămâni până să poată testa toți medicii și cazurile simptomatice, darămite 2 mil de oameni. Jenant.	NOT	NULL	NULL
daca mai pronunta secretara mea Johhanissy o singura oara cuvantul razboi cu un virus sau cu orice, ii dau papucii.	NOT	NULL	NULL
wtf o bagă pe mama la secție cu cei infectați cu virusul???? i don’t think so?!!.??? de ce plm trebuie sa fie mama asistenta	OFF	TIN	IND
Până trece haosul, bugetul României dispare cu totul. Nu le-ar ajunge nici 100 de trilioane de euro fomiștilor noștri. Lăcomia e infinită. La fel ca prostia. Cine răspunde? Nimeni.	NOT	NULL	NULL
Plecarea la ora 10:30, din holul de la intrare.	NOT	NULL	NULL
Herpes da,infectarea e fara simptome,in timp boala se manifesta	NOT	NULL	NULL
Planeta #Marte: #NASA UIMESTE Lumea cu o Imagine Impresionanta - #peblog #romania #2020 #news #stiri	NOT	NULL	NULL
Trandafirul are petale dar are si spini (proverb poptamasean) #concursdeproverbefake	NOT	NULL	NULL
dimineața am trecut pe la Lidl - vre-o 20 de oameni afară n rând, la distanță de 1m. Am zis fuck this shit. Acum seara la Mega Image - nici un om, zeeero. Foarte plăcute cumpărături :) #staiacasă #lamagazinsepoate	OFF	UNT	NULL
Iohannis: Situaţia e gravă. Românii să nu vină acasă de sărbători. Vor ajunge în izolare. E trist, dar trebuie să fim sinceri. Vom avea mai multe cazuri...	NOT	NULL	NULL
Ma tin astia pana in nov-stai in casa🥴	NOT	NULL	NULL
@GabrielGiurgiu2 Știu că ești fan Iliescu, altfel nu lucrai la TVR - L 😂😂😂. Vrajeala aia obosită " cu cit bine a făcut țării" spune-o familiilor celor morți degeaba la Lovilutie.	NOT	NULL	NULL
Grupul de Comunicare Strategică: Vârsta medie a pacienților diagnosticați cu COVID-19 este 43 de ani	NOT	NULL	NULL
viitorul meu crush posibil iubit doarme si efectiv ma plictisesc de ma cac pe mine, ce dracu sa fac daca nu pot nici sa flirtez	OFF	UNT	NULL
ba da mai opreste pianu ala ding ding ping țomping da cine te crezi tu	NOT	NULL	NULL
Sfinte Iosife, roaga-te pentru sufletele lor!	NOT	NULL	NULL
„Lumea pe care am construit-o este rezultatul modului nostru de a gândi.	NOT	NULL	NULL
Primul câștigător în toată povestea asta e Big Pharma, prin toate fondurile de urgență deblocate.	NOT	NULL	NULL
@thezvoner @ZoliBara Nu e vorba de managementul bun al stocurilor, ci de faptul ca Auchan, mai ales ala tin Titan (fiind si primul), a creat o reala psihoza mai ales in zona! Practic, primul gand al tuturor de acolo cand vine vorba de cumparaturi e Auchan..un soi de efect al cainelui lui Pavlov...	NOT	NULL	NULL
Royole Flexpai 2 este cel mai nou telefon pliabil, cu display revoluţionar “Cicada Wing”, procesor Snapdragon 865	NOT	NULL	NULL
fute-v-ar câinii de căcați cu ochi	OFF	TIN	GRP
@AlexandraQueenn Ce ti as fute curul mmm	OFF	TIN	IND
@CanYamanNews Spor la treaba, dragul meu Can! Știu ca vei face treaba buna, asa ca nu ma îndoiesc, ca tot ce vei face și pe unde vei păși, va ieși superb 😍😍😍😍😍😇😇😇😇 păcat ca nu este și @dmtzdmr alături de tine atât în film, dar mai mult în realitate! 😔😘😘😘😘😘😘😘Va iubesc mult	NOT	NULL	NULL
Decizie surprinzătoare. Surse: Ministrul Sănătății, Victor Costache, a demisionat	NOT	NULL	NULL
@StirileProTV Poate ca sunt rau dar acum nu ii momentul sa dedicam nici timp nici bani artistilor,sportivilor sau alte forme de entertainer. Sa se investeasca in spitale, desi este al 12-lea ceas.	NOT	NULL	NULL
167 de dosare penale pentru zadarnicirea combaterii bolilor	NOT	NULL	NULL
@MaricaPuiu Ilie Șerbănescu este  analist economic tot așa cum Mihai Gadea este jurnalist	NOT	NULL	NULL
@erikabn2 @_emmabn_ mai mai da ci cu tine mata	NOT	NULL	NULL
Cei care râd în barbă sunt arestații la domiciliu.	NOT	NULL	NULL
Oricum, după epidemia asta vor rămîne cîteva expresii noi: distanța socială, gesturile barieră...	NOT	NULL	NULL
#DIGI Romania: AVERTIZAREA Importanta pentru TOTI Clientii -  #peblog #romania #2020 #news #stiri	NOT	NULL	NULL
Nu de alta dar valul 2 de coroane sau corona conf. opiniei a 1.572.689 de specialisti vine luni,ora 7,data aprox.15 oct.-1 nov.Trebuie sa fim pregatiti!	NOT	NULL	NULL
si wow ce par frumos au acele tipe e asa de lung si pare sanatos cu fir gros cat de sexy imi place parul foarte frumos intr-adevar	NOT	NULL	NULL
Dacă era #MuiePSD la putere sifona toți banii cu starea de urgență. 🤬	OFF	TIN	OTH
Ioan Becali e pregătit să stea în casă în următoarele două luni.	NOT	NULL	NULL
Ce ți-am zis ți-am zis exact ce cred io	NOT	NULL	NULL
Mediul de afaceri cere autoritatilor sa fie consultat inainte de a fi luate masuri cu impact asupra economiei reale	NOT	NULL	NULL
Exclusiv! Accident rutier în localitatea Strunga. Un TIR s-a răsturnat. Echipajul de descarcerare intervine de urgenţă	NOT	NULL	NULL
stare de urgență începând de luni am dat de dracu	NOT	NULL	NULL
Nesimțirea din partea unora nu are limite.	NOT	NULL	NULL
@MonicaKrueger67 Din păcate, unii românaşi au priceput aiurea mesajul şi au închis şi fast food-urile, care nu sunt nici restaurante, nici cafenele, nici baruri. La fast food poţi cumpăra şi de la fereastră, cam ca la farmacii, aşa că e un abuz în a se închide fast food-urile.	NOT	NULL	NULL
lua-te-ar dracu, din cauza ta, ajunsă-s-m să mă distrug cu alcool și droguri tari	OFF	TIN	IND
@severvoinescu @itmorar mi-e teama ca nu vor face nimic cu toata puterea asta si nu vor opri virusul eficient, mai ales Arafat. Atata tot conteaza acum.	NOT	NULL	NULL
Asociatia lui Tiberiu Useriu doneaza Spitalului din Suceava 1.000 de combinezoane si 1.500 de manusi de protectie	NOT	NULL	NULL
@XHRomania Nu cantitatea, numărul reprezintă valoarea, ci calitatea. Apreciez Agenția de Presă Xinhua pentru valoarea ei. Ati fost și sper ca veti rămâne prietenii noștri.Iubim China și pe chinezi.Avem păreri diferite asupra sistemului social.În rest chinezii sunt compatibili cu europenii.	NOT	NULL	NULL
Zilele acestea, un lider PNL, numărul 3-4 din partid, ei au decis ”să-l distrugem pe Coarnă”, în sensul că odată cu starea de urgență se crează o posibilitate pentru a fi reținut/arestat. În două săptămâni voi fi distrus"! Si ce adept galben era acest Coarna !	NOT	NULL	NULL
@groparu știai ce va urma de mult timp	NOT	NULL	NULL
Eu zic că ar fi cinstit să recunoaștem faptul că prea puțini dintre noi ar fi "avut timp" să privească pomii înfloriți, să observe răsărituri și apusuri, să își dea seama că afară este primăvară.	NOT	NULL	NULL
am deschis o reclamatie la Lidl. Sticla de Jack pe care am cumparat-o ieri a inghetat in congelator. Am baut vreo 2-300 din ea si nu am chiorat inca. FirstWorldProblems M-au sunat deja si au pasat situatia producatorului/importatorului. Sa vedem ce urmeaza	NOT	NULL	NULL
26 Martie în istoria românilor	NOT	NULL	NULL
Te plictisești au ba?	NOT	NULL	NULL
@ionutzelgabriel @john0peace @emiltoma_av @DacianSoros Și dracu le deschise ăstora după ce au costumele alea pline de microbi din toate casele de pe unde au umblat ?! sau toți oamenii cu care au intrat în contact ?	NOT	NULL	NULL
@ValentinNebune1 COVID-20 nu a apărut. încă nu a apărut. ce e acum e COVID-19.	NOT	NULL	NULL
Simona_Halep Ieri am revazut finala de la Madrid din 2016 cu Cibolkova, in background in videoul asta cred ca era finala de la Madrid din 2017 cu Kiki Mladenovic, asta e meciul pe care o sa-l revad maine (sambata) in #stauacasa.	NOT	NULL	NULL
Cateva dintre problemele cu care m-am confruntat in ultimul timp si cateva dintre solutiile pe care le-am gasit impreuna cu antreprenorii cu care lucrez in lupta cu aceasta criza cauzata de Covid-19.	NOT	NULL	NULL
@robmih China e caz special, zic eu. Dacă mint, asta e. Dar altfel, au concentrații de oameni pe km pătrat incredibile, de neconceput in Europa. Poate California sa ii bată cu New York.	NOT	NULL	NULL
@MoiseGuran Ciorba reincalzita nu mai are acelasi gust. Zau, nu mai esti credibil !	NOT	NULL	NULL
de dinainte de 2009 Tutuluș Ion cu Ocneanu Adrian clanu sportivilor puneau case de vânzare prin comuna Pantelimon prin comuna Vidra ieftine : ei vine aici , noi îi vedem , după aceea știm că au sigur bani	NOT	NULL	NULL
232 de computere vor fi atacate de un virus sau altul	NOT	NULL	NULL
Să mă strângă de pulă cu buzele,, Org(b)an \"și toți susținătorii de dreapta ai statului mafiot și abuzurile #procurorilorjigodii	OFF	UNT	NULL
@woosdipity deci ce dracu de gandire comunista ii asta	OFF	UNT	NULL
Și până la urmă focarul s-a făcut  de la unul dintre patrioții care fură miliardelea alea - motiv pentru care nici nu a plecat din țară.	NOT	NULL	NULL
de ce? pentru ca in urma sfaturilor nu iti asumi vreo responsabilitate.	NOT	NULL	NULL
Nu știu, și eu vreau să aflu.	NOT	NULL	NULL
@PavelBartosh Ia papuci că  lași urme😡😡😡😡😡😡😡	NOT	NULL	NULL
Dacă ai norocul să te afli în #València în acest moment, vei fi uimit de prezența acestora pe străzi. Vei avea impresia că te afli într-un desen animat!	NOT	NULL	NULL
Poate nu există răspunsuri raționale. Poate totuși există ghinion	NOT	NULL	NULL
@Alien_draft Pai cum "frica de popor" ???? Pai nu sunt astia aia de #dreapta de i'au votat, de doua ori, aproape 70% din popor?🤔 Ti frica de aia 30% asistati sociali fara dinti in gura care au luat mereu muia? M'ai bagat in ceata.	NOT	NULL	NULL
@ECiocu Aiiii ce bine arată!  Trebuie sa ne zici ce și cum. 😬	NOT	NULL	NULL
Vocea ta îmi face ziua frumoasă	NOT	NULL	NULL
@ManoliuValy @basarab84 Păi dacă e deja pacient in spital!!!!!!, de ce dracu a zis ca nu trebuie sa refuze pacientul si sa îl interneze? Cine nu stie sa vb românește si cu logica sens?	NOT	NULL	NULL
Unde-i fericirea?	NOT	NULL	NULL
@sopeprotector it's okay.. imi bag picioarele ca toata lumea intra-n carantina..	NOT	NULL	NULL
@SuiuMarius Meh, ce sa faca si ei, sunt mai la adapost pe strazi decat in cazarmi.	NOT	NULL	NULL
Dar,ca in bancul vechi (adaptat):am stiut /aflat ce urmeaza. Si la ce mi-a folosit?🧐	NOT	NULL	NULL
Coronavirus s-a dovedit a fi mult mai usor de transmis, iar de gripa sunt vaccinati multi din categoriile vulnerabile	NOT	NULL	NULL
Certificatele de Situație de Urgență pentru susținerea operatorilor economici	NOT	NULL	NULL
@i0n1ca @balarii Pai si daca erai la tine acasa ... era vreo problema? Plm, in tara asta e asa plin de bogati cu aureturi pe paturi si nu stiam eu?	OFF	TIN	IND
@SilviuFoca Încearcă la grătar! La rotisor se fac puii, de obicei în Kaufland... :)	NOT	NULL	NULL
“Și, atunci când doriți ceva, tot universul conspirează în a vă ajuta să îl realizați.” ― Paulo Coelho, The Alchemist	NOT	NULL	NULL
@santaromica @ZoliBara Este vecinul meu de la parter, are un magazin de cartier, a luat material pentru kakaciosi.	OFF	TIN	IND
@ANTIABE Mai bine zi-mi cine poate sa imi dea un permis de trecere pe bune :)	NOT	NULL	NULL
Cartea este cea mai bună provizie pentru călătoria omenească.	NOT	NULL	NULL
#MMA/#Coronavirus: Conor #McGregor oferă un milion de euro pentru protejarea medicilor irlandezi	NOT	NULL	NULL
Va dati seama cum era daca nu stiam nimic clar? Dracu ne lua! De pe net.	NOT	NULL	NULL
Donația OMV Petrom de 1 milion de euro a fost utilizata pentru achiziția a 10 echipamente iPonatic și a 300 de kit-uri de testare pentru diagnosticare rapidă Covid19 -	NOT	NULL	NULL
@Pana_Adrian Eu am avut în vreo 2 săptămâni aproape 60gb trafic, folosind telefonul ca hot spot ( nu aveam net unde eram mutat ). Poate  e slabă rețeaua unde ești. Caută alternative.	NOT	NULL	NULL
De unde vor veni acești bani? În mod evident, vor fi tipăriți. Problema este că, în condițiile unei recesiuni, cu atât mai mică va fi acoperirea lor, deci cu atât mai mare riscul de inflație.	NOT	NULL	NULL
Au spus tulpina asta e si la noi,logic daca vine de acolo	NOT	NULL	NULL
Voiau să-l de ajos și pe Raed Arafat. Acum, se fac că le pupă mîinile și se întreabă în gînd, cine dracu ne mai trata dacă îi lăsam cu 2-3.000 de lei pe lună?	NOT	NULL	NULL
@foreverrainmyg ioa vorbești cu persoana care spune pula de cel puțin 20 de ori pe zi la școală	OFF	TIN	IND
#Coronavirus: Senatul american a aprobat un plan ''istoric'' de ajutor economic	NOT	NULL	NULL
Telefonul meu zice că am făcut 2144 de pași! Poate i-a făcut el, că eu n-am ieșit din casă! 😁	NOT	NULL	NULL
De când cu virusul asta singurele grade pe care le știu sunt ale mele. Mă îmbrac tot neadecvat temperaturii de afara	NOT	NULL	NULL
Exclusiv. Carantina de la țară. Prețuri uriașe, bătrâni ignorați și izolați care zburdă liber	NOT	NULL	NULL
@basarab84 In sfarsit cineva care vorbeste pe sleau!	NOT	NULL	NULL
@MaricaPuiu ))) să vezi panarama dracu' când o să îi aducă înapoi păsateliți..	OFF	TIN	IND
Mă îndoiesc că sunt cetățeni care să dezinfecteze hârtia aia, imediat după ce o primesc înapoi.	NOT	NULL	NULL
Să analizăm termenul din punct de vedere extensional.	NOT	NULL	NULL
@pinguuina Nu te uita. Cine te pune ? oricum asta e romanu...ce e romanesc e prost ce e adus de afara wow. Si uite asa Romania o sa devina Transilvania, Moldova si tara PSDistilor din Sud !	NOT	NULL	NULL
Aluat de post pentru pateuri și plăcinte prăjite, gogoși și pizza! -	NOT	NULL	NULL
Ești un ignorant naiv daca crezi că #totulvafibine!Nici nu ai idee cat de bine îți era!	NOT	NULL	NULL
Presa britanică: Land Rover vrea să înlocuiască propulsorul V8 cu noi motorizări …	NOT	NULL	NULL
Nu am eu nervi mereu , dar și cand am... își face dracu cruce !	NOT	NULL	NULL
haha ia te uita plm dupa ce ca sunt claustrofobica o sa se acutizeze hahahah e ok tho am timp sa pictez mai mult	OFF	TIN	OTH
INACO propune ca Dacia-Renault şi Ford să-şi adapteze liniile de producţie pentru a fabrica ventilatoare de respiraţie	NOT	NULL	NULL
DRACU SA NE IA PE AMANDOI	OFF	TIN	IND
gura de gunoaie, pensiile militarilor le indexati doar cu inflația suge.mi.ati pula de jegoși nenorociți parlamentari de căcat bolnav când nu a-ți respins oug 57 și 59 🖕🤮	OFF	TIN	GRP
Al doilea site închis pentru ştiri false legate de epidemia de #Covid19	NOT	NULL	NULL
Curierii sunt la datorie! - #statiincasa #venimnoi	NOT	NULL	NULL
Sectorul neguvernamental cere sprijinul Guvernului pentru a-și continua misiunea socială	NOT	NULL	NULL
În sfârșit o veste bună: pe 29 martie se dă ceasul înainte, ceea ce înseamnă că vom sta o oră mai puțin acasă.	NOT	NULL	NULL
Căcat cu Ochi Streinu Cercel cu doua săptămâni în urmă: Lucrurile sunt sub control, gripa sezoniera e mai periculoasă decât corona și avem de toate.\nAcelași Căcat cu Ochi, azi: va fi nevoie de 10 săptămâni de stat în casă. Profesor, ce pula mea...	OFF	TIN	OTH
@SSontica @iRaphahell Dute si intreab-o daca se fute cu tine? Ia si niste bani si incearca.	OFF	TIN	IND
Autoritatea Bancară Europeană: Plăţile contactless ajută la reducerea contaminării	NOT	NULL	NULL
Angajatorii se plîngeau că nu găsesc suficient personal, acum când într-unfinal îi avem ei au inchis totul😳😳😳	NOT	NULL	NULL
#video Cătălin Olaru speră ca totuşi ca oamenii să se sperie de perspectiva care îi aşteaptă dacă nu respectă regulile stabilite de autorităţi.	NOT	NULL	NULL
ceilalți. Mai târziu persoanele care poartă acest nume au posibilitatea de a reuși în tot ce își dorește.	NOT	NULL	NULL
Ce stare de urgentă? Ce O.M. 3? In mediul rural e veselie! Nici vremea rea, nici frica nu ii poate tine pe oameni in casa! Personal nu am văzut picior de soldat sau vehicul militar! Nici măcar jandarmi sau poliție! Distanțare socială? Ce-i aia? Grija fata de cei bătrâni? Nici!	NOT	NULL	NULL
@danbranzai Templul Duhului sfânt suntem noi!  Să fiți binecuvântați !	NOT	NULL	NULL
@Ziare_com Mai bine dau înapoi ce au furat și iși păstrează indemnizațiile!😈	NOT	NULL	NULL
E dator românilor cu această explicație. Faptele nu dispar odată cu demisia unui ministru și vor trebui lămurite mai devreme sau mai târziu.Îi urez succes lui Nelu Tătaru.	NOT	NULL	NULL
Coaie am luat 4 la online classes gen ce plm	OFF	TIN	IND
@ellynablue Da ce ai cautat la sex Shop? Ca spirtul l-ai găsit asa din întâmplare.....	NOT	NULL	NULL
@twinkleskoo spune-i dirigai sau cine plm o poate tine in frau ca e clar ca e nebuna :))) imi pare rau iubirea mea si iti tin pumnii	OFF	TIN	IND
@teoadi Ai sa te uiți la bec dacă va cădea rețeaua de net cu sute de milioane de oameni in case cu ochii in devices hd	NOT	NULL	NULL
Vicepreședintele CJ Constanța, atac dur la Arafat	NOT	NULL	NULL
Îmi place să spun “îți doresc tot binele din lume” știind foarte bine că sper să te duci dracu 👉🏻👈🏻🤣🤭😂	OFF	TIN	IND
În  aceasta perioada, mai mult decat oricand, sanatatea si asigurarea produselor alimentare sunt doua aspecte extrem de importante. Dragi fermieri 👩‍🌾👨‍🌾, aveti grina de voi ❣#farmers #fermieri #covid19 #agricultura	NOT	NULL	NULL
#Coronavirus: #Franţa îşi retrage trupele din Irak (oficial)	NOT	NULL	NULL
Boala, la fel ca și iubirea, datoriile și patul, trebuie împărțită. #Mihalca (extras din primul meu roman Poveste în Zodia Cancerului)	NOT	NULL	NULL
@denis26_denise Protv transmite un compot de crime, violuri, banalitati, pupincurism, totul condimentat cu sos de frica si teroare. Nu stiri.	NOT	NULL	NULL
@i0n1ca @radusmall Să borăști ce vâră alții-n ei numa' din snobism!	OFF	TIN	OTH
Poate exista vreo legătură sociologică, te rog detaliază.	NOT	NULL	NULL
a futut bebeluși brancardier Bogdan ortopedie - ai omorâto	OFF	TIN	IND
Inclusiv câțiva mari admiratori ai Chinei care nu realizează ironia situației în care se pun.	NOT	NULL	NULL
@MarmotaDeCampie Mai precis te pune la buda :). Eu cred ca am avut fix asta, dar prin Decembrie. Sper sa ma fi imunizat între timp.	NOT	NULL	NULL
FANG MI-E DOR DE TINE, PLEASE RETURN, TAMPITUL ASTA DE MANAGER FUTE TOT	OFF	TIN	IND
@ancasandu oricum Pula nu știe carte	OFF	UNT	NULL
Dacă ești încă pe drum spre birou acum, din dormitor către sufragerie ori din living către mansardă, poate găsești un moment să citești 12 idei despre cum să ne facem viața mai ușoară acum că lucrăm de acasă. 👉	NOT	NULL	NULL
lucrat de acasa gen chiar daca ma loghez nu inseamna ca stau si daca am corona nu inseamna ca-ti dau. oamenii mei urban workers proiectu covid	NOT	NULL	NULL
Eu pe ăsta chiar l-aș scoate de la izolare/ carantină. Jur, a luat-o razna rău 😂	NOT	NULL	NULL
TMK-ARTROM din Slatina și-a modernizat capacitățile de producție	NOT	NULL	NULL
@magda_centiu Pentru că politica a devenit un circ ...bietul clown rămâne fără spectatori ..!!	NOT	NULL	NULL
Calcai naspa cu glezna aia delicata fute-m-as acum ma doare	OFF	TIN	OTH
"@AntiJavre TOVARASE, Federal Reserve, in fapt, nu e dacat cea mai mare imprimerie a lumii, mai ales de cand etalonul de referinta dolar/aur a trecut la etalnonul de referinta dolar/hartie.	NOT	NULL	NULL
Unde pot suna persoanele din București care au nevoie de ajutor	NOT	NULL	NULL
56 de aplicaţii dubioase pe Android îţi consumă excesiv bateria; Iată lista aplicațiilor ce trebuie șterse acum!	NOT	NULL	NULL
Nu este singurul caz în Italia de când s-a extins pandemia de Covid-19.	NOT	NULL	NULL
Lecțiile unui medic român: Coronavirus, diferențele fine dintre virușii de sezon. Interviu Evz	NOT	NULL	NULL
mi-e dor de mars argo cand mai scoate si ea ceva	NOT	NULL	NULL
Ți. Am zis în acest moment sunt minim 60 de mii de cazuri.lejer	NOT	NULL	NULL
Liniile 14, 36, 40 si 46 - blocate la intersectia Bd. Basarabia/ Morarilor. Cauza: eveniment de circulație.	NOT	NULL	NULL
Saptamanile trecute vorbeam despre diferenta dintre lucratul intr-un studio si de acasa.	NOT	NULL	NULL
Sectorul locuințelor și construcțiilor trebuie protejat de criza Covid-19	NOT	NULL	NULL
Lăsați naibi țâgara că vă prinde covida și vă duce-n izoletă.	NOT	NULL	NULL
@sopeprotector sunt singura care nu pricepe tweeturile astea? gen	NOT	NULL	NULL
@CloneSandman @AdUnATeDuPaNeT Cica 2 tiruri de produse medicale pentru doctori vor fi donate de Jiji. Calca el pe bec de multe ori dar e bun la suflet.	NOT	NULL	NULL
Să știți că eu nu așa predau online. Vorbește lumea😎💬 la Clinica de terapii complementare Cristian Vasilescu	NOT	NULL	NULL
Era cam negru Iohannis azi sau mi s-a parut?	NOT	NULL	NULL
@AnnamariaDamian cum comentezi cazul romanului care a venit azi in tara cu un avion de linie din Spania,impreuna cu alti 60 de conationali, si desi diagnosticat in Spania cu #COVID19 a parasit tara, incalcand carantina?	NOT	NULL	NULL
@majestatea O asa brutala pauza in iuresul vietii te obliga sa te intrebi si sa-ti raspunzi: 'unde dracu ma grabesc asa?	NOT	NULL	NULL
Sper ca această criză să ne arate unde suntem și să punem umărul la lucru!	NOT	NULL	NULL
Cum au ajuns medicii sa cada primii. Tabloul contaminarilor in randul cadrelor medicale	NOT	NULL	NULL
@ingerisidemoni Mai  mult ca sigur!!! Ba chiar cu pula-ndoită, fiindc-așa iute nu ține să fugi cu ea sculată. Cine-a încercat șie asta foare bine..	OFF	UNT	NULL
LG G9 ThinQ va fi echipat cu procesor Qualcomm Snapdragon 765G şi display OLED	NOT	NULL	NULL
3 ore mai tarziu terminai aia la psiho🥴🥴🥴 pariu ca nu ii place	NOT	NULL	NULL
@MihaiHristea Nu se va întâmpla! Sunt "responsabili", ce naiba?!	NOT	NULL	NULL
@flickernat în mare parte pentru că în Italia e ca dracu cu corona momentan	OFF	UNT	NULL
@Omida73052262 DACA SI EI AR VREA :’)	NOT	NULL	NULL
@ipostaze băi, eu nu credeam că dacă zic ce tip de filtre pot opri anumite virusuri, iese o problemă sau e văzut ca reclamă. Acum mi-e teamă să zic și de unde comand mâncare și la ce filme m-am uitat.	NOT	NULL	NULL
Ministerul Afacerilor Interne, în fruntea căruia se află ministrul Marcel Vela, preia controlul Poliției Locale.În mod normal, Poliția Locală se află sub comanda primăriilor.Trai nineaca,imrastiem pata galbena peste tot !	NOT	NULL	NULL
Nu e adevărat că bărbaţii vor doar sex de la femei, pur şi simplu există femei care în afară de sex altceva nu ştiu să ofere!	OFF	TIN	IND
Logourile în carantină	NOT	NULL	NULL
Pintea într-o rochie Valentino de 2.200 de dolari, acum câteva luni, când n-avea nici pe dracu. Luați-i o geantă de la Hermes şi îşi revine!	OFF	TIN	IND
@01004753 Da-i in plm de prosti. Sa crape!	OFF	TIN	GRP
@radusmall Hai ca încet încet, ne amintim de umorul care ne-a scos pe amândoi la bere in București :)	NOT	NULL	NULL
Deşi testele lor au devenit disponibile devreme, multe ţări au reacţionat târziu.	NOT	NULL	NULL
Azi cineva mi-a zis că treaba cu virusul are legătură cu 5G-ul.	NOT	NULL	NULL
jumătate din toți cei care mă vorbeau de rău, acum mă pupă-n pulă	OFF	TIN	IND
Nici păsările nu mai migrează cum migrau altădată...	NOT	NULL	NULL
De când am domiciliu forțat, mă simt ca un "pensionar" al Grăd Zoologice. M-am gândit și la Dragnea, că ne aflăm cam în aceeași situație, adică nu putem părăsi incinta. Nu e placut!	NOT	NULL	NULL
mai fac si oamenii faini un ban.	NOT	NULL	NULL
Vorbești de încredere și loialitate, dar tu i-ai ars pe toți 🤦🏻‍♀️🤐	OFF	TIN	IND
@Dan_Tanasa Si ta-su a castigat premiul Nobel sau de ce ne-ar interesa pe noi parerea lui? Desi doua sfaturi bune sunt cam putine pentru un tata. Dar na. Daca el e fericit cu nevasta-sa, unguroaica, mongola sau ce o fi, bravo lui. Sa aiba grija sa nu se strice carnea de sub sa si pace buna.	NOT	NULL	NULL
@Adevarul Da dute in măta deputatule tu care ai stat in Romania si ai vandut-o la straini.	OFF	TIN	IND
Știam cu toții că Euro se amână. Ziua cea mai importantă e cea de joi. Sperăm că atunci se anulează sezonul din Premier League. Muie livăpul!	OFF	TIN	OTH
@RemusStefan72 Nu. Ăștia am văzut ca strâng foile, nu ți le lasă. Sau mă înșel eu? A trecut o mașina de poliție pe lângă mine, fără însemne, dar cu 2 polițiști cu un teanc de declarații înăuntru. Au trecut pe lângă mine, nu m-au oprit, aveam copil de mâna și niște plase pline in mâini.	NOT	NULL	NULL
Tu atragi ceea ce esti, ceea ce simti, ceea ce traiesti din plin. 💫	NOT	NULL	NULL
@denis26_denise E fake news. Arafat nu e autoritate : nu poate da amenzi, deci latră la lună.	OFF	TIN	IND
Adaptarea la tot felul de constrangeri/restrictii pe termen NEdeterminat (lung)=capitulare	NOT	NULL	NULL
@itmorar Frică și Pandemie, de S. Kierkegaard	NOT	NULL	NULL
Sub acțiunea lămpii infrared, care eliberează grăsimea prin spargerea celulelor adipoase de suprafață, rolele din lemn activate de dispozitiv efectuează un masaj profund (dar de intensitatea dorită de utilizator, pe principiul acțiune/reacțiune).	NOT	NULL	NULL
Scriitorul şi dizidentul Paul Goma a murit din cauza COVID-19	NOT	NULL	NULL
Cati oameni crezi si isi folosesc mai intai glagoria din cap si dupa aia dau retweet sau repost?	OFF	UNT	NULL
Dar sunt împotriva violenței!Ce dracu fac cu bastoanele alea,mai lipsea inchiziția,ruguri,torturi..😡😡De Uzi,Ak etc nu ați auzit animalelor??😡😡	OFF	TIN	OTH
pana la urma unde plm sa mai iesi dupa 10 seara daca e tot inchis?	NOT	NULL	NULL
Încă odată, nu ma refer la excepții.	NOT	NULL	NULL
Klaus Iohannis: „Domnul Tataru va depune juramantul in cursul aceste zile!”\n#covid19 #coronavirus #StaiAcasa #VaFiBine	NOT	NULL	NULL
Nelu Tătaru: Vom testa pentru coronavirus şi locuitorii din celelalte oraşe, Bucureştiul fiind un proiect pilot, pentru a putea evalua starea de infectare a unui oraş	NOT	NULL	NULL
Daca nu ies din casa mai are rost sa ma spal pe maini pe ceas?	NOT	NULL	NULL
@MarmotaDeCampie Multumesc, maestre! Imi permit acum o impertinenta: pot sa adaug si eu ceva update acii, daca o fi sa fie?🤔	NOT	NULL	NULL
@hoseokspapanasi Tyy🥺 a durat până în 10 ore și ață pt că nu știam sigur cum vreau sa o fac. Also same I love it am💞	NOT	NULL	NULL
@Adevarul Mai fă încă unul că să fie fără soț.	NOT	NULL	NULL
@floaredecactus @JAy_FLo92 Daca Diaspora  lucrează la negru ea cum lucrează? Nu zic ca inainte de intrarea in UE nu s-ar lucrat in strainatate mai mult sau.mai putin ilegal, dar toți lucrează in mod legal și cu acte in regula. Asta excluzandu-i pe dă-mi și mie 1 leu	NOT	NULL	NULL
@SirGolan Nu am pofta de mancare...si doar ce am reusit sa pun si io 3 kg pe mine; :((	NOT	NULL	NULL
DIn seria: „Ce mai face românul în carantină?”.	NOT	NULL	NULL
Angela Merkel, nou rezultat negativ la testul de #coronavirus; rezultat pozitiv pentru vicepremierul spaniol Carmen Calvo	NOT	NULL	NULL
@denis26_denise Așa este. Ei știu doar FB și distracție...	NOT	NULL	NULL
@BibiSez Nu uit la fel cum n-ai uitat nici tu să suni ultima oară, promit, xoxo, Bibi. Să te gândești la mine la duș.	NOT	NULL	NULL
12 semne ca SUFLETUL ti-e EXTENUAT, nu corpul! Ce e de facut URGENT!	NOT	NULL	NULL
#DinSurseOficiale: Nelu Tataru - noul ministru al Sanatatii	NOT	NULL	NULL
de ce nu sunt cursuri la tvr si la fizica ce rai	NOT	NULL	NULL
după ce mi-am pus așa ceva la bucătărie, acum vreo 14 ani, am dat cu capul și-n sculare și-n culcare, de mă săturasem...	NOT	NULL	NULL
Stim in unele exemple cand lupta anti aia si anti cealalta era  de "fatada", in culise nu era nicio lupta	NOT	NULL	NULL
Si asta este momentul in care m-am pus pe plans in pula mea	OFF	UNT	NULL
— Daca vrei ca viata ta sa fie o poveste minunata, intelege ca tu esti autorul si in fiecare zu ai posibilitatea de a scrie o noua pagina♡	NOT	NULL	NULL
@83635fc672ce4e6 @basarab84 Posibil. Mi l-a dat mama unei fete care locuiește la Milano. Zicea că e în vigoare de vreo 9-10 zile.	NOT	NULL	NULL
cum de nu fugi in austria si tu sau germania e mare nevoie. Aaa pe voi nu va ia nici dracu ...."	OFF	TIN	OTH
Ma uitam acum la A1, vorbeste un roman, de al nostru, din Bergamo, presupun ca-i medic(nu am prins de la inceput) 202 de persoane moarte intr-o singura zi... Cel mai grav, spunea acest domn,pt multi,nu se mai poate face nimic,nu mai sunt locuri in spitale, triajul decide..	NOT	NULL	NULL
mama e pe vedere maine dimineata unde mi ai pus oalele ca turbez	NOT	NULL	NULL
ce ii spune o farfurie altei farfurii??? ma sparg de ras	NOT	NULL	NULL
@sopeprotector chiar da nu a fost prea bine gandita faza	NOT	NULL	NULL
inca o eliminare	NOT	NULL	NULL
România se apropie cu paşi repezi de 1000 de bolnavi de coronavirus -	NOT	NULL	NULL
@AgerpresVideo #BreakingNewsAGERPRES Orban: Îl propun pe secretarul de stat Nelu Tătaru pentru funcţia de ministru al Sănătăţii -	NOT	NULL	NULL
Ludovic Orban anunță echipamente de protecție pentru spitalele CF, după ce Victor Costache a demisionat	NOT	NULL	NULL
Ajungem și la cronici :)	NOT	NULL	NULL
Cel mai bun exemplu e cel al medicului şi cercetătorului , Didier Raoult, al cărui tratament(cu hidroxiclorochină şi antibioticul azitromicină) a fost preluat pe scară largă în Chină,dar şi de o clinică din Massachusetts, de o clinică celebră din Londra, de Israel între alţii.	NOT	NULL	NULL
In plm de retardati... cu astia vreti sa scapati? 🤪	OFF	TIN	GRP
Pt fiecare mic prajit in parcurile din B si pt fiecare km alergat prin aceleasi locuri ca invit sa mi sugeti pula ca tot e frumos afara #StatiAcasă	OFF	TIN	GRP
S-au umplut intrările in scările blocului de căcăței de câine, de nici levitația nu te mai ajută.	NOT	NULL	NULL
@ingerisidemoni pai la ce comedii doar cu curisti si lesboance se mai fac, unde plm sa mai râd??? Și futură și StarTreku, da-o-ar corona-n ei!!!	OFF	TIN	IND
Acum lumea întreagă este un imens spital, pentru ca să învățăm să treacă prin miezul inimii bisericii noastre suferința celuilalt și să multiplicăm serotonina comuniunii dintre noi. 	NOT	NULL	NULL
@i0n1ca @MaricaPuiu @piticu21 In feed-ul google le-am citit.Cum iau de acolo istoric?	NOT	NULL	NULL
Glumesc, că mai iau unii în serios și dispar și ciolanul și fasolea, ca vitamina C - acidul ascorbic. Se vindecă toți de scorbut, că excesul se elimină prin urină, fiind hidrosolubilă.	NOT	NULL	NULL
daca azi nu ai, maine nu ai iar, tot catalogul de medicamente uzuale si de urgenta, atunci, draga farmacie, inchide. timpul este important si iluzia ucide.	NOT	NULL	NULL
Expune la TIBCO 2020 – târgul pentru întreaga familie - 28-31 mai 2020, la #Romexpo. #targurisiexpozitii #bucuresti #bucharest #shopping #Romania #AgendaExpo	NOT	NULL	NULL
Restricțiile au intrat în vigoare astăzi la prânz	NOT	NULL	NULL
deci tocmai s-a terminat studiul care zice că pastila anticoncepțională pentru barbați este safe și eficientă așa că am o propunere pentru prietenii mei purtători de organ sexual extern: ia și înghite tati	NOT	NULL	NULL
@denis26_denise Pai ce dracu scriam eu ma aici? Schema de ajutor e pentru Germania si Franta ... restul, batai ep umar si Doamne ajuta 😂	OFF	TIN	IND
S-a detectat un nou cutremur in Zona seismica Vrancea, judetul Vrancea, la ora 08:03:49, cu magnitudinea de 2.8 pe scara Richter	NOT	NULL	NULL
@RFboris Mă mir că te mai suportă Twitteru!	OFF	TIN	IND
@lilmintyoongi nu cred ca tu mori, nu ai sanse prea mari, dar o dai la persoane vulnerabile si ele mai departe si mor ele sau altii, e un lant al slabiciunilor of.	NOT	NULL	NULL
@sopeprotector da nu pot sa inteleg de ce s-au pornit toti acum deodata	NOT	NULL	NULL
Tutuluș Ion îmi punea heroină în pahar de palică pe etaj 8 spital Bagdasar  - tâlhării ai făcut !?	NOT	NULL	NULL
144 de cazuri noi în ultimele 24 de ore. Bilanțul infecțiilor ajunge la 906 cazuri. 13 persoane au murit din cauza COVID-19	NOT	NULL	NULL
Futu - l în gură de  jegos, asta a așteptat să decimeze populația României, nu a spus el tot timpul ca PSD.iștii trebuie sa...  pula.n gura lui de nazist împuțit Johnazist hot de case traficant și mâncător de copii cruzi 🤮	OFF	TIN	IND
Na băgam.i.aș pula.n gura voastră de#hastagisti #rezist #procuririjigodii #judecatorisantajabili	OFF	TIN	GRP
Ba coaie eu nu inteleg testament de arghezi e poezie sociala? Si daca e care pula mea e tema?	OFF	TIN	IND
@itmorar “Ultima noapte de dragoste, întâia noapte de covid” de Giovanni Boccaccio	NOT	NULL	NULL
Apoi, dute-n plm și fă-ți anticipate până mori, sas prost ce ești.	OFF	TIN	IND
În locu' vostru fiind și dovedindu-mă mai prost ca pula, mi-aș ține dracu' botu' până m-aș reabilita cât de cât.	OFF	TIN	GRP
#EuropeniImpotrivaCOVID19	NOT	NULL	NULL
Răfuieli în USR şi pe timp de coronavirus. Ce calcule meschine ascunde o	NOT	NULL	NULL
@itskiiraa_ Nu stiu cine are 433 de metri, dar vreau sa-l cunosc.	NOT	NULL	NULL
Aștept să văd ce soluții iau/cer casele de pariuri...	NOT	NULL	NULL
@trueroobert Sugi pula cocalare, si tu si ma.ta si toata rasa ta, daca as vrea	OFF	TIN	IND
Volkswagen Golf a fost detronat: Clio este cel mai bine vandut model auto din Europa -	NOT	NULL	NULL
@Bogdan24067247 Amin asa sa neajute	NOT	NULL	NULL
@Hakonda Au au au au au au, cadelizei por completo!	NOT	NULL	NULL
Mă aștept ca Cuba și Venezuela sa aibă zero cazuri. Coreea de nord probabil ca are chiar pe negativ.	NOT	NULL	NULL
@RobertCPhenom să știi că de obicei reclamele urmăresc oamenii, majoritatea au legătură cu site-uri vizitate anterior :P	NOT	NULL	NULL
@Adevarul Facem ceva pe campionatul tau si pe teoriile tale	OFF	TIN	IND
Un microbuz ISU cu semnalele luminoase în funcțiune s-a răsturnat pe Bulevardul 1 Decembrie după ce a fost lovit în intersecție de o altă mașină. Transporta 14 persoane reîntoarse din Franța	NOT	NULL	NULL
@yoonfles Sigur se gasesc dinastea pe un site mai oficial daca gasesc iti trimit si tie	NOT	NULL	NULL
Vă mai aduceți aminte de fostul nostru președinte Traian Băsescu, cel care îi numea pe pensionari „asistați sociali”?	NOT	NULL	NULL
@robertVT22 Ca să ajungă angajații acasă la 22.	NOT	NULL	NULL
@Andreea_Mandiuc 👏👏👏👏👏🌹❤️Felicitări! Andreea!	NOT	NULL	NULL
@fluffyizhen Si cand intreaba de ce eu ce ii zic 🥴🥴 scuze diri n-am chef de tine	NOT	NULL	NULL
În sfârșit ni s-au întors toate valorile in tara!	OFF	TIN	IND
@anasunshine121 îți stă mai bine brunetă 😘	NOT	NULL	NULL
@NeacsuRmn Asta ar fi o solutie buna;In italia, ai voie sa iesi din casa o singura data,la magazin alimentar,farmacie si atat;Doar un singur membru de familie	NOT	NULL	NULL
Imagine si o doza de manipulare	NOT	NULL	NULL
@DanBarnaUSR Si voi ce dracu ati facut pentru ca Romania sa aiba guvernul ala stabil?	OFF	TIN	IND
Şefa Comisiei Europene, Ursula @vonderleyen: Dacă vrem ca Europa să iasă din această criză la fel de puternică precum a intrat, trebuie să luăm măsuri de precauție acum	NOT	NULL	NULL
Cozmin Gușă, președintele Federației Române de Judo: Centrele olimpice nu vor fi închise. Vom muri economic din cauza coronavirusului	NOT	NULL	NULL
Spital nou și ultramodern din Fălticeni, ţinut sub lacăt în timp ce Suceava se confruntă cu o gravă criză sanitară	NOT	NULL	NULL
Pentru unii, și dacă ești pe moarte, mai importante sunt excelul, raportul, planul, munca, tovarăși!	NOT	NULL	NULL
@zoso Ma scuzatz, dar cine plm mea e asta?	OFF	TIN	GRP
Globalismul, noua formă de internaţionalism, capitalist de această dată, după cel proletar, este, cel puţin pentru o vreme, abandonat. Soluţiile naţionale, patriotismul economic, apărarea conaţionalilor trec înaintea oricăror alte opţiuni.	NOT	NULL	NULL
@OvidiuSky @gusteru economiile, boss, a pun oamenii ban pe ban	NOT	NULL	NULL
Știri despre tehnologie și coronavirus și criză – 26 martie 2020	NOT	NULL	NULL
@camilstoenescu Pe dracu. Arată va un cur și în pozele astea de propagandă.	OFF	UNT	NULL
Tăriceanu: Mă învârt ca un leu în cușcă	NOT	NULL	NULL
Igien, Igienol-ul meu / Ce mi te-a dat Dumnezeu... 🙏	NOT	NULL	NULL
@ICostelian Păi dacã se poate, de ce nu? Nu te pui cu berbecue-ul lor, nici cu mititeii noștri...	NOT	NULL	NULL
@deathbysilence_ Iar eu pentru ca din toata comanda ajunsa azi imi lipseste fix branza cheddar..	NOT	NULL	NULL
“ ce marfă suge pula !!!! “ brancardier Claudiu bloc operator	OFF	TIN	IND
@SirGolan @ingerisidemoni Câți a infectat amărâtul ăla la Gerota? Câte cazuri s-au răspândit de acolo, mai departe? Tu ai un parapon motivat ideologic pe diaspora. OK. Parțial, sunt de acord cu tine. Dar pe alte teme. Hai să nu jucăm blame game cu ei pe corona. E periculos social și politic.	NOT	NULL	NULL
@angelorobitu Știam că, le-au închis	NOT	NULL	NULL
@denise_denis26 @Vasile55502205 Ne'am invatat prost si au avut grija si astia sa profite de asta, iar noi acum sughitam ... dar no .... asta'i! :)	NOT	NULL	NULL
@AdrianBilic @EAFIFAMOBILE Sunt prea dobitoci.. si sunt fascinat de felul lor de a anunta ca e o problema.	OFF	TIN	GRP
@Alien_draft Bine c-ați avertizat, nu l-ați demis ș-ați mai și pus curu' la bătaie ca s-ajungeți de râsu' lumii.	OFF	TIN	IND
@Sandr1na Cred că unii se cam joacă cu căpuțul nostru mizând tocmai pe faptul că nu știm să facem diferența dintre știință si pseudo știință.	NOT	NULL	NULL
Stai in casa, dar sustine fermierii! Producatorii locali, mai usor de gasit online	NOT	NULL	NULL
@novlvt E dobitoc da-l in pula mea i-a facut ieri fratemeu scandal si doar s-a enervat el nu înțelege	OFF	TIN	IND
Parlamentul European își exercită atribuțiile esențiale prin proceduri extraordinare de vot la distanță pentru a aproba măsurile urgente ale UE de combatere a pandemiei.	NOT	NULL	NULL
Dr. Viorica Cherecheş: „E important să stai în casă, dar boala trebuie diagnosticată!”	NOT	NULL	NULL
Inconștiența românilor.	NOT	NULL	NULL
@stiripesurse_ro Lia Olguța Vasilescu n-are niciun drept s-o acuze de ceva pe madam Țepeș. N-ai dreptul să acuzi o ființă proastă! Ea are dreptul de-a fi proastă de la mama natură.	OFF	TIN	OTH
dacă se închide mall-ul, ce se întâmplă cu animalele din pet shop??	NOT	NULL	NULL
@NicuMARIN9 @GrigM2 @e_raluca Bă asta care toci frunzele lui udrea la câini , tu vorbești penalule ? Du-te lângă milițianul tău cu amantă !	OFF	TIN	IND
O femeie s-a prăbușit de la etajul 3 al unui bloc din Târgoviște. Medicii nu au mai putut să o salveze...	NOT	NULL	NULL
@SorinGrumazescu Dacă îl bagi la borcan cu gogonele, promit ca nu mai pomenesc in viața mea de Greta. Dar scapă-mă de Bono, te rog, și o sa fac sacrificii foarte mari sa te răsplătesc. Promit.	NOT	NULL	NULL
@MarmotaDeCampie Oare pe noi cine o sa ne ajute?	NOT	NULL	NULL
mastile le arunci, dar costumul il mai folosesti..	NOT	NULL	NULL
Un microbuz ISU cu semnalele luminoase în funcțiune s-a răsturnat pe Bulevardul 1 Decembrie după ce a fost lovit în intersecție de o altă mașină	NOT	NULL	NULL
@SorinGrumazescu Pfaiaiai, cea mai bună idee pe ziua de azi. Esmeralda, Marimar, Rosalinda, alea ar trebui.	NOT	NULL	NULL
@alina93483922 Buna, vreau sa te cunosc. 🤗	NOT	NULL	NULL
Beneficiile usturoiului pentru sanatate.	NOT	NULL	NULL
@MihaiHristea .... opresc taxele pentru pensie și pentru sanatate.	NOT	NULL	NULL
@eljijinews @MihaiHristea Nu! A fost dom Sora recent la girafă ca s-o convingă să intre în casă; și uite așa i-a venit necazul. Oricum, persoanele publice si celebre nu fac decat o formă ușoară a bolii și toți scapă cu viață si cu bine..Iar unii de se cred(eau) infectați, de fapt nici nu sunt chiar așa...	OFF	TIN	OTH
am dat play la o piesă la 3 noaptea și îmi lăsasem (dracu știe de ce) la maxim și i-am trezit pe ai mei să-mi bag picioarele	NOT	NULL	NULL
@zoso Bai, declic and company de unde plm mea sa isi mai ia banu? Nu tu #rezist prin Piata Victoriei Socialiste, nu tu poluare ca s'a dus dracu si aia de cand cu covidu si biodegradabila, nu tu nimic ....	OFF	TIN	GRP
@nadiacomaneci10 Multa sănătate și vouă , o sa trecem cu bine și prin asta...	NOT	NULL	NULL
cateva zile pana la salariu si eu nuj cum sa ma impart intre faina-malai-spirt si 10 perechi de pume	NOT	NULL	NULL
@ingerisidemoni au dat 42 milioane la Sanatate dar 100 milioane la MAI... pentru ”protectie”... s-a instalat ”frica de popor”... ti-e clar, nu?	NOT	NULL	NULL
Stefan Mandachi ii provoaca pe toti hotelierii din Romania sa-si puna la dispozitie camerele pentru medici	NOT	NULL	NULL
Când dreaqu o sa vedem așa și la noi ??? Ce plm așteaptă Muianis ?😤😤😤	OFF	TIN	OTH
@catarin4_ @caioba39 ava da o cu catarina	NOT	NULL	NULL
@corinabacanu Măcar să spună din ce parte bate vântul, să știm din ce parte vine covidul.	NOT	NULL	NULL
Numărul infecțiilor cu coronavirus a ajuns la 1.029 în România. Au fost înregistrate 17 decese. Sunt 123 de noi cazuri de îmbolnăvire	NOT	NULL	NULL
@denis26_denise din pacate boii aia de [se]curisti n-au inteles ca nu pot conduce o tara, ca exista sisteme pentru asta, nu inregistrari... cu inregistrari audio poti eventual fute buha ca sa faci copii cu pene	OFF	TIN	OTH
Doar fătălaii se tem de un virus.... bărbații adevărați sunt însurați și nu se mai tem nici de dracu’	NOT	NULL	NULL
@hoseokspapanasi pentru ce ratiune? niste insulte neinspirate, decolorate acolo, batute de soare si un fancam random si gata un tweet de toata frumusetea	OFF	TIN	OTH
@thorul @SilviuFoca Declarație-model-nou-pdf-v2-final(1)-cel-mai-final.docx	NOT	NULL	NULL
Paul Goma a murit din cauza infecției cu coronavirus	NOT	NULL	NULL
@Horia8Bogdan Dupa iarna vine vara, dupa ploaie vine curcubeul, dupa noapte vine ziua, iar la un moment dat nu mai vine nimic.	NOT	NULL	NULL
@OvidiuSky @emiltoma_av Mai intrati si pe beegdotcom, ca nu se gata lumea.	NOT	NULL	NULL
@Camelia30_0 O sa faca gratare pe balcoane :))))	NOT	NULL	NULL
Unde pulamea erați când vă futea pesedeu'!? Muilor!	OFF	TIN	GRP
@thezvoner El este drojdier, generalul armatei de drojdie. Al 69-lea.	OFF	TIN	OTH
Da chinezu, mare guru si influencer, propovăduitor al campaniilor pe bloguri si in online, membru fondator la CAP-ului si  al cursurilor de social-media, ce mai face el acum ?	OFF	TIN	OTH
numai de miercuri. mâine mă ia dracu la istorie, dar la propriu. mă trage în jos spre iad în căldarea cu smoală	NOT	NULL	NULL
si pe faptul ca sunt izolata cu tine in casa ;))	NOT	NULL	NULL
@i0n1ca Eu cred ca nu prea sti cum functioneaza statul asta de cacat si care sunt atributiile cui, si cum e cu statutul de functioar public si plm.	OFF	TIN	IND
@kithobie @lobelyjimin_ ca.... what? bitch daca nu ai idee de romana nu mai incerca adica nu am inteles unde dar cred ca e ceva sat. eu stau in timisoara si avem un sat sau comuna langa numita carani sau ceva dar femeia asta ma frustreaza grav	OFF	TIN	IND
@RFboris Atunci au folosit prea multa	NOT	NULL	NULL
@Costindte Eu vin! Dar dacă închid ăştia drumurile şi rămân carantinat acolo la tine pe malul mării măcar vreo 3-4 luni? 😁😁	NOT	NULL	NULL
Cică se va anunță bilanțul o data pe zi, la ora 13:00.	NOT	NULL	NULL
34 de copii din România au fost confirmați cu COVID-19 până acum. Toți sunt bine. Vestea proastă: în lume, apar cazuri grave și la copii  prin @tdm_ro	NOT	NULL	NULL
Grupul Purcari anunță donații către mai multe spitale din Republica Moldova și România	NOT	NULL	NULL
#stămAcasă și ne uităm la #romaniiautalent, da?	NOT	NULL	NULL
@BoyWithPlant Nu trece o săptămână fără să-mi spună cineva ceva de @-ul meu	NOT	NULL	NULL
@DacianSoros O , ce veste minunata ! Trebuie sa se supuna legilor statului, mai ales cand iau bani de la buget.	NOT	NULL	NULL
Am o presimțire nasoala cum ca pana deseară se va ajunge la 10000 de cazuri... 😷	NOT	NULL	NULL
@MirelaBuzoianu Nu, dar nu-l folosesc	NOT	NULL	NULL
Fotbal: Răzvan #Burleanu a confirmat la #UEFA că Bucureştiul va rămâne gazdă a Campionatului European din 2021	NOT	NULL	NULL
Stai în casa , intri pe Uber Eats,  comanzi si Clatitele ajung repede la tine.	NOT	NULL	NULL
mwhahaha))) deja am văzut oameni cârtotași că vai, de când cu pandemia toți se transformă în food bloggeri. 🙄	NOT	NULL	NULL
știa.s de dreapta futu.i în gură de jegoși nenorociți toată viata bugetari dar ei sunt cu privații, agramații dracului	OFF	TIN	IND
@CloneSandman Puțin îmi pasă a cui sluga a fost. Ceea ce m-am enervat a fost discursul aproape identic cu al lui Daea.	OFF	TIN	IND
Masuri luate de Primariile din Capitala impotriva COVID 19!	NOT	NULL	NULL
nu imi place ce se intampla cu stocurile de medicamente din farmacii.	NOT	NULL	NULL
Comunitatea ASEBUSS sprijina managerii si antreprenorii pentru a traversa impreuna criza	NOT	NULL	NULL
am sa ma duc pana in carrefour la mama dracu sa cumpar ketchup pentru ca toata lumea din orasul asta e psihopata si isi face PROVIZII DE KETCHUP??? DA. ASTA AM SA FAC.	OFF	TIN	IND
Iau spre adopție temporară câini. Așa, cam jumătate de oră, la pas...	NOT	NULL	NULL
pentru toti ignorantii care au zis "este doar o gripa" ...	OFF	TIN	GRP
@mihulae1 @Stako_tennis nu prea inteleg meniul dar vreau ceva care are pe sticla pe serg cand serveste!! luaias serva aia in pula	OFF	TIN	GRP
@thezvoner intrebare-DE unde crezi ca da statul ajutor?Din cer?Nu,fireste, din  taxe. O Schema Ponzi.	NOT	NULL	NULL
@CloneSandman Așa este	NOT	NULL	NULL
@Alexaal62956348 Băiat e ok sau vreti neaparat fata?	NOT	NULL	NULL
@eljijinews @ilgrandefutador Pa aia cu optica, nu o înțeleg!Cu electronice/electrocasnice e firesc, aparatele se strica etc...Mobila oare este?	NOT	NULL	NULL
@skatecat_147 Nemții ăștia îl mai ajuta puțin sa mai ia un mandat :)	NOT	NULL	NULL
Amc vezi că se plictisește una în izolare și bagă pe insta faze cu "nu m ai prețuit când m ai avut" du te dracu coaie la terapie	OFF	TIN	IND
@pinguuina @MarmotaDeCampie Pfff scoate notificările alea că nu mai poți să faci nimic de ele.	NOT	NULL	NULL
Flutur este plimbat cu izoleta între spitalele nefăcute de PSD şi spitalele închise de PD!	NOT	NULL	NULL
@barsanf @VictoryaBee păi unde? că eu n-am văzut nici speculații... nici deficit artificial...	NOT	NULL	NULL
Mult timp liber, dar puține lucruri care contează	NOT	NULL	NULL
@Costindte @CloneSandman Multă baftă, Doamnei tale! Are nevoie...	NOT	NULL	NULL
@Horia8Bogdan Se poate să vedem și sursa informației?	NOT	NULL	NULL
După sistemul sanitar a inceput să cadă și miniștrii.	NOT	NULL	NULL
Poate așa le vine dracu mintea la cap, că trebuie să respecte regulile impuse....imbecililor care nu pricepeți!!!	OFF	TIN	GRP
de pulă împreună cu zdrentaroșii diasporei pnl.isti usr.isti pmp.isti macovisti preda.isti szigfried.isti basisti johnazisti și sleahta de scursuri ppe.iste naziste și susținătorii Johnazist.ului și statului mafiot, căcat 💩 bolnav!	OFF	TIN	OTH
Dacă nu, atunci vă invit pe toți la o cafea!	NOT	NULL	NULL
Sa ne descretim fruntile (pâna mai putem) ... 😊	NOT	NULL	NULL
Florin Cîțu: Astăzi aprobăm primul set de măsuri pentru susținerea economiei...	NOT	NULL	NULL
Cine nu sare, cine nu sare. Și-au luat subvențiile promise și acum mumu. Oh Doamne, cat ne mai tii?	OFF	TIN	OTH
Am spus si eu aici de la inceput:sunteti pe cont propriu,nu aveti pe ce/cine sa va bazati. Si e grav	NOT	NULL	NULL
Ieri încă era circulație rutieră normală. Azi e ca în weekend. Drum de 20 de minute făcut în 10 minute.	NOT	NULL	NULL
@BettinaSchroe11 Seară frumoasă om minunat!	NOT	NULL	NULL
Daca nu e ceva legat de e-sports, pentru ce plm mai avem rubrica de sport? Ah, am uitat, Zlatan din vila lui..	NOT	NULL	NULL
@CloneSandman @DacianSoros Hahahahahaha maximă maximă	NOT	NULL	NULL
@MarmotaDeCampie @itmorar Dacă pleci cu cumpărăturile gata făcute, ai șanse in vreo 20-24 ore sa ajungi la mama ta ( dacă ești oprit de toate filtrele județene) pana la Buzău ai vreo doua județe și vreo trei orașe ( parca ). Întoarcerea va fii la fel sau mai adaugi vreo 6 ore pana intri in Bucuresti☹️	NOT	NULL	NULL
@rmalutan La fix a aterizat. Măiestrie și precizie. O zi frumoasa!	NOT	NULL	NULL
@RobertEVoicu e totusi interesanta chestia aia ca ajuta sa iei contact cu o doza mai mica si prin urmare poti face o forma mai usoara dupa care sa zicem ca ajungi imun.	NOT	NULL	NULL
Orice drum incepe cu un set de #baretransversale!	NOT	NULL	NULL
@w_lemn Ce poate fi mai clar decat atat pt a spune ca traim vremuri kkcioase.	NOT	NULL	NULL
@minfloare Multumesc sunt o adevarata domnisoara poeta	NOT	NULL	NULL
@Camelia30_0 Ce chestie, si eu sm un artist pr zi. Azi a fost MJ	NOT	NULL	NULL
cât de prost și de ahtiat după piarisme ieftine să fii ca să “soliciți explicații” de la alții, când ai propriile instituții (plural!) în subordine cu competență în cercetare și luare de măsuri? #BucureștiNuFiRea	OFF	TIN	OTH
@RobertEVoicu La Apaca nu ne mai place.	NOT	NULL	NULL
@nwradu @itmorar nu ai idee cat încape într-un carut d-ala de la PSD	NOT	NULL	NULL
hai mai dă-o dracu, după ce ca am atâtea de făcut ne dă teme si la sport.	NOT	NULL	NULL
@SilviuFoca Mie mi se pare trist. Pana acum bătrânii erau invizibili. Se simțeau, oricum, singuri, inutili și marginalizați.	NOT	NULL	NULL
@trueroobert Pozibil, eu unul sunt antisocial, sau poate nu am prieteni deoarece ii consider pe toți niste cocalari fara viitor si ma cert cu toata lumea, ma doare in pula de prieteni, pe mine nu m.a ajutat nimeni niciodată, poate doar părinții pe care ii respect	OFF	TIN	OTH
@MihaiHristea Și pensia speciala este subevaluata?	NOT	NULL	NULL
Ba io odată am avut o musca in camera, am deschis geamul sa intre mai multe apoi am dormit afara. Dacă asta nu e tactica, atunci nu știu care mai e	NOT	NULL	NULL
Jurnal de casă în vremea coronavirusului. Lucrez acasă. Am grija de sănătatea mea dar și a celor din jur.	NOT	NULL	NULL
Până la această dată, la nivel național, au fost prelucrate 4.973 de teste. Cu un asa numar mic de teste e destul de greu sa vedem care e realitatea.	NOT	NULL	NULL
DN1, liber până în 2030, când se va termina testarea pentru coronavirus a tuturor bucureştenilor!	NOT	NULL	NULL
Pai ce ora e asta, pana la sfârșitul zilei mai apar încă n cazuri cel mai probabil?	NOT	NULL	NULL
Viața slujește artistului ca o pânză și artistul profită de ea fără niciun pic de milă. Relația artist-viață este simultan conflictuală și una de ”simbioză”?	NOT	NULL	NULL
@MarmotaDeCampie Care, unde? Poate daca au mai ramas rataciti prin subteran.	NOT	NULL	NULL
iar imi puneti cearta intre armys si nctzens pe tl nu pot sa am o singura zi fara drama se pare 😤😤😤	NOT	NULL	NULL
@roxidh Eu întreb dacă ce curăț din litiera motanului și trebuie să duc la tomberon, se încadreaza la:	NOT	NULL	NULL
E ca și cum i-ai mulțumi celui care ți-a dat foc la casă că, la final, a venit și ți-a oferit o pătură, că e seară și se face frig.	NOT	NULL	NULL
despre asta se va discuta ani de zile de acum inainte.	NOT	NULL	NULL
@itmorar Vor copia modelul românesc,  completează formularul la ghișeu stând la rând.	NOT	NULL	NULL
@ECiocu restul de 90% sînt saiturile pornografice, care vor înregistra o creștere de trafic corespunzătoare	NOT	NULL	NULL
@ECiocu Cu Trump președinte e ca și cum am fi avut-o pe Viorica. Măcar noi am scăpat dar americanii s-au dus dracu	OFF	TIN	OTH
@Extemporizee @Vioreleeee Da dracu, cum nu @Vioreleeee	OFF	TIN	IND
@ACplusD @DianaWdr Nu zic hop dar nu cred că distanța de China i-a făcut să reacționeze așa. E vorba de conformism, de rigurozitate, de seriozitate și de leadership. Care s-a cam mutat în Orientul Extrem de ceva timp... (ps: e imposibil să elimini virusul)	NOT	NULL	NULL
S-au declarat mii de morți in UE datorită așa-zisei pandemii, unde sunt ??	NOT	NULL	NULL
Pisicul lui Base s-a facut tigru?!	NOT	NULL	NULL
@CloneSandman @angelorobitu Cu detalii, nu ne pune pofta la încercare 😀	NOT	NULL	NULL
@IonutAxinescu @isbjorn @furtdecurent Băi, l-au luat pe unu de la mine din clădire, ieri. Până la urmă a fost negativ, dar......plm cred că o am mai mică decât @furtdecurent :))))))	OFF	TIN	GRP
In perioada 27 - 31 martie clinicile PULS isi vor desfasura activitatea dupa program special.	NOT	NULL	NULL
@ingerisidemoni @NeacsuRmn Stii cate imi trec prin cap? De cand am citit stirea cu declaratia de la A3...	NOT	NULL	NULL
Grapini:Știți câte persoane singure sunt în România? Ați organizat echipe de sprijin?	NOT	NULL	NULL
@Cristin57579223 Tu dacă doar sugi pula nu avem nici o șansă futu.ti mormântul ma.ti de zdreanță împuțită 🤮🖕	OFF	TIN	IND
care e robu ? care e roaba ? .	NOT	NULL	NULL
Inca trei romani au fost rapusi de coronavirus	NOT	NULL	NULL
Fiecare dimineață este o șansă de a începe viața din nou. ❤️❤️	NOT	NULL	NULL
@MarmotaDeCampie Nici eu nu prea fac diferența, dar eu nu mă supăr veci, cum nu mă consider cea mai smart. Apropo. Am citit acum că China a donat Zaragozei 500 de mii de măști chirurgice, azi au ajuns pe aeroportul din Zaragoza.	NOT	NULL	NULL
@stefy_ @pojdmatei Daaa dar acolo se testează în masa , nu ca la noi. Noi facem 600 de teste pe zi, Dacă le facem și pe alea... Nu e normal.	NOT	NULL	NULL
Nu am iubit niciodata gandirea colectiva sau sa mii se impuna sa fac ceva ce vrea cineva pentru un favor sau altul,, imi place asa cum sunt eu o rebela matura cu sinceritatea in tot ce fac si succinta in unele situatii pe care le consider eu -ca asa trebuie sa fac*** RYA**	NOT	NULL	NULL
Dumnezeu sā îti dea sānātate si numai bine îti doresc din suflet ♥️♥️	NOT	NULL	NULL
#Netopia #Payments a refuzat să înroleze companiile neconforme	NOT	NULL	NULL
@florinastan5 Si noi ce trebuie sa facem acuma..?  De mata ta nu mai putem!!!	OFF	TIN	IND
New post: Cum se contestă o amendă de  Covid 19	NOT	NULL	NULL
@CloneSandman Chiar este supărat. Nu îmi place treaba asta...tare îmi este că lucrurile sunt mai complicate decât credem	NOT	NULL	NULL
“Tara ca afara” adica imperialismul iudeomasonic occidental care a ocupat teritorii si popoare, colonii bune de exploatat pe toate continentele, timp de sute de ani, cu sabia, cu tunul si cu racheta…pana in ziua de azi cu multinationalele, bancile si corporatiile lor !	NOT	NULL	NULL
@suspaharu @stefancrisan @_PolitiaRomana_ E pe dracu', treij' de amețiți...😂	OFF	TIN	GRP
@denis26_denise De copil stiam un mic banc: "ce diferenta e intre romani si tigani? romanii se fura intre ei iar tiganii fura pe romani". Cu adevarat nu am crezut pana azi.	OFF	TIN	IND
La câte cărți mai am necitite, chiar mă doare-n paișpe de Netflix! #StațiAcasă	NOT	NULL	NULL
La Bucuresti vrea sa testeze la fel pe toata lumea, in 6 ani a terminat testarea 😂	NOT	NULL	NULL
de când îl fute lideru pedofiliei Chefneux Andree pe Lucian din cartier are o soră de nu se înțelege care e capul între el și ea	OFF	TIN	OTH
@nwradu ikea a inchis magazinele in multe tari. urmeaza si la noi.	NOT	NULL	NULL
Zegrean, reacție după depunerea mandatului de către Florin Cîțu: „Acum se invocă faptul că e virusul ăsta nenorocit și că de aia domnul ăsta și-a depus mandatul	NOT	NULL	NULL
Cartofi prăjiți	NOT	NULL	NULL
Privatizarea savatatii 25 oug și alegeți anticipate sa ajungă majoritari în Parlament să poată face ce vor ei cei de dreapta suge.m.ati de pulă toți cei care susțineți Johnazist.ul statul mafiot și abuzurile sistemului	OFF	TIN	OTH
@emilzice Manuela întreabă, radio Erevan ce răspunde?	NOT	NULL	NULL
ma jur ca suntem singura scoala unde se cearta profii intre ei ca nu sunt de acord cu modul altuia de predat online 😭😭😭😭 fiecare are alta idee	NOT	NULL	NULL
@CloneSandman Hai că asta este de cărticică. Engie nu sunt francezi?	NOT	NULL	NULL
@i0n1ca @ingerisidemoni @ACplusD fute grija ... și stai sa mi iau și eu ca doar și Vecinul și a luat ... mentalitate românească ! Punct	OFF	TIN	GRP
von der Leyen «apelează» la memoria asiaticilor...	NOT	NULL	NULL
@ECiocu @itmorar Întrebarea e: cine plm mai păzește oile? 😂	OFF	TIN	IND
Coronavirusul învrăjbește politicienii. PSD, acuzații dure: ”Klaus Iohannis și PNL nu au luat nicio măsură. Criza a fost minimalizată cu bună știință”...	NOT	NULL	NULL
😀Ce?? Singurii 10 000 de oameni adunați la Oradea au fost când au strâns bisericile oameni pt Marșu Familiei sau cum dracu s'a chemat!	OFF	UNT	NULL
O lebădă neagră ar fi o anume știre cu Iliescu. Asta nu e.	NOT	NULL	NULL
@otiliag1 patronul meu a plecat din nordul Italiei prin Franța si a intrat prin Oradea... a mai venit si cu aproximativ 6-8 noi asociati italieni care plm știe de unde sunt...	OFF	TIN	IND
Ministerul Sănătăţii anunţă testarea pentru coronavirus a tuturor bucureştenilor	NOT	NULL	NULL
@radusmall I-a pus dracu sa aibă bani de teste de covid. Dacă puneau borduri, acum erau toți sănătoși și nu aveau nici o problema.	OFF	TIN	IND
@dj_mezeneu @SanduGeorgeCla1 Daca ar fi numa' 12!!! Ar fi binisor 😂 ceea nu prea cred...	NOT	NULL	NULL
Unde a slujit Arsenie Boca, înainte să ajungă la Mănăstirea Prislop. Ce biserici a pictat părintele	NOT	NULL	NULL
@PleuAlexandru4 Pai, vezi, tot trebuie sa traduc: pozitiv la analizele medicale pentru virus.	NOT	NULL	NULL
Rămân valabile pe perioada Stării de Urgență #permisele de conducere și certificatele de înmatriculare care expiră	NOT	NULL	NULL
Bărbatul suspect de coronavirus care a fugit de la Spitalul Matei Balș a fost găsit...	NOT	NULL	NULL
Potrivit ştințific dacă îți place de o persoană când vorbeşti cu ea popilele tale se prot mării de 3 ori mai mult decât cum sunt ele normale	NOT	NULL	NULL
@RaduV84 Io zic s o futi pe doctorita si sa i zici ca te ai vazut cu mine...sa ti faca testul in plm mea, sa iasa din bula ei... #IMO	OFF	TIN	IND
@MaricaPuiu D: Altă întrebare	NOT	NULL	NULL
@Camelia30_0 Eu sunt cu Tom Waits momentan. Cât să mă scoată din febra și agitația asta.	NOT	NULL	NULL
@nel_sciu Christos a înviat	NOT	NULL	NULL
@catalin_marin18 băi, indiferent că te fute sau nu, tot nu e ok să îl chemi ca disperata noapte de noapte după care să îi dai mare fz și să te aștepți să fie u bună drăguț și să îți fie stea protectoare a fericirii și relației cu gigelul cu care ai înșelat-o	OFF	TIN	IND
@ijustine @Matheuzz_1  ce plm mă ?!?	OFF	TIN	GRP
Precipitation maps North America #USA #weather (Precipitatii Statele Unite in urmatoarele 3 zile)	NOT	NULL	NULL
Ce mesaj/panică transmite prin demisa sa Ministru Sănătății? #covid19	NOT	NULL	NULL
@Ioana_Matei10 Da, in cazul asta cine este inteligent este telefonul, nu persoana.	NOT	NULL	NULL
@here4milan aș zice că e anul lui Immobile	NOT	NULL	NULL
@deadcatbounce75 În Dacia și pula în pizde se zbat am început și limbi în pizda	OFF	UNT	NULL
Pai bă, la ce dume a scos ăsta, și eu îmi dădeam demisia 😂	NOT	NULL	NULL
Produsele proaspete vor deveni mai rare în Europa din cauza coronavirusului	NOT	NULL	NULL
Fotbal: Starul chinez Wu Lei neagă că a fost retestat negativ pentru Covid-19	NOT	NULL	NULL
Rugăciune către Maica Domnului pentru potolirea necazurilor -	NOT	NULL	NULL
Sa asculte! altfel vine Costache si ii testeaza pe toti in China, pana in 2100 termina testarea	NOT	NULL	NULL
@EverythingQueer o pun pe mama să-mi facă🥺	NOT	NULL	NULL
@MadaPatru ador❤ si cel mai frumos e simplitatea voastra	NOT	NULL	NULL
Doamne, prost ii asta!!!! Ce plm ati votat????	OFF	TIN	GRP
ca sa va dati seama cat de jegosi sunt strainii	OFF	TIN	GRP
@avalidnerd Crezi că ministrul nu are nimic de făcut în perioada asta?	NOT	NULL	NULL
Al 14-lea deces în România provocat de coronavirus.➡️	NOT	NULL	NULL
Pentru cine mai are dubii ca #UEMUE mai exista	OFF	TIN	GRP
@ingerisidemoni Cu indulgenta, spun ca ajungem italia mai repede, deoarece, in continuare generatia trecuta de 70 este afara chiar daca este fffff frig pentru acest martie nenorocit 😔	NOT	NULL	NULL
@stareapreseiro Cand va vad pe voi CIUMA GALBENA imi vine sa ma pis pe voi.	OFF	TIN	GRP
Plus turcești, bună-mea doar la turci se uită zilele astea :)))))	NOT	NULL	NULL
@GabrielGiurgiu2 Aș fi mers pe varianta "Ambele". Pentru că nu există această variantă, votez cu amenda. Pentru că este tot o formă de educație. Prin frică, ce e drept...	NOT	NULL	NULL
Cum dracu’ i-a ocolit pe ruşi până acum?	OFF	TIN	GRP
@IoanaPavel4 Asta zic și eu, ca nu știi. Poate ești deja imună.	NOT	NULL	NULL
imi este dor de normalitate	NOT	NULL	NULL
@AndreiCismaru Da, avem și Alex Velea	NOT	NULL	NULL
@victorciutacu Victore, mai trebuie si putina disciplina din cand in cand !!🤣	NOT	NULL	NULL
@roxidh Și unul și alții tot la ficat lovesc.	OFF	TIN	IND
Oare armata ajunge si acolo, inot?	NOT	NULL	NULL
@eaglechirp @UlfSchmid Vorbim despre un simplu gest!	NOT	NULL	NULL
Cum dracu al doilea focar important de #covid19 a aparut in Italia? 🤔	OFF	UNT	NULL
@AtenaBadea @itmorar E futută rău treaba atunci :(	OFF	TIN	GRP
@neamielualarau @MarmotaDeCampie @mihairotar Da, acolo e problema. La aprovizionare. Degeaba ai bani dacă nu ai ce să cumperi.	OFF	TIN	GRP
Pana diseara, tot Bucurestiul va fi tuns zero, indiferent ce scrie in declaratia pe propria raspundere.	NOT	NULL	NULL
@Costindte @Twitter Lasă, lasă că am văzut că tu ești bine	NOT	NULL	NULL
Vine alt ministru, că mai sunt niște clienți flămânzi. Coada-i lungă, filierele sunt diferite!!!	OFF	UNT	NULL
@pinguuina @OvidiuSky Vezi ca și spitalul de oncologie are notificări din astea. Pe bune, scoate-le ca îți faci neuronii praf :)	NOT	NULL	NULL
„De când e suflet de român pe faţa pământului, românul a fost mândru de a fi român”.	NOT	NULL	NULL
📣 ANUNȚ IMPORTANT DE LA GOVERN #coronavirus	NOT	NULL	NULL
Plot twist : România inventează un vaccin contra #COVID19 și devine o hegemonie.	NOT	NULL	NULL
Și avem regim de întărirea imunității...pe lângă dezinfectant și igienă.	NOT	NULL	NULL
@mariaamichaela Eu am schimbat numarul de telefon.	NOT	NULL	NULL
Daca ingheata idiotii astia anu școlar imma riot ce pula mea eu nu stau sa dau iar olimpiada de a 11 a ma pis pe ei de prosti	OFF	TIN	IND
Acum 2 zile am facut un fel de atac de panica asa pur si simplu. Am mai facut asta in 2012 pe un fond de stres si o suparare puternica.Manifestarea la mine este cu un vertij puternic imposibilitate de miscare.Totul este in urechea interna	NOT	NULL	NULL
"până revine partidul comunist PSD din nou în grațiile poporului".	NOT	NULL	NULL
@pinguuina ‘Eu, tu și Ovidiu’....Nici eu nu l-am văzut	NOT	NULL	NULL
@ZoliBara Da, am văzut și eu. Au mobilizat armata. Așa vor ține oamenii în case, cred, mai repede, până ajung ca Italia.	NOT	NULL	NULL
@PleuAlexandru4 Nu ai idee cât este de  șmecheră!😂 Te pup Alex!	NOT	NULL	NULL
@sopeprotector poate ca da? nu stii niciodata	NOT	NULL	NULL
Na futu.vă.n gură de jegoși nenorociți a.ti băgat țara în criză cu nazistul și toată dreapta voastră, baga.v.aș pula toată toată în gură voastră	OFF	TIN	GRP
Fotbal în iunie, într-un an impar. Ce bizar...	NOT	NULL	NULL
În atenția domnului virtuoz Marcel Vela, un fel de vioara a doua la președinția României.Este vorba de afirmațiile făcute de înalți demnitari ai statului român. Iar dumneavoastră, în calitate de mâna a doua la președinție, aveți toată puterea de a-i trage la răspundere.	NOT	NULL	NULL
Ne putem aștepta ca mâine virusul cu care se luptă America, ori China, ori mai știi cine, să fie „Rusesc”, „european” sau, de ce nu, „italian”. China, de asemenea, fără să-l numească „american”, a indicat Statele Unuite ca țară de origine a virusului.	NOT	NULL	NULL
@stirbei nici nu mai stii la ce sa te astepti.. Cred ca o sa devenim imuni si nu o sa ne mai mire nimic dupa toata faza asta...	NOT	NULL	NULL
Tinerii din ziua de azi nu se mai fabrică ca odinioară. Aceștia sunt prematur fabulosi si extrem de determinati de la o varsta frageda!  #romaniiautalent	NOT	NULL	NULL
@BibiSez cam da. și am întrebări.	NOT	NULL	NULL
@zoso Stai că acum sunt toate pe zoom	NOT	NULL	NULL
@no_Eva_no Te îmbrățișez cu drag!	NOT	NULL	NULL
Noul Citroën C3, cu 3 ambianțe pentru interior. O vei putea alege pe cea în care te simți cel mai confortabil.	NOT	NULL	NULL
Spuneți-mi numai de ce o pungă cu orez are 7.798 de boabe și alta numai 7.746?	NOT	NULL	NULL
@victorciutacu Dama de Companie , dc te vz cu febra 39.5 , pneumonie severa , 19 pozitiv si aj la urgenta  o sa spui : a avut dreptate sa fie ordine si disciplina . Si nu sti dc scapi dc aj la urgenta , cam 100 % mor care aj acolo	NOT	NULL	NULL
Vă amintiți? „Economia românească este o grămadă de fier vechi!…”. Da, domnului Petre Roman, prim-ministrul îmbrăcat în tricoul de revoluționar anticomunist și mândru nevoie mare că vorbea vreo două limbi străine, îi era rușine de țara pe care i-o încredințasem s-o gestioneze.	NOT	NULL	NULL
deorece dacă fetele nu insistă, băieții nu se sinchisec sa  scrie. (No hate pt băieți) 	NOT	NULL	NULL
@gabimacovei @itmorar Greu. Dar o fac, ai dracu chinezi	OFF	TIN	GRP
Klaus Iohannis: Este nevoie de rectificare bugetară pentru a aloca mai mulți bani pentru sănătate	NOT	NULL	NULL
@majestatea @Carlos_Sacalul De unde ai luat datele? Că ne-ar interesa să vedem sursa!	NOT	NULL	NULL
a batjocurii si perversitate , virus pentru gandire	NOT	NULL	NULL
După o zi de muncă la birou mă simt dărâmat. Parcă vin de la război, îmi vine să adorm sub duș și să uit	NOT	NULL	NULL
@radutimo @OvidiuSky @pinguuina Nu tu nouă, noi ție, se pare 😬	NOT	NULL	NULL
@BungieHelp bag pula in serverele voastre tinute in bananier. sa ma pis pe infrastructura voastra de cacat manjit. sugeti pula. salpa.	OFF	TIN	GRP
Are 93 de ani si traieste la Constanta. Una din creatoarele Polidinului face dezvaluiri  prin @radutudora3 #Romania, #polidin, #COVID19	NOT	NULL	NULL
@LauraIonescu4 Pune o poza noi suntem jurul care zice cam cum esti laura	NOT	NULL	NULL
@BucharestAir @WHO Conform pubmed USA, informatie oficiala, statul la soare si la aer ajuta in ameliorarea infectiei cauzate de coronavirus. Va rog sa im scrieti un mesaj pt a va trimite toata documentatia.	NOT	NULL	NULL
Fie Covidul cât de grav,tot mai bun-ie-n țara mea !	NOT	NULL	NULL
Cum pula mea să-ți treci la interese shopping? 😂😂😂😂😂	OFF	TIN	IND
Cred, Doamne, ajuta necredintei mele!	NOT	NULL	NULL
@mokcris Ia o pauză. Nu e nici urâta, nici frumoasa, e cum e. Fa o analiza de risc la toată societatea și e foarte probabil sa fii mai puțin panicat.	NOT	NULL	NULL
@totnormal Sfantul Volva, cu Dimitri Anatolevici la dreapta tatalui	NOT	NULL	NULL
@MarmotaDeCampie Chivu zbieră la noi să stăm dracu’ acasă. Tu ne ordoni să trăim dracului. Da' nu mai drăcuiți atâta, ce dracu'?!	OFF	TIN	IND
@itmorar Înainte de nebunia asta cu virusul mă uitam la tv și sperăm sa vina ceva sa nu mai vorbească lumea de cazul ăla nenorocit de la Caracal...	NOT	NULL	NULL
Am un prieten care atunci cand se sparge zice “mood” la absolut orice si asa ma simt eu dupa 3 zile de carantină	OFF	TIN	GRP
Du.te mă și suge.le pula la toți trogloditii #hastagisti #rezist #procuririjigodii #judecatorisantajabili Leoreanu (PNL)	OFF	TIN	GRP
@BlackJacksRvips orice ti se pare mai la indemana dintre paginile alea	NOT	NULL	NULL
Speța mea peste vreo doua săptămâni: maica-mea e la țara la Cuca Măcăii Buzăului. Izolată cam de orice supermarket de 40 km. Care sunt șansele sa plec din București dimineața sa ii las la poartă alimente și medicamente și seara sa fiu înapoi? Întreb pe bune, ca nu oi fi singurul.	NOT	NULL	NULL
@SaccountMihai2 pt mn este scary ca parca ieri eram in plm la gradinita n aveam nicio treaba si acuma mare pandemie gen?!?!?!?!?	OFF	TIN	IND
Este de ceva timp în pregătire și abia așteptam să pot să relatez această veste faină.	NOT	NULL	NULL
Mi-a dat @bogdanciuclaru o leapșă. Ce citesc acum. Dau mai departe următorilor intelectuali: @mihaigurei @bookcovertee @monicabarladeanu	NOT	NULL	NULL
@stiripesurse_ro Memento mori, Cîțule, n-auzi șuierul coasei? Încă mai crezi că dracu' nu s-atinge de ai lui?	OFF	TIN	IND
@teniescu Știu în ce țară trăiesc și îi cred în stare să ascundă adevărul, dar și țările din jur stau cam la fel, încă nu cunoaștem personal bolnavi și nu există morți. Deocamdată prefer să le dau credit.	NOT	NULL	NULL
@Adevarul Cine dracu ascultă de tine prostule? Habar nu ai ce vorbești.	OFF	TIN	IND
@radusmall 169 decese, 3400 de cazuri ( din ce spun ei ), cam bagă spaima	NOT	NULL	NULL
@stupidcow_81 Ii doare in penis de faptul ca urmeaza sa moara oamenii cu sutele (sau miile), ii fute grija doar sa fie Orban prim-ministru si sa nu piarda partidul. Mi-e sila.	OFF	TIN	IND
@bIueeeside excuse you, unde ai văzut tu maioneză portocalie? 💀	NOT	NULL	NULL
@tweet_lunatic Da ce pula mea te mananca pe tine grija coaie mereu te iei de altii coaie	OFF	TIN	IND
Unul dintre cei mai apreciați miniștrii ai Agriculturii, Petre Daea,că în aceste momente trebuie conștientizat faptul că pe lângă medici și medicamente, fermierii și hrana sunt „scutul nostru de apărare împotriva dușmanilor nevăzuți.”	NOT	NULL	NULL
@itmorar La câtă publicitate au cumpărat în ultima vreme (pe youtube și cam pe toate site-urile mari de știri), cred că e deja pregătit guvernul ăla. Pornește imediat, la sfert de cheie.	NOT	NULL	NULL
La mine hai sus, hai sus in noiembrie, ce am innebunit?😁	NOT	NULL	NULL
@StephT24191139 Fix ca un cur de maimuta	OFF	TIN	IND
Spitalul militar din Focsani ramane inchis. Mai mult de 20 de cadre medicale sunt infectate	NOT	NULL	NULL
@gusteru Se întorceau de la olimpiada de algebră	NOT	NULL	NULL
@n0chuni E colega mea de banca si dupa ce stam 6 ore/zi impreuna, acasa fac alte chestii si chiar nu mai vr sa vb cu ea. O zi-doua daca nu vb e ok dar de la a 3a deja incepe sa se ia de mn ca dc nu vb si e in stare sa inceapa o cearta	NOT	NULL	NULL
Ziua internaţională a luptei împotriva epilepsiei (#Purple Day)	NOT	NULL	NULL
Decalogul lui Daea:Continuarea înregistrării cererilor online pentru subvenții pe anul 2020 la Agenția de Plăți și Intervenții pentru Agricultură	NOT	NULL	NULL
Dacă tu ai nevoie de mine eu sunt mereu acolo dar dacă eu am nevoie de tine tu nu ești niciodată acolo.	NOT	NULL	NULL
Îl cunosc, stă departe, nu mai ajungea...😂😂😂	NOT	NULL	NULL
@GAARACLETOOO lasă-l in pace dracu că ii tâmpit	OFF	TIN	IND
@victorciutacu Tu cam ce pretentzii ai de la cei care au cam doua sloganuri care le repetau intr-una intr-un mod dement ..... CIUMA ROSIE SI ...... DNA DNA SA VINA SA VA IA ...... la atat se reducea ,, OPIZITZIA “ lor  !..... serios !... chiar ai pretentzii !?	NOT	NULL	NULL
Sa nu te pună dracu ca nici el nu o sa te mai ierte dacă o faci	OFF	TIN	IND
@jellymalin Daca vrei, spune toată. Gratis. Cu iubire și solidaritatea.	NOT	NULL	NULL
@john0peace @GrigM2 De unde sunt imaginile? ca doar nu arată asa la 150 de cazuri.	NOT	NULL	NULL
Ce presupune protocolul de tratament pentru coronavirus, aprobat de Ministerul Sănătății	NOT	NULL	NULL
123 de noi cazuri de coronavirus în România. 23 de pacienți, în stare gravă la Terapie Intensivă	NOT	NULL	NULL
Pai este, nu a luat nimeni scutul 😃	NOT	NULL	NULL
Bec,care să se schimbe după comanda ta.	NOT	NULL	NULL
#Coronavirus: Capitala Finlandei, în izolare	NOT	NULL	NULL
Să fiu al dracu', mai bine mă băgau în pârnaie! Am luat coronavirus de la o înmormântare și de la un grătar!” Pacientul zero!	OFF	UNT	NULL
Miorița mea are mare noroc cu prostănacu ăla ajuns adjunct la NATO!	OFF	UNT	NULL
@iuliaa2603 Intr-adevar gripa ucide sute de mii de oameni anual	NOT	NULL	NULL
@AndreiCismaru Dar: 2% din vanzarile generate de produsul X vor merge catre fundatia Y, care sprijina victimele coronavirusului. Cumparati produsul X, ca sa fim mai buni #CSR	NOT	NULL	NULL
@iamandrewluca @nauseabysartre prosta un Moldovan o făcut "designul"...	OFF	UNT	NULL
@bbangyibo fata lui yibo e ceva de genul "tu chiar te aștepți sa rămân?"💀	NOT	NULL	NULL
Coronavirus: 1,2 milioane de francezi sunt în șomaj tehnic	NOT	NULL	NULL
„M-am temut pentru că nu ştiam ce urmează”.	NOT	NULL	NULL
@denis26_denise E mana illaminaților!!!!!Asta nu e tot un fel de fake news?	OFF	TIN	IND
Azi ar trebui felicitat @BogdanAurescu. Avem, în sfârșit, ministru de Externe.	NOT	NULL	NULL
#Oficial: Incă 20 de angajați din rândul personalului medical confirmați pozitiv la Spitalul Militar “Dr.Alexandru Popescu” Focșanitar de Urgență	NOT	NULL	NULL
Ce dracu mai, ce puii mei e asta!?	OFF	TIN	IND
Pentru toți prietenii mei ce mă urmăresc!❤🙏🏕❤🙏🏕❤🙏🏕😘	NOT	NULL	NULL
Peste 1000 de români s-au infectat cu noul coronavirus -	NOT	NULL	NULL
bine lockscreen-ul meu e de fapt un clip si poate arata putin awkward ss-ul de mai sus dar hei e yuta si imi place oricum	NOT	NULL	NULL
@Digi24_HD Oricat de mult as desconsidera PSD pentru ce a facut in Romania in ultimii 30 de ani, nu pot sa nu apreciez un astfel de gest. Ii las pe altii sa le judece faptele, dar un ajutor de 200k EUR ptr sistemul medical este mai mult decat binevenit!	NOT	NULL	NULL
@Teo578 LOL! Libtarzii sunt detestati de oameni - inca prea putini, chiar - nu pentru ca oamenii ar iubi pesedeu', ci pentru ca libtarzii au urlat vreo trei ani intruna ca masurile bune pentru oameni luate de pesedei ar fi, de fapt naspa. 😎	NOT	NULL	NULL
Stiu sigur ca SUA au facut asta. A fost pe toate canalele stirea cu prima persoana pe care se testeaza un vaccin.	NOT	NULL	NULL
@AdyinaS In Bayern  au inchis aproape tot,in afara de farmacii,statii de alimentare, magazine...	NOT	NULL	NULL
Asociația Zi de bine continuă campania #scutpentruspitale -	NOT	NULL	NULL
@denis26_denise @cristinadobre Stop! Nu e asa. Cu statul în casa, ei încearcă sa limiteze răspândirea. Problema este ca la noi cresc cazurile deci: nu stam în casa! Vorbesc la modul general. Eu personal nu am ieșit de sâmbătă - și asta la un magazin situat la 150 m de casa	NOT	NULL	NULL
@Alex_Tikitaka @MarmotaDeCampie @itmorar Ce om sfânt, Dă-l în pula mea, nu exista nici un om sfânt	OFF	TIN	IND
Medic român la vama Nădlac: Au intrat în țară cei cărora nu le mai merge cu furtul, prostituția și cerșitul prin străinătate	NOT	NULL	NULL
nu vreau să fiu păcătoasă chit că probabil ajung dracu în iad dar chiar nu am nevoie să aud la 8 dimineața într-o duminică slujba că nu mai pot babele și moșii să stea în biserică claie peste grămadă	NOT	NULL	NULL
Pahodu nu mă mai duc eu în germania la studii in toamna asta 😪	NOT	NULL	NULL
Un roman venit din Italia, bagat de autoritati in carantina la el acasa, mi-a pus o intrebare la care nu stiu ce sa raspund: "In ce camera sa stea el si in ce camera soacra-sa?". Mentionez ca omul a marturisit ca are trei camere si-un balcon.	NOT	NULL	NULL
#DocumentarAGERPRES BISERICI ŞI CATEDRALE: Westminster Abbey din Londra -	NOT	NULL	NULL
La McDrive-ul din #Constanța era o coadă cum era inainte de '89 la benzină.	NOT	NULL	NULL
@AndreiAndrei63 Bună dimineața Andrei!🏕🏕🏕❤🙏🍀	NOT	NULL	NULL
Românca care a impresionat lumea a murit în plină pandemie	NOT	NULL	NULL
@sopeprotector jur deci o singura data am incercat si a iesit ca dracu nu mai vreau	NOT	NULL	NULL
GCS: A fost actualizat modelul declaraţiei pe proprie răspundere; a fost simplificat în privinţa datelor de completat	NOT	NULL	NULL
Si pe o insula pustie ....😂😂	NOT	NULL	NULL
#Orban: Paul #Goma - un nume care în ultimele decenii ale comunismului a trezit speranţa în sufletele noastre	NOT	NULL	NULL
@TanarulD @itmorar ,, te faci frate cu dracu' pana treci puntea	NOT	NULL	NULL
@Alien_draft FB imi aduce aminte de epoca dialup, nu stiu cum plm au toti rabdaare cu mizeria aia ...	NOT	NULL	NULL
@BoyWithPlant din punct de vedere nctzen momentan da dar din punct de vedere mate,carat,fix si abnew nu prea yolo 🤪	NOT	NULL	NULL
Dacă aveam 700 miliarde de dolari si dacă n-aveam. Știi ceva ? Dacă erau băieți nu cereau banii ăștia pentru că știau că este nevoie de bani pentru mine  😂	NOT	NULL	NULL
@i0n1ca Cine nu sare ia cu dobanda mare! 😂 👀	NOT	NULL	NULL
@kolat_ca Profu' de istorie dar n V-VIII o folosea.	NOT	NULL	NULL
@AdyinaS Două mii de cazuri mai mult decât dimineață!!! Enorm de mult.	NOT	NULL	NULL
#Suciu: Perioada imediat următoare va fi o perioadă a dobânzilor scăzute; dacă cineva poate plăti ratele, nu e în avantajul său să le amâne	NOT	NULL	NULL
@mokcris No, acum înțelegi de ce imi pun întrebarea? Parca suntem ca oile, ascultăm acum un ordin, dar chiar nici o oaie nu își pune problema unei finalități?	NOT	NULL	NULL
Când un bărbat te tține treaz toată noaptea, de obicei sunt sub 10 ani. 😅	NOT	NULL	NULL
Astept cu nerăbdare condamnarea și aducerea în cătușe a unuia care a răspândit virusul.	NOT	NULL	NULL
Ăstora nici o pandemie nu le închide gura. Cred ca Dumnezeu face mișto de noi uneori. Umor celest.	NOT	NULL	NULL
@jkstattss sscuze dar ce pula mea e cu poza asta	NOT	NULL	NULL
@i0n1ca Auuu, mamăă, ce i-aș rupe trompeta ăleia!!	NOT	NULL	NULL
fiecare socoteste cat, cum, de unde, daca trebuie sa iasa sau sa lucreze.	NOT	NULL	NULL
Uimitor cum interesele comune devin asa de mari,incat reusesc in cele din urma sa isi spele rufele in famile, eventual sa fie si buni prieteni	NOT	NULL	NULL
Artistul - un plămăditor de sens, iar spectatorul un co-narator. În fiecare spectator subzistă un gram de artist.	NOT	NULL	NULL
Sunt destui cei care s-au întors în secret din Italia și nu au declarat asta.	NOT	NULL	NULL
Huawei pregătește încă un design nou de cameră pentru un potenţial Mate 40; Vedem un brevet	NOT	NULL	NULL
@EuTuNoi13 @Carlos_Sacalul cam de kkt comentariul tau la adresa presedintelui ales de 66% dintre boi! De kkt rau de tot! Si nu inteleg ce pula mea iti da ludovic zero de esti asa nervos!	OFF	TIN	IND
Asta grosso modo, chiar ar putea fi o veste buna!	NOT	NULL	NULL
Știu că eu v-am spus că cel mai frumos ținut este ținutul de mână. Rămâne valabil, însă dupa ce trecem peste această încercare. 	NOT	NULL	NULL
Fratemeu efectiv urla la telefon...coaie e 1 taci dracu	NOT	NULL	NULL
Klaus zice că trebuie să ne mișcăm foarte repede, după ce ne-a futut trei luni cu anticipatele! Doamne, totuși, de ce ne urăști?	NOT	NULL	NULL
Ludovic Orban scoate la mezat activitățile sanitar-veterinare publice! Schimbarea legislativă pregătită de Guvernul PNL	NOT	NULL	NULL
Bai, unde dracu s'a pierdut poezia asta a simplitatii utile?	NOT	NULL	NULL
@john0peace @Semanticus Radiourile s-au adaptat. Am acultat ieri o reclamă la Mona. Am fost atât de șocat că nu am apucat să o înregistrez..	NOT	NULL	NULL
@j00niesthighs si stii dc se intampla asta pt ca exista multi idioti care nu pot sa stea in plm in casa si umbla ca drogatii  pun in pericol pe toata lumea si se ajunge la masuri de genul	OFF	TIN	IND
S-a emis Ordinul prin care este stabilită metodologia de solicitare și eliberare a Certificatelor de Situație de Urgență (CSU).	NOT	NULL	NULL
Revista presei de Nord Est (LA NICOLAE BALCESCU Sedinta Consiliului Local din 24 mar FILMARE EXCLUSIV TV 4K) stire publicata de Bacau Press -	NOT	NULL	NULL
Of, cât de uman.	NOT	NULL	NULL
Iar la noi,ce-mi e că mori de cov ce-mi e că mori de anevrismcerbr	NOT	NULL	NULL
@peretsergiu17 Un jucător la ca el ne-ar trebui acuma lângă Romagnoli.	NOT	NULL	NULL
Nu mai vin să-i îmbolnăvesc și pe cei din țară. Și când îi văd ce figuri fac... I-aș topi în bătaie, jur.	NOT	NULL	NULL
Casa Santa Marta urmează să fie dezinfectată.	NOT	NULL	NULL
@itmorar @ipostaze La dracu’, eu am visat ca m-a părăsit fosta nevasta, de care  m-am despărțit acum 2 ani 😁. Nu mai beau bere la prânz, uite ce pățești de la asta.	NOT	NULL	NULL
@CloneSandman Extrem de grav!!! Asta nu ar trebui lăsată așa, după ce se termina toată nenorocirea asta	NOT	NULL	NULL
@AlexPop76 @stefancrisan @Horia8Bogdan @ciulea Dragul meu, acolo nu e solidaritate, e disciplina de partid. Întărită cu frica de pușcărie, în lipsa drepturilor și libertăților individuale sau colective. Nu cred că ai dori să trăiești acolo.	NOT	NULL	NULL
După BRD, și BCR reduce prognoza de creștere pentru acest an, la -4,7	NOT	NULL	NULL
Povestea unor tineri voluntari din Sibiu care produc viziere de protectie si le impart gratuit medicilor	NOT	NULL	NULL
@denis26_denise Împușcat?E 50 de bani glonțul!Are o vârstă, uitat în carantină!!!	NOT	NULL	NULL
Alături de alte șapte state, România promovează dosarul ”Tradițiile de creștere a cailor lipițani” pentru înscrierea în patrimoniul UNESCO	NOT	NULL	NULL
@thezvoner Cand auzi pleava societatii ca, PSD a dat!! ..pai normal ca a dat, a dat si de unde nu mai era un leu, dar au facut imprumuturi record din toate pdv.. iar pe urma cei care veneau sa curete mizeria dupa ei si sa astupe gaurile, erau nasoli, ca nu dadeau si taiau.. si iar bis 🤷🏻‍♂️	NOT	NULL	NULL
@DanTOMOZEI Chiar si cetățeni chinezi care se întorc în țară plătesc carantina??	NOT	NULL	NULL
@keyboardriot @itmorar Pulă ?	NOT	NULL	NULL
Suntem mai optimisti, nu credem in asa ceva aka #COVID2019, zise un nene cu familia dupa el #nunemaifacembine	NOT	NULL	NULL
@Diana_Onisor07 🙊🙊 te a răcorit ?	NOT	NULL	NULL
Costuri uriașe pentru UEFA după amânarea cu un an a EURO 2020!...	NOT	NULL	NULL
O colegă ieri: "Să vezi la 9 luni după perioada asta de izolare în case ce boom de natalitate va fi". Un prieten azi: "Să vezi tu cîte divorțuri vor fi imediat după ce se termină izolarea asta în case." Cine va avea dreptate? Colega, prietenul, amîndoi de-odată sau niciunul?	NOT	NULL	NULL
Proiect legislativ: Pedepsele pentru coruptie sa fie majorate cu un sfert daca sunt comise in perioada starii de urgenta	NOT	NULL	NULL
@vminsgukkie CE PULA MEA VERE VOIAM UN SS CU SHIZUI SI DAU DE CACATUL ASTA	OFF	TIN	IND
@itmorar Decât cu covid și fără drojdie, mai bine negativ și cu cămara plină. (Nu stiu sursa, am auzit pe la Divertis)	NOT	NULL	NULL
S-a spus că totul e posibil și că limitele nu există și absolut toată lumea a fost de accord.	NOT	NULL	NULL
Acum inteleg mai bine de ce manelele mereu m-au facut sa vomit.	NOT	NULL	NULL
@MarmotaDeCampie Nu e corect deloc.unde este egalitatea si diversitatea???	NOT	NULL	NULL
@jhsrightdimple cand am inceput sa ascult nct m-am indragostit de 100 si dreaming si inca nu mi-a trecut	NOT	NULL	NULL
@iosanaa @Roberto76Adrian Sunt tare si nimeni nu poate sa ma doboare amputere mare	NOT	NULL	NULL
Să-mi explice și mie cineva de ce circulă transportul public? Poate fi focar de infecție în timpul zilei.	NOT	NULL	NULL
Mercedes-Benz va produce izolete pentru popii din România!	NOT	NULL	NULL
OOMF DA SHOTURI. VREAU SI EU CE DRACU VORBISEM SA MERGEM LA O PETRECERE DA NU MAI PUTEM ACUM OBVS	NOT	NULL	NULL
#Bode: Sistemul de transport reprezintă o linie vitală pentru economie; zilnic intră în ţară 4.000-4.500 de camioane, în medie	NOT	NULL	NULL
@adriano_qld unii adună morții cu răniții ș scad doar morții. Ca la Plevna. Dacă e ceva pozitiv azi față de ieri e ca is mai puține cazuri noi. Aproape 700 mai puțin. Să sperăm că de acum scad	NOT	NULL	NULL
știm amândoi că te vei întoarce, dar, crezi că-s prost să te primesc înapoi ?	NOT	NULL	NULL
Obișnuit de pe Pământ să nu mai dau mâna cu nimeni, am fost luat la rost de unii de pe Alfa Centauri:	NOT	NULL	NULL
Nenorocitule, tradator imputit de neam si tara!!!Huooooo!!!!	OFF	TIN	IND
Combinația pedalare în vacuum - infrared accentuează considerabil rezultatul încă de la prima ședință a utilizării echipamentului B FIT.	NOT	NULL	NULL
@Kray1717 @SofiaCovaci Doamne ajută!	NOT	NULL	NULL
După Tom Hanks, actorul Idris Elba a fost testat pozitiv cu coronavirus: „M-am autoizolat imediat”...	NOT	NULL	NULL
@roxidh te lasă dracu fără prieteni 😂😂😂😂	NOT	NULL	NULL
@basarab84 La prima oră am călcat într-unul. Nu mai suport manipulații!	NOT	NULL	NULL
@Doctoru_Andy Asta nu poate fi dat cu capul de pereti pt stiri false?	NOT	NULL	NULL
@Doctoru_Andy Sa munceasca la el pe 2 lei! ...la el, la Borcea...sa se duca la el la palat sa arunce cu bani in ei sa se umfle pipota in el de crestin!	NOT	NULL	NULL
Pericol mai mare decit coronavirusul este Ministerul Sanatatii.	NOT	NULL	NULL
@VivianFanClub01 @VivianDsena01 Mulțumesc pentru grija ta,pup	NOT	NULL	NULL
@hoseokspapanasi @BoyWithPlant L-am făcut deja 👀 am pus un @ kinda clapped JDJSJS dar voi păstra această variantă în caz că vreau să îl schimb	NOT	NULL	NULL
Să vă pună dracu' să ieșiți mâine la zăpadă!	NOT	NULL	NULL
Genul Polițist a la Agatha Christie cu al ei Hercule Poirot.	NOT	NULL	NULL
Incontestabil și definitiv. C-o fi ș-a dracu' pe lângă, e livrat la pachet. De ce Țepeș?!? Pune-i mustață și vezi!!!	NOT	NULL	NULL
sunt de părere că poreclit găurică tot heroină ( fratele la jandarmi ) i-o cam sugea pula real lui Chiraș	OFF	UNT	NULL
@AndreiCismaru Din experienta anilor petrecuti in mediul medical sunt maxim 3 persoane credibile. Primul si cel mai important este Rafila. Restul sunt de umplutura. Pusi pe linie politica, chiar daca sunt veniti din sistem.	NOT	NULL	NULL
@thorul @Heisenbergul Chiar și eu mi-am luat rochie și port jartier.	NOT	NULL	NULL
Oliviana Ursuleac, vegana care militeaza pt drepturile omului dar este impotriva “social distance” este noul meu cont preferat de pe twitter. Nu ii dau @ pt ca femeia e balaceanca direct insa puteti arunca o privire 💪	NOT	NULL	NULL
Nu lăsa pe mâine ce poți virusa azi #proverbe	NOT	NULL	NULL
Eu am văzut un Humvee. Dar lasă asta, unde ai găsit mănuși?!	NOT	NULL	NULL
Nu am fost susținută absolut deloc ...iar vina nu îi aparține Regelui.	NOT	NULL	NULL
@cosmin_roman_ Asta ar trebui pus la raftul cu hartie. 😂	NOT	NULL	NULL
@RomaniAuTalent da l in pula mea de gheius	OFF	TIN	IND
„A fi sau a nu fi,aceasta-i întrebarea!”Ceea ce va fi după și câți dintre noi vom mai exista depinde de o mulțime de factori.Depinde de expansiunea maladiei, de durata acesteia, de corectitudinea măsurilor luate de guvernele și instituțiile paranaționale responsabile de situație	NOT	NULL	NULL
Mark Twian: „Dacă votul nostru ar putea schimba ceva, nimeni nu ne-ar mai lăsa să votăm”	NOT	NULL	NULL
Asta e economia se duce....la vale	NOT	NULL	NULL
Custodele Coroanei, Margareta: mesaj în plină pandemie de coronavirus (VIDEO)	NOT	NULL	NULL
În 6-7ani a făcut o avere cât alții n-au reușit nici în 25! De ce ANL-ul nu i-a reziliat contractul după ce s-a mutat în vilă, ori avem și asistați sociali cu palate? #corupție	NOT	NULL	NULL
@denis26_denise Hai lasă, că unii au mai și murit și n-au mai pățit nimic!	NOT	NULL	NULL
Se pare ca fiecare dintre politicienii nostri are doua-trei planuri de salvare pentru Romania.	NOT	NULL	NULL
v-am zis, sau nu v-am zis?	NOT	NULL	NULL
Premierul s-a ferit să spună clar de ce a fost schimbat ministrul sănătății Costache.	NOT	NULL	NULL
#Coronavirus: 67 de preoţi au murit de la începutul epidemiei în Italia, iar şeful Agenţiei de Protecţia Civilă s-a îmbolnăvit	NOT	NULL	NULL
@PrecupMarcel @ZoliBara @laurentiu009 Și finalul? Totul ok? Se vindeca?	NOT	NULL	NULL
@severvoinescu @itmorar Nu trebuie subestimați nici ei. Poate nu înțeleg, dar rețin.	NOT	NULL	NULL
@ArmandEpurescu da-ti in plm cutit ca deja ai ajuns sa zici  niste lucruri mari decat tine si sa te comporti ca un autist	OFF	TIN	IND
@DavidSassol: Am fost nevoiţi să luăm decizii fără precedent pentru a proteja sănătatea angajaţilor şi a membrilor Parlamentului European, dar garantând în acelaşi timp că activitatea democratică a instituţiei poate continua #EuropeanParliament #COVID19	NOT	NULL	NULL
Nu m-ar mira ca virusul ăsta sa fie o combinată alpină nordică a rușilor cu chinezii. Prea se duce dracu Europa.	NOT	NULL	NULL
@MediumUziVert El nu so dus in garaj sa caute o surubelnita. El so dus deoarece rick la chemat	NOT	NULL	NULL
@iuliaa2603 @stefancrisan @cristinadobre 0.5% din cazuri au probleme de genul care îl descrii tu din cauza la polio.	NOT	NULL	NULL
@UlfSchmid Bună dimineața bunul meu Ulf!🏕🏕🏕🏕🏕🏕😘🙏❤❤🙏🙏🙏	NOT	NULL	NULL
Ferește-te de foc!	NOT	NULL	NULL
De acord poti contacta o infectie si nu stii, insa la un moment dat (ex. virusul coronaV) apar simptomele	NOT	NULL	NULL
#Coronavirus: Pentagonul suspendă timp de două luni toate desfăşurările prevăzute la nivel global	NOT	NULL	NULL
@Rara06570402 @Anthony68711104 @BenGeskin @RODENT950 e prea fanboy omul ăla 😂	NOT	NULL	NULL
nu par normale si nici de bun simt astfel de sfaturi.	NOT	NULL	NULL
@MarmotaDeCampie @GabryIonesc2 s-o atacat săraca. îi pușcă o venă	NOT	NULL	NULL
CUM DRACU MA LASA PE MINE MAMA CA E PARANOICA CU CORONA	NOT	NULL	NULL
Un pustan roman care se mandreste cu asta public face misto de romanii care au suferit in Romania. Eu il iau la rost pentru asta. Duduia se supara pe mine din cauza asta. Cam asta fu, #plm! 😂😂😂	NOT	NULL	NULL
Urmaresc cu interes miscarile antieuro, in special in Italia, Polonia. Daca ei pleaca si se inchide pravalia poate scapam si noi. Din pacate am porni dintr-o situatie dezavantajoasa.	NOT	NULL	NULL
Eram sigură 😂😂😂	NOT	NULL	NULL
@ZBradutZ @P_Legacy_Xx e din 2019 plm daca mai gasesc battle-ul iti dau da imi e sila sa caut :))	NOT	NULL	NULL
Handbal: Fostul campion mondial Cristian Gaţu a suferit un AVC şi va fi operat joi la Spitalul Militar	NOT	NULL	NULL
@gusteru @ipostaze Recunosc, în materie de shopping online suntem cam primitivi, nu prea suntem sofisticați, nu avem mare experiență.	NOT	NULL	NULL
Nu am văzut nicio conferință de presă cu toate televiziunile  despre toate astea... și totuși, pentru țara noastră, cancerul pare a fi mai agresiv decât COVID 19. Un articol publicat acum ceva vreme.	NOT	NULL	NULL
@TanarulD Nu mai e nici un dubiu că o va trânti!	NOT	NULL	NULL
@corb_pavel @MihaiHristea aoleo. am zis eu cv de diaspora iubirică? 😘😘	NOT	NULL	NULL
@RobertEVoicu Sunt diferite firme pe platformă. Sigur mai e vreuna și de confecții.	NOT	NULL	NULL
Sunt baiat, cu siguranta o sa va placa si o sa fiti multumiti. Va pup 😘🤗	NOT	NULL	NULL
Seria de roman spin-off Înainte de Cădere a început în decembrie 2011 și a primit o adaptare manga. Încă două serii de romane  și  patru serii spin-off de manga au fost de asemenea create.	NOT	NULL	NULL
“MOARE O LUME PENTRU CA ALTA SĂ SE NASCĂ...”	NOT	NULL	NULL
@itmorar @DianaWdr Acu o cazut din bananier, de unde dracu sa stie sa vorbeasca?	NOT	NULL	NULL
Va dați seama că 95% dintre noi, dacă nu mai mult, nu trebuie decât să stăm acasă și să lăsam oamenii aștia care se pricep să rezolve situația și să nu le punem bețe roate. Dar noi, Batman, nu... #staiacasa #quedatencasa	NOT	NULL	NULL
@sopeprotector Aștept să termin serialu' ca să mă pot duce liniștită pe tumblr să caut cute icons pt layout	NOT	NULL	NULL
@b0bsacaman0 @stefanheisu12 @AndreiCismaru Ateismul este o impotență a spiritului, nici nu știu dacă e cazul să ai complexe. De inferioritate, zic.	NOT	NULL	NULL
@MarmotaDeCampie @radutimo @pinguuina Off Radule :))	NOT	NULL	NULL
Daca nu, pot sa fac si valuri.....in cada🤣	NOT	NULL	NULL
zixuan are 20 de ani,,,EU AM 18,,, SE PARE CA PRIN DEFINITIE NE CASATORIM FATA MEA	NOT	NULL	NULL
@mb_0309 Al dracu dar scoala tot nu o inchid...	OFF	TIN	IND
@b0bsacaman0 @BasicWit @AndreiCismaru De ce pui toti popii in aceiasi oala ? Sunt de Acord cu tine ca marea majoritate sunt niste șarlatani... dar  sunt unii care chiar fac si Ajuta. Lasati in pula mea ipocrizia.	OFF	TIN	GRP
@SirghieCristina Nu sunt de acord cu taierile de pensii in general, fie ele speciale sau nu, decat ca ultima solutie de salvare a functionarii unui stat aflat in stare grava.	NOT	NULL	NULL
Ponta a cerut sistarea EXPORTURILOR de alimente. Adică alimentele să rămână în România! EXPORT! Cum morți ei de treabă să fie acuzat că vrea să înfometeze populația ? SF direct.	OFF	UNT	NULL
Deschide gura ca pe acolo intră pula	OFF	UNT	NULL
@i0n1ca N-am cuvinte, sincer. Dar, dacă aș fi fost acolo, vai Steaua lui. Cu orice risc!!	NOT	NULL	NULL
#BreakingNewsAGERPRES @AgerpresVideo  Nelu Tătaru - numit ministru al Sănătăţii	NOT	NULL	NULL
Este ora 11...au început să mișune oamenii pe strada .....	NOT	NULL	NULL
@kitone Recomand cu tărie acest articol. Chiar și cu google translate, dacă franceza nu e fluentă:	NOT	NULL	NULL
Am curățat televizorul cu gel dezinfectant și  a dispărut ANTENA 3.	NOT	NULL	NULL
ASTA PĂCEȘTE O CURVĂ CÂND NU ASCULTĂ DE BĂRBAT A SPUS BĂRBATU TREBUIE SĂ FACEM BANI LA PULA CU TINE FEMEIA ASPUS NU MĂDUC TE DAU PE MÂNA POLIȚIEI IAR BĂRBATU A RUPTO CU BĂTAIA PE CURVĂ	OFF	UNT	NULL
Numai de n-ar fi afurisita aia de matematică (știință exactă, care ne arată că ,zilnic, peste șaptejdemii de humanoizi dau colțu') .	OFF	UNT	NULL
Foarte bun postul ! Un om cu viziune ! Recomand #decitit.	NOT	NULL	NULL
Tot aud în jurul meu că  acest virus scoate ce e mai bun din noi. Serios? Atât de multă ură, dispreț și dezbinare, nu am văzut în absolut niciun moment al existenței mele.  #COVID19romania	NOT	NULL	NULL
@Alex_Tikitaka @mitrutdocan @itmorar Mai degrabă grandomanie ieftină. Pentru intimidare au cefele late de la jandarmi. Oricum ăștia sunt mai mulți decât armata.	NOT	NULL	NULL
Mai știi când te-ai alăturat pe Twitter? Eu da! #AniversareaMeaTwitter	NOT	NULL	NULL
Distrează-te pe Badoo cu Liviu și cu alți utilizatori interesanți din zona ta!	NOT	NULL	NULL
Oficial. Euro 2020 se va juca în 2021. #uefa #COVID2019	NOT	NULL	NULL
Mai repede m-as fute cu salcamu lu moromete decat cu orice personaj masculin din literatura romana	OFF	UNT	NULL
Peste 1.000 de morti de COVID-19 in SUA: Plan financiar de 2.000 de miliarde de dolari, Pentagonul recheama soldatii acasa	NOT	NULL	NULL
Stiti ce are manipularea? Pula. Si cine altcineva mai are pula? Barbatul	OFF	UNT	NULL
@make2000 Din aia de dinainte de ‘89, please, please, please!	NOT	NULL	NULL
@teoadi @i0n1ca Pai ce, nu ai IP-tv? Am pus eu radioul de la mine :)	NOT	NULL	NULL
Sătenii nu-şi bat capul cu noul virus.	NOT	NULL	NULL
@marconst Nu imi mai trim. Nimic. Total neinteresant	NOT	NULL	NULL
Ma vad peste ani la sute de km departare de casa, cu o tigara aprinsa, spunandu-mi “la dracu, chiar am reusit	NOT	NULL	NULL
@10stc80 Ni series. Ni cine. Ni documentales.......	NOT	NULL	NULL
Se mândrește cineva cu vreunul dintre prim-miniștrii României?Desigur,nu. Ba,chiar ne este rușine de ei. Ne mai este rușine și de cei patru președinți. Ne rușinăm de primul, care a crezut că poate exista un comunism îmbrăcat în haine capitaliste.	NOT	NULL	NULL
@coachanelin Nu exista nicio solutie viabilă 100% !	NOT	NULL	NULL
Nazistul împuțit hoț de case traficant și mâncător de copii cruzi cu toți susținătorii lui a fost mulțumit de kovesi Lazăr Orban Costache toți trogloditii care ii sug pula sunt cei mai buni	OFF	UNT	NULL
Două-trei luni de„distanţare socială"de„confinement”de„social isolation”a întregii populaţii vor da de pământ cu economia mondială. Care, chiar fără coronavirus, ntrase mascat în criza anunţată deja de vreo doi ani.	NOT	NULL	NULL
1.Neglijenta,2.eroare,3.intentie Oricare din cele 3, trebuie sa raspunda!un presedinte de tara in curtea cui a inceput DEZASTRUL!	NOT	NULL	NULL
Bucurestiul va fi testat in totalitate! Testare rapidă în masă si testare largă. Ușor de efectuat (ca un test de sarcină).  E nevoie de o picătură de sânge. Rapid – doar 15 minute. Ușor de interpretat (vizual, intuitiv).Oriunde. - Tudor Ciuhodaru	NOT	NULL	NULL
da' pe ei îi doare-n pl că ei stau toată ziua și noi suntem cretinii care tre' să lucreze toate căcaturile lor, ce plm	OFF	UNT	NULL
70 de zile, 11 zile, 4 zile, 3 zile... / Din pacate nu doar ca accelereaza, dar si accelerația accelerației (derivata a II-a) e pozitiva.	NOT	NULL	NULL
Are și el o grijă în perioada asta plicticoasa, fără crize, fără evenimente deosebite.	NOT	NULL	NULL
@Observator_TV Pentru că era nevoie să umble și la codul penal în situația asta, nu???	NOT	NULL	NULL
Deci sunt 2 natii care merg pe imunitatea colectiva luandu-se dupa sfatul specialistilor. Noi si restul popoarelor ne izolam la domiciliu, inchidem granitele si alergam dupa "contacti".	NOT	NULL	NULL
@rjsego ma, pe teritoriu romaniei au venit multe natii acu sute de ani :)))	NOT	NULL	NULL
unde sunt idiotii aia cu "nu trebuie sa mergi peste tot cu masina, exista mijloace de transport in comun si nu ai nevoie de parcari in oras"	OFF	UNT	NULL
In America viata incepe sa se stinga incet, incet din orase, in schimb, sunt cozile din ce in ce mai mari la magazinele de arme...	NOT	NULL	NULL
Ne-am kkt pe noi că diaspora ne dă coronavirus și până la urmă tot de la milițienii noștri cu pensii speciale l-am luat!	OFF	UNT	NULL
@bogdantatuta o insulă de normalitate, bine de știut că nu e chiar toată lumea asta razna	NOT	NULL	NULL
Nu vreau să știu acest război pe diferite fronturi, ci vreau să cunosc unitatea în aceste momente grele și foarte grele.	NOT	NULL	NULL
nu poti schimba pe cineva daca o faci doar pentru tine	NOT	NULL	NULL
Cutremurătoe ! Cercetătorii englezi au descoperit că dl Lăzărescu a murit tot de Covid. #plm	OFF	UNT	NULL
Cu ce acopera doctorii greselile? Pamant. :3	NOT	NULL	NULL
dc dracu imi dai tema vineri la 11 noaptea esti nebuna	OFF	UNT	NULL
Pentru consumul imbecilor.	OFF	UNT	NULL
cand e vorba de o incercare Va las cu ochii in soare va trimit la culcare	NOT	NULL	NULL
@_chuupiter Da dar cartea nu e structurata asa, gen serialul e practic in 2 parti prima parte primele 2 episoade in ep 2 intrii in flashback gen a2a parte si in ep 32 sau 33 iesi din flashback si se continua prima parte da cartea nu e facuta asa, ai la inceput plotul din ultimele ep	NOT	NULL	NULL
La inițiativa primarului Cătălin Cherecheș, 4 luni fără facturi la Vital!  Pentru lunile martie, aprilie, mai și  iunie  se suspendă facturarea către cetățeni a serviciilor de apă și canalizare!	NOT	NULL	NULL
@MarmotaDeCampie sunt la guvernare	NOT	NULL	NULL
ma pis pe mine toata lumea isi aduce pune cainele in fata camerei pe hangouts pana si profa	OFF	UNT	NULL
@SilviuFoca La ora 10 când ma întorceam de la birou. Culmea e venea de la piață (am mers în spatele lui o bună parte din drum) și sacoșa era absolut goala. Clar era ieșit la promenadă. (el și mulți alții) 👿	NOT	NULL	NULL
olanda iti dau foc cu mine aici daca e nevoie	NOT	NULL	NULL
@patrasconiu Mafia PSD nu se dezminte !	NOT	NULL	NULL
Evoluţia simptomelor la bolnavii infectaţi cu noul coronavirus -	NOT	NULL	NULL
Acizii grasi se regasesc in migdale asigura o mai buna eliminare a toxinelor din organism. Totodata, migdalele retin apa in organism, ceea ce ofera pielii un plis de hidratare.	NOT	NULL	NULL
cine plm a muls vaca prima data si de ce	OFF	UNT	NULL
@lepildit Ma bucur ca mai exista și excepții!	NOT	NULL	NULL
Când dormi, crezi că te odihnești, dar de fapt creierul uman e mult mai activ în timpul somnului decât în timpul zilei. Poate de asta unii nu sunt niciodată odihniti.	NOT	NULL	NULL
A ieșit în misiune de gardare?	NOT	NULL	NULL
Corect, doar asa pot justifica împrumuturile de la FMI și banca mondială pula.n gura lor de #hastagisti #rezist	OFF	UNT	NULL
@gadrian84 Și extrem de bizară	NOT	NULL	NULL
Ei, a reușit armata și poliția să prindă virusul ăla ucigaș sau cheltuiesc banii degeaba?	NOT	NULL	NULL
Trebuie sa cautam si alte surse de energie si alte mecanisme si motoare care sa ne permita deplasarea cu usurinta in Univers.	NOT	NULL	NULL
@notjustonekoala La 11 am dat cu 300 mai mult la istyle, totally worth it, deși am luat 11 după ce m-am certat cu ei 2 luni. I mean, este mai ușor când suni la Apple pentru o problemă.	NOT	NULL	NULL
@adriano_qld Si uite asa iar suge pula la alegeri si revine pesedeu. Fmmm de animale	OFF	TIN	IND
@CloneSandman Este cam dărâmat Orban	NOT	NULL	NULL
10 tehnici de liniste si sanatate interioara, pe durata fricii de Coronavirus!	NOT	NULL	NULL
Numărul deceselor cauzate de noul coronavirus a ajuns miercuri la 1.031 în Statele Unite, fiind de asemenea înregistrate 68.572 de cazuri confirmate, relatează AFP.	NOT	NULL	NULL
Previziuni astrologice pentru anul 2020 – criză în Europa	NOT	NULL	NULL
Jurnaliștii de sacrificiu din linia întâi: În această perioadă de veritabil război, misiunea cea mai grea le revine persoanelor aflate în prima linie. Iar riscurile sunt pe măsură. Decimarea primei linii, în condițiile în care nu este suficent de bine…	NOT	NULL	NULL
@CorinaCg3 așa te vreau fata mea :D	NOT	NULL	NULL
Costache şi Orban nu mai fac echipă.	NOT	NULL	NULL
Vodafone, Deutsche Telekom, Orange și alți cinci operatori au convenit să transmită Comisiei Europene datele de localizare ale telefoanelor utilizatorilor, pentru a urmări răspândirea coronavirusului	NOT	NULL	NULL
Mesaje în nisip ale unor localnici din Anglia, pentru turiști: „Nu trebuie să fiți aici” -	OFF	TIN	GRP
@IamActiveDog O Doamne!🙏🙏🙏🙏🙏🙏🙏❤	NOT	NULL	NULL
@MarmotaDeCampie părea blând și înțelept ca moș crăciun...	NOT	NULL	NULL
cu cât trec zilele, cu atât îmi dau seama cât de mult vreau să închei totul.	NOT	NULL	NULL
Dacă bagă coronavirusul plata cu cardul de la securitate către detașații din presă, se rupe dracu' toată vraja.	OFF	UNT	NULL
@iuliaa2603 3. ...nu mai este.  Lumea e foarte stresata si foarte bolnava.   Dar in caz ca oamenii incearca, deja avem armata pe strazi.  Politia aici ucide cu impunitate zilnic, asa ca oamenii deja sint speriati, si nu o sa faca nimic.	NOT	NULL	NULL
cum pula mea sa puneti 2 persoane bani sa luati 1 pachet de tigari	OFF	UNT	NULL
@ailel4 Uita te la știri. Îți va veni	NOT	NULL	NULL
Nu ştim dacă noul coronavirus vine din laborator sau din natură.Şi probabil că nici nu vom afla prea curând.Ambele variante au susţinători.Ce ştim însă e că,odată declanşată criza sanitară„pandemia”toţi jucătorii mari din economie vor să se salveze,vor să câştige.	NOT	NULL	NULL
Oricum, dupa toata tarasenia asta, lumea se va schimba. Ordinea mondiala, relatia stat/autoritate- cetatean	NOT	NULL	NULL
@zoofxxx Cățelul ala nu ma poate fute si pe mine in cur	OFF	TIN	IND
@JosephJFlynn1 Doamne ajuta  sa se termine cat mai repede acest necaz venit pentru generalul Michael Flynn si familia lui . Gratiere totala  fiinca nu este vinova  si innapoierea a tot ce a pierdut cu acest nenorocit proces .	NOT	NULL	NULL
Pozitiv de plictiseală cronică. 😫	NOT	NULL	NULL
@MarmotaDeCampie @_lor3scu_ @itmorar De unde le scoți frate , numai tu sti 🤣🤣	NOT	NULL	NULL
@SilviuFoca Nu ai un plafon de seriale la care să te uiți, nu te limitează. Dacă sunt 100 de seriale pe netflix, tu le poți accesa pe toate, nu doar 10. E o aluzie la anumite site-uri, de obicei pirat, care te limitau la 3 episoade pe zi, din 2 seriale diferite.	NOT	NULL	NULL
dermatologul meu pune doar Jucatrece in cabinet am incercat sa ii dau bani sa imi vindece acneea de pe umar dar a zis ca cremele aduc vanitatea pleaca ba d-aci.	OFF	UNT	NULL
@robertVT22 Din lipsă de bani. Am avut un magazin non-stop, peste drum. Cu de toate mini-market, cum se spune. De la începutul lui ianuarie au renunțat, după ani de zile, la chestia asta. Am un mega image deschis până la 23 și 3 shop&amp;go-uri pe o rază de 1 km, deci..	NOT	NULL	NULL
@cristinadobre La nevoie, vor putea fi folosite diplomele si atestatele, ca banii a avut grija Manole sa ni-i faca de plastic si nu sunt buni.😷	NOT	NULL	NULL
@CloneSandman @capitan_bera Nici acolo nu-i doare. Mafioți	NOT	NULL	NULL
CE PULA MEA DE CAPITOL II ASTA GOUTUGE CE FAAAACI 🤬🤬🤬🤬	OFF	UNT	NULL
am baut ca sa prevad orice abuz al unui virus si uleiul de masline din rezerva	NOT	NULL	NULL
Coronavirus|Șeful Cancelariei premierului: Anchetăm achiziția măștilor de la firma din Giurgiu	NOT	NULL	NULL
China avertizeaza ca dupa SARS-2 o sa apara un alt virus, mai periculos, WORK-2, care o sa ne blocheze pe toti la locurile de munca. Deja sunt focare de infectie in China, Japonia, Coreea..	NOT	NULL	NULL
Stai acasă și citește!	NOT	NULL	NULL
@byubay @andreeasofrone De acord, am 25 pe listă, dar prevăd că o să crească! Dă-mi 3 cele mai mișto ale tale, te rog!	NOT	NULL	NULL
Dacă tot au închis școlile, de ce dracu nu dau ăștia o lege sa se închidă și cluburile.	OFF	UNT	NULL
@ProTVTalent @Smiley_omul @PavelBartosh Mihai Petre sau Andi Moisescu	NOT	NULL	NULL
Ochii gri-verzui – esti suficient de energic pentru a-ti realiza planurile destul de indraznete si originale . Rautatea nu este o trasatura a ta si din acest motiv nu iti iese totul de fiecare data . Timid si visator poti fi ranit usor dar asta nu inseamna ca o arati .	NOT	NULL	NULL
Statistica noastră cea de toate zilele	NOT	NULL	NULL
@radusmall Mă și mint, bă da știi cum mint, ascund realitatea de îngheață și Covidu. Acu' cică vrea să pună armata la granița cu Canada, parcă mai vrea dracu' să intre în infecția aia.	NOT	NULL	NULL
Simona Halep: Haideți să urmăm cu strictețe indicațiile transmise de autorități...	NOT	NULL	NULL
@itsalibertywalk ce dracu mai zice si ala😭😭	OFF	UNT	NULL
Zato market’urile vor lucra și duminica ☺️ , toți țin distanța , respectă regulile de igienă , transportul public nu a fost afectat , mergem mai departe la muncă 😎	NOT	NULL	NULL
@itmorar Frații Karantinov	NOT	NULL	NULL
Ioane ce dracu	OFF	TIN	IND
sute de emoji-uri și nu există niciunul să-mi descrie starea de spirit	NOT	NULL	NULL
ro moots ‼️‼️‼️‼️ verisoara mea are nevoie de ajutor dar eu nu mai tin minte cum se faceau astea si nu vreau sa ma fac de rusine 😭😭 daca ma puteti ajuta dati dm va rog eu frumos 😭😭😭😭😭	NOT	NULL	NULL
Firea: 900 de locuri de cazare pentru persoanele fără adăpost	NOT	NULL	NULL
asa-i cand anunti reducere de 10% pe impozit si apoi dispare cand platesti impozitul, dar ti se promite ca ii primesti tu etc.	NOT	NULL	NULL
Aștept sa vina reporturile cu băgat pula in gura la popi și biserica, și ca i-am făcut milogi :)	OFF	UNT	NULL
Hai că s-a bășit mireasa! Cum dracu oprești răspândirea covid-19 cu interdicția de a circula noaptea? Că la 6 jumate toate babele se înghesuie în autobuze spre mălaiul din Penny...	OFF	UNT	NULL
efectiv urasc cand fac ceva si vine mama sau bunica si imi zice sa nu mai fac ca nu e bine. frate plm imi spui si de ce???? ca sa stiu si eu sa nu mai fac. nu veni la mine sa imi spui ca nu e bine si dupa sa ma lasi asa sa-mi regandesc alegerile in viata	OFF	UNT	NULL
De cand stau in casa mi.a băgat mama niste aberatii cu coronavirus sa nu ies afară de zici ca sunt in The Walking Death singurul supravietuitor	NOT	NULL	NULL
@MihaiHristea @Teo578 Nu cred că ii aduc din dragoste ori de grijă pt ei,ci am impresia că sunt cam obligați sa-i aducă,pt că îi dau ăia afară cu prilejul epidemiei.Or,dacă i-au adus pe cei din Italia,ca să nu fi acuzati de discriminare, mai cheltuiesc ceva bani si ii iau si pe cei din Tunisia,depilda	NOT	NULL	NULL
@MarmotaDeCampie Dacă sunt declarații privind situațiile speciale cred că ți le rețin ei.	NOT	NULL	NULL
Scriu email-ur8, postez pe rețelele de socializare și fac notițe pe cele două conturi ale mele oficiale de #Google!	NOT	NULL	NULL
@gabimacovei E o Ipoteză	NOT	NULL	NULL
Romania a intrat in zona galbena	NOT	NULL	NULL
Toți moldovenii cu cetățenie română vor fi obligați să renunțe la cetățenia moldovenească!	NOT	NULL	NULL
singura noastra "legatura" cu Dragnea e ca suntem fraierii aia care nu i-au luat gatul. atat.	OFF	UNT	NULL
Până la următoarele alegeri repetați după Câțu: sănătatea și învățământul nu sunt priorități în România	NOT	NULL	NULL
@cosmin_roman_ Hahahaha vaaai Cosmine cum poți să zici așa ceva la dracu!	OFF	TIN	IND
Simplul fapt că rbw i-a spus mai demult să nu mai zâmbească/râdă pentru că "râsul o face urâtă" mă face să vreau să lovesc un perete băi fătălăiilor voi vreți să vă calc în picioare și nu știți să-mi cereți CUM SĂ-I SPUI AȘA CEVA ARE CEL MAI PREȚIOS ZÂMBET DE PE TOATĂ PLANETA BĂI	OFF	TIN	GRP
urăsc să fiu o persoană bolnăvicioasa acum de fiecare dată când îmi suflu nasul mă întreabă cineva dacă am corona 🤦🏻‍♀️	NOT	NULL	NULL
@ECiocu Parcă asta au zis și cehii ieri sau alaltăieri. Aproape că ai zice că nu prea poți avea încredere în cei vinovați în bună parte de rahatul ăsta.	NOT	NULL	NULL
2010 Tutuluș Ion - tu ești mare hoț	NOT	NULL	NULL
@Teo578 Pai asa ne zicea Muiannis pe 27 February, putin rosu in gat, putina febra, un pic de tuse, care trece de la sine netratata! Doar era in pregatirea anticipatelor! Un nenorocit!!!	OFF	TIN	IND
Exista traducere in limba romana pentru "phishing"?	NOT	NULL	NULL
- între iubire si durere e un perete atât de fragil, iar unora le place să lovească atât de tare.	NOT	NULL	NULL
Da suge.mă de pulă cu toți jegoșii jurnaliști de căcat bolnav #rezist unde morții ma.mi voastre a.ti trăit de nu ați văzut abuzurile sistemului #procurorijigodii	OFF	TIN	GRP
@denis26_denise Nu sunt astfel, dar, crede ma, cumva, lipseste Hitler. Sincer, in lagar i as baga dar suntem prea neputinciosi 😔nu ma speria, sunt nevoita sa ies luni sa merg la job, si singura solutie viabilă este sa merg pe jos inspre si din titan centru, dar asta este viata	OFF	TIN	IND
Orice victorie în favoarea nesimțirii e binevenită, dă-ți-i dracu' de janghine cretine!!!	OFF	UNT	NULL
@rezahn56 Scarba dracu ce este🤮🤮🤮🤮🤮	OFF	TIN	IND
@MadaPatru Adica tu ai sta cu unul care nu te fute?	OFF	TIN	IND
@victorciutacu Dama de Companie de tigari si bere are nevoie	NOT	NULL	NULL
Lasa-o dracu ca nu saraceau daca dadeau 90 ron...	OFF	TIN	IND
dragi chinezide de ce pula mea trebuie sa mancati tot ce misca?	NOT	NULL	NULL
@Adevarul sunteti asa utili in Parlament, ca nici nu am remarcat ca nu munciti! Stati acasa ca sunteti prosti si va infectati aiurea, si nu mai merge la Viena.	OFF	TIN	GRP
Dumnezeu sa-l odihnească!	NOT	NULL	NULL
@97_cult vaaai de mineee nici nu vreau sa îmi imaginez	NOT	NULL	NULL
Așa ce-a pozat Flutur în erou la Digi, încât aș dona să i se ridice o statuie cât mai repede.	NOT	NULL	NULL
LIVE Iohannis face declaratii, dupa demisia lui Costache de la MInisterul Sanatatii	NOT	NULL	NULL
La PNL/România iese Iohannis, care taie și spânzură, și spune că Orban/Cîțu/ sau orice alt căcat de acolo sunt de treabă și #plm	OFF	TIN	GRP
@lanzhanbarosan Da l dracu sa moare idc	OFF	TIN	IND
Primaria Sector 4 ofera pana la 1.000 de lei familiilor cu venituri reduse sau ramase fara venit din cauza pandemiei. Iata conditiile	NOT	NULL	NULL
Suspectul a fost identificat după o săptămână de la comiterea faptei.	NOT	NULL	NULL
Cum sa editezi un pfp	NOT	NULL	NULL
@MarmotaDeCampie @aiurea Piramida Coleslaw a bulimiei	NOT	NULL	NULL
Micuţa Antonia Stroe de la Grupa Bunnies din carul Şcolii Internaţionale King George vorbeşte în fiecare seară cu Doamne Doamne şi îi adresează cu naturaleţe rugăminţile ei.	NOT	NULL	NULL
@ipostaze Ce cauți la birou? Nu ai auzit că e molima?	NOT	NULL	NULL
@clotilde_armand Din păcate, pare ușor depășit. În plus, Parlamentul European și politicile europene nu mai fac parte din setul dvs de priorități politice. Puteți posta despre parcul Damaroaia și vă voi urmări cu interes.	NOT	NULL	NULL
@Alia2sara3 @CNN @VOAIran @bbcpersian Baaaah,esti nebooooon?tari ai dracu Iranienii astia!De Ce Mințiți cu cifra MORȚILOR?🎂☣️	OFF	TIN	GRP
La 110 ani împliniţi  Reginald Dean, născut în Tunstall pe 4 noiembrie 1902, este cel mai bătrân bărbat din U.K.a fost preot în armata britanică şi învăţător timp de 10 ani,fiind căsătorit de 3 ori. Rugat să-şi dezvăluie secretul longevităţii, seniorul a mărturisit candid: lenea!	NOT	NULL	NULL
@theneedledrop taci in pula mea cheliosule	OFF	TIN	IND
Am impresia ca Europa la ora actuala e condusă de niște socialiști/comuniști puși acolo de-a-n pulea, care habar nu au altceva decât sa își epileze curul.	OFF	TIN	IND
Cei care v-ați luat ultimul iPhone in 24 de rate,  ati cerut amânarea ratelor, nu-i așa ? #numaintreb	NOT	NULL	NULL
#Fotbal #Coronavirus: Federaţia spaniolă va ajuta cu 500 de milioane de euro cluburile profesioniste	NOT	NULL	NULL
@gusteru dar asa care animal e permis si care nu? sau cum se decide asta? nu ai voie sa il scoti daca nu e caine? daca e caine si nu s-a cacat afara se mai pune ca l-ai scos pentru nevoile lui?	NOT	NULL	NULL
Este o combinație unică dintre lemn, legile mecanicii si o idee extraordinară pentru petrecerea…	NOT	NULL	NULL
“O punia să sâ dezbrace in pizda goală”	OFF	UNT	NULL
Părerea mea e ca nu virusul face cele mai multe pagube, ci justițiarii lu’ pește prăjit care au mereu câte o idee fixa despre cum ar trebui toată lumea sa se comporte, fără sa gândească trei minute ca ei încă mai au ce mânca pt ca lumea încă se comportă cum nu le place lor.	NOT	NULL	NULL
@_lor3scu_ Dacă i-ar testa pe toți cei care intra in țara și pe cei care intra in spitale zilnic, ar ajunge.	NOT	NULL	NULL
deci smr io nu mai pot cu pozele alea BAAAAA YOONGI SLAV	NOT	NULL	NULL
@Adevarul El este un dobitoc care nu știe ce spune pentru că habar n-are ce înseamnă o conducere unică și nici mintea nu-l duce prea mult după câți pumni a încasat.	OFF	TIN	IND
A murit Paul Goma; urna funerară va fi depusă în Columbarium, la cimitirul Pere Lachaise din Paris	NOT	NULL	NULL
@Vanilla36008270 Sa trecem cu bine peste nenorocirea asta🙏	NOT	NULL	NULL
Mall-urile din România, scutite de plata impozitelor până în 30 iunie, pentru evitarea „unui colaps economic”. În schimb, sunt trecute sub tăcere vânzările supermarket-urilor rămase deschise sau cele din online, de miliarde de euro	NOT	NULL	NULL
E foarte posibil, una din cele 2, sau jocul impreuna al celor 2 pe tema impartirii planetei, insa virusul nu a fost cu aprobarea si colaborarea celor 2 (doar 1) e feeling meu si imi spune ca nu gresesc 😎	NOT	NULL	NULL
@bordianu_marian Norocul nostru, daca pt zice asa, îi ca tot Estul Europei nu prea înghite mizeria asta, și daca singuri am fi condamnați la moarte sigură, având vecini cu aceleași probleme o sa ne ajute.	NOT	NULL	NULL
Românul care a fugit din carantină ca să-şi bată soacra a primit comenzi din toată țara! / kmkz	NOT	NULL	NULL
CINE PULA MEA E ASTA SI DE CE S-A INTORS SI DE CE ARE XIANG KONG FLASHBACKS	OFF	TIN	IND
2010 Andrei Cristian - a oricum rămâne în sânge : dacă tot cocaină e drogu doctorilor	NOT	NULL	NULL
@RobertEVoicu @keyboardriot @ZoliBara Și pe Facebook anunțau foarte repede, acum nimic.	NOT	NULL	NULL
vrei sa faci o magie sa dispari dracu de tot din viata mea?	OFF	TIN	IND
@victorciutacu Așa, și? Și eu detest persoana ta, grupul de interese din care faci parte și faptul că îmi apar tweet-urile tale ca fiind recomandate.	OFF	TIN	IND
Germania alocă 750 miliarde de euro pentru combaterea efectelor coronei. La noi s-ar fura toți banii ș-ar muri oamenii de foame, da' pe hârtie ar apărea cheltuiți strategic 😉 #coronavirus	NOT	NULL	NULL
Mi-e cumva milă de Orban că e izolat, trebuie să bea singur, ca Sue Ellen.	NOT	NULL	NULL
#Fotbal: Procurorii italieni au clasat dosarul în care Mario Balotelli a fost acuzat de viol -	NOT	NULL	NULL
Carmen Harra, previziune incredibilă despre coronavirus! Când scapă România de infecţie: „Vă rog să nu vă panicaţi”...	NOT	NULL	NULL
@SofiaCovaci Cautau pe dracu și l au găsit acum COVID 19.	NOT	NULL	NULL
@DanielCracea Când am postat eu, asta declarase Iohannis.	NOT	NULL	NULL
Cercetătorii români de la centrul OncoGen din Timișoara încep testele pentru un vaccin împotriva coronavirus	NOT	NULL	NULL
@ManoliuValy @sandu_lupea Vorbim de Cătălin Hideg...?!	NOT	NULL	NULL
Vorbeam la tel. cu un prieten, dăla vechi cu care am împrțit multe ...  și-mi zicea “și nu-i normal bro să fie biologic, cu cine dracu să mai faci azi un război pe bune? Tu ai trage în pensații ăștia?	NOT	NULL	NULL
Propun să-l împăiem! 😈😈😈	NOT	NULL	NULL
I love Romania!!	NOT	NULL	NULL
@neamielualarau N-am ce să vând :). Nu l-am rezervat	NOT	NULL	NULL
@Albatros_2019 @alm_free @honestOtter8 Încă nu e grav duminica am o săptămână dar îmi găsesc tot felul de activități îmi este frica ca soțul merge la servici dar speram sa fie bine!	NOT	NULL	NULL
Am fi putut să o avem președinte pe Dancila, dar voua v-a trebuit să va duceți la vot	NOT	NULL	NULL
Ministrul Sănătăţii anunţă testarea tuturor bucureştenilor. La capacitatea actuală e nevoie de 2.600 zile	NOT	NULL	NULL
Să mă săruți duce-dulce până la sânge	NOT	NULL	NULL
@y_gupse Mai bn ieși la pensie. Ești și obosită și fără talent😢😢	NOT	NULL	NULL
Netflix NU MERGE in Romania si alte tari de pe Tot Globul -  #peblog #romania #2020 #news #stiri	NOT	NULL	NULL
Aplicațiile care ajută la completarea online a declarațiilor pe proprie răspundere, în contextul carantinei – potențial risc pentru protecția datelor cu caracter personal – GDPR	NOT	NULL	NULL
Dacă ești sărac, mori. Nu doar bătrânii sunt lăsați să moară în această epidemie.	NOT	NULL	NULL
@radusmall N-ai înțeles nici o iotă din toată povestea cu diaspora. Diaspora are trei accepțiuni în Românica: -diaspora care mă votează; -diaspora care-mi deschide ușa cu picioru'; -îm plm de diasporezi!	OFF	TIN	IND
@Teo578 Orice a fost valabil pana la 11 martie 2020 poate fi uitat. Suntem deja in alta lume.	NOT	NULL	NULL
Mănâncă acum, dupaia te duci la sală și la zumba și la yoga și unde vrei tu. :))))	NOT	NULL	NULL
@DacianSoros Sa stea dracu in cripta, sa nu mai auzim de el.	OFF	TIN	IND
@ValentinNebune1 @itmorar Nu stiu ce sa zic ...	NOT	NULL	NULL
@StirileProTV Stampila oricum nu ar functiona .. ca poate fi spalata .. ce dracu ... dar oamenii nu mai sunt cerebrali in momentele astea ...	NOT	NULL	NULL
Un adolescent #dispărut de acasă este căutat de polițiștii ialomițeni	NOT	NULL	NULL
Coronavirus: Firea spune ca in Bucuresti va fi demarat un program de testare pe scara larga	NOT	NULL	NULL
@RFboris E bine. În București bate vântul. La propriu și la figurat.	NOT	NULL	NULL
Nu stiu de ce, dar demult am avut impresia ca se vrea distrugerea UE. Niste state unite devin mai puternice, o amenintare pentru alte state ce nu vor o Europa puternica.	NOT	NULL	NULL
Să vedem câți vor plăti...	NOT	NULL	NULL
@ingerisidemoni Tu dacă nu scrii despre politică, ești un om chiar OK.	NOT	NULL	NULL
@gusteru Ahaaa. Am fumat și eu o vreme, cândva, acum mulți ani. Am renunțat după vreo lună, îmi era lene să stau să fac țigări 🙂	NOT	NULL	NULL
#JO2020 #Coronavirus: Amânarea Jocurilor Olimpice de la Toyko va genera ''costuri foarte importante'', potrivit organizatorilor	NOT	NULL	NULL
A revenit vântul puternic și rece.	NOT	NULL	NULL
Ce-o fi dezbătut Guvernul în ședința aia mamut, de la ora 17 la 3 noaptea? Că n-am văzut decizii importante, hotărâri cu impact, ordonanțe sau... chestii „militare”, cum le place să alinte ei acum emanațiile minților lor.	NOT	NULL	NULL
@NweYorker @severvoinescu Fii, cu doi de i	NOT	NULL	NULL
Serios cine crede e NEBUN!	NOT	NULL	NULL
Hai că vorbește Orban	NOT	NULL	NULL
Scara - autorul si cuprinsul lucrarii	NOT	NULL	NULL
45 de tone de echipament medical au ajuns din Seul pe aeroportul Otopeni	NOT	NULL	NULL
Asociaţiile care furnizează servicii sociale cer măsuri pentru a putea continua să sprijine persoanele vulnerabile	NOT	NULL	NULL
sunt constant sub postarile lui marius pe insta zicandu-i ca mi-e dor de el,,, , ,ARE WE OKAY	NOT	NULL	NULL
@Chrisvb700 Să ai grijă de tine prietene!!!🙏🙏🙏❤🏕	NOT	NULL	NULL
mai lasa ma dracu in pace ca ma disperi cu mesajele panarama ce esti	OFF	TIN	IND
VAMOS PA LA PLAYA ÎN PULA MEA VREAU SĂ VAMOS A LA PLAYA	OFF	UNT	NULL
@MarmotaDeCampie O situatie grea...nu vad cum decat sa pleci asa... cu tupeu	NOT	NULL	NULL
băga-mi-aș pula în ea de limbă și voi uita cum se vorbește fiindcă plm na auzi la ei limbă internațională ew	OFF	UNT	NULL
@simovitty Oricum este un bilanț mincinos care nu este nici măcar aproximativ	NOT	NULL	NULL
nu inteleg de ce n-am inchis "noi" (restul lumii) China	NOT	NULL	NULL
Astfel de vremuri îmi par din ce în ce mai îndepărtate. Cât despre limitarea din ce în ce a mai multor drepturi, am început să împărtășesc îngrijorarea dnului @severvoinescu	NOT	NULL	NULL
Șase cazuri de Covid-19 la o biserică din București	NOT	NULL	NULL
@itmorar Dama cu corona A. Dumas- fiul	NOT	NULL	NULL
@teoadi Dacă nici ea nu te mai suportă...	NOT	NULL	NULL
Șefa DSP Brașov dr. Anca Bertea și-a dat demisia acuzând situația dezastroasă din sistemul sanitar	NOT	NULL	NULL
Pai si cum dracu, eu n'am fost printre ei si tot "necredincios" in zeul comertului am ramas?!	NOT	NULL	NULL
@neogotmeshook Pe urma realizai ca in 2 zile ajung dracu in rusia	NOT	NULL	NULL
Am citit cate ceva din....protocoalele sionului si diverse video vazute pe tema asta	NOT	NULL	NULL
@adriano_qld Mah tu glumești 😂😂😂😂	NOT	NULL	NULL
@Hasan62270471 Sunt cuvinte ???🤦‍♂️😂😂	NOT	NULL	NULL
@severvoinescu L-am uzit acum 2 zile cu povestea asta la TV. Ma mir ca nu-i e rusine sa spuna asta dupa ce in 2009 Romania a platit bancile ca sa nu picide din vina lor pt ca s-au lacomit. Acum nu e vina noastra ca a aparut virusul asta. 🤬	NOT	NULL	NULL
nu cred ca vreau sa stiu in ce cacat ne aflam daca ministrul sanatatii si-a dat demisia	NOT	NULL	NULL
@kithobie + ca toata lumea vorbea engleza, mai ales pt ca regizorul era si el american	NOT	NULL	NULL
@Vasile55502205 Cine dracu a facut grafica asta e batut in cap! sau.....a facut-o intentionat😡	OFF	UNT	NULL
Ca să evităm vreo sincopă în viitor, poate ar fi bine să prevedem în Constituție că cine nu trădează … iute o-ncasează;	NOT	NULL	NULL
mama il stii pe dorian nu mama: ce a mai facut acum ca e prost rau ala 😔	OFF	TIN	IND
Secretarul de Stat în Ministerul Sănătății, Horațiu Moldovan, a explicat dezastrul de la Suceava, respectiv întoarcerea din Spania a unui grup consistent de români, acum două săptămâni, care erau infectați SARS-COVID2	NOT	NULL	NULL
Potrivit președintelui Societății Naționale de Microbiologie, România se poate apropia de momentul în care spitalele nu ar mai putea funcționa din cauza lipsei de personal, deoarece situația de la Suceava s-ar putea repeta.	NOT	NULL	NULL
Să stea dracu în morti lor acolo la diaspora lor. Ii chem eu în țară cand o sa imi aduc aminte.	OFF	TIN	GRP
România salvează România. Campanie a Crucii Roșii - donează 2 euro printr-un SMS la 8827	NOT	NULL	NULL
@_PolitiaRomana_ La mulți ani, Poliția Romania 🌹	NOT	NULL	NULL
@GabryIonesc2 Are pe dracu să-l ia! 🤬	OFF	TIN	IND
@MarmotaDeCampie @SirGolan 8 ore de stres la lucru consum 5000 calorii :))))	NOT	NULL	NULL
Grecia interzice concedierile, în perioada crizei provocate de coronavirus și oferă 800 euro pe lună angajaților care nu pot merge la serviciu...	NOT	NULL	NULL
daca nici macar proprii mei bunici nu ascutla cum plm a asculta nana floare din fundu satului sa nu mearga afara????	OFF	TIN	IND
@churchfieldprim Police ambulance fire social care etc	NOT	NULL	NULL
Daca ii ceva bun din tot haosul asta cu covidul pacii, e disperarea ce o citesc pe fetele palide ale sugacilor lui Iohannis. S'au dus dracului si #anticipate si #guWernerulMEU, s'a dus si vrajala cu pesedeu, al dracu' virus. 😂	OFF	TIN	IND
Viata vs Boris-japonezii au demonstrat,cu cazuri concrete,ca fosti pacienti cu Corona au luat-o de la capat	NOT	NULL	NULL
Denunțăm că SUA insistă asupra blocajului său aerian din Venezuela și refuză în continuare să autorizeze zboruri umanitare directe @LAConviasa sau alte linii, pentru a readuce peste 800 de compatrioți blocați în SUA și înregistrați în sistemul Cancelariei noastre.	NOT	NULL	NULL
@lavinia38122605 Ce te aș fute intre sâni	OFF	TIN	IND
@radusmall Ai văzut Giohannis cum face pipi pe  tini și pi mini?	OFF	TIN	IND
Profesor britanic, specialist în Terapie Intensivă: Un caz de coronavirus poate duce la alte 59.000 de persoane infectate	NOT	NULL	NULL
@Costindte @keyboardriot @ZoliBara @Sorin_Patiu @itmorar Băi, nu știu, niciodată nu mi-a plăcut berea asta	NOT	NULL	NULL
O serie de SSD-uri HP din gama Enterprise erau programate să se strice după o perioadă fixă de funcţionare	NOT	NULL	NULL
si dacă te simţi bine hai vino lângă mine hai vino după mine si dacă te simţi bine hai vino lângă mine fă şi tu la fel că asta e nebunia lui Juvel	NOT	NULL	NULL
@angelorobitu Am încercat. Nu am rezistat. Chiar am încercat, dar am renunțat după nici o zi	NOT	NULL	NULL
I-a trebuit fratelli la gagiu ce plm ca doar nu putea sa stea dracu acasa	NOT	NULL	NULL
Am ajuns vremuri grele.Plang Sfintii in ceruri.Niciodata de cand se savarseste Sfanta Liturghie in Biserica nu a fost oprita in a nu se mai savarsi.Oare acum nu avem nevoie de Biserica de Dumnezeu?Acesta este statu ,,laic"adica Ateu sub acoperire	NOT	NULL	NULL
Da o in pula mea ca ii si dau flood ca ma dispera deja	OFF	TIN	IND
@tzaca1969 @MihaiHristea Cine gândește așa e vai de el. Spiritualizat trebuia sa fii pina acum. E adevărat ca unii se “trezesc” dar o sa le treacă repede. Virusul e de la Satana.	NOT	NULL	NULL
@zoso Eu am realizat că am fost prost în ultimii ani, dar asta nu mă oprește. Drumul e lung, și am impresia că voi mai fi prost.	NOT	NULL	NULL
@iamntz @thewindev Și italia actualizează o dată pe zi, la ora 20 parcă	NOT	NULL	NULL
@makavelis Will see. Din Imparatsanie nu a ieșit nicio boala. Din știință...uitați-va la lume și vedeti	NOT	NULL	NULL
@honestOtter8 Dansul acesta este perfect pentru Can 🥰🥰🥰🍓🍫💖	NOT	NULL	NULL
Urmează încă o tura, încă nu au venit toți de pulă zdrentaroșii diasporei pnl.isti usr.isti pmp.isti basisti johnazisti trădători de țară și de neam 🤮 🖕	OFF	TIN	GRP
Vă rog pe voi, argeșenii noștri care sunteți peste hotare să trimiteți pe pagina Primăriei Municipiului Curtea de Argeș  video, fotografii sau mesaje despre situația din zona în care vă aflați. Doar împreună putem depăși aceste momente grele!	NOT	NULL	NULL
@tyongsfrog Exact. Gen plm ok te întorci acasă dar stai in plm in carantină	OFF	TIN	IND
nope, nu pot, mă duc să mă culc și pe urma mă duc să îmi iau becuri pentru faruri	NOT	NULL	NULL
@ingerisidemoni @i0n1ca Întrebă @victorciutacu de ce soldații umbla pe strada cu degetul pe trăgaci de parcă e alerta teroristaProbabil ca să prevină/descurajeze asta.	NOT	NULL	NULL
Mi-a anulat Easyjet zborurile din Aprilie, fara sa ma intrebe. Bine ca-mi da banii inapoi, totusi. Plm, de Pastele catolic mereu am fost plecat undeva. Sa ma pis pe el de virus!	OFF	TIN	IND
@itmorar Are pe dracu, domnu Morar. Ăștia minte cum respiră!	OFF	TIN	IND
cAT PULA MEA POT SA-L IUBESC PE OMUL ASTA NU POT SA CRED	OFF	TIN	IND
@ionutzelgabriel @john0peace @emiltoma_av @DacianSoros Corect!	NOT	NULL	NULL
Cu #AlphaOnlineBanking iti platesti rapid facturile de #utilitati oricand si de oriunde, de pe telefon, cat ai zice #simplu!	NOT	NULL	NULL
Nu că aș avea cui să dau mărimea S, dar așa, să știe lumea.	NOT	NULL	NULL
@ZoliBara Pai ce, te întreabă virusul cine ești? E chiar respectuos, as spune. Iar eu glumeam, normal :)	NOT	NULL	NULL
@w_lemn @Alien_draft PLM te descurci și tu, da-ntâi plătește amenda.	OFF	TIN	IND
@IoanaPavel4 Păi să anunțe Gâdea că încep noi seriale pe TV.	NOT	NULL	NULL
Ba da care dracu ia-ti spus vulpitei ca e frumoasa ?	OFF	TIN	GRP
Daca nu stati dracu in casa ajungem ca Italia si Spania potoliti-va	OFF	TIN	GRP
@geniebouchard Să știi că în aceste zile sunt singur în garsoniera din Sălăjan.	NOT	NULL	NULL
Se va schimba doar atunci când ne vom schimba modul de gândire "	NOT	NULL	NULL
#Coronavirus: Peste 1.000 de morţi şi aproximativ 70.000 de cazuri în SUA	NOT	NULL	NULL
@alexmanoiu1 orice ai face, nu scoți irlandezul din tine 😄 McManoiu	NOT	NULL	NULL
@daco_get @TintaVasile Tocmai de asta,daca se afirma ceva ca si cum e 100% asa  ex. deveselu,ori ai vazut cu ochii tai,ori te inf. pe toate caile si ce spun unii si ce spun altii si daca ai si niste inf. tehnice care sustin posibilitatea respectiva,macar iti pui niste intrebari. E greu noi sa stim 100%	NOT	NULL	NULL
@HDemetozdemir Oricum grija și atenție mare! ❤️	NOT	NULL	NULL
@ing_ro Mai mult decât îți poți imagina!!! :D :D :D	NOT	NULL	NULL
Marius Măldărășanu: ”Este dificil de lucrat acasă”	NOT	NULL	NULL
@emiltoma_av Toti bucurestenii vor fi testati de maine, iar testarea deva termina in 2023, cand nimeni pe glob nu va mai fi infectat	NOT	NULL	NULL
@denis26_denise Aici gresesti.	NOT	NULL	NULL
Singura curbă care contează este cea care trebuie măsurată.	NOT	NULL	NULL
Poţi să prosteşti unii oameni tot timpul şi toţi oamenii un timp, dar nu toţi oamenii tot timpul.	NOT	NULL	NULL
Pe Streinu Cercel nu-l trage nimeni la raspundere? De doua luni induce populatia in eroare.	NOT	NULL	NULL
Nu știu cum să fac iuhu sarcastic în scris..	NOT	NULL	NULL
de ce nu mi am luat nintendo ul cu mine aici 😠	NOT	NULL	NULL
@not__vee Păcat că nu i-au dat numele. Că dacă îl dădeau era mult mai bine. După ce ieșea de acolo abia îl aștepta lumea pe stradă...	NOT	NULL	NULL
Băi, ești nebun?! Chestia asta mi se pare...cel puțin ciudată!	NOT	NULL	NULL
Iartă-mă, sunt în mijlocul unei crize existențiale	NOT	NULL	NULL
@Razvan_Nasea Nu, nu, nu îl bagă nimeni nicaieri. E noul normal.	NOT	NULL	NULL
Eu ma uit de doua ori cand trec strada. Ca pe youtube e pe aici.voi de nu credeți chestiile alea de pe youtube trebuie să vb cu mine.	NOT	NULL	NULL
@keyboardriot Unele de cad la bursă. Și forintu' o dată cu ele. Un succes.	NOT	NULL	NULL
Ce plm cumpărați atâta pâine că oricum expiră în 2 zile, terminaților 🤦	OFF	TIN	OTH
@GrigM2 Așa ar fi corect....nu-i prea mare efort...	NOT	NULL	NULL
@zoso hai că ai material și la ce a postat azi :)	NOT	NULL	NULL
Custodele Coroanei, Margareta: Viitorul nostru stă numai şi numai în mâna noastră, în voinţa noastră -	NOT	NULL	NULL
mi ar placea sa taceti dracu din gura	OFF	TIN	OTH
@gabibulumac Aripioare dorsale de berbecut	NOT	NULL	NULL
Moara cu vorbe a lui Moș Călifar : Armata este din nou in strada, acum pentru noi	NOT	NULL	NULL
daca nu va raspund nu imi mai dati @ frate puteti pur si simplu sa presupuneti ca am corina si ca am murit de ce ma bateti la cap sa ne facem proiectul	NOT	NULL	NULL
@Alien_draft De ce „doar pentru ei”, vită? „Pentru ei” înseamnă 100 de milioane de ciumeți în inima Europei, în cea mai tranzitată țară, băăă, pulă, băăă!!!	OFF	TIN	IND
Era pe vremuri o lista cu site-uri dubioase si de fake news. O mai are cineva?	NOT	NULL	NULL
@victorciutacu Poate din cauza asta  a cazut intre scaune,poc!cine stie?	NOT	NULL	NULL
Declarații halucinante ale lui Mike Tyson: „Când eram tânăr, mă culcam cu mamele prietenilor mei!”	NOT	NULL	NULL
Toți trogloditii votanți ai Johnazist.ului pnl.isti usr.isti pmp.isti și scursurile ppe.iste naziste care susțin statul mafiot și abuzurile sistemului prin #procurorijigodii	OFF	UNT	NULL
@virgilnro @itmorar Cine naiba ar avea interes sa plimbe atâta hârtie in zilele noastre? Fiecare popândău care vrea sa iasă la soare puțin va trebui sa aibă in casa un top de coli A4? Și poliția ce face, le aduna și face colecție?	NOT	NULL	NULL
Fetele, hai și noi, că-i ieftin🥴	NOT	NULL	NULL
@AngelRoshul Vreau sa cumpar daca ai	NOT	NULL	NULL
Scumpul meu Donald Trump se duce pe pula cu tot cu America lui. Sa vedem ce mare putere o sa fii daca incepe războiul.	OFF	UNT	NULL
uneori trebuie doar să te uiți la tine și să spui: sunt frumos, indiferent de ce spun oamenii.	NOT	NULL	NULL
gaini fara cap.	NOT	NULL	NULL
Noapte bună prieteni!❤🙏🍀🏕🏕🏕🏕❤🙏🍀🏕🏕	NOT	NULL	NULL
Liberalii cer mărirea pedepselor pentru cei care propagă bolile contagioase...	NOT	NULL	NULL
@victore_1974 Nici nu vreau. Sint doar curios. Dar dacă as putea, le-as Închide doua luni.	NOT	NULL	NULL
Va era dor de niște cretini? Luați d-aci. În engleză. Americană, e drept.	NOT	NULL	NULL
Epidemia de coronavirus scoate la iveală şi situaţiile conflictuale din sistemul medical românesc.	NOT	NULL	NULL
@nwradu Pai cand declari ca vrei sa testezi toti bucurestenii...how retarded is that?	NOT	NULL	NULL
Hunedoara: Secţia de Oncologie a Spitalului Judeţean de Urgenţă Deva a intrat în carantină pentru #COVID-19	NOT	NULL	NULL
@RobertEVoicu @OfficeTzetze Da ce faceti cu drojdia ??	NOT	NULL	NULL
LIVE America devine epicentrul pandemiei. Chinezii sustin ca in Italia a aparut virusul, nu in Wuhan	NOT	NULL	NULL
@BolboreaIon @MihaiHristea La dracu cu voi fosile ordinare. Asa cere FMI si America.	OFF	TIN	GRP
Apel catre supermarketuri. Legumicultor: Ajutati-ne! Nu avem unde vinde	NOT	NULL	NULL
@DavidStavarache @OnelDan Ca nu zice când 😂	NOT	NULL	NULL
@aoleeuu @dariasaudebe Femeile ai drepturile astea in plm ca unu din sua vrea sa imi sparga contul ca stie ca spun adevarul si ca Light face parte din bts	OFF	TIN	GRP
Sanatoriul Techirghiol, primul centru din România care își prezintă condițiile de carantinare	NOT	NULL	NULL
Ochii caprui-verzui sunt definiti de ambitie, curaj si bun simt . Atunci cand vor sunt cei mai buni filozofi si la fel, diplomati. Se razbuna cand e cazul chiar cu riscul de a pierde si nu face compromisuri .	NOT	NULL	NULL
@zoso Au avut si acum cateva saptamani acelasi aparat la 1000 de lei...	NOT	NULL	NULL
Și în alte țări din sud-estul Europei epidemia este folosită ca paravan pentru măsuri dubioase împotriva statului de drept.	NOT	NULL	NULL
@keyboardriot au pe dracu, ii bate garda revolutionara pana recunosc :)	NOT	NULL	NULL
A spus bine cineva daca nu ajungeau militienii,suplimentezi cu niste militari, dar sa scoti si masinile militare,zau?greta ce zice? aloo poluareaaaaa!	NOT	NULL	NULL
Prima masura luata de FRF dupa ce UEFA a amanat Campionatul European	NOT	NULL	NULL
@pilplay salut, arăți atât de frumos, adăugați-mă, astfel încât să ne putem cunoaște mai bine	NOT	NULL	NULL
@ingerisidemoni Orice pe lume are, in mod natural, o perioada de ascendentă, apoi un varf, după care se pleosteste.	NOT	NULL	NULL
@La_cuentarojamx SĂ SATI BAG PULA ÎN GAT	OFF	TIN	IND
avem mai mult timp pentru a face exercitii de dimineata, aceste exercitii pot fi facut inainte sau dupa 2-3 ore dupa ce mananci (eu le fac inainte). Apoi poti manca ceva sanatos, cum ar fi o aalata verde, sau orice alt tip de salata, sau poti manca lapte cu cereale.	NOT	NULL	NULL
@ZoliBara Stau și mă gândesc cât ar fi de frumos ca acest virus să afecteze în funcție de intelect! Ești prost/ă ia de aici cu niște complicații...	OFF	TIN	IND
Cineva nu se prinde că e groasă. Băncile sună chiar și în aceste zile clienții care le sunt datori chiar și sume infime...	NOT	NULL	NULL
Eu beau Becks, în ultima vreme... înainte funcționam cu Stela Artois, sau Peroni	NOT	NULL	NULL
@jkmoodzie Ce plm e greșit cu ăștia?	NOT	NULL	NULL
Cum dracu' să nu umbli cu buletinul la tine? Ce fițe de ioamșaișpeanișisuntcontrasistemului sunt astea?	NOT	NULL	NULL
@gumas75 @Erfijodena Continuate a votare, continuate a votare......	NOT	NULL	NULL
"tu la slujba eu la liceu", ce plm	NOT	NULL	NULL
@ipostaze Pentru că nu ți-am zis de tot caviarul pe care-l am în cămară lângă borcanele cu zarzavat de ciorbă.	NOT	NULL	NULL
@SceltoDaglidei Incerc sa fac rost de un permis de trecere, sa văd dacă reușesc.	NOT	NULL	NULL
@StirileProTV dupa ce au umplut de droguri si substante dopante toate competitiile sportive la care au participat, murdarind tot ceea ce inseamna sportivitate si fair play acum vine hoata si invoca pedepse divine = gandire demna de Evul Mediu	NOT	NULL	NULL
Presimt a-2a revolutie	NOT	NULL	NULL
Un dobitoc spunea că românii au fost lași și au pierdut frontul la Stalingrad. Prostul nu știe că evenimentul s-a petrecut la cotul Donului!	NOT	NULL	NULL
@pebblehugs bine în plm ca toată iarna nu ninge dar o sa ningă acum când trb să stau acasă în carantina	NOT	NULL	NULL
@DAYTEMPO credeam că întrebase ceva de sm*t ajutor	NOT	NULL	NULL
@skynetrot @nwradu @iulialipovanu 1. Du-te-n pula mea si tu. 2. Ești proastă rău, un virus nou vine la pachet cu asta, adică nu e nimeni imun la el ca e nou, proasto care ești proastă.	OFF	TIN	GRP
Pot sa cer reducerea perioadei de arest la domiciliu in baza recursului compensatoriu ?	NOT	NULL	NULL
@gadrian84 "Coana Frosa"nu o fi auzit ca e posibil,in scurt timp,sa se inchida si spatiu aerian ...fiecare tara o sa isi aplice legea in funcție de prioritati...Si 15 ani mi se par putini...fara pedepse drastice se pare ca nu funcționează...	NOT	NULL	NULL
Joaca acum "Tanchist- World of Tanks" pe străzile din București.	NOT	NULL	NULL
#Oficial COVID 19 confirmat la Jandarmerie	NOT	NULL	NULL
@can_yaman_int @canyaman1989 Ești atât de frumos, încât, de fiecare data când te vad, îmi dai o stare de bine! Te iubesc frumosul meu actor turc Can 😍😍😍😍😍😇😇😇😇😇😇	NOT	NULL	NULL
@ailel4 Nu sunt adeptul cauzelor pierdute!😆	NOT	NULL	NULL
Mai lăsați-mă cu ce-a spus Esca anu' trecut, voi știți ce-a prezis Brucan acum vreo 25 de ani ? Dar știți că Nostradamus a prezis și el ceva despre coronavirus ?	NOT	NULL	NULL
V. Costache: Toţi bucureştenii vor fi testaţi. Testele vor fi făcute de echipe mobile.	NOT	NULL	NULL
@adriano_qld @keyboardriot Coreea de Sud facea 100 000 pe zi. De aici si diferenta de procent la mortalitate. Spain, la fel,  toti politicienii si sportivii/vedetele fac teste particulare. Doctorii si simptomaticii,14 zile de carantina. Nivelul de infectie este mult peste datele oficiale.	NOT	NULL	NULL
Klaus Iohannis a promulgat legea pentru stocurile de urgențe medicală...	NOT	NULL	NULL
Du-i dracu de javre. Firea si neamurile ei. La asta m-am referit.	OFF	UNT	NULL
COSTACHE: Cand corabia se scufunda, primii care fug sunt sobolanii... -	NOT	NULL	NULL
@MirelaBuzoianu Cauți să placi tuturor, sau să îți spui mesajul, părerea?	NOT	NULL	NULL
O sa ma calce dracu' masinile pe strada	NOT	NULL	NULL
@itmorar Mai degraba bateriile sunt problema. Sau stati prea mult cu mana pe el. Altceva nu poate fi.	NOT	NULL	NULL
cât prost să fi să nu fi în stare să promovezi o trupă kpop?	NOT	NULL	NULL
@AndreiCismaru @denis26_denise Incredere 0! Inteligentul Costache vrea sa testeze TOT Buc. 2.5 milioane -spre 3. Inseamna vreo 2500 zile,adica cativa ani (sa zicem 6.5 ani) Asta e sanatos la bibilica?	NOT	NULL	NULL
@itmorar Să dea Dumnezeu, așa să fie!	NOT	NULL	NULL
Comunicările oficiale sunt cele mai bune surse de informaţii	NOT	NULL	NULL
am bani de dat, am datorii la stat	NOT	NULL	NULL
Stai in casa sau te rup un bataie?...India rulzz	NOT	NULL	NULL
@sopeprotector Mulțumesc 😭😭 uneori parcă mi-e dor de părul meu roșcat, l-am tot avut aproape 2 ani de zile	NOT	NULL	NULL
Fotbal/#Coronavirus: Preşedintele Liberiei, George #Weah, cântă împotriva coronavirusului	NOT	NULL	NULL
Am început să dezinfectez banii, dau și eu cu Cilit....	NOT	NULL	NULL
@horrordyk Dc plm??? Nu e mai logic sa meri acasa	NOT	NULL	NULL
@stirbei @CBostina Frunzărind Tweet-urile :) Cristina întelesesem cu totul și cu totul altceva că îi faci soțului. Bine că am deschis poza.	NOT	NULL	NULL
@SilviuFoca La mine "organili" erau pitite în spatele pieței la cafea (unde stau in permanenta fie vara fie iarna).	NOT	NULL	NULL
Să faci cumpărături online e una dintre cele mai bune alegeri în perioada asta	NOT	NULL	NULL
Bah, nene mai lasa dracu' bautura, ca va stie tot internetul cat sunteti de destepti!	NOT	NULL	NULL
DSP a demarat o anchetă epidemiologică la spitalul din Lugoj.	NOT	NULL	NULL
@EAFIFAMOBILE Și lu cornnyy sai dați compensație ca nu iati bagat inergiile la UCL și nush ce plm zicea de 7 zile	NOT	NULL	NULL
@OfficeTzetze @SilviuFoca @gusteru @RobertEVoicu Tăițeii se taie mai ușor dacă rulezi foaia de aluat. Bunica mea așa făcea.	NOT	NULL	NULL
@FeeXter @AndreiCismaru @piggiebrotha Da, dar ca să testezi în mod eficient 2 milioane de oameni în timp util ar trebui să faci măcar 50.000 de teste pe zi. Se speră ca săptămâna viitoare să ajungem la 2.000 pe zi. Deci... :)	NOT	NULL	NULL
Nu sunt drobdesaremiserupist, însă am belit plua. Așteptați cifrele de la ora 19:00 din Italia. Stați în pula mea în case, bă! Mor sute, mii de oameni zilnic și ăsta nu e un titlu din Cancan.	OFF	UNT	NULL
Peste 5.000 de cadre medicale sunt infectate cu #coronavirus în Italia (sindicat al medicilor)	NOT	NULL	NULL
@futacu Eh, sa fi fost acum Viorica presedinte si Dragnea prim ministru... si guvern PCR... PSD..	NOT	NULL	NULL
@MarmotaDeCampie Nuuu! Se va luneca-ntr-o nouă „cantarină impotriva ciumei roșii” prin prelungire în stare de asediu, iar dupe, se va continua cu prigoana tutulor celor ce-au spus/făcut ceva contra KWI, jeguwernerului și orbeților.	OFF	TIN	IND
@ZoliBara @pariusigur_com Dar nici "tacîmuri " nu au?	NOT	NULL	NULL
@SmileSil4 Când  vrei ceva cu adevărat  poți...totul depinde de tine	NOT	NULL	NULL
Rugbist dinamovist, decedat la doar 22 de ani! Care este cauza morții tînărului sportiv	NOT	NULL	NULL
Cu ajutorul Armatei Italiene, o fabrica de ventilatoare pulmonare din Bologna a trecut de la 12 la 40 aparate produse zilnic.  Armatele statelor @NATO ajuta concret împotriva #COVID2019	NOT	NULL	NULL
Palatul Parlamentului din Bucuresti este a doua cea mai mare cladire din lume, dupa Pentagonul din Statele Unite.	NOT	NULL	NULL
În faţa lor, jos pălăria! Un tânăr hunedorean face gratuit viziere pentru cadrele medicale, iar un bucătar-şef din Deva pregăteşte pizza pentru personalul de la spital  via @anteksiler	NOT	NULL	NULL
Mai greu o fac procurorii și PNL-ii	NOT	NULL	NULL
@BranzeaC Da, sa ne taie căldura și apa caldă.	NOT	NULL	NULL
Presedintele Donald J. Trump a semnat astazi Strategia Nationala de implementare a tehnologiei 5G in Statele Unite.	NOT	NULL	NULL
Cu ocazia asta am aflat că suntem cu vreo 2-3 săptămâni în urma Europei Occidentale, nu cu 50 de ani, cum credeam.	NOT	NULL	NULL
Acasă sau pe stadion, iubirea pentru fotbal rămâne constantă și se transmite din generație în generație.	NOT	NULL	NULL
Viața abundă în imaginația artistului și artistul o fecundează cu propria voință. Ficționalul nu este surprins, ci infiltrat, interpus între viață și primul spectator.	NOT	NULL	NULL
Cum se contestă o amendă contravențională primită în timpul pandemiei de Covid 19	NOT	NULL	NULL
Si pentru ce? ca singurele noi infectii sa fie zeci de doctori din spitale ca evident ca nu era pregatit sistemul pt. o pandemie.	NOT	NULL	NULL
@neamielualarau Multi producatori si-au inchis fabricile din lipsa de comenzi. Si cat de curand urmeaza furnizorii de piese si componente. Nu cred ca e momentul acum pentru o asemenea investitie.	NOT	NULL	NULL
Am o întrebare existențială: cei care plimbă virușii prin Europa acum sunt aceiași care cred că feliile de lămâie previn contagierea?	NOT	NULL	NULL
În Timișoara nu se închid parcurile?	NOT	NULL	NULL
I-a trebuit fratelli la gagiu ce plm ca doar nu putea sa stea dracu acasa	NOT	NULL	NULL
YouTube aplică la nivel global măsura prin care clipurile video vor fi redate la rezoluție SD în mod default	NOT	NULL	NULL
@denis26_denise esti constienta ca eu doar mi-am spus parerea, tu esti libera sa faci sau citesti pe cine vrei! pt. mine Serban ala e o lepra ordinara care efectiv a fost si este un oportunist!	NOT	NULL	NULL
Mi-am cumparat o tema de pe themeforest si ca sa pot sa folosesc tot trebuia sa register product. Cand sa o fac, nu merge. Fac ticket la producator si ala imi zice sa ii dau datele de admin la site - ceea ce mi se pare aberant :))	NOT	NULL	NULL
Prietenia  este ca un diamant se întâlnește rar, valorează mult și se falsifica foarte des....😫	NOT	NULL	NULL
ORA 20:00 – Editie de neratat Agricultura la Raport! Masuri pentru sectorul LEGUMICOL	NOT	NULL	NULL
Băi ești nebun?	NOT	NULL	NULL
@MarmotaDeCampie @itmorar Nu e așa grav. Dacă nu ești oprit prea des pe drumurile județene, scapi rezonabile. Depinde acum de câte controale te vor “întâmpina” 😊. Bafta și sănătate maxima!	NOT	NULL	NULL
@itmorar Nu i-au venit de hac comuniștii, dar l-a răpus virusul...	NOT	NULL	NULL
E plină harta politică a țării numai de șarlatani! Ne lipsește o autoritate. Nu de democrație are nevoie România, nu de toboșari, ci de o autoritate. Unde este autoritatea care să conducă România? Mai ales acum, în clipe de cumpănă.	NOT	NULL	NULL
Sotul care vine acasa, isi gaseste sotia in pat cu amantul si le spune "Continuati, continuati"	NOT	NULL	NULL
Sunteți în Silenzio Stampa domnilor Procurori ?	NOT	NULL	NULL
Arafat trebuie sa ramana fix unde este acum si sa faca fix ce face acum, nu sa se prostitueze politic.	NOT	NULL	NULL
Doar 9% dintre ownerii de afaceri mici și mijlocii, intervievați într-un sondaj recent, au declarat că sunt mulțumiți de măsurile economice anunțate de Guvern. Avem trei priorități în acest moment: sănătatea, economia și educația. Stăm bine măcar la una?	NOT	NULL	NULL
GCS: Încă trei cetăţeni români infectaţi cu noul coronavirus au murit în străinătate; numărul total al deceselor - 11 -	NOT	NULL	NULL
Logic nu ar fi fara simptome, pt. orice virus se activeaza sist. imunitar si ai simptome,cum e si gripa	NOT	NULL	NULL
@MarmotaDeCampie da, regiunea aia este probabil cat Romania...	NOT	NULL	NULL
stati in pula mea in casa romani topiti ce sunteti	OFF	TIN	GRP
@filteronskz mai bag și un film pe acolo și aia e, corect	NOT	NULL	NULL
Dacă un indian vrea să îţi spună „Nu“ dau din cap de sus în jos, iar dacă vrea să spună „Da“ scutură din cap.	NOT	NULL	NULL
Deocamdată în meciul paronoia-retaileri conduc detașat retailerii.	NOT	NULL	NULL
@waaadim lasă frunzele) ele servesc drept strat protector și îngrășământ	NOT	NULL	NULL
am ajuns la concluzia ca iubesc r0mania si urasc r0manii	NOT	NULL	NULL
Ce vremuri apuse! Cu coldea si kovesi zilnic la ambasada strategica sa primeasca indicatiile de rigoare! Ce ii mai decorau pe lingai! Ce vremuri!	NOT	NULL	NULL
@jkstattss Plâng ua gen arată mai bine decât cctul de site al facultății mele și eu suNT LA INFO	OFF	TIN	OTH
Caut creier să cumpăr pentru prietena mea care nu are așa ceva	OFF	TIN	IND
@suspaharu La cum se fut ăștia în cur, trag nădejde că vectorul pulă o să ducă virusul până la Dani #doamneajută	OFF	TIN	GRP
Mai eficient decât o adeverință și soldați pe străzi	NOT	NULL	NULL
@AaliyahFinney Cumva esti goala pe dedesupt💋👌🍓	NOT	NULL	NULL
Paul Goma omorât astăzi de coronavirus. Omul care a luptat cu virusul comunist românesc cade răpus de virusul global. Jurnal ANTI-covid 19, ziua 11	NOT	NULL	NULL
@Irinaldea Da, m-am uitat peste video asta mai devreme când am pus poza 😂	NOT	NULL	NULL
@Alex_Tikitaka Îți răcești gura de pomană cu animala. I s-a pus lui să iasă la un grătărel, iese chiar dacă ia amendă, chiar dacă trăznește, chiar dacă-l ia dracu'!	OFF	TIN	IND
Ghost Recon Breakpoint este gratuit în week-end	NOT	NULL	NULL
Fals! Rezolvăm pe dracu’!“, ar trebui să strige cineva! Ne afundăm şi mai tare în dezordine, în învîrteli şi sărăcie, economia va fi în întregime controlată, iar scena politică va asigura un minunat confort prezidenţial!	OFF	TIN	IND
#COVID19: Europa credea că venim s-o vizităm - Surpriză, suntem aici s-o invadăm	NOT	NULL	NULL
R FIT este un dispozitiv profesional de masaj eficient în vederea obţinerii relaxării şi tonifierii musculare, dar și eliminării celulitei. Aparatul are un rol important în recuperarea după efortul fizic, în eliminarea kilogramelor în exces şi recăpătarea mobilităţii şi energiei.	NOT	NULL	NULL
Mulțumim, diaspora!	NOT	NULL	NULL
@Midgard8_3 @OfWudan Când am fost mică, mama mi-a ras capul pentru că aveam păduchi și o bătrână i-a spus să o facă și pe urmă să-mi spele capul cu benzină 😠😟🙄	NOT	NULL	NULL
@iuliaa2603 2. Avem 5% din populatia lumii, dar consumam 80% din drogurile psychotropice.  Adderall in timpul zilei ca sa poata sa lucreze la randamentul expectat in sistemul asta, iar seara Ambien, ca sa poate sa doarma.  Stiu multi care fac asta.  America a fost plina de oportunitati, dar	NOT	NULL	NULL
@JeanTheo14 @basarab84 @balarii Nu cred! Cine dracu' o sa le mai linga clantele?	OFF	TIN	IND
S-a anunțat la tv că atestațiile derogatorii de deplasare prezentate pe smartphone nu sînt valabile  #CoronavirusFrance	NOT	NULL	NULL
romanii sunt cea mai inconștientă nație, cum puii mei sa te duci la grătar in pădure in plina pandemie??? stai dracu acasa, evita locurile aglomerate ca poti sa prajesti mici si ceafa de porc si acasa	OFF	TIN	OTH
Cum să dați ordonanță militară să închideți în casă persoanele peste 65 de ani fără să anunțați în aceiași ordonanță cum le asigurați siguranța alimentară și sanitară?	NOT	NULL	NULL
O tanti care nu stie nici limba romana si un parnaias hot si un partid plin de corupti, toti sa aiba acces de urgenta si fara control la toate finantele tarii... Pai ne lua dracu pe toti!!!	OFF	TIN	GRP
Termeni utilizați în medicina dentară: Medicul stomatolog încearcă să explice de fiecare dată pacientului planul de tratament pe înțelesul acestuia, simplificând termenii și folosind o exprimare accesibilă. Scopul ...	NOT	NULL	NULL
sa-mi bag pula ca ne a dat tema la fizica ieri si o vrea azi????	OFF	TIN	IND
@oradesibiu In rest.....SĂNĂTATE MAXIMĂ!!!.....tuturor.	NOT	NULL	NULL
Deci smr daca as fi avut vreo problema cu ei daca stăteau acasă în carantină. Dar nuuuu s au plimbat, s au dus la toată familia ca să moară dracu toți împreună.	OFF	TIN	IND
Coronavirus în Germania	NOT	NULL	NULL
Dacă eram videochatistă nu mâncam fasole, ca baloneaza și nu da bine la camera 🤣🤣	NOT	NULL	NULL
ce pula mea se scumpesc preturile	OFF	UNT	NULL
Cand Firea este epidemiologul sef al Romaniei. De ce va bateti joc de medici?	NOT	NULL	NULL
Laptop-ul nu mă recunoaște nici fără ochelari nici cu mască.	NOT	NULL	NULL
Am uitat sa urc poza.. Pareri?	NOT	NULL	NULL
Peste 5.600 de români au încălcat măsura privind restricţionarea circulaţiei încă din prima zi în care a fost impusă. Polițiștii au dat amenzi de peste șapte milioane de lei / Unii au ieșit cu peștișorul sau pisica la ”plimbare”	NOT	NULL	NULL
@i0n1ca @SparkMailApp Ce zici tu, că nu m-am gândit, am facut de prima dată, nici o schimbare, e de la ultimul update al lor.	NOT	NULL	NULL
cum am spus si in 2008, bine dracu' ca n-am credite si ma prinde criza cu chilotii de pe mine.	NOT	NULL	NULL
@veronicaelena20 Greta nu e moartă, Greta se transformă :)	NOT	NULL	NULL
Clatitele Hazlii cu ciocolată ( Fineti de casa ) cu coniac.	NOT	NULL	NULL
Mai nou, oamenii corecti au primit ban pentru niste erori ale jocului.. pentru ca au primit ceva in plus sau niste pachete extra.. trist!	NOT	NULL	NULL
Cum să ai întâlniri eficiente de acasă. #learn4ever	NOT	NULL	NULL
Unul dintre multele meciuri Simona vs Pliskova. Finala de la Dubai acum în reluare pe digi Sport 2	NOT	NULL	NULL
Împreună cu Changeneers ne-am propus rezolvarea problemelor comunității prin tehnologie. Căutăm startup-uri care aduc o schimbare pozitivă în societate prin tehnologie. Înscrierile mai sunt deschise până pe 31 martie, trimite-ne proiectul tău aici:	NOT	NULL	NULL
@denis26_denise Da, si io as face la fel nu?	NOT	NULL	NULL
@i0n1ca Sa tot fie vreo 40cm ... si din cate vad, ii tot da ... plm, ca mi s'au lungit mainile de la lopata ... si altii se plang ca s'au inchis salile de fitsnesul vietii :)))	NOT	NULL	NULL
@ciprian_marica se baga si el ca musca in curul calului\n\"Marica se revoltă din cauza vaccinului împotriva coronavirusului: „Noi avem fețe de cobai?”\nStai in PLM in banca ta.	NOT	NULL	NULL
La cât e de mare și de scumpă, ar trebui să fim vindecați și ocoliți de Covid by default!	NOT	NULL	NULL
@SirghieCristina 😂😂😂😂 Alo, si eu am drepturi, nu!?(?!)🤣🤣🤣	NOT	NULL	NULL
@lobelyjimin_ eu nu mai trec inca o data prin clasa a 12 a pentru 2 luni pierdute plm	NOT	NULL	NULL
#Dan Petrescu a făcut show și la conferința de presă: ”O să mă duc la judecată! De ce dracu' am jucat ca proștii?	OFF	TIN	IND
Apropo de Flutur:s-a gândit cineva să scrie"Jos coronavirusul!"din oi,pe un deal,cametodă de tratament?Il doare si acum cocoasa de cand s-a urcat Basescu in elicopter,fiind pe post de scara	NOT	NULL	NULL
@AntoniaMusician cind l-ai văzut tu pe Marius țeicu umblând în pula goală sau pe mine?nu știi ca muștele trag la cîcat? Eu m-am îndrăgostit de tine cind ai apărut ca erai foarte decentă față de restul.și azi ce ești. Ești tratată ca o tirfa pe toate rețelele.	OFF	TIN	IND
Ceea ce mi-ai servit tu, cu Revolutia de la Piata Romana, e o astfel de idee, simpla, fara nimic abstract.	NOT	NULL	NULL
Vești bune: Primele teste clinice pentru un vaccin anticoronavirus au început în SUA...	NOT	NULL	NULL
@btsromaniateam @BTS_twt subscriu si eu la Scarlet si mai adaug Goblin:D #iHeartAwards #BestFanArmy #BTSARMY	NOT	NULL	NULL
Ăștia vor să trimită virusul mobil door-to-door! E ca și cum vine spitalul la tine acasă să te verifice.	NOT	NULL	NULL
@01004753 am de mult timp Telegram, dar nu toți o au instalată :)	NOT	NULL	NULL
@OvidiuSky Am tradus articolul de mai devreme, postarea de dinaintea acestui videoclip...	NOT	NULL	NULL
@stirbei ba mai incet! ba ai grija sa nu te-neci cand iti sugi pula singur cu atata ardoare! si vezi ca poate racesti daca calaresti dezbracat pe calu ala inalt si e plina pandemie.	OFF	TIN	IND
Grosimea stratului de ozon	NOT	NULL	NULL
Credinţă şi bunătate, ele ne luminează zilele acestea.	NOT	NULL	NULL
@Alien_draft Ca-i mai buna decat toate! Vorba mioriticului!!!	NOT	NULL	NULL
@PokerStarsRO daca mi-a fost inghetat contul astazi, am vreo sansa sa se rezolve pana duminica? Multumesc anticipat	NOT	NULL	NULL
@filteronskz plot twist: yibo e o floare pe câmp	NOT	NULL	NULL
@neroblank Am auzit și eu, am mai vorbit cu niște medici. Mostly e exagerare în media	NOT	NULL	NULL
Ăia de la antena 1 au titlu "Suceava, Lombardia României"...	NOT	NULL	NULL
Fotbal/#coronavirus: Clubul Ripensia a donat 50.000 de lei Spitalului ''Victor Babeş'' din Timişoara	NOT	NULL	NULL
Dr. Livia Davidescu (SCJU Craiova): Nu mai aduceți pacienții cu COVID-19 în spitale monobloc	NOT	NULL	NULL
Vă mirați că aveți aceste tragedii?	NOT	NULL	NULL
#Senat: Şedinţă de plen în sistem de #videoconferinţă, pentru modificarea regulamentului	NOT	NULL	NULL
@AdyinaS Scrumiera strica poza.....lasă țigările 🤪	NOT	NULL	NULL
eMAG: MII de LEI Reducere la Televizoare pentru Binge Watching	NOT	NULL	NULL
Au inceput sa fuga cretinii bolnavi din spitale	OFF	UNT	NULL
@alinaeradulescu Asta daca nu ai fost student!	NOT	NULL	NULL
Solidaritatea Sanitară: Creşterea rapidă a resurselor sistemului sanitar poate reduce perioada de izolare socială a populaţiei	NOT	NULL	NULL
@teoadi Da-l in plm de prost.	OFF	TIN	IND
@RobertEVoicu Problema e ca si eu mi-am luat teapa dar am vazut datele din partea de sus si m-am potolit. Nu zic ca e fake news in media. E o gramada, dar scapam si curent pe ici pe colo...	NOT	NULL	NULL
Bre, lingăul ăsta încearcă să ne prostească precum șmmenarii ăia cu alba-neagra!	OFF	TIN	IND
@GabryIonesc2 @SorinPaun3 @KlausIohannis Gabrielo, voi sunteti atat de psihopati încât ati omorî oameni pe motiv că vi se pare vouă ca ar avea CoVid. Psihopati si nebuni. Nu-i pune nimeni pe cei dragi tie sa nu se auto-izoleze daca sunt persoane vulnerabile, dar nu te duce pe tine mintea atata. #mars	OFF	TIN	GRP
.Cu toate acestea, pe măsură ce povestea progresează și adevărul cu privire la originea Titanilor se relevă  cititorului, narațiunea se schimbă,  pentru a cuprinde personaje precum Historia Reiss, liderul de echipă Levi, Grisha, tatăl lui Eren, și alte personaje secundare.	NOT	NULL	NULL
Renault Zoe rămâne cea mai înmatriculată mașină electrică în Europa și în luna …	NOT	NULL	NULL
@ailioiu Reluări? nu contează, că eu am abonament anual, aia înseamnă că văd mai mult tenis la anul.	NOT	NULL	NULL
Rutte a vorbit despre 3 scenarii, iar unul din ele era acela în care toată țara se izolează și asta nu pentru zile sau săptămâni.	OFF	TIN	IND
@Alex_Tikitaka E groasa rau treaba. Si inca mai este multa lume care glumeste pe tema asta.	NOT	NULL	NULL
2008 avocat Bunduc Dumitru “ ie-n mintea lu’ oacheș !!!! “ - o să auziți despre ceea ce este acuzat , îi dai pe toți	NOT	NULL	NULL
Mâine poți să mă dai dracu’, dar în seara asta ia-mă în brațe.	OFF	UNT	NULL
3 angajați confirmati, 113 angajați izolați de la serviciile de ambulanta! 45 de angajați de la Serviciul de Ambulanţă Bucureşti-Ilfov 	NOT	NULL	NULL
@linevty015 @Adevarul Ti-ai facut o poza in baie îmbrăcat in costum! Tipic	NOT	NULL	NULL
@_lor3scu_ Tot asa dupa mine, in perioada aia am luat/dat cele mai multe block-uri.	NOT	NULL	NULL
@MarmotaDeCampie @GabryIonesc2 @Alex_Tikitaka @itmorar Și ne rugam, vai doamne rezolva asta, vai doamne dacă scap de asta, promit ca nu mai fac. Fi măcar constant, știi ca ești nenorocit, ramai și în momentele grele nenorocit :	NOT	NULL	NULL
@keyboardriot @TanarulD Pt că nu avem specialiști. Și termination cu Arahat. Ala e incompetent și imbecil.	OFF	TIN	IND
Chiar a murit domnul Lăzărescu? Când? Cum? Dar cel mai important: care e doctorul care i-a scris Covid pe rețetă?	NOT	NULL	NULL
@diohnisrv @kookmuc voluntariat la toti astia. but still... in italia cei din ultimul  si penultimul an la medicina ii baga in prima linie fara dicutii	NOT	NULL	NULL
Infotrafic: Lucrări pe A2 - joi, până la ora 18,00; manevrele în porturile Constanţa Nord şi Constanţa Sud-Agigea - oprite -	NOT	NULL	NULL
#coronavirus Ce trebuie să faci ca să obții amânarea plății ratelor bancare, în perioada coronavirusului?	NOT	NULL	NULL
@BoyWithPlant Mai sunt și ăia care lasă pur și simplu spațiu... Ăia sunt de cea mai joasă speță 😶	OFF	TIN	GRP
S-a decis: Niciun turneu WTA până la începutul lunii mai!...	NOT	NULL	NULL
@itmorar Făcea echipă cu ei. ISU a avut an de an buget de sute milioane  euro. S-au derulat atâtea achiziții încât ne-ar lua amețeala să știm cum au fost organizate....acum vin cele 600 mil euro, de la UE. Cireașa de pe tort	NOT	NULL	NULL
Guvernul liberal Orban nu a luat nicio masura de plafonare a preturilor, niciuna pentru decalarea ratelor la banci, nimic despre preturile la utilitati ...	NOT	NULL	NULL
@realDonaldTrump Mâncameai toaaaată pulă de libidinos!!	OFF	TIN	IND
@RaduBobo Prea spicy pentru papilele mele gustative caucaziene	NOT	NULL	NULL
Au schimbat modelul si au adaugat asta. Te doare mintea.	NOT	NULL	NULL
maică-mea mi-a spus că îmi scurtez viața cu culcatul la ore târzii și acum mă întreb dacă asta înseamnă că sunt măcar nițel suicidal, but I guess not că gen și ea fumează, dar nu se pune drept suicidal	NOT	NULL	NULL
@liviuvulpescu E fix ce trebuie! 👍🏼	NOT	NULL	NULL
Transport NATO: 45 tone de echipamente medicale aduse în România	NOT	NULL	NULL
@ingerisidemoni Dacă băgam opțiunile "ambele", rezultatul era previzibil. Era prea ușor. Aici e aici. Să ai de ales doar între alea două.	NOT	NULL	NULL
@zoso A mers linkul! Incredibil! Era cât pe ce să nu fac click!	NOT	NULL	NULL
@lyanswerlm Tu esti mai mare decât mine!! Nu stiu de ce dar am crezut ca esti mai mică	NOT	NULL	NULL
@ANTIABE Chiar imi va trebui sa fac asta. Am mașina, nu iau trenul, benzina cât sa nu opresc nicaieri deloc, in 6 ore sunt înapoi in casa mea.	NOT	NULL	NULL
Dacă tot suntem izolați, băgați un joc pe PlayStation ca sa nu va plictisiți.	NOT	NULL	NULL
SUNTEM CLASA A 12-A LA ARTE AVEM ATESTATE SI MATERII DE BAC. NU AVEM TIMP DE ASA CEVA TEMA LA SPORT CE PULA MEA FRATE	OFF	TIN	OTH
@danailie2004 Inspirata alegere de lectura in contextul actual :)	NOT	NULL	NULL
@puttycat Sa vezi distracție după 3 zile. Games of Trones in varianta mioritica.😂🤣😜	NOT	NULL	NULL
Alexandru Rafila: Avem deja același procent de cadre medicale infectate cu coronavirus ca Italia, Spania, Franța	NOT	NULL	NULL
Probabil unul dintre regretele vieții mele e că nu l-am întâlnit pe acest gigant al verticalității natiunii românești	OFF	TIN	IND
@cristinadobre @daco_get Păi așa interpretați. Nu credeți poziția Statului Român dar credeți în interpretările rusiei. Nu aveți încredere în România atâta timp cât căutați răspuns la aberațiile statului agresor rusia. rusia este agresivă întâi prin provocările pe care le lansează, apoi face pași mărunți.	OFF	TIN	OTH
Bun voiaj e din nou în lucru, de data asta de-a binelea 👏 am construit în mare firul narativ (aproape jumătate de an a durat, se pare), acum Doamne-ajută să am și skill-urile pentru a îl scrie cum trebuie	NOT	NULL	NULL
@elioswhore harry n ar fute o pe ea nici tânăr nici bătrân SCUZE	OFF	TIN	IND
Volkswagen nu renunță încă la cutiile de viteze manuale: "Le vom oferi atât timp …	NOT	NULL	NULL
Noi, dacă rămânem fără bani, mai schimbăm 100€, mai vindem ceva, dar cine dracu ti-ar cumpăra un jucător de la #FCSB acum ?	OFF	TIN	OTH
Studiu: Temperaturile de vară nu vor elimina noul coronavirus	OFF	TIN	IND
M.B din București se laudă pe Facebook că mănâncă Cacavid de ani buni și n-are nici pe dracu!	OFF	TIN	IND
Raspund cu mare placere provocarilor #stamincasadarnustamdegeaba @ Bucharest, Romania	NOT	NULL	NULL
@Violeta90309719 Ce bună ești de pula!!!!	OFF	TIN	IND
@VenjiUTUBE @AhmadLeBG1 @KEEMSTAR @PineApp99973008 @liljarviss @muselk @lachlan @Lazarbeam Coaie, coaie ești prost, cu ce ti-am gresit	OFF	TIN	OTH
Fratilor, noi vrem sa-i “facem” pe Rusi dar nu suntem in stare sa facem masti pentru fata😳😳😳!  Ce dracu’ am face in caz de conflict armat? O sa vina americanii si UE sa ne ajute? Nu ne ajuta nici dracu!	OFF	TIN	OTH
Președintele Iohannis, videoconferință cu membrii Consiliului European	NOT	NULL	NULL
Victor Ciutacu a EXPLODAT, după ce a aflat că soțul Andreei Esca vinde măști medicale la suprapreț/ DOCUMENT - Stiri pe surse - Cele mai noi stiri	NOT	NULL	NULL
@ECiocu Da, și se vor naște mai multe fete...	NOT	NULL	NULL
@SirGolan @ingerisidemoni Pulea Spătaru te-o contrazice. Io nu am de gând, că e o pistă total falsă. Dacă nu era diaspora, era vreun biznisman italian sau exportator chinez venit la contractare. Sau o familie fericită, după o vacanță la ski în Austria sau un pensionar cu amanta în Israel.	OFF	TIN	GRP
Pai bagamiasi eu din trei pe aia mai lunga, daca astia nu veneau gramada nu aveam nici covid nici sistemul ala asa cum e aproape de colaps! Mai mereti ma in pula mea de lepre ...	OFF	TIN	GRP
Ce se întâmplă cu corpul unui om infectat cu coronavirus, după ce moare #coronavirus	NOT	NULL	NULL
sincer, mă doare-n pulă, de părerea voastră	OFF	TIN	OTH
@BoyWithPlant Vreau și eu sa am ce reamenaja	NOT	NULL	NULL
Știe cineva cum se traduce “virusați, virusați și iar virusați!” din chineza in italiana?	NOT	NULL	NULL
du-te-n pula mea bro cum să ți se vadă așa venele	OFF	TIN	IND
@OfficeTzetze Ești un învingător 😀😀	NOT	NULL	NULL
Despre toate provocările pe care le va presupune întreruperea tenisului am scris aici	NOT	NULL	NULL
Mi-au fost luați și copii și au declarat lucruri pe care această Republică	NOT	NULL	NULL
@kthh_al ori wait, o sticla de bautura e tot timpul bine primita, din nou daca e mai in varsta, o camasa iar prinde bine (asta daca pers poarta)	NOT	NULL	NULL
@MirelaBuzoianu Păi, eu așa zic. Îmi pasă mai puțin sau deloc cine mă place, și cine nu. Cine apreciază ce scriu pe aici, mă vede, cine nu, mă pierde	NOT	NULL	NULL
@AndreasSh3lley Trebuia să mai aștepți și tu până sa dai răspunsul :)	NOT	NULL	NULL
@denis26_denise Asta nu e fake news ?  Să vină DNA-ul sa-l ia !	NOT	NULL	NULL
@mbachelet, se alătură clamorului drept, uman și urgent, considerând că: „în acest moment decisiv, sancțiunile sectoriale ar trebui reduse sau suspendate ...”.	NOT	NULL	NULL
Stati in case cam pana la Revelionul 2020-2021,oricum aveti sarmale atunci,nu va mai plangeti!	NOT	NULL	NULL
@Lory_Radulescu Ce dracu sa mai faca cu banul fizic de cand au scos etalonul aur si raporteaza valutele la cosul valutar ...	NOT	NULL	NULL
Premierul propus refuză guvernarea, ministrul sănătății își dă demisia, iar Vulpița și Axinte sunt pe locul 1 în trending. Eu mă duc să-mi bat scânduri la ferestre.	NOT	NULL	NULL
Țin să vă informez că pe faleză este aer curat și aproape pustiu. #Constanța	NOT	NULL	NULL
Bianca Tudor: “Suntem deja într-o criză economică globală, nu mai poate funcționa economia de piață”	NOT	NULL	NULL
@AndreiCismaru Lipsa de lideri (leaderi) ca putem înțelege (understand) și-n română, există datorită comparației cu istoria pe care deseori o facem. În comparația noastră, uităm de fapt că și liderii ăia au fost contestați la vremea lor. L-am avut pe Marele Iorga Prim-Ministru, să vezi critici!	NOT	NULL	NULL
Permisele auto care expiră în această perioadă rămân valabile: șoferii trebuie să le …	NOT	NULL	NULL
Vaccin pentru coronavirus în teste la Timișoara	NOT	NULL	NULL
Eu lucrez in servicii, da' uite asa iti amintesti ca tot productia e baza.	NOT	NULL	NULL
„Distanţare socială”, claustrare, frică, populaţie tetanizată, necunoscut înspăimântător - iată cocteilul care ne duce la recesiune, mare criză, harababură socială, descompunere politică. Vor urma şomajul în masă, foametea, alte boli, epidemii etc	NOT	NULL	NULL
@AttackinPurple Cum nu eu nu sunt roman	NOT	NULL	NULL
@ValCoins infrastuctura medicala nu e grozava,dar doctorii nostri sunt de aur!!!!	NOT	NULL	NULL
O nouă donaţie pentru Spitalul Judeţean din Târgovişte. De la Arhiepiscopie -	NOT	NULL	NULL
Dacă scrii "Cifra numărului de..." pe twitter, nu are rost să mai rectifici, că oricum șansele să te judece cineva sunt mici, nu-i așa? Întreb și eu pentru un prieten.	NOT	NULL	NULL
@hoseokspapanasi la fel, sau când vorbește mami la telefon😭 ah, să ai doi frați și să se bată toată ziua și tu să fii ceva de genul "puteți să terminați? eu vreau să citesc"	NOT	NULL	NULL
Declarația ca declarația, dar să nu ceri tu si cazier judiciar ? Asta mi se pare inacceptabil.	NOT	NULL	NULL
Inclusiv filmulețul (pus de MAPN pe Facebook) cu coloana ieșind din unitate cu sirene și nino-nino mi se pare o regie proastă.	NOT	NULL	NULL
CRUSH-UL MEU DIN A CINCEA SI-A FACUT IUBITA INAINTEA MEA CE PULA MEAAAAAAA	OFF	TIN	IND
@Vasile55502205 @MihaiHristea @KlausIohannis Normal,la ce te poți aștepta de la acești iresponsabili.🐀🐀💩💩	OFF	TIN	IND
@RomaniaRapist Coaie sunteti la 2 pasi de bucuresti ce plm	NOT	NULL	NULL
cine vrea sa facem un plan si sa mergem sa o exterminam pe dana budeanu ca eu nu o mai suport	OFF	TIN	OTH
Jocul iubirii – O poezie si o zeita a iubirii pictata in doua ipostaze	NOT	NULL	NULL
O perspectivă contemporană asupra materiei, care ia în considerare toate entităţile ştiinţifice observabile, cu accent pe fenomene. În principiu, definiţia materiei se limitează la astfel de entităţi explorate de fizică.	NOT	NULL	NULL
Ii suparat ca nu's fetele cu el la izolare ... amu risca ori sa le ia alt peste, ori sa se apuce alea sa produca de capul lor. Cum dracu sa nu fie suparat!	OFF	TIN	IND
Va fi greu, foarte greu să trăim momente fericite în scurt timp, însă sper să rezistăm momentului și să reușim să găsim soluții pentru a construi, din nou, viitorul.	NOT	NULL	NULL
@Andreic38945855 @Stoica87920511 @EAFIFAMOBILE Curând 😂	NOT	NULL	NULL
pula.n gura voastră de zdrențe imbuibate că trebuie mandatul complet ca să va luați indemnizația de parlamentar muieee multă jegoșilor 🤮🖕	OFF	TIN	GRP
tampitule o sa vezi când n-o sa mai fug după tine ..	OFF	TIN	IND
#Cîţu: Românii trebuie să înţeleagă că amânarea ratelor nu înseamnă iertare şi trebuie să fie cumpătaţi	NOT	NULL	NULL
@itsalibertywalk nu avem nimic daca e sa se infecteze multă lume murim dracu	NOT	NULL	NULL
Deci cu sanse mari sa le treaca guvernul, PNL-istii si-au retras candidatul. Asta imi arata cat de mult ii fute grija de noi.	OFF	TIN	IND
E vremea bătrânilor să fie țapi ispășitori. După ce economia mondială a ajuns în pragul falimentului datorită lăcomiei fără măsură a unora și a imbecilității altora, bătrânii trebuie arestați și împuținați  spre binele omenirii.	OFF	TIN	IND
@daco_get @basarab84 Nu e doar cu vaietatul, au mintit, asta e	NOT	NULL	NULL
În această dimineață frumoasă de primăvară am băut o cafea Jacobs la ibric acasă la mine și o cafea cu lapte la 1 leu nou și o doză de Coca-Cola Zero la 2,5 lei la 330 de ml de la un magazin din centrul orașului, Slatina și am mai fumat încă trei țigări Pall Mall negru!	NOT	NULL	NULL
Sunt unii care se vaită că stau în casă, că e boring, că plm. Cum ar fi să vă taie și internetul? Ar crește numărul de sinucideri?	NOT	NULL	NULL
@usr_romania Clar ca e virusata si are copii someri, cate unul la fiecare partid.	NOT	NULL	NULL
COVIT nu se poate combate decât dacă primăriile cumpără pixuri la preț de bugatti. Altă soliție nu s-a descoperit până acum. @NicorescuL	NOT	NULL	NULL
Poate acum, mai mult ca niciodată trebuie să ne promovăm și să fim activi în mediul online. 📸	NOT	NULL	NULL
@MarmotaDeCampie Nu cant asta nici...moarta 😂	NOT	NULL	NULL
Ce vânzări au făcut acum hypermarketurile, n-au făcut de nici o sărbătoare. Am văzut oameni cumpărând cu sacii de iută! Portbagaje și banchete pline. Bă, plm, o să muriți îndopați înainte să vă omoare gripa!	NOT	NULL	NULL
E:Toate cele de mai sus	NOT	NULL	NULL
@BolboreaIon @Alien_draft Parcă-i el de vină că s-a născut viu!!!	OFF	TIN	IND
Coronavirus în România	NOT	NULL	NULL
@ECiocu Mai stam cu pruncii acasa, mai citim o carte, si incet ne revenim. Si hai sa nu luam deja funia si sapunul. Inca...	NOT	NULL	NULL
@MihaiHristea Dar nu era și un site oficial?	NOT	NULL	NULL
Spalatul vaselor e ca liftul, cand intru in ele, ma apuca pisarea.	OFF	TIN	IND
Coronavirus în lume: Statele Unite ale Americii, pe locul trei, ca număr de cazuri confirmate	NOT	NULL	NULL
Vai de bolnavii care, în aceste luni, suferă de alte boli. Dacă ai acest ghinion, mori cu zile.	NOT	NULL	NULL
Pentru prima oară în istoria SUA, persoanele fizice vor primi bani direct de la guvern	NOT	NULL	NULL
Eu cu tine, tu cu mine si noi cu lumea noastră	NOT	NULL	NULL
L-a "omorât" covidu' și pe Paul Goma, deși săracu' era foarte bolnav încă din 2015! Ce nu face manipularea și mistificarea pentru panică și #COVID19 Mizerabil!!!👎👎👎	NOT	NULL	NULL
@DacianSoros @telekomsport Păi ăla e conținutul.	NOT	NULL	NULL
@MarmotaDeCampie @aiurea Eu stiu ca shaormeria Socului livreaza. #dacavreipoti :)	NOT	NULL	NULL
Fostul ministru al Sănătății Nicolae Bănicioiu acuză că Ministerul Sănătății nu gestionează corect criza coronavirus. Reacția acestuia vine după ce la Spitalul din Suceava aproape 100 de cadre medicale au fost infectate.	NOT	NULL	NULL
@denis26_denise Habar nu am. Doctorul a spus ca a dat formula/reteta la liber. Deci nu prea putem vorbi despre furat	NOT	NULL	NULL
Apreciem pozitiv faptul că Uniunea Europeană, prin @JosepBorrellF, afirmă că susține cererile de finanțare din partea Fondului Monetar Internațional din Venezuela și Iran pt a face față contingenței #COVID19. Ei înțeleg daunele pe care le fac sancțiunile americane.	NOT	NULL	NULL
Din cauza zahărului, grăsimilor și aromelor adăugate, acest desert accelerează metabolismul și activitatea sistemului nervos. Iar consumul în exces încetinește digestia și duce la apariția durerilor și a inflamațiilor.	NOT	NULL	NULL
toata ziua canti da nu te dor buricele degetelor? mai deschide un geam mai inchide un geam mai mergi la bucatarie sa vezi ce se mai da la frigider mai incearca clanta plm	OFF	TIN	IND
„Cel mai probabil a luat virusul din comunitate”.	NOT	NULL	NULL
@BLUESlHUN plus ca trebuie sa incep si la fizica 😭😭	NOT	NULL	NULL
Mai rămîne să ne pună banderole galbene, culoarea liberalilor, la braț și să ne ducă în lagăre de concentrare, poreclite „centre de odihnă și recreere” Antonesei	NOT	NULL	NULL
@ComplexMusic Sa i iau toti mortii n pula. Na raspuns de la pentagon	OFF	TIN	IND
Ancheta penala la Aiud pentru ca nu s-a respectat distanta de 1 metru intre persoane	NOT	NULL	NULL
@JIKOOK1236 Băi, deci prenupțial mai ciudat ca ăsta n-am mai pomenit! 😂 E clar că s-au căsătorit din alte motive, de vreme ce el trebuia să plătească și dacă se ducea cu altele. 😆 OK, ea a zis da și așa. Dar el pentru ce a zis da? 🤔 Doar ca s-o aibă pe ea de nevastă? Soție trofeu. 😏	OFF	TIN	IND
Unii nu aveau opinii au acum,ciudat,nu au cerut aprobare	NOT	NULL	NULL
Chici cine iar nu are apă caldă 🤡	NOT	NULL	NULL
După ce că fumez în frig, acum trebuie să și tușesc pe ascuns.	NOT	NULL	NULL
@ManoliuValy Un domn într-un sex-shop pentru ași procura o păpușă	NOT	NULL	NULL
Aplicarea de majorari de volum cu #SmartCash RMS	NOT	NULL	NULL
Hey, Acesta este prima postare a mea. Cu ajutorul vostru o sa încerc sa postez în fiecare zi.	NOT	NULL	NULL
@ingerisidemoni @MihaiHristea Ca dracu ne a facut si coronavirus asta!!🤦‍♀️I a adus pe ăștia iarăși in țară!!Stateau bine acolo pe unde erau!!	OFF	TIN	GRP
@Zepjet1 ii stanez de ceva timp si cred ca abia acum isi face efectul pielea mea nu a mai fost intr-o stare atat de buna din clasa a 4-a cand inca nu aveam acnee truly a blessing	NOT	NULL	NULL
@totnormal se poate de adăugat și prin chișinău astfel de senzori, pentru informarea populației) dar știu că la noi nimeni nu va acționa pentru a rezolva situația. va fi așa, de ochii lumii	NOT	NULL	NULL
@ANTIABE Imi fac foaie de parcurs, hai! 😬	NOT	NULL	NULL
Altă treabă...!	NOT	NULL	NULL
@Ziare_com Cine plm e Tăriceanu?	NOT	NULL	NULL
@radusmall e țara noastră, a celor născuți aici, nu a celor cu gura mare. am primit cetățenia LA NAȘTERE, așa că cei care îmi socotesc impozitele plătite anafului și boabele de mazăre din furculiță n-au decât să sugă pla la cai morți (asta și fac de fapt)	OFF	TIN	OTH
Tipului care s a hotarat din pura curiozitate sa bata laptele acum dracu stie cati ani si a creeat untul: te respect	NOT	NULL	NULL
Idee de titlu: "Hârtia igienică. Un simbol al civilizației.”	NOT	NULL	NULL
@tr aiu Nu, nu ne aflam in plm in razboi!	NOT	NULL	NULL
@nauutilus Rezistența inițială la schimbare? Inerție?	NOT	NULL	NULL
@AntiJavre @denis26_denise @cosmin_roman_ Ai de plm, da ce elita is si oradenii astia, mai abitir ca banatenii de prin TM, si aradenii ... cu care oricum sunt pe conflict	OFF	TIN	OTH
Am simulat sezonul în Football Manager. Ce a ieșit, din Liga 1 până la Copa America	NOT	NULL	NULL
sa ma pis pe tine de ipocrit :)	OFF	TIN	IND
@CloneSandman Ai băgat bățul prin gard acum 😀	NOT	NULL	NULL
- Mamă, înghețata e mai sănătoasă decât crenvurștii? Fiule, în ziua de azi, și fumatul e mai sănătos decât crenvurștii!	NOT	NULL	NULL
Adevarul Nu se mai duce nici dracu la cules! Visewaza cai verzi pe pereti si astia. Sa ia din alte tari... Englezii, niste putori! Nu orea cred cai adevarat ce scrie in articol	NOT	NULL	NULL
@jkmoodzie dar nu am o seringa si ma cac pe mine daca nu nimeresc locul perfect	NOT	NULL	NULL
Îmi place să văd schimbări, evoluție dar sincer cred că se predă mult, într-un stil în care pare conferențiar și se pretinde foarte mult.	NOT	NULL	NULL
@joonhopes deloc !!! dar sunt femei frumoase si in alte tari	NOT	NULL	NULL
Cum arată sistemul sanitar din România în plină criză #COVID19	NOT	NULL	NULL
Olguţa Vasilescu, indignată: „Soldaţi înarmaţi pe străzi? Le-a luat Dumnezeu minţile…”	NOT	NULL	NULL
Expertii UE atrag atentia ca temperaturile de vara nu vor elimina, cel mai probabil, coronavirusul	NOT	NULL	NULL
dacă se anulează festivalul inimilor eu o să plâng 10 zile	NOT	NULL	NULL
Acum de acasa pleci cu bilet de voie (adica ai o invoire)😄 si atunci si acum ideea e de ce dracu' vrei sa pleci asa de capul tau😆	NOT	NULL	NULL
@ZoliBara Unde sunt pufuletii? In cada la dezinfectare. (de la noi din casa)	NOT	NULL	NULL
@lanzhanbarosan Voiam să zic că sper că ești acasă și nu la salon dar ți am văzut picioarele goale și m am liniștit. Pune ți dracu șosete nu mai merge desculță pe gresie	OFF	TIN	IND
Aproape jumătate din populaţia lumii se află acum sub restricţii din cauza pandemiei de #COVID19	NOT	NULL	NULL
@LeroivAmis L-au amendat aiurea pe ala jegurie. Ii nastea nevasta mu avea masina...plm	NOT	NULL	NULL
dacă tot stăm acasă până după paște atunci o să mă apuc de un booty workout 🤪	NOT	NULL	NULL
cUaie cum dracu învață-mă și pe mine ca să mă dau smecheră la școală	NOT	NULL	NULL
@MihaiHristea La Multi Ani, mamei tale!	NOT	NULL	NULL
Ministrul Sănătății: Toți bucureștenii vor fi testați pentru Covid-19 -	NOT	NULL	NULL
@adigoldi67 @iulialipovanu Nu știu ce a scris Iulia. Adică nu e vizibil tweetul.	OFF	TIN	IND
@libertatea @DacianSoros Și uite așa apar abuzurile	NOT	NULL	NULL
@AdinaValean, bună ziua!	NOT	NULL	NULL
@AndreiCismaru Hm, ati cumparat si rafturile, dar Brad a luat cineva? 😂😂😂	NOT	NULL	NULL
Am reparat pe dracu', tocmai am inundat juma' de baie.	NOT	NULL	NULL
REVOLTĂTOR Adrian Streinu-Cercel este CERCETAT de Parchetul General pentru că a vorbit despre coronavirus.	NOT	NULL	NULL
@jhsrightdimple m-a cam prins in capcana cu setea	NOT	NULL	NULL
Igor Munteanu: Cerem restabilirea controlului parlamentar	NOT	NULL	NULL
Iată de ce cereau Streinu și Arafat “protecție judiciară” pentru achizițiile făcute în această perioadă.	NOT	NULL	NULL
Fiecare cu marfa lui de contrabanda	NOT	NULL	NULL
@daco_get @denis26_denise HIV nu stiam...	NOT	NULL	NULL
@kyutiepie_vamp Stiu ca nu e doar Italia, dar pe langa China ea are cel mai mare numar. Si la ei a inceput cu 3 cazuri. Nu se stie niciodata. Putem doar spera ca se termina mai repede, sa revina totul la normal.	NOT	NULL	NULL
Hei, Boris! Au inceput sa se planga deja spitalele ca nu mai au locuri la terapie intensiva.	NOT	NULL	NULL
În funcţie de condiţiile termodin…	NOT	NULL	NULL
#emirău asta e nou # cand bei si a doua zi ti e rau pui #eumirău	NOT	NULL	NULL
@CloneSandman M-aș bucura să fie făcătură!	NOT	NULL	NULL
Horoscop: INTOARCEREA lui SATURN in viata ta – cotitura, pedepse sau inflorire? Tu cand ai INTOARCEREA durului SATURN in functie de data nasterii? Saturn abia a intrat in Varsator!	NOT	NULL	NULL
@Antidotul2 Asta stiam;Io de pilda ma mai duc la farmacie,pt mama, soacra...cum se procedeaza?Cine imi da mie bon?Cel care pazeste blocul? cartierul?	NOT	NULL	NULL
@trkshlove Ce bine e sa îi revedem 😍...așa e fetelor😉	NOT	NULL	NULL
Nu se poate să nu ne întrebăm ce se întâmplă cu acești oameni, acum, că România a închis comuncațiile cu peninsula.	NOT	NULL	NULL
Cu ce se tratează infecţiile COVID-19 în spitalele din România? Protocolul Ministerul Sănătăţii privind medicamentele pentru coronavirus	NOT	NULL	NULL
Buna seara! Am venit sa va testam de covid. Trebuie sa declarati si bunurile cu valoare mai mare de 100 de lei, ca rezista virusul mult timp pe ele	NOT	NULL	NULL
@piticu21 Cine dracu vrea sa se intorca in tara aia de psdisti si retardati ca tine ?	OFF	TIN	IND
@aiurea @futacu De ce nu obstetrician?! Se știe că berzele aduc copiii...	NOT	NULL	NULL
dc nu invata americanii chestii asa de basic de trigonometrie la generala plm nici nu e greu	NOT	NULL	NULL
@jellymalin Daca ai nevoie, sunt aici	NOT	NULL	NULL
Eu colaborez cu o firmă  din Oltenița. Crezi că femeile alea nu se pricepeau să coase și din astea?	NOT	NULL	NULL
Învinge grijile	NOT	NULL	NULL
@MikiBuzarnescu Prostănacoooo,te faci dracu' dă râsu' lumii. După ce că nu știi tenis, mai vorbești de genți în situația de față, mare prostănacă ești  !	OFF	TIN	IND
@daco_get @cristinadobre Nu. Tu ai spus ca exista o idee relativa asupra cărora anumiți oameni ar putea decide. Zi-mi ce te-ar face pe tine fericit.	NOT	NULL	NULL
Cei 31 ani din '89 sunt exemplul	NOT	NULL	NULL
Un câine poate ajunge la inteligența unui copil de 2 ani	NOT	NULL	NULL
Astept cu nerăbdare condamnarea și aducerea în cătușe a unuia care a răspândit virusul. Poate așa le vine dracu mintea la cap, că trebuie să respecte regulile impuse....imbecililor care nu pricepeți!!!	OFF	TIN	GRP
Pentru a termina testarea în #bucuresti în 14 zile, ar trebui un ritm de peste 200k teste pe zi #COVID19 #coronavirus	NOT	NULL	NULL
Daca toata povestea va tranti economia mondiala, multi vor fi cei care vor acuza masurile de carantina.	NOT	NULL	NULL
@trueroobert Daca nu aveai nevoie de atenție nu te bagai in seamă, ce pula mea esti prost așa?	OFF	TIN	IND
Un singur lucru a dovedit USR de un an incoace: ca nu trebuie votati ! Nici Nicusor Dan, nici ceilalti, in nici un proiect politic. Pentru ca nici ei nu stiu ce vor.	NOT	NULL	NULL
Solidaritate şi încurajare, ele ne ajută să mergem mai departe.	NOT	NULL	NULL
V-a controlat careva?	NOT	NULL	NULL
@ECiocu O miros și hotărăsc. De luni dimineață sunt în pijama non stop și mai am până în 30 martie de stat în acest echipament. Fără întrerupere.	NOT	NULL	NULL
Masti  La eJolie fiecare rochie spune o poveste diferita despre fiecare femeie in parte!  este potrivit fiecarui stil! euplatesc. © 2020	NOT	NULL	NULL
Anul 2020 va fi anul in care twitter va fi popular la noi?🤔	NOT	NULL	NULL
Cum morții ma.mi voastre a.ti dat aviz negativ pt o grămadă de miniștri, acum o sa ii votați	OFF	TIN	GRP
COAIE CE PULA MEA S-A AUZIT SPER CA E TATA	NOT	NULL	NULL
Bine ca nu se transmite virusul chinezesc prin telefon, ca dracu ne lua! 😂😂😂	NOT	NULL	NULL
@PleuAlexandru4 adev e ca nu stiu ce sa citesc. m-ati ametit si ca si dvs si alti colegi cu aveleasi opinii... vb de lucruri de care habar nu am. Daca tot le stiti spune-ti-ne si noua sa stim si noi, arata-ti-ne probele ca poate va putem ajuta.	NOT	NULL	NULL
@RobertEVoicu @OvidiuSky Este doar un alt pulitician român!	OFF	TIN	IND
@DianaWdr Mie mi se pare ca cineva își dorește sa ajungem in situația Italiei. Situația de la Suceava pare ca a fost gestionata prost cu buna știință. Sau suntem pur și simplu incompetenți. Ceea ce este foarte grav!	NOT	NULL	NULL
Dacă nu se poate ingheța anul școlar, n-am putea să-l prăjim ? #numaintreb	NOT	NULL	NULL
Virusii din categ gripei (se stie) dupa un nr. zile de la infectare apar simpt.	NOT	NULL	NULL
@bordianu_marian Ca cu dracu risti sa te intrebe de "sanatate" tot el, dupa ce iti trece! 😂	NOT	NULL	NULL
Poate ne spălăm greșit și din această cauză suntem nevoite să facem asta zilnic.	NOT	NULL	NULL
@byubay când dracu scăpăm totuși de toți incompetenții și aducem pe cineva care ne pune banii din taxe la treabă?	NOT	NULL	NULL
Ce plm mea sa mai zici.... #nemeritamsoarta	NOT	NULL	NULL
plm de incompetenți. cum pierzi un e-mail? deștepți îs	NOT	NULL	NULL
@ingrideuce Sigur ar fi mai bine 😂😂	NOT	NULL	NULL
#Olimpice/#Coronavirus: "Sfârşitul unei dezbateri inutile" - Presa mondială salută decizia de amânare a Jocurilor Olimpice de la Tokyo	NOT	NULL	NULL
VIDEO: Viitorul Mercedes-Benz Clasa E Coupe facelift, surprins în timpul testelor: modelul va …	NOT	NULL	NULL
@itmorar Aproape e cămașa de piele, dar departe o arunci când intri in casa.	NOT	NULL	NULL
Trei angajate de la spitale din Galati, care au fost in Turcia, testate pozitiv pentru coronavirus	NOT	NULL	NULL
@sopeprotector ...Nu? :))) nu e masina noua, pur si simplu e înregistrată pe bucurești	NOT	NULL	NULL
@B_Transilvania agentiile voastre de ce nu lucreaza cu manusi si de ce va expuneti angajatii? 😭😭	NOT	NULL	NULL
@futacu Da, dar e acoperit. Ca, venind de la chinezi, e chinezesc.	OFF	TIN	GRP
@JAy_FLo92 Unul ramas cu #muiePSD pe stoc.	OFF	TIN	IND
@radusmall Eh, pula, ți-ai găsit! Ăștia trăiesc în alt film! La ei e roz și acum și după!	OFF	TIN	GRP
@RFboris Cele in aer liber raman deschise, ca in cele care se fumeaza :)	NOT	NULL	NULL
Daca retin bine 3 luni,ca au tot vanzolit-o ... primav, vara...😂	NOT	NULL	NULL
@KlausIohannis Acum cand lumea este descurajată are nevoie de sfaturi prietenește de încurajare și la vara mergem la a plaja la mare.	NOT	NULL	NULL
SUA, NOUL EPICENTRU al virusului pe lângă SPANIA. ROMÂNIA, tot pe traiectoria accelerată a Italiei. Tracker Financial Times	NOT	NULL	NULL
De aia stiu de ce ma apuca greata (atat de des),dar mai ales revolta!	NOT	NULL	NULL
@DeeGoesLive Eu te am văzut prima dată când făceai live la Revoluția Franceza.	NOT	NULL	NULL
Dar să sperăm că nu ajungem în Mad Max.	NOT	NULL	NULL
buna siua domnul meu solutia va rog care este solutia	NOT	NULL	NULL
dacă ne infectam noi sau ea de la ei cine plătește ..la 89 de ani pentru ea chestia asta iar fi fatala .. si ca ea sunt multi ...gândire puli	OFF	TIN	IND
Decizii incredibile luate de autoritățile americane. Statul New Jersey va elibera pușcăriașii pentru a limita răspândirea coronavirusului, a anunțat guvernatorul Philip Dunton Murphy! Măsura adoptată urmărește protejarea sănătății deţinuţilor.	NOT	NULL	NULL
Program de week-end în vreme de pandemie: excursie în grup familial, cu ghid, în sufragerie, cu popas „bell-view” pe balcon.	NOT	NULL	NULL
@DanStoenescu Deosebit de simpatice!	NOT	NULL	NULL
Pinocchio iese nervos de la un concurs de minciuni pe care l-a pierdut : Cine dracu' e Cîțu ăsta??	OFF	UNT	NULL
Mihail-Dan Dojana - eliberat din funcţia de preşedinte al Administraţiei Fondului pentru Mediu	NOT	NULL	NULL
Atâta linişte-i în jur de-mi pare că aud dronele poliției ce verifica respectarea stării de izolare. #confinement #COVID19 #LucianBlaga	NOT	NULL	NULL
@gusteru Cu covidu'! Crezi că e usor?	NOT	NULL	NULL
@Alex_Tikitaka Da, cea mai buna :) Niște cretini, am ieșit din UE, suntem protejați. O pula, sa vezi ce iese și acolo	OFF	TIN	IND
E bine cand vă fute grija mai mult decat bărbatul ?🤣🤣	OFF	TIN	GRP
Nimic nu e mai prostesc decat sa-ti faci poza in cabina de proba cu hainele de la magazin si sa nu le cumperi🙆‍♂️	NOT	NULL	NULL
mai taci in pula mea	OFF	TIN	IND
Ai de pula mea am uitat ca imi da follow o colega	OFF	UNT	NULL
@jkstattss Ce dracu zic ma astia cum sa ai un singur număr in paranteza :((( nu-i mai suport	OFF	TIN	GRP
@itmorar Dumnezeu să-l ierte și să îl odihnească în pace!	NOT	NULL	NULL
Cum a trecut România peste prima zi de stare de urgență?! Videochat-urile și farmaciile au ”lucrat” intens...	NOT	NULL	NULL
Timișorenii de la OncoGen, ignorați de autoritățile române, anunță: „Avem vaccinul. Începem testele”	NOT	NULL	NULL
@PleuAlexandru4 Buna dimineata la fel, cu soare si zambet🌞☕️🌺🍀😊	NOT	NULL	NULL
@teoadi Poți sa încerci pe pielea ta :) Închide-ți telefonul tv-ul și radioul doua zile sa vezi cum îți scade tensiunea :)	NOT	NULL	NULL
@MarmotaDeCampie fac si eu tot ce pot pentru ceilalti, plm. grupa 1 de vulnerabili.	OFF	TIN	IND
Președintele Klaus Iohannis: Rectificare bugetară pentru Sănătate și plata șomajului tehnic. Ratele, amânate până la 9 luni	NOT	NULL	NULL
Alinuta o intreaba pe bunica ei: -Bunico, tu ai avut vreodata un amant? -Doamne, Dumnezeule!! striga bunica urcand repede in pod, unde descuie un dulap prapadit, din care se prabuseste un schelet.	NOT	NULL	NULL
@NarcisD @emiltoma_av Cui plm îi mai pasă? 😂	OFF	TIN	GRP
@acadelle @oleaberegoi @OliaBraguta Eu la nime nimic ne doljen dacă ceva ;)	NOT	NULL	NULL
Daca toată lumea sta in casa, izolata, ce se mai produce?? Cine mai produce ce?	NOT	NULL	NULL
SI de data asta, spectatori fara voie SI victime.	NOT	NULL	NULL
S-au simplificat declarațiile, apropo. PDF-urile respective sunt editabile direct, deși tot trebuie semnate cumva	NOT	NULL	NULL
Băăăă de ce l-ai împușcat? E numai 20:45?	NOT	NULL	NULL
@TanarulD Cel mai mult ne afectează când un român de vârsta noastră e mai prost decât un vițel de țâță.	OFF	TIN	IND
In Spania, numarul deceselor cauzate de coronavirus a trecut de 4.000	NOT	NULL	NULL
Cea mai buna alegere din ultima vreme sksks	NOT	NULL	NULL
@stirbei Nu văd nicio legătură. De 30 de ani, nu am lipsit de la niciun vot pt că de aia am ieșit la Romana în 21 decembrie. Zilrle astea nu am cumpărat nici făină nici curpapir.	NOT	NULL	NULL
@stirbei Cu siguranța, mulți au plecat înapoi la origini. Sper să și rămână acolo	OFF	TIN	IND
Fotbal/#Coronavirus: Italia - Jucătorii echipei #Sampdoria Genova au ieşit din izolare	OFF	UNT	NULL
Nebunule, tu vorbesti serios? Dacă vine de la tine e serios.  Cred in tine ca in sf. Moaște . Dar esti beat?! Zi ca ești beat și nu stii ce scrii!	OFF	TIN	IND
nenea ăla isteț, am citit una dintre cărțile lui (aia roșie :)))), și am văzut interviul lui de la garrantat 100%. Băiat isteț, vă spun!	NOT	NULL	NULL
Millie Bobby Brown sau Mills, pe scurt, este o actrita britanica nascuta in Spania in varsta de 16 ani. Ea a interpretat rolul lui Eleven in Stranger Things, jucand rolul principal. Mills a interpretat si rolul lui Madison in filmul Godzila 2.	NOT	NULL	NULL
@CloneSandman Ăsta are fundație să ia, nu să dea precum Gates sau alții ca el!😉	OFF	TIN	IND
@btsromaniateam @BTS_twt Preferate de actiune: Mad Dog, Voice	NOT	NULL	NULL
Plm, aveau dreptate comunistii	OFF	UNT	NULL
Cel puțin următoarele: confuzie, derapaj, ură, valori pervertite, lipsă de patriotism!”	NOT	NULL	NULL
@CloneSandman Au spus la știri. N-am link, dar cred că găsești pe site la digi	NOT	NULL	NULL
@CristinaABejan  te rog sa citești mesajul de mai jos. Avem o Românca din houston care trece prin mari încercări. Te rog sa te alături pentru aceasta cauza nobila	NOT	NULL	NULL
Nicolae Bănicioiu îi îndeamnă pe români să respecte regulile impuse de autorități: ”Totul e în zadar dacă nu te implici și tu”...	NOT	NULL	NULL
Poluarea e bună. Înseamnă că avem cu ce să poluăm.	NOT	NULL	NULL
@basarab84 Total de acord cu tot ce a scris	NOT	NULL	NULL
@OfficeTzetze Incredibil!!! Unde harat este poliția și armata?? Suntem un fel de n-am mai fi, pe bune...!	OFF	TIN	IND
@denis26_denise @OvidiuSky Se dărâmă castelul de nisip. UE reprezintă fix nimic.	NOT	NULL	NULL
totalitarismul cătușelor de dreapta exista doar în imaginația celor hipnotizați	NOT	NULL	NULL
daca tot au interzis persoanelor peste 65 de ani sa mai iasa afara, noi, astia mai tineri, putem sa mergem la munca ? Asa, in grupuri de max 3. #numaintreb	NOT	NULL	NULL
Ce înseamnă childfree și de ce e în regulă să nu-ți dorești copii	NOT	NULL	NULL
La noi nu permite echipamentul, n-au cum să îi prindă de caschetă...😀	NOT	NULL	NULL
În alta ordine de idei, mai funcționează acest ‘institut’?	NOT	NULL	NULL
Totul este deosebit de alarmant!	NOT	NULL	NULL
Amalia Enache și Maia Morgenstern se implică în lupta contra pandemiei de coronavirus: „Să facem bine ca să ne facem bine”...	NOT	NULL	NULL
@RobertEVoicu ..eu cred că ăștia mănâncă cam mult căcat (să îmi fie cu iertare)...	OFF	TIN	GRP
O amânare ar putea însemna că Wimbledon ar ocupa locul din calendar eliberat de turneul olimpic.	NOT	NULL	NULL
@oanyyyy aaa, deci trebuie arse niste etape la mine, bun, facem sync, sa nu uiti sa dai web, pwup	NOT	NULL	NULL
Ne-a fost jenă să ne considerăm egalii lor și,ca urmare, după13 ani suntem tratați ca o națiune de mâna a doua,ca niște slugi supuse,ca prostul clasei din ultima bancă amenințat permanent cu așezatul în genunchi pe coji de nucă,ca necontenitul vinovat de ceva eteric.	NOT	NULL	NULL
Paramedicii SMURD din Hunedoara intervin cu costume de zugrav la posibilele cazuri de coronavirus...	NOT	NULL	NULL
Armata a ieșit pe străzile României #StaiAcasă si informeaza-te #CuMine ...	NOT	NULL	NULL
Țin sa va spun ca nici dracu nu e pe autostrăzi în Spania.	NOT	NULL	NULL
@ingerisidemoni @zoso Preotii de la tara, din satele depopulate, risipite, chiar au o situatie grea	NOT	NULL	NULL
Montat si asigurat, iar acum poti pleca la drum cu bicicletele tale! Foloseste un #suportbicicleta pe carlig pentru a-ti transporta bicla oriunde vrei tu.	NOT	NULL	NULL
@sopeprotector prima zi: test la romana, test la fizica, cel mai probabil test la psihologie, ne mai asculta si dimi, am ramas iar cu materia in urma la chimie	NOT	NULL	NULL
Comună din județul Dâmbovița, rămasă fără primar în plină criză de coronavirus. Cine a preluat atribuțiile	NOT	NULL	NULL
Nu intotdeauna imi aud telefonul sunand in buzunar. Dar atunci cand il aud nu suna.	NOT	NULL	NULL
Ce fac liberalii? Sunt disperați după putere! Cum să iei puterea când nu ai majoritate în parlament? Asta-i putere? Acum sunt pe ducă.	NOT	NULL	NULL
@GabryIonesc2 Daca a trebuit armata sa intervina iti dai seama ca oaia tot oaie este nu intelege.Stati in plm in casa	OFF	TIN	GRP
@denis26_denise @danaionescu65 @StefanF28452082 Drive-ul e deschis, nu se parmite accesul în interiorul restaurantelor.Rămâne deschis la drive și livrare!"Pă surse" 😂😂	NOT	NULL	NULL
de ce am primit cupon de reducere pt afhalen de la ny pizaa ?? n ar trebui sa fie inchis ??? sunteti ok?? cum adica daca imi cumpar o pizza a doua e €2 nu pot sa mananc atat va rog lasati ma in pace	NOT	NULL	NULL
Ciolacu anunta ca toti parlamentarii PSD vor dona 50% din indemnizatii pentru achizitia de echipamente medicale	NOT	NULL	NULL
@jkmoodzie Ce plm e greșit cu ăștia? De aia se îmbolnăvesc atâția că există cretini ca ăștia care fug de la spital sau nici măcar nu se duc și se plimbă ca foloricelele pe stradă. Du-te dracu la spital că nu te taie	OFF	TIN	GRP
@benigoace ar fi fost amuzant dacă nu aș fi atât de sigur că acest anunț tot de o instituție bugetară a fost plătit	NOT	NULL	NULL
@CloneSandman Întotdeauna cineva trebuie să închidă turma . Uneori unele decizii se i-au foarte-foarte greu după multe-multe ezitări . Nu este cazul aici de 100% dar puteam fi și noi printre ei . Statul român este dator să-i primească .	NOT	NULL	NULL
Si cine plm esti tu ma sa zici ca cultura noastra o considerati voi cu 30 de ani in urma. Sa ma sugeti	OFF	TIN	OTH
pe scurt ce făcea de dinainte de 1995 “ ie-n mintea lu ( drogurile ) !!!!	NOT	NULL	NULL
Atâta timp cât conducerea parchetelor și judecatoriilor sunt asigurate de #procurorijigodii #judecatorisantajabili numiți de căcat bolnav Johnazist hot de case traficant și mâncător de copii cruzi cu toți susținătorii lui nu se va întâmpla nimic	OFF	TIN	GRP
Coronavirus: Intrebari care ne preocupa intens in aceste zile	NOT	NULL	NULL
@AndreiCismaru Pai urmeaza nationalizarea spitalelor private, cel putin pentru un timp, iar Costache venise sa le privatizeze si pe cele publice.	NOT	NULL	NULL
@VTemeraru @MarmotaDeCampie Atunci cum dracu se face că acum se află la noi și în europa ?	NOT	NULL	NULL
Paul Goma a murit rapus de coronavirus	NOT	NULL	NULL
@ingerisidemoni Iar până reușesc românii să cadă la învoială, să strângă și banii necesari, virusul isi va modifica tulpina și înseamnă că l-am facut degeaba. Nici un producator nu va risca. Să nu ne imbatam cu apa rece e cel mai bine!	NOT	NULL	NULL
Mai tineti minte cand l-ati dat jos pe Ponta si intr-un an Iohannis a readus PSD-ul la putere. Tot un an pare ca dureaza si acum	NOT	NULL	NULL
te doare in cur de viata asta si suddenly iti pasa doar cand face cineva o greseala sa stai cu gura pe el fraieru dracu	OFF	TIN	IND
@iamntz nu e suficient 2 break news pe zi?(  raportari)	NOT	NULL	NULL
Vei fi oprit sau NU. Hai sa zicem că întârzii 2h la filtre, dar ținând cont că traficul nu mai există; faci cam cât ai face într-o zi normală.	NOT	NULL	NULL
7 obiecte pe care trebuie să le igienizezi obligatoriu ca să vă protejați de COVID-19	NOT	NULL	NULL
Rezistenta 9900watt 230V CÎ 3 L 415mm L 65mm Î 37mm NMT 1 ø MT 6,5mm LMT 160mm ø țeavă 8,5mm	NOT	NULL	NULL
@sadino22 Mulțumesc din suflet!	NOT	NULL	NULL
Iohannis a promis că aduce Diaspora înapoi în țară și uite că se ține de cuvânt mai repede decât se așteptau mulți! Ce-i drept, înghesuită în autocare gonind fără să oprească mii de kilometri prin ”culoarele umanitare” de pe autostrăzile altfel pustii	NOT	NULL	NULL
Am inteles stam in casa, stam in casa mult timp...da hai in plm cu o solutie/vaccin/oricee. Dar suntem in 2020, nu in 1918	OFF	TIN	OTH
Pffff. Al dracu porkfromhome, n-am mai băut o bere joia la prânz din liceu....	OFF	TIN	OTH
Bai,CATANI,ia-ma de nebuna,daca vrei,dar sa stii,ca acesti Tiganoi,ma refer la Gaita si la fosta servitoare Nutica,atunci cind pretind,ca sar "Ca Dracu in om", ei fiind GRASI reusesc, in 2 ore, sa o ingrase pe asazisa MARIANA,servitoarea mea,de luni.	OFF	TIN	IND
Dr Alexandru Rafila: Probabil spre sfârștiul lunii aprilie se va ajunge la mii de cazuri zilnic!	NOT	NULL	NULL
ma doare in pula	OFF	UNT	NULL
@foreverrainmyg Aștept să termin serialu' și după 😔😔 gotta be progressive	NOT	NULL	NULL
V-ați făcut toți adeverințe ca sunt la liber numai pentru că se poate să futeți autoritatea?	OFF	TIN	GRP
Câteodată mă gândesc la yuta și,,, wow,,,doar wow	NOT	NULL	NULL
@mireaemi @miradulescu @GabryIonesc2 N-are rost sa-ti explic ca esti prost.	OFF	TIN	IND
Voi pana la cati elefanti va spalati pe maini? Eu pana pe la cinci si mai chem inca unul pentru spirt #Romania	NOT	NULL	NULL
Pana apar alte date despre situația asta cu virusul, să mă convingă de altceva, sunt 💯 convins că panica este artificial umflata de media din America, pentru a crea o nouă depresie economică mondială.	NOT	NULL	NULL
@itmorar Ma voi uita daca mai gasesc sticle Sorin.	NOT	NULL	NULL
@bbangyibo moor =)))) fața bărbatului ala cand a văzut ca yibo pleacă si el 💀	NOT	NULL	NULL
Ce cotă la pariuri are Vlad Voiculescu la Ministerul Sănătății după Paște? Întreb și eu să mă aflu în treabă.	NOT	NULL	NULL
@DacianSoros Tu-l crezi pe Arahat? Minte și acum cum a mințit și la #Colectiv și la toate cazurile la care a eșuat. 🤬	OFF	TIN	IND
@e_raluca A fost și în Spania duminica asta	NOT	NULL	NULL
Ma uit câteodată la Trump si imi dau seama ca la americani alegerile au fost câștigate de Viorica Dăncilă.	NOT	NULL	NULL
@stefancrisan @GabrielGiurgiu2 @AlexPop76 @Horia8Bogdan E o linie subțire între democrație și comunism. Între drepturile omului și siguranța lui. Cred că doar prin educație se poate evidenția, educația care la noi a lipsit cu desăvârșire în ultimii 30 de ani.	NOT	NULL	NULL
Cum facem o chetă? Haideți să ajutăm oamenii ăștia	NOT	NULL	NULL
@basarab84 Era săracu' foarte bolnav încă din 2015, da' na, a murit din cauză de covid 😉	NOT	NULL	NULL
@john0peace @antena3 Dar Soros cu ce s-o ocupa zilele astea?	NOT	NULL	NULL
Cum era aia cu "să nu panicăm poporul cu știrile"?	NOT	NULL	NULL
Măsura va fi supusă aprobării Consiliului Local al Sectorului 4	NOT	NULL	NULL
@OvidiuSky Bun. Hai dracu in 2-3 saptamani sa facem ce nu am facut in 20 de ani . Sa vina toti ganditorii sistemului sanitar sa puna totul la punct ca bani sunt acum gramada	NOT	NULL	NULL
umblă vorba că la Antene s-a anunțat că le scad salariile cu 20%. un nenorocit, Băsescu ăsta...	OFF	TIN	GRP
Ministrul Sanatatii si-a dat demisia. Orban il propune pe Nelu Tataru  via @Ziare_com	NOT	NULL	NULL
Cu UE sper ca ne-am lamurit, cu toate ca cei cu IQ cu 3 cifre banuiesc ca erau de mult lamuriti, iar ceilalti.. sunt circumspect.	NOT	NULL	NULL
@CloneSandman Probabil cea mai tare/inspirata postare despre situația actuală....!!!	NOT	NULL	NULL
@SintezaZilei domnul Mihai Gadea va rog sa găsiți un binevoitor sa fiu ajutat eu și fiul meu măcar cu o 100 de euro pt alimente suntem blocați în Italia în parma	NOT	NULL	NULL
@i0n1ca Dacă scădea prețul , primul care dădea Știrea era @CloneSandman ... probabil ca in lumea in care trăiești tu o fi 0,50 cent...	NOT	NULL	NULL
@GeOrGevLaD90_ Se supără când n-au cum să se justifice!	NOT	NULL	NULL
Au început ăștia să arunce românii în stradă. Tati, când nu mai ai cu ce să plătești chiria, unde plm stai?	OFF	TIN	GRP
Întoarcerea acasă, în casa sufletului nostru	NOT	NULL	NULL
Sa aveti o zi buna🙋	NOT	NULL	NULL
Primaria Capitalei continua sa dea ajutoare si stimulente, mai putin cel pentru persoanele adulte cu handicap	NOT	NULL	NULL
@KlausIohannis Du-Te dracu de neamtz cretin!! Sa iti dau la muie de jigodie ordinara!!!! Te adresezi cu “ dragi români”?!!!!!	OFF	TIN	IND
@dyiedra Dar era ca intr un joc avea un numar limitat de tricouri si erau unisex si s a enervat. Dupa nu mai stiu da trecem la partea super creepy #myfirstthread	NOT	NULL	NULL
Pentru moment însă, cea mai sigură este cea din casa ta!	NOT	NULL	NULL
bro nu e vina mea ca scriu cobcis si nu bat campii despre rasism in nosed1ve ce pula mea	OFF	TIN	IND
Da' sa fi dat 50% din spaga...altceva era	NOT	NULL	NULL
@voiculesti @itmorar El e omul făurit de PCR multilateraldezvoltat😁	NOT	NULL	NULL
Diferente si Esente – Daca si cat de tare doare implantul dentar	NOT	NULL	NULL
Fotbal/#Coronavirus: Portarul Manuel #Neuer consideră că este firesc ca jucătorii să accepte reduceri salariale în contextul actual	NOT	NULL	NULL
@ipostaze  Multumesc pt. scalzi. :)	NOT	NULL	NULL
@B1site Ce idioți...ăştia care dau lecții de transparență	NOT	NULL	NULL
@groparu Cred că "we're all losing it a bit'', dar na, date fiind circumstanțele, vărsatul nervilor în social media mi se pare o supapă rezonabilă și gestionabilă :))	NOT	NULL	NULL
@eftimie Mai poţi căsca de lene, iarăş, când ai o soră şi-un tovarăş ? Ne-am luat de mâini şi-am cutreierat grădina toată-n lung şi lat.	NOT	NULL	NULL
Bunul simt lipsește cu desăvârșire la unii dintre români.	NOT	NULL	NULL
@dandrive65 @RobertEVoicu Exact aia am zis si eu. Da-i dracu' de imbecili. Pr Arahat care se lauda ca a cumparat nu stiu ce soft de localizare nu l-a anchetat nimeni. #FratiaTrandafirilor 🤬	OFF	TIN	OTH
Dispărut de 13 ani în Iran, agentul FBI Robert Levinson a murit în detenţie, potrivit familiei sale	NOT	NULL	NULL
Chestia e ca de ieri s-au reactivat o grămada de mâncători de c...t pe tema circulației libere a știrilor și cenzurii.	OFF	UNT	NULL
#Google #Maps Anunta o Masura Noua din cauza Noului #Coronavirus  prin @zaone	NOT	NULL	NULL
@JIMINI3E Nu intelegi ieri am cazut fiind pe 2 picioare si am 3 rani la picior o inflatura si 3 zgarieturi si ma dor ca dracu	NOT	NULL	NULL
Doi militari ajutând o femeie în vârstă. 👏	NOT	NULL	NULL
@GabryIonesc2 @CloneSandman scrie în cărțile tale de la avon?	NOT	NULL	NULL
@nwradu @i0n1ca Cică să nu provoace panică. Și când panica izbucnește de pretutindeni o dau la-ntors, ca pielea pe pulă, că mortu-i vinovat.	OFF	TIN	OTH
@inna_ro Frumoasă esti si superba si drăguță pup	NOT	NULL	NULL
mi-a trebuit scoala online. acum a inviat si CRED-ul din morti. parca era vorba ca ma voi plictisi acasa.	NOT	NULL	NULL
Gabriela Firea, anunț despre testarea tuturor bucureștenilor! Cine va avea prioritate	NOT	NULL	NULL
Frustrarea unora legată de poziția lui Arafat iese iarăși la suprafață. Puțin voluntariat pe la spitale, vă rog. Nu adormiți pe canapea.	NOT	NULL	NULL
@nwradu e o noutate?! coane, ori stergi, ori nu mai scrii! ca altfel ti-e teama sa te si caci!	OFF	TIN	IND
Vindeca universul de întunericul veșnic!	NOT	NULL	NULL
@r0dede habar n-am. ăsta e un cântec de copii, popular la petreceri pentru dansul ăsta, şi dansează pentru copiii din blocurile din zonă.	NOT	NULL	NULL
@Corinas_racket Nu mai iese nimeni cu tine 😅	NOT	NULL	NULL
@denis26_denise iar sa iei in considerare ce zice Serbanica mi se pare pripit cel putin...	NOT	NULL	NULL
A ... deci #guWerner dat flit manei intinse de China, ca sa aiba loc sa ii linga'n cur Ursula si sa le fie "grateful". Vai pula noastra de Uniune Europeana! Daca o raceala a pus in cap toata Uniunea vietii, Doamne feri de o basina mai sanatoasa. 👀	OFF	TIN	OTH
@blakiecarmen @Bemocked_Cypher Corect...ai folosit-o...ai spalat-o. Nu mai cheltuiești bani pe hârtie igienică. Ce sens are?!🤦‍♂️😂😂😂😂	NOT	NULL	NULL
@Teodora84146936 Nu mai vorbesc cu tine pa	NOT	NULL	NULL
@givekissestokoo Doamne ce vise, de-ar fi fost așa măcar un sfert din bărbații romani	NOT	NULL	NULL
@floaredecactus Perfect adevarat,considerand masurile sau mai bine zis LIPSA masurilor luate la timp.	NOT	NULL	NULL
@suspaharu Da-i plm de rapandule. Cand o sa ajunga la spital, o sa planga, pana atunci ei sunt zorro.	OFF	TIN	OTH
Când mă gândesc că doar acum 5 zile mă "minunam" de Roma...	NOT	NULL	NULL
@itmorar Dacă și la optimism o să fiți tot așa , perfect !	NOT	NULL	NULL
În această perioadă este important să luăm măsuri de precauție. De aceea îți stăm la dispoziție și online pe  nemaitrebuind astfel să părăsești confortul casei pentru nevoia ta de asigurare sau nelămuriri.	NOT	NULL	NULL
Noul #MODEL de #DECLARAȚTE PE PROPRIE RASPUNDERE!	NOT	NULL	NULL
TE MAI ÎNTREB O SINGURĂ DATĂ. VREI DE TOATE LA KEBAB?? - Eu: AM ZIS DA FĂ CE ȚIPI AȘA PUNE-MI ÎN PLM TOT	OFF	TIN	IND
@pinguuina Nu mai bine le notezi undeva și ne faci o statistica săptămânală?	NOT	NULL	NULL
#Sah: #FIDE a decis suspendarea Turneului Candidaţilor după runda a şaptea	NOT	NULL	NULL
#FataLuTata are acasă un porumbel care nu poate sa zboare. L-a botezat Ikaros ca pe uliul lui Alexios din Assassin's Creed Odyssey. Sadic nume pentru o pasăre care nu poate zbura...el l-aș fi botezat Snake.	NOT	NULL	NULL
Fiecare femeie are nevoie de un sot, pentru ca zilnic sute de lucruri merg prost si nu poti invinovati soarta tot timpul.	NOT	NULL	NULL
@MarmotaDeCampie Are noroc : aia cu plămânii e mai nasoală.	NOT	NULL	NULL
Cine, Grindeanu nu își face treaba...? Ce surpriză. Și are salariu uriaș, plătit de noi	NOT	NULL	NULL
"nu pot sa stea bunicii mei in casa deja m am saturat cum plm sa le bag mintile in cap	OFF	TIN	OTH
@bordianu_marian Este atât de prost scris încât îmi fac propriul meu boicot!	NOT	NULL	NULL
Guvernul pregătește o Ordonanță pe care o va da mâine, până când oamenii își vor reveni ... zise Iohannus.	NOT	NULL	NULL
Eu, cu suflet, către pisică: esti un bou un dobitoc un fraier daca mai comentezi te dau afara	NOT	NULL	NULL
Biserica fortificata din Alma Vii, restaurata cu o investitie de 500.000 de dolari - etapele proiectului	NOT	NULL	NULL
@johnctzn eu n as putea sa iau in serios	NOT	NULL	NULL
@jamaisvuyeontan COAIE CE PULA MEA	OFF	UNT	NULL
#Coronavirus: Teste timpurii şi pacienţi tineri, factori ai ratei scăzute de mortalitate în Germania	NOT	NULL	NULL
@neogotmeshook @BoyWithPlant Daca-o bag pe aia cu sunt adult acum ma inchide in dulap	NOT	NULL	NULL
#studiu Organizaţia Mondială a Sănătăţii a solicitat prudenţă în ceea ce priveşte clorochina.	NOT	NULL	NULL
Ma gandeam...wow hai sa imi impletesc parul in 2 codite si cu aceasta ocazie m am suparat foarte tare ca am parul scurt pt ca NU SE POATE. Also cum imi tund si eu bretonul in carantina iar bag singura forfecuta in el....doamne ajuta... #thoughts and #prayers	NOT	NULL	NULL
#Scrima/#Coronavirus: Ana-Maria Popescu - Visul de ajunge la Jocurile Olimpice este încă viu	NOT	NULL	NULL
@RobertEVoicu @santaromica La el râd cu poftă!!!! Prea și-a bătut pula de coronavirus!	OFF	TIN	OTH
@BasilWheel Problema e cu ciorile si6 combinatori care au intrat în țară în ultimele zile / și vor mai intra 😠😷😠	NOT	NULL	NULL
@jkinthesky din titlu te-ai astepta ca pandora's box sa fie agresiv heavy si dirty si cand colo e un cantec de dragoste nu mai suport nct	NOT	NULL	NULL
@Adevarul Șoldovean prost rău acest Hăndeachi.	NOT	NULL	NULL
adolescenţii mai mult sau mai puţin miopi ar trebui de fapt sa fugă ca dracu' de tămâie de ocheadele fostului Mare Pupător Între Buci	OFF	TIN	OTH
@emiltoma_av incepe sa-mi para rau ca nu mai am televizor 😂	NOT	NULL	NULL
Dar eu am declarație privind deplasarea la serviciu plus adeverință de la firma. Fac zilnic același drum.	NOT	NULL	NULL
@robertVT22 Aaa, or avea probleme cu transportat personalul pe timp de noapte.	NOT	NULL	NULL
#Oficial: Incă 3 decese confirmate cu COVID-19	NOT	NULL	NULL
@victorciutacu Cel mai grav este că Iohannis și restul elitei știau de această corona de sfirsitul anului trecut ,de ce nu ne "a spus atunci să ne spălăm pe mâini?????	NOT	NULL	NULL
@zoso macar 100 de politicienii si vom avea spitale regionale la fiecare cartier	NOT	NULL	NULL
Ce preferi în metrou pe scaunul de lângă tine: o italiancă frumoasă care-ți zâmbește cu o dantură strălucitoare, o chinezoaică frumoasă care oricum zâmbește tot timpul sau o arăboaică frumoasă cu un rucsac în brațe care zâmbește cu o privire pierdută?	NOT	NULL	NULL
@MihaiHristea @denis26_denise Daca mai au nevoie, vorbim cu ai nostri diasporeni abia sositi si GARANTAT, le umplem nevoia!	NOT	NULL	NULL
@spuse fără context (adică numărul de persoane testate), acestea sunt niște numere irelevante.	NOT	NULL	NULL
Sumbră perspectivă...	NOT	NULL	NULL
@MoiseGuran Speram ca va trece cu bine si fără  sa avem pierderi de vieti omenesti😔😔	NOT	NULL	NULL
@CarmenMaftei1 am ajuns la dracu cu cărți la vânătorii mici	NOT	NULL	NULL
Și cei de la sectie și duba jandarmilor. Oricum nu îi vedeam în cartier când ies baieții cu muzici, liniuțe samd. În schimb patrulau duminica dimineața la 9, când era liniste!	NOT	NULL	NULL
@Slaveonhismind CUM PULA MEA SA ASCULTI VULPITA! si mai rau sa iti placa... gandul asta o sa ma bântuie toata noaptea	OFF	UNT	NULL
@majestatea In nici unul stau în casa, bag pula in spitalele lor	OFF	UNT	NULL
@trkshlove Suntem în situație de urgență, se poate exact ce ai spus tu..Doar ca prostia și inconștiența sunt maxime...Nu poți să îi educi, asta e nivelul 😔	NOT	NULL	NULL
@lew19991 Păi dacă te iei după ei, estimarea e de 18 luni. E clar că nu e posibil să ții lumea in "carantină" atata timp. Virusul își vede de treabă oricum iar sacrificiul impus acum se va dovedi inutil, dar pierderile sunt imense. Ce faci când nu mai ai bani? Reiei lucrul, uiți de risc!	NOT	NULL	NULL
CLEOPATRA STRATAN?? CE PULA MEAAA	OFF	UNT	NULL
@AndreiCismaru Hai că acum s-au îmbolnăvit și preoții. Dumnezeu e cu noi!	NOT	NULL	NULL
@CPorumbescu De ce să mai consumi  sapunul.......	NOT	NULL	NULL
@Costindte @keyboardriot @ZoliBara @Sorin_Patiu @itmorar Mi se pare o mare mizerie	NOT	NULL	NULL
@radusmall @i0n1ca Ionica e pierdut, ale pornhub pe gratis și cumpara pe Alibaba mai mult ca Amazonul :)	NOT	NULL	NULL
tot ce vreau mai mult pe lumea asta e să termin școala și abia aștept să dau și bacul la anul ca să scap	NOT	NULL	NULL
Si uite cum, #pas_cu_pas, Ramed Arahat ramane singurul... unicul #salvator. #fmm	OFF	TIN	OTH
#coronavirus #vaccine Centrul de cercetare din Timișoara OncoGen anunță că a finalizat un vaccin împotriva noului coronavirus Covid-19	NOT	NULL	NULL
Jos pălăria!🎩🎩🎩	NOT	NULL	NULL
daca ai trimis eseul dc dracu m-ai intrebi daca l-a trimis cineva smh	NOT	NULL	NULL
@trueroobert Bai muie, pun pariu ca esti mai mic ca mine, stai in pula mea la locul tau  ca esti de cacat si nu iei atenție idiotule	OFF	TIN	IND
@GabryIonesc2 @MarmotaDeCampie @Alex_Tikitaka @itmorar Eu in momentul asta, nu îl aștept pe El sa facă o minune. El a făcut minunea asta cu virusul și a zis mai stați în plm acasă, ca distrugeți planeta. Aștept sa iasă un om, care sa rezolve, măcar temporar problema asta. Știința o va rezolva	OFF	TIN	OTH
@_andra______ tu esti proasta? cum plm sa zici asta???cei care lucreaza pt vaccin nici macar nu castiga un procent din scumpiri	OFF	TIN	IND
@vilceloiu Exagerezi. China a avut un vârf de 16000 infectați/zi. Și tu îmi spui că 3 e "foooooaarteeee" mult. Atunci îți doresc viață liniștită și răbdare până apar zero raportări.	NOT	NULL	NULL
A sosit vremea sa parasim de urgenta Terra. Soros si America ne condamna pe toti la moarte.	NOT	NULL	NULL
Se transmite coronavirusul prin alimente? Paul Anghel, director ANPC: E bine sa ne ferim. Alimentele sa se vanda ambalate, in aceasta perioada	NOT	NULL	NULL
Ce pana mea, Digi? "Raportul care schimba totul"? Fa click sau ramai prost? N-ai sa crezi..	NOT	NULL	NULL
Stați acasă 🤣🤣🤣	NOT	NULL	NULL
Si acum ce pula mea facem coaiemeu ca nu stiu sa fac tema la romana	OFF	TIN	OTH
@FAN_Courier Din pacate nu mai sunteti lider de piata. Un lider e cel mai bun de pe piata. De 2 zile imi plimba curierul pachetul: desi am primit SMSul de livrare, pachetul nu am primit-o. In plus, nici nu pot suna curierul, fiindca e alt numar de telefon in fiecare zi.	NOT	NULL	NULL
CE PULA MEA MI-L PUNETI PE JI XIANG KONG PE TL VRETI SA MOR DE LA CAT POT SA PLANG CA JUR DACA VA ARAT CAT AM PLANS DUPA OMUL ASTA VA FACETI CRUCE JI XIANG KONG TE IUBESC	OFF	TIN	OTH
@Speran14042002 Zilnic mor 25k oameni de foame😑	NOT	NULL	NULL
@DanBarnaUSR Dacă erai președinte nu intra virusul in tara🤣🤣🤣🤦🏻‍♂️	NOT	NULL	NULL
Astia de la feisbuc cand dau report la al 20-a link share-uit despre cum "plange icoanele" si "punetz cruci la usa" din grupul de ASISTENTI MEDICALI IN PLM	OFF	TIN	OTH
@BucurDamaschin se dezvolta un mic antreprenor aici	NOT	NULL	NULL
@GrigM2 @MirelaBuzoianu Este ca nu i-a dus nimeni lipsa? Mai bine lasa contul sters.	NOT	NULL	NULL
@JeanTheo14 E vorba de un al doilea val de diasporeni, care ar urma sa vina de sarbatorile de Pasti, in luna aprilie!	NOT	NULL	NULL
Eu sunt roman. Vorbesc romaneste si cant din fluier.	NOT	NULL	NULL
@crocodilaki74 amice esti printre cele mai homesexuale persoane pe care le-am intalnit in viata	NOT	NULL	NULL
Amintirile acestea tragice, manipularea masivă a cretinilor încă mă agresează! A nenorocit ROMÂNIA! Trebuie să dispară!	NOT	NULL	NULL
@Chrisu1410 Pff.. Vorbeşte pe camera cu prietenii.. Stiu ca nu i acelaşi lucru dar cres ca poate îmbunătăţi situatia	NOT	NULL	NULL
Țările UE care nu au moneda Euro au noroc, dacă au guvern inteligent, nu tembel!	NOT	NULL	NULL
@CRYPTlDSAN Având în vedere că sunt la chimie si licența tururor depinde de partea practica pe care majoritatea nu am terminat-o, nu știu ce să zic... dar multumesc frumos 💕🦋	NOT	NULL	NULL
@ulrichblue @Benji_Austria Da, insa nu voi sta sa il iau pe petit. O sa fac prime icon si in loc de Sissoko iau Vieira	NOT	NULL	NULL
@stiripesurse_ro E de bine!	NOT	NULL	NULL
Sper că va face și cineva de pe Facebook acest calcul.	NOT	NULL	NULL
200.000 de teste în timp real şi 60.000 de teste rapide pentru #Coronavirus vin spre România	NOT	NULL	NULL
Dragi oameni in etate, de ce in plm nu puteti sta acasa chiar si pe zapada asta? Ce dracu aveti ataaaat de important sa va plimbati din stanga in dreapta FARA CUMPARATURI? FFS #cluj	OFF	TIN	GRP
@adriano_qld Poate  e de decor din plastic și cum dracu ai ajuns tu la concluzia asta !	NOT	NULL	NULL
Pandemia de coronavirus a ucis mai multi oameni in Europa!	NOT	NULL	NULL
Prima ţară care scapă de molimă chiar de Paşti? Avem Breaking news-ul anului	NOT	NULL	NULL
Moara cu vorbe a lui Moș Călifar : În cât timp cred dr. Victor Costache, ministrul Să...	NOT	NULL	NULL
...oau ..a se vedea in full-screen ...	NOT	NULL	NULL
Romania a trecut de 1.000 de cazuri de coronavirus. Sunt 123 de noi confirmari si 29 de pacienti la Terapie Intensiva	NOT	NULL	NULL
@Alien_draft Or fi dând ei lecții, că-s și ei suflete creștinești, da' lecțiile nu trec prin cuirasa de rapăn național și nici prin prostia prezidențial-guvernamenală -„prin ea insăși”- nu străbat!!!	NOT	NULL	NULL
abia astept sa se umple cluburile de oameni grasi si nefututi	NOT	NULL	NULL
Comercianții serioși care veneau să ia direct de la fermieri din Baleni Db, de la legumicultori, nu mai vin. Munții de ridichi vor rămâne nevânduți. Deja, legumicultorii au renunțat la a doua șarjă, la a doua cultură.	NOT	NULL	NULL
Am observat că lucrând de acasă, pe video call și confcall, dau și primesc mai puține e-mail-uri. Ceea ce-i bine și frumos.	NOT	NULL	NULL
Atunci de ce să-l mai faci?! Avem prea mulți bani si personal specializat la discretie?	NOT	NULL	NULL
@RobertEVoicu amendă 20.000 lei ca să știe data viitoare să nu mai vină în mm lui acasă când e infectat.	OFF	UNT	NULL
Patriarhul Daniel îi îndeamnă pe oameni să nu cadă în deznădejde.	NOT	NULL	NULL
#Huawei SURPRINDE Lumea cu un Anunt Urias in Plina Pandemie -  #peblog #Romania #2020 #news #stiri	NOT	NULL	NULL
dute in plm #RomaniiAuTalent @ProTvTalent	OFF	UNT	NULL
@twayoon eu vad america exact ca europa, fiecare stat e o tara si cum ii durea in pula si se duceau peste tot	OFF	TIN	OTH
@btsromaniateam @BTS_twt kdrama mea preferata este “Just between lovers” o recomand tuturor ✨este superba !💚	NOT	NULL	NULL
criticati nu pastreaza distanta😄🤣 in apa, la soare, la plaja...mare veselie, nicio grija, nici nu stau in case -video pe pg mea-am dat RT, merita vazut	NOT	NULL	NULL
@girl_ecology @McDonaldsUK Multumesc foarte mult pentru ca ma urmaresti	NOT	NULL	NULL
Ziua 3 de carantina: Cainele meu m-a trimis in plua lui ”Bă m-am pișat de 15 ori azi și m-am căcat și pt săptamana viitoare!” #staiacasa	OFF	TIN	OTH
DISPERARE! Fermierii isi distrug recolta	NOT	NULL	NULL
Preşedintele Klaus Iohannis susţine o declaraţie de presă la ora 14,00	NOT	NULL	NULL
@liviutita Sunt obișnuite, câinii aia latră ca dementii de zici ca au tbc. Din aia mici, de buzunar.	NOT	NULL	NULL
Modelul de declaraţie pe proprie răspundere, necesară pentru a putea ieşi din casă, a fost actualizat şi simplificat. Descarcă NOUA VARIANTĂ	NOT	NULL	NULL
Marea Britanie continuă să trimită deşeuri! Încă şapte containere, descoperite în portul Constanța...	NOT	NULL	NULL
@agerpres ...pai cum dracu nu ,ce e proasta sa recunoască ca doar are la conducere un dictator pervers cu aere de cuceritor	NOT	NULL	NULL
@piticu21 hai sa lasam responsabili sa ne ghideze cu privire la iesitul din casa.	NOT	NULL	NULL
Stati linistiti. Suntem salvati.	NOT	NULL	NULL
@Liga1Romania sparg folie cu bule de aer timp de 96 de ore impreuna cu Denis Alibec	NOT	NULL	NULL
😏 emoji-ul acesta nenorocit Face ca totul să pară pervers  Salam 😏	NOT	NULL	NULL
Răbdare şi toleranţă, pe ele ne bazăm zilele acestea.	NOT	NULL	NULL
Astazi, imprejurarile ne-au fortat sa adoptam a doua varianta. Cu toate acestea, modelele noastre beneficiaza in continuare de suportul nostru 24/7. #kendrateam #kendramodels 	NOT	NULL	NULL
BAAAA ASTIA DAU CU DETERGENT DE SPALAT HAINE PE STRAZI CREZAND CA OMOARA VIRUSU MIROASE A ARIEL PESTE TOT PLM	OFF	TIN	GRP
@denis26_denise Idiotul ăsta care filmează unde dracu accelera așa ?!	NOT	NULL	NULL
jegul asta trebuie să plătească într-un fel sau altul nenorocirile pe care le face	NOT	NULL	NULL
@MarmotaDeCampie Normal,ea nu trebuie sa dea socoteala nimanui(ce a facut cu banii)si mecanici de aragaz se gasesc	NOT	NULL	NULL
Proiect pentru digitalizarea administrației publice	NOT	NULL	NULL
Uite o activitate super interesantă care va face timpul să treacă mai repede în această perioadă. Învinge plictiseala asamblând un puzzle mecanic 3D Ugears.	NOT	NULL	NULL
Un român e primul înotător din lume care a înotat o milă la Cercul Polar	NOT	NULL	NULL
Cea mai putin afectata.... nu e exclus, dar in treaba asta strict virus,ii dau "creditul" cel mai mic ( a treia) ....poate sa stie ceva, poate alte implicatii, da	NOT	NULL	NULL
@91samour se zvarcolesc domnitorii in morminte 😭😭😭😭	NOT	NULL	NULL
DESCHIDEM 2 CUTITE PE CS:GO DE 80 MILIOANE DIN 300 CUTIUTE!  via @YouTube	NOT	NULL	NULL
ce dinti de capra uzata are plm	OFF	TIN	OTH
Banca Transilvania a amânat plățile pentru cardurile de credit până în mai!!...	NOT	NULL	NULL
@RobertEVoicu @mariusbmg21 @teoadi @keyboardriot @bogdan_tm @ZoliBara Deci ala care a  sifonat draftul e mincat daca il prinde Arahat. 🤣🤣	OFF	TIN	GRP
Carmen Hara: "Eu nu întrevăd o nenorocire mare în acest virus, în timp. Lucrurile se vor calma probabil în câteva săptămâni."	NOT	NULL	NULL
La prima oră am călcat într-unul. Nu mai suport manipulații!	NOT	NULL	NULL
@PleuAlexandru4 Proști e mulți, foarte mulți, îngrijorător de mulți 😉	NOT	NULL	NULL
ROCHIE CU STRUCTURĂ ŞI VOLUM  Rochie cu decolteu drept și bretele. Dublură la interior. Volănaș în partea de jos. Închidere la spate cu fermoar ascuns de cusătură. ÎNĂLȚIME ...	NOT	NULL	NULL
@TrinityEternal2 Așa te vreau...ocupat, dar sănătos!🙏🙏🙏🙏🙏❤	NOT	NULL	NULL
@iulialipovanu Mă cântăresc , dar degeaba ... nicio schimbare ! :))	NOT	NULL	NULL
@LenutssB de parcă au fost testați și ei știu sigur că n-au	NOT	NULL	NULL
@Digi24_HD Astea ar trebui arestate și puse sa plătească toate salariile încasate pana acum ...ale dracu șpăgare nenorocite când stăteau ca vacile degeaba și își luau leafa era bine ...scarbele dracu	OFF	TIN	GRP
M-ai întâlnit intr-o perioada foarte ciudata din viața mea (Rumano)	NOT	NULL	NULL
tot zilnic raspunde si la fiecare om care nu poate face comanda: Dat fiind ca trecem prin zile determinate de o situatie exceptionala, serviciul de livrare sau ridicare din spatiile drive sunt suprasolicitate.	NOT	NULL	NULL
și dacă le scriu in 5 pagini ce am înțeles din 20 de capitole ce o sa facă o sa printeze și o sa pună pe frigider n am înțeles NIMIC oricum	NOT	NULL	NULL
@jhsrightdimple poate ca nu eram in dispozitia necesara sa aud asta acum o sa plang	NOT	NULL	NULL
@mihulae1 @VasekPospisil sa anulezi cursa din mai. vasek futu ti familia si obrajii aia rosii.	OFF	TIN	GRP
Ce este CLICKBAIT-ul si ce inseamna? ... Ma enerveaza astia cu CLICKBAIT...  via @YouTube	NOT	NULL	NULL
@BolboreaIon ba, mai dati va n plm cu propaganda asta bașită, expirată. nu va e scârbă?	OFF	TIN	IND
@zoso Eh, l-au raportat oamenii, saitul ăla îți dă cancer numai dacă citești 😁	NOT	NULL	NULL
Nu mă mai pot opri din plâns... dacă nu ați urmărit documentarul, vă rog să o faceți.	NOT	NULL	NULL
Acum, că ne-am lămurit cu Carlitos Șacalul, ce plm mai facem? Vasile Manu mi-a dat block, Blogatu nuș pe unde e... smf, ce viață tristă!	OFF	UNT	NULL
Văd că se vorbește despre blocarea măștilor de autoritățile române. Un gest extrem de nebunesc. Italia astăzi este în genunchi fraților, mâine poate să fie rândul României. Doamne ferește.	NOT	NULL	NULL
Ce pula mea mai vrei cadou de ziua ta, nenorocitule? Nu îți ajunge ca m-am întâlnit cu tine in plină pandemie? Ce vrei mai mult de atât?” #cazrealpersonal	OFF	TIN	IND
Aceștia suntem noi 🤘 O echipă de peste 200 de colegi care lucrează de acasă, din spatele laptopului cu cafeaua lângă, cu un ochi pe copii/ necuvântătoarele din dotare sau din sediile Adecco locale.	NOT	NULL	NULL
Testele rapide cumpărate din China nu funcţionează bine. Au o rată de succes de doar 30%	NOT	NULL	NULL
@Camelia30_0 "Nu mi-e frica de Bau-Bau" on repeat 😁😱 Cand oboseste DJ toddler, din pacate extrem de rar, Radiohead la greu.	NOT	NULL	NULL
Avand in vedere masurile instituite de Ordonanta Militara nr. 3/24.03.2020, nu uitati sa aveti la dumneavoastra "Declaratia pe propria raspundere" completata in prealabil.	NOT	NULL	NULL
@Dan_Tanasa Nu, este la “plantationen”! Nu stiu de ce dracu’ unul tot zice “cu verdele-n sus” 🤔🤔🤔	NOT	NULL	NULL
Italia:unii medici propun ca în campania pentru combaterea Covid,persoanelor de peste 60ani să nu li se mai acorde asistență medicală, pentru a avea timp să se ocupe de cei mai tineri. 	NOT	NULL	NULL
Infracţiunea de ,,zădărnicire a combaterii bolilor” și nedeclararea adevărului vor fi pedepsite cu ani grei de închisoare...	NOT	NULL	NULL
Singurul sport olimpic care nu poate fi amanat, mai bine spus	NOT	NULL	NULL
Complet sub pământ, o casă cu adevărat inedită  prin @	NOT	NULL	NULL
La Spitalul Gerota 22 de cadre medicale au fost infectate.	NOT	NULL	NULL
In Romania au fost descoperite astazi 29 cazuri noi de coronavirus. Inseamna ca au fost testate cel putin 30 de persoane.	NOT	NULL	NULL
Putin amana referendumul care i-ar asigura puterea si dupa 2024, din cauza coronavirusului	NOT	NULL	NULL
Prima reactie a lui Nelu Tataru, dupa ce Orban l-a propus ministru al Sanatatii	NOT	NULL	NULL
@TanarulD Sau la liceu, daca erai destul de rocker :)	NOT	NULL	NULL
Sunt un pic îngrijorat pentru că nu am primit până acum niciun FN legat de problema globala....Chiar atât de izolat sa fiu în rețea ?!	NOT	NULL	NULL
@Simona_Halep Mulțumesc și tu sa ai grija de tine! ❤️❤️	NOT	NULL	NULL
E un prost acum cu barbuta la Digi24 care citeste stirle: mmm.... aaa... mmmm... 3:) Cum dracu ii angajeaza?!	OFF	TIN	IND
@MarmotaDeCampie Aaaaaa... nu ...	NOT	NULL	NULL
@b3y0ns3 Sincer, dracu mai înțelege (pardon my language)	NOT	NULL	NULL
Ma uit eu amu la publica	NOT	NULL	NULL
Daca si acum ne vom imprumuta pentru panselute si televizoare... o sa murim mai prosti decat ne-am nascut.	NOT	NULL	NULL
@_lor3scu_ @AdyinaS Pfffaiii .... rupere ... banuiesc ca locuiesti singura, la dieta de criza. :)))	NOT	NULL	NULL
Mesaj impresionant din Japonia: „Vă rugăm să aveți grijă de voi pentru a nu…”	NOT	NULL	NULL
A ... deci #guWerner dat flit manei intinse de China, ca sa aiba loc sa ii linga'n cur Ursula	OFF	UNT	NULL
De-ar fi pușca iarbă verde!	NOT	NULL	NULL
Vom deschide înscrierile în curând... Mulțumim de înțelegere. Aveți grijă de voi și de cei din jur #Nepsis2020	NOT	NULL	NULL
@b0bsacaman0 @klubbingman @RFboris Alta duma PSDista😂😂😂 hai ba nene ca nu mai primiti ulei si zahar dao dracu de treaba lasa PSDul	OFF	TIN	GRP
@stefy_ @itmorar Adevărat! Greseala mea. Ziceam doar că e ciudat totuși să văd astfel de situații. Parcă aș fi discutat altfel cu un român/româncă despre un job de la noi.	NOT	NULL	NULL
@MarmotaDeCampie @cristinadobre Scopul carantinei nu-i sa se elimine infecțiile total, ci sa se reduca numarul de infecții apărute in timp scurt.	NOT	NULL	NULL
bai pula mea vreau si eu sa merg la gratarul asta maine firaral dracu de virus nu imi strica planurile	OFF	TIN	GRP
Și a apărut și primul caz printre cunoscuții mei. Fiul colegei mele de birou care a venit de la schi din Tirol. Cică nu are forma care dă pneumonie, are forma care lovește la stomac. Și cică te pune la podea, de zici ca a dat gala Bute peste tine.	NOT	NULL	NULL
@ingerisidemoni Chiar nu e momentul sa îmbrățișăm comunista Chină. EU vestică e curvă bătrână. Tot timpul obișnuită să primească. China trebuie izolată definitiv	NOT	NULL	NULL
Lucrul de acasa, o cale spre bunastare	NOT	NULL	NULL
@denis26_denise Demult am trait cu impresia asta, chiar cu faza cu imigrantii si de mai multe ori, mai ales cand Trimp a fost bucuros ca a iesit uk Nu pot sa scap de gandul asta, sua nu vrea o Europa Puternica, vezi si #Defender2020	NOT	NULL	NULL
Premierul Orban, despre demisia ministrului Costache: „Regret, dar înțeleg”. Nelu Tătaru, propus pentru funcția de Ministru al Sănătății	NOT	NULL	NULL
Alo! Asezati-va la locurile voastre!	NOT	NULL	NULL
@cristinadobre @daco_get Canada e lipită cu granița de sud de USA , dar România nu are graniță directă cu Rusia  , doar dacă voi in înțelepciunea voastră considerați că deja Moldova noastră este stat al federației ruse ! Între noi și rusia mai este și Ucraina . Poate o considerați încă în federația rusă?	NOT	NULL	NULL
@CherryHachimits ce pula mea miriam	OFF	UNT	NULL
@vmacity inchidem o pula dmn nu mai pot \no data ce se termina cu virusu imi bag pllllll in ea de taraaaa	OFF	TIN	IND
Bai frate !!! Ne-au nenorocit Chinezoii astia cu Comunismul lor, ne am saturat de minciunile lor,totul se intampla din cauza lor.\nNu stiu cum mai puteti cumpara , produse Chinezesti, ????🦠🦠☠️☠️☠️☠️☠️	NOT	NULL	NULL
@GabrielGiurgiu2 @ingerisidemoni Am pe dracu, dar dacă vrei tu să coafăm realitatea fie ... milițianu, popii, babele și ofc biserica îs vinovați!	OFF	UNT	NULL
a și venit comanda 🤩 daca nu sunt bune, le sparg 🤩	NOT	NULL	NULL
@Y784hU6WKlbSL4q Are mai mută adrenalina decât sânge în vasele sanguine! Clar! Ca să nu spun că e nebun...🙏🙏❤	NOT	NULL	NULL
„Previziunile economice sunt supuse unui mare grad de incertitudine în aceste zile ce ţin de durata şi severitatea epidemiei Covid-19 şi de comportamentul consumatorilor post-criză”.	NOT	NULL	NULL
Împuterniciții cekiști dodoniști, de mâine, 17.03.2020, preiau puterea în Republica Molotov și vor acționa conform planurilor elaborate de cekiștii lui Putin.	NOT	NULL	NULL
Informații despre viitorul Hyundai i20 N: Hot Hatch-ul ar putea utiliza propulsorul de 2. …	NOT	NULL	NULL
@Iulian68 @itmorar De acord, dar sa nu-l facem pe Talpa Parinte al Pustiei, pur si simplu stia ca daca romanul are grija mancarii nu-i mai sta capul la revolutie...	NOT	NULL	NULL
@cristian_onetiu Felicitari pt inițiativa ! 👍	NOT	NULL	NULL
Dar trișorii si hack-erii își fac de cap in jocul asta fara prea multe probleme.	NOT	NULL	NULL
Cam așa e acum toată economia mondială.	NOT	NULL	NULL
@stiripesurse_ro Înc-o maimuță care se joacă cu briciu'. Vezi, fa, că-ți chelești bijbocu', 're-ai a dracu' de-mpidecată!!	OFF	UNT	NULL
@victorciutacu Dacă stăm dupa impotentii lu Hohanis ne ia dracu! Da ne salvăm si salvăm companiile romanesti pt ca  multinaționalele cand vor primi ordinul pe unitate vor trimite cascavaletele in tarile lor nu aici la Romanica!	OFF	TIN	IND
@AdyinaS Normal, pe Stuttgarter Zeitung scrie ca inconstientii ies la picnic prin parcuri in loc sa stea acasa, vedem in urmatoarele zile...	NOT	NULL	NULL
noi teoretic trebuia sa incepem scoala altfel pe 30 si dupa sa luam vacanta oare atunci o sa mai facem ore online?	NOT	NULL	NULL
Niste politicieni ai lor ca si ai nostri sa se urce pe valul crizei si sa bage batul prin gard.	NOT	NULL	NULL
Ca părtaș la gloată,la o stimul socială-șoc,omul substituie datele psihologiei sale individ cu cele ale psiholog soc(adică intră în turmă iar discern individ este obnubilat(Gustave Le Bon).Și masele încep să joace cumlise cântă.Nimic nu vor lăsa deoparte experții în psiholog soc	NOT	NULL	NULL
Hooke a fost atacat pe teme care făceau parte din ideologia Societății Regale și au fost apărate de oameni ca Boyle, Joseph Glanvill și Thomas Sprat. Pentru ei căutarea lui N…	NOT	NULL	NULL
Goluri in #aprovizionare? Am implementat functionalitati pentru majorarea de volum in cazul produselor cumparate in exces, precum #dezinfectanti, #spirt, #apa sau #sapun	NOT	NULL	NULL
Licitația pentru secțiile neinteroperabile se reia din nou. Doar una a fost adjudecată	NOT	NULL	NULL
mananca una chipsuri si miroase ca dracu te rog eu toata ziua am mancat numa o banana abia astept sa ajung acasa	NOT	NULL	NULL
eu ma asteptam sa se inchida pana dupa paste ce dracu.	NOT	NULL	NULL
Am văzut scris pe aici "și ce primăvară mișto ar fi fost!".	OFF	UNT	NULL
@_PolitiaRomana_ Acestor idioti ar trebui sa li se ia copii .....	OFF	TIN	IND
@Antidotul2 @SofiaCovaci O fi. În continuare mi se pare o măsură extrem de ciudată, a cărui utilitate nu o văd. Vrei să monitorizezi pe cineva, pune-i dispozitive electronice	NOT	NULL	NULL
zici ca traim in secolul 20 dupa ce ceausescu a oprit tot cutentul	NOT	NULL	NULL
@rodela0 Da..."statul" numără mănușile chirurgicale, nu pacienții operați. Două la primărie, două la prefectură...	NOT	NULL	NULL
@mommamia1217 Păcat pentru dumneavoastră! Nu știu unde sunteți, în ce țară?!?	NOT	NULL	NULL
@santaromica ceceriști ăștia cu greu pot ajunge victime ale acestui sistem justițiar compromis cu complicitatea majorității membrilorAsta-i problema. Pentru că sunt speciali și imuni la toate aberațiile care le implementează în România cu bună știință.Comunistul dorneanu nu-și uită creatorul.	NOT	NULL	NULL
@RobertEVoicu Să-i ia dracu pe toti	OFF	TIN	IND
Buba e alta: ce va fi cu România? Ne mint ăștia cu 277.	NOT	NULL	NULL
Aflată în izolare la domiciliu, Sharon Stone s-a apucat de pictat	NOT	NULL	NULL
@CanYamanNews @canyaman1989 Seni seviyorum frumusețe de bărbat! Simplu și educat 🥰🥰🥰🥰😍😍😍😍😍😇😇😇😇😇	NOT	NULL	NULL
Donaţie în funcţie de necesităţi...	NOT	NULL	NULL
De tine am nevoie, Restul e rest !!!	NOT	NULL	NULL
@mitrutdocan @itmorar Demonstrație de forță inutilă. Totuși nu sunt în Kandahar.	NOT	NULL	NULL
suspendare ridicolă din partid...	NOT	NULL	NULL
@JeanTheo14 @pdjmoo Vom afla,sau nu,un lucru e cert ar TREBUI aflat!	NOT	NULL	NULL
Mie imi plac femeile mici de statura. - De ce ? - Pai ca sa-mi zica: - Bai Ioane dar ce Pula mare ai !!	NOT	NULL	NULL
Despre Daniil Sihastrul a auzit și tânărul Ștefan, fiul fostului voievod Bogdan al II-lea. El a venit aici în jurul anului 1451, după uciderea tatălui său la Reuseni, iar pustnicul Daniil i-a prezis că în curând va deveni domnitor al Moldovei, ceea ce s-a și întâmplat .	NOT	NULL	NULL
@liviuvulpescu Mulțam pt recomandare. Il voi vedea!	NOT	NULL	NULL
Au may fost și altele: Italia, Franța...	NOT	NULL	NULL
ce noroc pe Alba ca Zapada ca traieste cu 7 pitici. Ii trimite pe rand la cumparaturi.	NOT	NULL	NULL
Ne-am trezit azi cu un val de comentarii in online despre limitarea libertatii presei si acum citesc cum tot mai multi militeaza pentru rechizitionarea unui spital privat. #WTF Romania? #stopbeingcommunist	NOT	NULL	NULL
Altfel singurul efect e ca îți fute economia. Iar noi stam excelent și la cooperare și la organizare. Se cere balet, noi o sa jucam periniță, ca asta ne va ieși.	NOT	NULL	NULL
@BibiSez nu apuc să citesc nimic. scriu compulsiv şi nici nu apuc să mai văd comentariile. şi mai am minim o lună de izolare aici...	NOT	NULL	NULL
@_lor3scu_ Sînt izolat și fericit. Aș prefera să fiu doar fericit.	NOT	NULL	NULL
@itmorar Ca să dăm o notă de mister, sediul din Kiseleff	NOT	NULL	NULL
@SanduGeorgeCla1 E pe dracu. E mai comunista decit comisarii CCCP.  Si cenzura la fel...😂	OFF	TIN	IND
să-mi bag pula in ele de stări nasoale	OFF	UNT	NULL
Miercuri vor sosi primele 200.000 de teste din Coreea de Sud	NOT	NULL	NULL
O face dracnea mazăre? Ce vremuri trăim ...	NOT	NULL	NULL
Este izolarea„distanţarea socială”suspendarea totală a economiei soluţia la epidemia de Covid-19?După multe indicii serioase,nu. Unii cercetători în boli infecţioase,cum e celebrul profesor dr. Didier Raoult de la Marsilia,o consideră omăsură de EvMediu neadaptată sec.XXI-lea.	NOT	NULL	NULL
@Sorin_Patiu @ingerisidemoni Subscriu. Și o fac pe bani grei!!! Ai un link despre scandalul vis-a-vis de prostul management al epidemiei de ciuma din Africa?	NOT	NULL	NULL
Bai teutonule, în afara de vândut și omorât copiii altora, defrișări și retrocedări ilegale și demolări de cluburi, tu la ce dracu ești bun, ma?	OFF	TIN	IND
@CastriXGD coaie ce pula mea	OFF	TIN	IND
Dacă o veți adăuga, prăjitura se va transforma în tort! -	NOT	NULL	NULL
Aproximativ 7000 de avioane sunt reținute la sol în vremuri de COVID-19 @airlinestravel	NOT	NULL	NULL
Modelul de declaraţie pe proprie răspundere, necesară pentru a putea ieşi din casă, a fost modificat	NOT	NULL	NULL
Gica Hagi ia o decizie drastica la Viitorul	NOT	NULL	NULL
@ECiocu Mai oameni buni.... hai sa stam jos si sa gandim cat de cat obiectiv....Hai sa ne uitam la cifre... La statistici.... Nu zic ca e gripa sau influenza... sau dracu sa l pieptene de corona... Da tare mi-e ca asa prin iulie, dupa ce tragem linie...minusu din economie o sa ne omoare	NOT	NULL	NULL
@gusteru in sectorul 5 asfaltează 😂😂😂 se apropie alegerile :)))	NOT	NULL	NULL
Covid-19 e numele de cod, dar ăla popular care e? Gripa liliacului fiert?	NOT	NULL	NULL
MAE: 190 de cetățeni români s-au întors în țară, în această seară, din Roma	NOT	NULL	NULL
@mobilissimo De ce ți-ar trebui funcția asta ? 😂	NOT	NULL	NULL
Bogdan Chirițoiu, președinte #ConsConRo despre majorarea prețurilor echipamentelor medicale de protecție:	NOT	NULL	NULL
@oshlobanul Am gasit pe net ”incriminarea are corespondent în dispozițiile art. 308 CP 1969”. E limbajul de lemn al epocii de aur, mentinut in actualul CP.	NOT	NULL	NULL
Sau să mă respingi grav, atât de dur - cu urlet	NOT	NULL	NULL
@MaxINFINITE Max te rog eu nu stiu engleza vorbește și romana	NOT	NULL	NULL
Temperaturile de vară nu elimină probabil coronavirusul (experţi UE)	NOT	NULL	NULL
Produse delicioase, proaspete la preturi de fabrica	NOT	NULL	NULL
Ziua 5 de izolare.	NOT	NULL	NULL
gen plm spune mi mie Who Asked ia sa te aud who the fuck askeeeddddd doamne locala mai enervanta n am vazut	OFF	TIN	IND
2011 service auto nrg ( acolo doi mecanici unul blond mare cu mușchi și unul pitic gras ) cineva de acolo - pentru iarbă	NOT	NULL	NULL
@PleuAlexandru4 Mergem după bere. Ce treaba avem noi cu corona.	NOT	NULL	NULL
@klau_buca @klubbingman @RFboris Ai calacat in scuipatul lu decebal si ai prins tupeu vierzure? Oligofrena pula o fost la curu lu mă-ta.	OFF	TIN	GRP
@Costindte @denis26_denise Io vin si cu vin, dar unde ne cazezi? 😁	NOT	NULL	NULL
@zoso Pai de ce boss ca rahatul merge struna... Panica e panica, vulpita tot proasta. Tocmai incepe seria cu "vulpita ii da lu cum plm il cheama pe ala covid"	OFF	TIN	IND
aviz  celor contaminați / nici dracu nu vă mai bagă în seamă !!!!!!!	NOT	NULL	NULL
cum plm sunt 121 de cazuri noi de IERI	NOT	NULL	NULL
Singurele alegeri care ne mai rămân cu adevărat sunt cele locale, lucru absolut tipic pentru o colonie. Nici măcar alegerile generale, parlamentarele, care ar trebui să dea şi prim-ministrul, şi guvernul, nu e sigur că ne mai aparţin.	NOT	NULL	NULL
Ceaiul verde, neîndulcit și realizat cu frunze de cea mai bună calitate, este una dintre cele mai concentrate surse de antioxidanți.	NOT	NULL	NULL
5.600 de persoane au incalcat miercuri masura circulatiei restrictionate. Amenzi de peste 7 milioane de lei	NOT	NULL	NULL
Werner are creierii prajitzi !....... TREBUIE SUSPENDAT DE IERI !........ la dracu cu toti PDL-iiiii...... actualu’PNL !	OFF	TIN	GRP
Pregătiți-vă de haos, urmează 2-3 săptămâni de infern, pe model Italia. Mulțumim comitetului de criză sau cum plm s-o numi, și inconștienților care au mințit, au ieșit, au împrăștiat virusul, etc	OFF	TIN	OTH
@ingerisidemoni Bre, al cui dracu mai e amu protv’u, că nu-l mai am pe telecomanda de când facea călinescu revelioane? 🤔	NOT	NULL	NULL
”Alertă la Kogălniceanu! Se închide baza de la Incirlik”Conducerea statului român se va înghesui să forțeze redirecționarea cât mai repede cu putință a aproximativ trei miliarde de dolari pentru megaproiectul extinderii bazei Kogalniceanu.	NOT	NULL	NULL
Care este motivul divorţului?- Ea m-a numit "prostănac" - Da domnule judecător, dar contează şi contextul în care a fost spus.  Păi şi care a fost contextual?- Când am venit acasă am găsit-o în pat cu amantul şi ea s-a uitat la mine şi mi-a zis: "Uită-te prostănacule cum se face!	OFF	TIN	IND
Doar pt. asta Guv. tot! ar trebui sa isi scrie memoriile la mititica	NOT	NULL	NULL
Este efectul subdezvoltarii tarii dpv educational. Biserici in loc de scoli si spitale... Sa fim seriosi: nu au plecat afara doar doctori, profesori sau IT-isti. Au plecat si f multi romani de conditie intelectuala... medie. Sper sa nu fiu anchetat de cei de la CNDC.	NOT	NULL	NULL
#carlatanasie Vai de capu tau femeie... Ce dracu ai de iti tot inghiti saliva in timp ce vb? Extrem de enervanta	OFF	TIN	IND
@OvidiuSky @Nirolfis @MimiMim11303582 Sau cauta calea sa nu mori eventual.	NOT	NULL	NULL
Primul oras din lume iluminat cu petrol lampant a fost Bucurestiul, in data de 1 aprilie 1857 orasul fiind luminat cu peste 1000 de lampi.	NOT	NULL	NULL
La radio tocmai au intrerupt emisiunea pt alte știri de la guvern. Care tocmai încep.	NOT	NULL	NULL
A fi, sau a nu fi?! 👌👌😂	NOT	NULL	NULL
@Adevarul Și voi publicați minciunile chinezilor, ale unor criminali. Sa mi bag pula în redacția voastra	OFF	TIN	IND
să-mi bag pula, că-n capul meu, urlă doar trecutul meu infect	OFF	TIN	IND
@OvidiuSky Ideea e că nu mai am șervețele normale, nu că o ard pe șmecherie. Nu știu dacă ai aflat, dar hartia igienică și șervețele normale sunt rarități prin magazine. De unde concluzionez că unii se tem de diaree, nu de virusul nou. 😂	NOT	NULL	NULL
Epilatul, pensatul, manichiura și masajul pot să aștepte!	NOT	NULL	NULL
În această perioadă se anulează tot mai multe zboruri iar pasagerii se plâng de faptul că operatorii aerieni le oferă doar posibilitatea de a primi un voucher și schimbarea datelor de călătorie însă nu și returnarea banilor. Cât de legal e acest lucru?	NOT	NULL	NULL
A treilea motan e sasiu,se uită cu un ochi la lapte și cu ce lalant la carne	NOT	NULL	NULL
Surpriză plăcută pentru bombardierii din Bucureşti: astăzi, armata a lăsat mitralierele în cazărmi şi a ieşit cu epilatoare!	NOT	NULL	NULL
Nu vor mai fi testaţi pentru noul coronavirus nici măcar toate persoanele carantinate.	NOT	NULL	NULL
De ce cred eu ca nu va functiona testarea populatiei Bucurestiului:	NOT	NULL	NULL
@santaromica Bă frate ce dracu e dezinformarea și manipularea asta acută pe rețelele de socializare  ?	OFF	TIN	OTH
Ședință de guvern la ora 17.00. Măsuri privind creditele, acordarea sporului pentru condiţii de muncă deosebit de periculoase și ajutarea firmelor, pe ordinea de zi	NOT	NULL	NULL
Cică e ceva normal că atâția români se întorc în țară. Italienii i-au trimis să muncească de acasă.	NOT	NULL	NULL
O asistentă de 34 de ani, infectată cu #coronavirus, s-a sinucis, de teamă că i-a infectat pe alţii	NOT	NULL	NULL
Te plictisești au ba?	NOT	NULL	NULL
Tânărul care a lins produsele de pe raft întrebând :cui îi este frică de #coronavirus" a fost arestat pentru "ameninţare teroristă"	NOT	NULL	NULL
@ECiocu Ai un link cu știrea asta? Era de așteptat, dar nu găsesc... De suport economic ce-au zis?	NOT	NULL	NULL
UE este și va rămâne deschisă investițiilor străine, dar trebuie să știm cine face investiții și cu ce scop #EuropeanUnion #COVID19	NOT	NULL	NULL
Ce părere are Vasile de virusul asta?	NOT	NULL	NULL
doamna mea de meditatii este casatorita cu un preot ASTA E DOVADA CLARA CA DUMNEZEU SE FUTE CU SATANA	OFF	TIN	IND
I-auzi băi băiete, firma lui botezatu tocmai ce a încasat un contract de 18 mil euro ptr combinezoane și măști. Băi ești prost, cum dracu’ au ajuns tocmai la botezatu nene??	OFF	TIN	OTH
@JeanTheo14 @VButnariuc Magazine de cartier,nici nu știu cum se numesc.	NOT	NULL	NULL
Ciolacu spune ca Guvernul Orban e de vina pentru lipsa stocurilor de materiale sanitare	NOT	NULL	NULL
@ingerisidemoni Oare ala stie cai va expira uleiul pana o sal foloseasan?	NOT	NULL	NULL
Daca vrei sa vorbesti politica la telefon pleaca in pula mea de la masa tacem toti sa vorbesti tu cacaturile tale	OFF	TIN	IND
pula.n gura voastră de zdrențe imbuibate că nu l-ați suspendat cabd a trebuit 🖕🤮	OFF	UNT	NULL
@MirelaBuzoianu Să te îngrijorezi când ești pe placul prea multor persoane. Înseamnă ca e ceva cu tine ...:))	NOT	NULL	NULL
Klaus Iohannis anunță noi măsuri economice în plină pandemie	NOT	NULL	NULL
Flutur:Nu am niciun simptom. Mă simt bine. Aș putea spune că sunt sănătos.	NOT	NULL	NULL
@itmorar Nu vă place Arafat și gata. Nu-i mai aruncați la înaintare pe așa-zișii prieteni.	NOT	NULL	NULL
Prognoza vreme Masivul Postavarul, Poiana Brasov si Bucuresti #vremea #Romania #Carpathian (Poiana Brasov ski resort Romania)	NOT	NULL	NULL
Artistul își proiectează propria viață în oglindă. În centrul oglinzii este reflecția lui, pe când El se află în spate. Se detașează de propria viață și o transformă într-un obiect în afara sinelui propriu.	NOT	NULL	NULL
@riveltt @_ArikBoke Nu se potrivește cu #BarisArduc aceasta actrița  !	NOT	NULL	NULL
@stiripesurse_ro Iar vâră devla-n poză „ruj din pulă pus pe gură” ăsta!!! Face praf să mai fie și el localizat înafara haznalei...	OFF	TIN	OTH
Lasă mă că ne facem noi bine si de nu punem biciu pe toți,  de la prim-ministru până la ultimul primar. Pe românește vă spun, ați belit-o,  că lumea deja fierbe, au pierdut joburi, business-uri, contracte, bani etc.	OFF	TIN	OTH
@Horia8Bogdan @gadrian84 Nu am zis ca livrezi tu. Multe știri pot părea foarte ok și sa fie zvon. Eu am mai dat de chinina și prin alte surse, deci are șanse sa fie pe bune. Dar nu imi asum acuratețea ei și nici tu nu cred ca ești convins 200% ca e pe bune.	NOT	NULL	NULL
@MarmotaDeCampie @Gabriela_1870 @i0n1ca Noo, atunci hai sub arme ... îi mai salvăm o dată de dictatură, mai ridicăm opinca pe parlament ... mai scăpam dracu de plicti ...	NOT	NULL	NULL
@danpopa60 @victorciutacu @basarab84 Macar atat, o parere 😊 si nu chiar orice, doar ce ma interseaza	NOT	NULL	NULL
@mihairotar @neamielualarau Nu era livrare, treceam eu și ridicam produsele împachetate dintr-un punct de livrare	NOT	NULL	NULL
Tușesc în direcția lor generală.	NOT	NULL	NULL
Zece tehnici de liniște si sănătate interioară, pe durata fricii de Coronavirus	NOT	NULL	NULL
@ailel4 Mă depășește :) habar nu am cum funcționează și nici nu prea sunt curios. Pt prieteni am whatsapp :)	NOT	NULL	NULL
@OvidiuSky @ailel4 @AtenaBadea @itmorar O sa încerc :)	NOT	NULL	NULL
Gheorghe Flutur, are o rezervă “de lux”, la secția chirurgie, etajul 4 iar în jur de 30 de cadrele medicale infectate sunt internațe pe un singur palier unde există o singură unitate sanitară.	NOT	NULL	NULL
Uite aici propaganda in America. Comuniștii noștrii erau pistol cu apa pe langa ăștia ai lor	NOT	NULL	NULL
@arianna20032000 Dacă nu zâmbim, ce ne mai rămâne 🤷🏻‍♂️ bine gafa care a făcut-o e de neiertat	NOT	NULL	NULL
Dau o cafea Jacobs la ibric acasă la mine!	NOT	NULL	NULL
Peste 100 de români blocați în Insulele Canare au fost repatriați - #Insulele | via #aePiot	NOT	NULL	NULL
Ai fost victima unui viol in grup? “Pai, dracu te-a pus sa porti fusta scurta? Ai provocat asta, asa ca mars de-aici!	NOT	NULL	NULL
Era acel joc al copilăriei numit “telefonul fără fir” și învățam cum se răspândește un zvon.	NOT	NULL	NULL
Veste bună pentru ieşeni! A fost declarat vindecat al doilea pacient diacnosticat cu coronavirus.	NOT	NULL	NULL
Moaştele Sfintei Corona, scoase la lumină în Catedrala din Aachen	NOT	NULL	NULL
Se pare că pana la urma cei interesați de asta vor crea	NOT	NULL	NULL
@ECiocu Alte exemple de BSL-4, repet maxim securitate biologica, Marburg virus, Ebola virus, Lassa virus, and Crimean-Congo febra hemoragica. Trageți voi concluziile.	NOT	NULL	NULL
MAPN, MISIUNE DE URGENTA: O SUTA DE MII SE COMBINEZOANE, ADUSE CU O NAVA...	NOT	NULL	NULL
Poti sa zici ca tema unei poezii este exprimarea conceptiei autorului despre poezie???	NOT	NULL	NULL
@Vasile55502205 @denis26_denise Brusc, te trezești 😂	NOT	NULL	NULL
super mai am 10% ce plm fac acu merg sa mi cumpar sau ce	OFF	UNT	NULL
O femeie din Zlatna și copilul ei de patru luni au primit rezultate NEGATIVE la testele de coronavirus. Erau internați în spital	NOT	NULL	NULL
Da' aia de sudură ce avea?!	NOT	NULL	NULL
@sapphiresoo pana acum cu cine ai facut?	NOT	NULL	NULL
Rochii de mireasa in stil mare  Obs: Mireasa Lindsey cauta o rochie potrivita pentru nunta ei din padurea fermecata. Jo si Al o ajuta si pe Rebecca, mireasa de militar, sa-si gaseasca ...	NOT	NULL	NULL
S-a aflat de ce s-au infectat popii de la biserica din Bucureşti: lingurița era chinezească!	NOT	NULL	NULL
Taci in plm ca nu e vina PSD ca sunteti niste hiene retardate la fel ca ei	OFF	TIN	OTH
Nu exista dovezi ca animalele transmit COVID-19, dar expertii avertizeaza ca sunt necesare masuri de precautie	NOT	NULL	NULL
Ghici ghicitoarea mea.	NOT	NULL	NULL
@ailel4 @MarmotaDeCampie @AtenaBadea @itmorar CI + Declaratie pe Propria Raspundere, bifezi ca te duci la un parinte care are nevoie de îngrijirea ta.	NOT	NULL	NULL
@ingerisidemoni fb era si inainte de asta de căcat... nu poți pune un emoji in plm! si varianta noua merge si mai greu	OFF	TIN	OTH
Am ajuns să îmi fie dor de școală...	NOT	NULL	NULL
SA SE OPREASCA ASTIA DIN BAUT CAFEA IN PULA MEA CA ACUMA VREAU SI EU	OFF	UNT	NULL
@arianna20032000 Mulțumesc! Să speram în bine. 🌻	NOT	NULL	NULL
@agerpres Faceți va dracu treaba și nu mai pasa ți problema de la unu la altu.	OFF	TIN	OTH
@coongiyoongi EXACT nu vreau sa fiu rea dar dacă ști ca s ar putea sa ai virusul stai dracu acolo ca să nu i îmbolnăvești și pe alții.....	OFF	TIN	OTH
Daca era parlamentar, il transferau nu la Iasi, ci la Bucuresti, nu cu targa, ci cu elicopterul, nu pentru coronavirus, ci pentru o simplă căcare.	NOT	NULL	NULL
@Rafaelita82 @ConElMazoDando Esta vieja loca , esta Cu cu cu cu,	NOT	NULL	NULL
@radusmall Eu cred că doar televiziunile cu banii pe drepturi tv ii mai salvează că nu mai cred că o să se îngrămădeasca lumea pe stadioane prea curând după câtă panica au băgat ăștia in toată lumea de au ajuns să strige la politie să-i țină pe alții în case plm.	NOT	NULL	NULL
@ZoliBara Da. Eu sunt de acord. E o veselie pe străzi. Închis tot, armată și jandarmerie pe străzi că ne ia dracu pe toți.	NOT	NULL	NULL
Cât #stamacasa nu trebuie sa uităm de ritualul de curățare și îngrijire a tenului. Use, reuse, repeat. 🌸 Voi cum aveti grijă de tenul vostru în perioada aceasta și ce produse folosți? Setul Esen9 de 5 dischete reutilizabile este disponibil în shop.	NOT	NULL	NULL
@LucianMindruta Salut, pentru domeniul educațional, licențele Microsoft sunt gratuite atât pentru școală cât și pentru elevi. Mai mult, unii părinți folosesc deja anumite soluții de la ei pentru colaborare remote și își pot ajuta copii sa le utilizeze.	NOT	NULL	NULL
Am prototipat o vizieră de protecție a feței pentru medici a cărei durată de fabricare este foarte mică și din materiale care sunt ușor de procurat.	NOT	NULL	NULL
Bursa e plina de sange. Daca nu cumperi in aceasta perioada macar stai linistit si nu vinde. Doar daca vinzi esti 100% sigur ca ai pierdut banii.	NOT	NULL	NULL
Nu au ales calea asta pentru ca ieri au închis tot	NOT	NULL	NULL
Fundaţia lui Ion Ţiriac ajută autorităţile din România! Anunţul făcut de Ţiriac Jr: „Orice este nevoie!”...	NOT	NULL	NULL
@cristinadobre Nu, am inteles din articol,poate il gasesc din nou...era vb de o alta categorie,tineri care pot avea virusul si nu se vor imbolnavi niciodata,nu vor avea simptome...never!Am citit foarte multe azi...incerc sa-l gasesc!	NOT	NULL	NULL
voi vă dați seama că FCSB nu a mai făcut niciun blat de peste o săptămână?	NOT	NULL	NULL
Femeie, știi ce te face curvă? În niciun caz numărul partidelor de sex ori partenerilor.	OFF	TIN	IND
#Coronavirus: Marea Britanie a înăsprit măsurile după ce estimarea privind pacienţii la terapie intensivă s-a dublat (expert)	NOT	NULL	NULL
@ManoliuValy Sunteți chiar distractiv. Va mulțumesc frumos!	NOT	NULL	NULL
intr-adevar virusul e periculos, dar mass media-ul exagereaza si e stresant mai ales ca is la bunica mea de 1 sapt si toate televizoarele is date pe romania tv 😭😭😭😭	NOT	NULL	NULL
Erată : în Spania sunt peste o mie de morți !	NOT	NULL	NULL
@LuminitaPoenaru @canyaman1989 O zi frumoasa și linistita	NOT	NULL	NULL
@Nogusania_Union 😂 nu am știut. Aici părinții trimiteau zacuscă studenților care stăteau la cămin.	NOT	NULL	NULL
Vomele astea ar trebui călcate în picioare. Ei zic că-și bat pula de orice!	OFF	UNT	NULL
Și ne ponemaiu , de cand io venit mintea la cap și arată știri din punct de vedere a unui om normal	NOT	NULL	NULL
„Doamne, Doamne, te rog, să alungi virusul acesta, să îl pui în pământ. De acolo nu o să mai fugă niciodată. Vrem şi noi să ieşim afară şi să alergăm prin iarbă. Te rog, Doamne, să faci tot ceea ce spun, numai bine vreau. Te iubesc, Doamne Doamne! ”	NOT	NULL	NULL
O lună de la primul caz de îmbolnăvire cu coronavirus în România; bilanţul - 906 infectaţi cu #COVID-19 şi 17 decese	NOT	NULL	NULL
ma omoara femeia asta o sa am cosmaruri cu ea	NOT	NULL	NULL
Cum să îți îmbunătățești concentrarea când lucrezi de acasă	NOT	NULL	NULL
Reînnoirea violetei bătrâne și stimularea înfloririi ei abundente! -	NOT	NULL	NULL
bai unde dracu imi ramane pachetul daca pe 4 era in aeroport in Coreea...wtf	NOT	NULL	NULL
Coronavirus. Cum modifică pandemia geopolitica? Rusia câștigă teren. Ce face România? Interviu cu șefa German Marshall Fund	NOT	NULL	NULL
In perioada asta trebuie să respectăm metodele de prevenție și sa nu mai vorbim atât despre acest subiect. Este prea multă informație fără valoare care nu face decât să alimenteze temeri și frici. Lumea nu se oprește în loc doar pentru că stam acasă, hai să ne trăim viața totuși!	NOT	NULL	NULL
fanfaronada bombastic manelista antisociala, merita tot veninul si asprimea criticilor tale	NOT	NULL	NULL
Cine este Nelu Tataru, propus la Ministerul Sanatatii	NOT	NULL	NULL
@B1site Trebuiau inchise granitele mai devreme.	NOT	NULL	NULL
doamne ce fitosi am in clasa... mancam paine cu zacusca de la un coleg si zice unu “ce ii cu mizeria asta? ce pute aici, cum sa mananci asa ceva?” ba pula tu ce dracu o sa mananci la faculta?? caviar??	OFF	TIN	IND
@eftimie Te ispitește jindul să-mbraci și fericirea, cum pui, pentru petreceri, o haină de brocarte? Dar ea, ca să pătrundă, îţi sparge-alcătuirea, preface în genune lăuntrul tău, anume ca să încapă-acolo, cu ea, întreaga lume.	NOT	NULL	NULL
MAE român ajută Ucraina cu repatrierea cetățenilor ucraineni din state terțe	NOT	NULL	NULL
Atunci mă întreb dacă nu cumva Dumnezeu vrea ca doar prostia să supraviețuiască pe această planetă.	NOT	NULL	NULL
@ipostaze Neah, "peștele de la cap se-mpute, dar de la coadă se curăță".	NOT	NULL	NULL
Ăștia care felicită medicii că-și fac treaba sunt fix ca ăia care aplaudă pilotul că a aterizat avionul.	NOT	NULL	NULL
Când știm cat suntem de fragili si neputinciosi, legănatul in iluzii conduce la dezastru. Speranta e bună doar in doze mici, cât să nu devină toxică și să ne arunce in deznădejde.	NOT	NULL	NULL
@Alex_Tikitaka @NeacsuRmn Acum pe bune, esti mai fericit?Te simti ok? Esti satisfacut pe deplin,din cate se vede... Din fericire pt noi s-a umplut internetul de profesori,oare ce ne-am face fara voi?Din pacate pt voi, multi oameni tristi, frustrari, la critici nu va intrece nici dracu	NOT	NULL	NULL
@Zombilau @Allecsinn @GaarfieldO Aparent gaarfield nu rateaza doar skillshots, ci si honorul pe aram	NOT	NULL	NULL
Precizări privind Sesiunea de Finanțare II/2020 – eliminarea criteriului de contribuție la bugetul proiectului peste procentul minim obligatoriu de 10%	NOT	NULL	NULL
După ce am citit ce am scris pe aici mi-am propus sa scriu intre primul si ultimul pahar ...	NOT	NULL	NULL
Spania: Vicepremierul Carmen Calvo a fost testat din nou pentru coronavirus. Rezultatele sunt pozitive	NOT	NULL	NULL
Să știți că nu este chiar atât de plictisitor să stai acasă.	NOT	NULL	NULL
Greșesc dacă spun că ne aflăm in mijlocul unui război biologic? Poate da, poate nu. N-am dovezi pentru asta, după cum nici voi nu aveți pentru contrariu, însă lunile care vi ne vor ajuta să înțelegem mai bine că armele viitorului sunt virusurile, nu mitralierele. Mai vorbim 🙂	NOT	NULL	NULL
@MarmotaDeCampie Urâtă treabă! Grabnică însănătoșire! Poate ține doar trei zile, ca orice minune...	NOT	NULL	NULL
@CloneSandman @i0n1ca sau "retine apa". Cam astea sunt cele 2 variante oficiale cand  o femeie se scuza ca e grasa :)	OFF	TIN	GRP
Ion Ştefan-Spitalul Militar Central: E nevoie inclusiv de sănătate mentală pentru a face faţă acestei provocări	NOT	NULL	NULL
@puttycat Unde ne grabim asa? Este timp ptr toate...	NOT	NULL	NULL
sa ma ia dracu daca ma mai culc eu vreodata asa tarziu	NOT	NULL	NULL
Sincer ma plictisesc ff grav cu carantina asta și asta este un cont se twitter super la caterinca so nu luați in seama ce scriu aici mulțumesc ✨🐢	NOT	NULL	NULL
Plin de masini si de lume pe strazi si cozi la magazine! A innebunit lumea.	NOT	NULL	NULL
In momentul de fata, sunt pe Crowdcast si ma uit la un videoclip care are subiectul de microservice / aplicatii. 	NOT	NULL	NULL
@zoso unde sa se duca, nu stiu ca tre sa stea in casa?	NOT	NULL	NULL
Cauzele crizei actuale  via @wordpressdotcom	NOT	NULL	NULL
De ce dracu' mai vor unii romani o "taracaafara"? Doar escroci avem si noi aici!	OFF	TIN	GRP
Câte mii de români intră în ţară în fiecare zi. Orban: Oricine vine din Italia sau alte zone carantinate trebuie să intre în carantină...	NOT	NULL	NULL
Multumim din inima partidului national liberal si conducatorului lui iubit, Werner Iohannis!	NOT	NULL	NULL
O fată grasă are in jur de 62-65 de kg dar eu sunt bărbat și sunt destul de slab!	OFF	TIN	IND
Am fost la Buzău. Băieții mei tocmai tăiaseră un porc, așa că nu coronavirusul era la ordinea zilei, ci trichineloza, că uitaseră să facă testul. Toată lumea mânca și bea voioasă, de-a valma.	NOT	NULL	NULL
Mă, tu știi că eu sunt femeie bună și iert multe, dar cine dracu' a lăsat lumina aprinsă la baie?	NOT	NULL	NULL
@trueroobert Foarte bine, daca chiar nu faci asta eu te respect, esti pulă nu esti pizda\nAs avea o problema, eu am o problema cu toți	OFF	TIN	IND
Eu zic ca nu ne-am îmbolnăvi dacă nu am fi prosti dar na cum oamenii de aici prin asta se caracterizează. Toată lumea minte și nu se gândește sa le fie bine și celorlalți numai eu eu ala important restu ciuciu. Las asa ne omoram unii pe alții și gata ce mai.	NOT	NULL	NULL
Dragi prieteni virtuali, am doar 62 de kg și sunt cât o fată grasă!	OFF	TIN	GRP
Stai pe aproape pe aici pe Twitter pentru înviorare.	NOT	NULL	NULL
Baaa, toată lumea se așteaptă sa conduc. Dar o sticla de vin ce are la ora asta? Conduc peste șase luni, peste un an. Ce nu e bine? Rahat, că chiar nu e bine peste șase luni, ci acum ar trebui. Hai ca mă salt și performez. Ca nu mai ține treaba, stau închis in casă de aiurea.	NOT	NULL	NULL
Turneul preolimpic de box de la Londra a scos la iveală două cazuri de Covid-19. La competiție au participat și 9 sportivi români	NOT	NULL	NULL
#protein la Bulevardul Bucuresti Ploiesti	NOT	NULL	NULL
Nunțile se numără printre business-urile afectate de actualul contex. Bieții miri, s-a dus dracu daru'.	OFF	UNT	NULL
Chiar daca stai acasa, ai grija de tine, cumpara acum produsele cosmetice de care ai nevoie.	NOT	NULL	NULL
frate ce ma enerveaza senzorul asta de la usa din bike shed gen deschide-ti poarta turcii ma-nconkor vantul sufla rece ranele ma dor	NOT	NULL	NULL
@Jondaescatsmile nu știu nu mai sunt in Sibiu că am rămas fără job și muream dracu de foame	OFF	UNT	NULL
@KlausIohannis România trebuie să redevină la nivelul din 89 în sensul de a fii capabilă să își producă lucrurile necesare ba mai mult să și exporte!	NOT	NULL	NULL
@apostunhuevo Plang pentru lucruri frumoase nu e plang.	NOT	NULL	NULL
@AndreiCismaru psi ce te asteptai, de 3 ani spitalele au interdictie sa cumpere echipament de protectie, aveau nevoie de bani de borduri pentru firmele primarilor	NOT	NULL	NULL
@MarmotaDeCampie In Spania, chinezii rezidenți îs toată ziua pe strada și la spitale și la poliție și la toate magazinele cu cutii pline de măști sterile, mănuși și gel dezinfectant.	NOT	NULL	NULL
Sau care este scopul pentru care Simina dorește ca aplicația de știri să-i trimită notificări ?	NOT	NULL	NULL
ne-a dat profa de norvegiana ceva tema si trebuie sa ii trimit ceva inregistrare audio like?? doar o ora lipsim in plm	OFF	TIN	GRP
@robertVT22 Și mai ales când aluneci pe un noroc și te dai cu zgăibăracele in sus 😬	NOT	NULL	NULL
Lucrează, Roxii, lucrează... 🤣🤣🤣 #lifewithcats🐱 mimi_queencat #mimithecat🐈 @ Bucharest, Romania	NOT	NULL	NULL
M-am simțit bine și în această dimineață!	NOT	NULL	NULL
Georgian Pop: Măsuri pro-active pentru gestionarea efectelor economice generate de actuala criză COVID-19 – susținerea IMM-urilor, mari proiecte de infrastructură, mari proiecte strategice de investiții private...	NOT	NULL	NULL
@hoseokspapanasi mă bucur că au făcut-o. ce drăguță e mama ta:( vrea doar să aibă grijă de tine, e normal. da, banii sunt chiar murdari, nu o învinovățesc sjsjsj	NOT	NULL	NULL
@wesunme well sa speram ca oamenii or sa stea dracu acasa si n o sa fie cazul !	OFF	TIN	OTH
Tată, unde plm umbli acum! Unde dracu' e recipientul de săpun?	OFF	TIN	IND
Cum dracu să te lauzi că ai vizitat un spital și ăla în construcție?  du-te bă cum s-a dus Putin, regele Spaniei și care or mai fi, unde sunt bolnavi, să-i încurajezi, bolnavule de putere!	OFF	TIN	IND
Nelu Tătaru: Susţin o testare pentru #COVID-19 conform unor anchete epidemiologice lărgite	NOT	NULL	NULL
O rușine... Niște impotenți care mimează ca fac ceva... Gunoaie...nu Guvern.	OFF	TIN	GRP
De ce trebuie să puneți bicarbonat de sodiu pe sertarul mașinii de spălat rufe?! -	NOT	NULL	NULL
Cel mai vizionat serial  prin @wordpressdotcom	NOT	NULL	NULL
Nici să - mi sugă pula nu aș lăsa-o pe zdreanța asta 🤮🖕	OFF	TIN	IND
#Google Uimeste, ce vrea sa ofere GRATUIT pentru Toata Lumea -  #peblog #romania #2020 #news #stiri	NOT	NULL	NULL
@ingerisidemoni @basarab84 In vremurile apuse cica ....🙄 de la serviciu plecai cu bilet de voie	NOT	NULL	NULL
Mi-am închis profilul de #facebook. Tot ce se postează acolo este despre #COVID19 și atât. Știm deja că România urmează a fi următoarea Italie dar mai ho în pula mea. Stați în casă și mâncați semințe.	OFF	TIN	GRP
@puttycat Șoc, groază, și ne amintim ce popor naiv suntem 😱	NOT	NULL	NULL
bangtanscrapple Da acel moment când am ieșit pe balcon și începe polițistu cu megafonu “NU IEȘIȚI DIN CASA” eu acolo plm calm down	OFF	TIN	IND
Fii în permanență CORECT informat!	NOT	NULL	NULL
@Heisenbergul Acum când chiar aveam și noi șanse. E o conspirație împotriva poporului român.	NOT	NULL	NULL
Ar fi tare nelelocul lui să renunțăm la ideea plăcintei întinse cu ludaie de pe casă, în favoarea capriciilor unor virotici isterizați.	OFF	UNT	NULL
Măcar în criză dați dovadă de responsabilitate!”, transmite Maria Grapini președintelui Iohannis.	NOT	NULL	NULL
eu mor ca mama a fost pana la banca azi ca trebuia sa depuna neaparat niste euro si au sunat o aia de acolo ca de ce a mers sa ii contamineze	NOT	NULL	NULL
Astăzi este ziua ta - Principesa Margareta	NOT	NULL	NULL
“ d-alea ieftine !!!! taci și mănâncă-ți fasolea acolo !!! “	OFF	TIN	IND
@adriano_qld Nu imi vine sa cred. Asa puține cazuri într.o săptămâna. E clar România nu va depăși 2000 de cazuri.	NOT	NULL	NULL
Mulțumesc din suflet!❤️	NOT	NULL	NULL
Daca tot e sa #stai_acasa, poate ca ar fi bine sa iti aduci aminte de sfatu' Mitropolitului Clujului..	NOT	NULL	NULL
Forma mea preferată de sport e mersul pe jos. E posibil să ajung ca nepotul meu, să mă învârtesc haotic  de jur împrejurul mesei. (nu în fugă, totuși, că e posibil să-mi rup ceva)	NOT	NULL	NULL
@severvoinescu Sunteți nebuni? De ce a-ți rămas unii alături de ceilalți??????	OFF	TIN	GRP
Încă trei persoane infectate cu #COVID-19 au decedat	NOT	NULL	NULL
Mills a avut pana acum 2 colectii de tenesi la Converse, o colectie de accesorii la Pandora (am si eu o pereche de cercei si sunt minunati), are un brand de machiaje numit "Florence by Mills" si este cel mai tanar Ambasador al Buneivointei de la UNICEF.	NOT	NULL	NULL
@Athena_Alkis pe romaneste: s-au belit la pula!	OFF	TIN	OTH
Gata.  Se amana campionatul ala pentru la anu’. Acum oficialii pot sa revina cu scuzele legate de intarzierea lucrarilor.  Ma rog, asa umbla vorba pe news ro.	NOT	NULL	NULL
Va bate vantul!	NOT	NULL	NULL
Hai Petrolul!⁣ #LupiiGalbeni🟡🔵	NOT	NULL	NULL
Și cea mai mare problemă e că nimeni nu știe cât va dura povestea asta. Stai în casă, dar cât? Și cu ce să trăiești, dacă totul e oprit? Când se va termina această nebunie? Câți vor fi în picioare atunci? Întrebări fără răspuns. Singura speranță? Dumnezeu.	NOT	NULL	NULL
5 filme care nu te vor lăsa să te plictisești cât stai acasă	NOT	NULL	NULL
Dacă medicii rămân fără costume de protecție, pot folosi cu încredere treninguri Sergio Tacchini	NOT	NULL	NULL
