sender,no_reacts,text,label
$USER0999,0,Îl dăm pe iohanis Jos și arătat și pe tâlhari hoți și criminali de la putere????,OTHER
$USER0037,2,Criminali económici sā plateascā!,OTHER
$USER1637,0,"România NEUTRĂ ! Pace ! Pace ! Pace ! Pace ! Pace în scumpa ROMÂNIE și pe întreg Globul PAMÂNTESC . PACE ,LIBERTATE IN TOATE POPOARLE !",OTHER
$USER0703,0,"Martin Martin Normal. De acolo iese""ciubucul"".",OTHER
$USER0147,0,Principial e corect...,OTHER
$USER0224,0,Va dati mari si tari :))))),OTHER
$USER1668,0,VREM NEUTRALITATE !,OTHER
$USER1616,0,Felicitări!!La mulți ani!Multă sănătate și Doamne ocrotește ROMÂNIA!,OTHER
$USER0043,0,Lalatrine doar jocuri pe calculator:-))),OTHER
$USER0565,0,RUȘI O SĂ STEA ÎN CARANTINĂ,OTHER
$USER1399,0,sigur ? Care este? Ai aflat?,OTHER
$USER1260,1,"O dă după ""nu știm""",OTHER
$USER1833,0,Respect maxim pt cei prezenți!,OTHER
$USER1250,0,Dragi Romani astia vor ca noii Poporul sa nu stim ce legi vor sa dea acesti mafioti si Tradatorii din Guvern si Parlament care vor sa ne distruga Tara Rusine,OTHER
$USER1362,2,e adevarat ca s-a votat vaccinarea obligatorie in parlamentul european?? ne poate da domnul Terhes mai multe informatii despre ce implica asta??,OTHER
$USER1618,0,Diana Iovanovici Șoșoacă președinta României! Amin,OTHER
$USER0638,0,NU ....Nu mai avea tu nici o remarca,OTHER
$USER1546,3,"Myryam Myryam știm de mult asta, americanii sunt in spatele falsei pandemii si in spatele asa zisului război...!!!",OTHER
$USER1867,1,Să vă fie gura aurită d-omnul părinte Doamne ajută Romania și poporul român,OTHER
$USER0656,0,Hai faceti l si pe Luis agent,OTHER
$USER0897,0,Fii tare George nu te lasa pina la capat,OTHER
$USER0003,0,"Aici au inceput organizarii mici cu piticii verzii,deja se fac miscarii de implementare,Atentie !",OTHER
$USER1846,0,"In loc sa faceti ceva, aveti tot timpul de comentat, sa ti fie rusine",OTHER
$USER1370,0,"Haide pa că mi-am răpit destul timp ptr. o păpușă masonica ca tine ! Noapte bună popor talentat, te-am pupat...",OTHER
$USER1845,0,BRAVO ANGELO GIORGIANI.,OTHER
$USER0608,0,ah gata neamtule ... si tu ... tot .... trompeta bidenista ... asa e au facut bine ca i-au bombardat ...,OTHER
$USER0535,0,S-a blocat tot Bucureștiul din acest motiv!!!!Rusine!!!!!,OTHER
$USER0979,0,"Dar domnilor, in Italia nu sa terminat cu starea de alertă și cu covid!",OTHER
$USER0376,0,HuaaaaAaaaaaaaaaaaa,OTHER
$USER0252,0,Din furnicä faceti elefánt trâdâtorilor sa va fie rusine !!!,OTHER
$USER1001,3,Bine ca îi ajutam noi pe europenii și ei peste tot rad de noi,OTHER
$USER0150,0,Americanii au invatat din trecut?......,OTHER
$USER1891,0,Sa meargă Președintele țării cu ai lui sa lupte in prima linie. Noi nu vrem război. Nu i razboiul nostru.,OTHER
$USER1203,0,Parlamentarii as se duca,OTHER
$USER0084,0,"LUIS LAZARUS ȘI GEORGE SIMION, CE ZICEȚI DE ACEST SUSPECT RECENSĂMÂNT??????",OTHER
$USER0032,2,Respect pentru domnul Ion coja,OTHER
$USER0084,4,TRUMP ȘI PUTIN AU ȚINUT TOTUL IN FRÂU,OTHER
$USER0265,0,O fi vreo refugiată. Din America.,OTHER
$USER0838,0,pai eu vad un steag albastru galben,OTHER
$USER0104,0,Ma bucur ca domnul Neamtu are bunici din Dolj.,OTHER
$USER0045,2,Ceaușescu a fost omorât în ziua de Crăciun dece?,OTHER
$USER0070,0,Mult SUCCES si RESPECT.,OTHER
$USER1204,1,Alegeri anticipate votați Aur,OTHER
$USER0334,0,Americanilor! De ce nu o luați pe românia la voi în custodie? Și așa numai pe hartă o cunoaștem,OTHER
$USER1451,0,"V.ati îndepărtat de subiect, Se vede cu ochiul liber cum evitați să mai vorbiți de plandemie.Nu știu ce s.a întâmplat de v.ati schimbat așa",OTHER
$USER1075,0,POPORUL LA VOTAT. PE IOHANES. ACUM POPORUL CERE SĂ PLECE DIN GUVERNARE. JOS CU IOHANES.,OTHER
$USER1707,0,plecati ba cu rusii vostri,OTHER
$USER0594,3,"CINE A FORMAT NATO, CINE A FORMAT ONU, CINE A FORMAT OMS CINE A FORMAT FMI SAU UNIUNEA EUROPEANA ȘI MULTE ALTELE",OTHER
$USER0582,0,Cel mai iubit dintre pământeni ; Luis Lazarius !,OTHER
$USER1437,3,Sa vina Rusi..eu vreau ..si daca ancepw razboiul eu ma dau de partea Rusilor ..eu lupt su eu la razboi da va ampusc pe voi,OTHER
$USER0916,0,"Tudor panduru ""Patria este norodul, iară nu tagma jefuitorilor!""",OTHER
$USER0311,0,Covidul nea afectat lumea a rămas fără service si la noi e lumea amarata,OTHER
$USER1826,0,ASA ESTE ASA S-A FACUT ! AMIN !,OTHER
$USER0871,0,M-am convins si de Terhes și AUR și George Simion .,OTHER
$USER0555,0,"NICI IN PESCARA ,NUMAI EXISTA ULEI DE FLOAREA SOARELUI",OTHER
$USER1694,0,Ați votat un Președinte traficant și criminal,OTHER
$USER1055,0,Minte este fals Georgee,OTHER
$USER0935,2,Dar nu a atacat Putin!,OTHER
$USER0341,3,"Hmmm, istorică?Astia ca asta , când vine , vine cu vreun motiv , sper sa nu bage România in război...",OTHER
$USER0027,0,SI CE PROPUI DOMNULE TERHEȘ SA SARIM NOI ROMÂNII LA BEREGATA LUI PUTIN ?!,OTHER
$USER0273,0,"Vedeți-vă de treabă,de la amenințări la bombardat e foarte puțin.",OTHER
$USER1414,0,"Bai baieti, cum sa ne luam noi teritoriile cand americanii ne domina???? Ganditi si voi???",OTHER
$USER0243,2,"Sa nuprocedeze ca in ani 44""",OTHER
$USER0632,0,"Corect ,domnule Dan Chitic ,",OTHER
$USER1328,0,Bună seara. O seară frumoasă va dorim,OTHER
$USER0764,0,Că ideie e a venit în control nu cum zici ea la atâta ai că ea ne apărăm cu centimetru sa fim realiști,OTHER
$USER0930,0,Bravo super Life ..bravo Luis ..bravo Simion seara faina fraților patrioti,OTHER
$USER0288,2,Massoni au invadat Romania …..,OTHER
$USER0020,0,"Este dezastroasa pentru ca am avut tradatori la carma,care ne au vandut in primul rand tara iar noi am fost passivi.",OTHER
$USER1269,1,Mai bine la pușcărie decit sa apărăm niste tradatori,OTHER
$USER1264,0,Dami o armă să trag în Iohannis,OTHER
$USER0069,0,Bravo Diana ! Dumnezeu sa iti ajute,OTHER
$USER1578,0,Doamne a esit covitu avenit războiu,OTHER
$USER0115,2,"NATO EU sunt organizatiile globalistilor, organizatii mafiote.",OTHER
$USER1648,1,Asta este adevarul,OTHER
$USER1678,0,proaspeți sau murați?,OTHER
$USER1687,0,Bravo domnule Lasca.adevarat patriot,OTHER
$USER0561,0,Numai bine cu pace in suflet sanatate doamne ajută la toata suflarea,OTHER
$USER0086,0,Ce sa aparam datine motive sa aparam Romania dupa ce ne-ati izgonit la munca in afară,OTHER
$USER0128,2,Kövesi este infractoarea care-i spala pe coruptii din Sistemul mafiot.,OTHER
$USER1785,0,"Pace ,pace pace ,pace ,",OTHER
$USER1176,5,Toți din parlament si guvern si dulapul de la cotroceni la PUSCARIEEEE,OTHER
$USER1186,0,JOS DICCTORII ROMANIEI!,OTHER
$USER0006,0,"Citiți cărțile istoriei, nu mai ascultați toți părăsiții!!!",OTHER
$USER0827,1,Bai zici că e la noi deja lupta pornită așa vorbiți,OTHER
$USER0425,0,Neutralitate!!!!,OTHER
$USER0299,0,Romania este sclava Americii,OTHER
$USER0311,0,DA nu mai vorbiti urat,OTHER
$USER1664,0,Huuuuu Alina Gheorghiu,OTHER
$USER1229,0,Elena Dobre sunt convinsă,OTHER
$USER0334,0,Noi comentăm la rece pe Facebook dar.se pare că vom avea surprize din partea Americi.plăcute s-au de avertizare către românia!,OTHER
$USER1429,0,TERHES DUTE CUCA TATI,OTHER
$USER0233,5,Astăzi este ziua în care începe sfârșitul României,OTHER
$USER0998,4,Uitați-vă Romani ce este în Canada stați în case și vom ajunge la fel ca ei,OTHER
$USER0246,0,Uitate pe posturile vecine,OTHER
$USER0246,0,Mai au pină ajung,OTHER
$USER1714,0,VREM PACE! JOS IOHANIS! JOS CIUCA!,OTHER
$USER0836,1,Americanii sunt vinovati,OTHER
$USER0529,0,Lăsăm asta înseamnă să cedeze suveranitatea,OTHER
$USER0971,3,Cei care au muncit pentru adevăr 2 ani sunt Patrioți indiferent cine ori cum se numesc și se numește alianță -uniți împreună,OTHER
$USER0862,0,Sa faca curatenie si la noi pt ce a ce lupta defapt,OTHER
$USER1460,0,sper sa ii traduca cineva lui plutin profetiile astea poate isi schimba directia,OTHER
$USER0926,0,Mergeti in rusia ca e mai bine pt voi,OTHER
$USER0079,0,Laura Simona Balc Zegrean astia chiar cred ca prostesc prostii!,OTHER
$USER0412,0,Bogdan Chiriac lasăne mă și du-te rușine să vă fie,OTHER
$USER0235,2,"Oamenii bunii ieșiți în stradă va rog ,este vorba de viata copiilor ,soților, nepoților si tuturor românilor",OTHER
$USER0508,0,Ce vreme de RĂZBOI. E LA NOI RAZBOI ??,OTHER
$USER1566,0,Te salut Luis din Liverpool UK.,OTHER
$USER0856,0,De ce BBC & SKY News nu aminteste nimic de Romania ca ar ajuta in vreun fel Refugiati .,OTHER
$USER1561,0,"Domnul Lazarus, trebuie sa schimbam guvernul, justiția etc. Doar asa putem sa ieșim din criza economica, financiara, sanitara. Trebuie sa ieșim în strada sa blocam tot.",OTHER
$USER1585,2,Trebuie sa ieșim toată România afara ca să arătăm ca nu vrem război...vrem pace,OTHER
$USER0110,0,Problema este de ce vrea America să ne bage în război fiind conștientă că va fi cel de-al treilea război mondial.,OTHER
$USER0722,0,Nu stiti nimic cunosti sistemul unei arme,OTHER
$USER0165,2,"Parinte aveti multe de invatat de la Aurelian, la cat mai multe live uri!",OTHER
$USER1494,0,Politicienii nu țara !,OTHER
$USER0084,0,"MIHAI NEAMȚU, CE A FĂCUT KAMALA KABALA IN ROMÂNIA???",OTHER
$USER1844,0,Pace. Libertate Neutralitate. Naționalizare. !!!Pentru. Români.. Pentru toți oamenii. !!!,OTHER
$USER0219,0,Buna ziua romania tv,OTHER
$USER1592,0,Emilian Dragulin dute pana acum trebuia sa iesi in str,OTHER
$USER0104,0,Stim Aureliane. De-aia nu credem nici pe unii nici pe ceilalti,OTHER
$USER0371,0,"Daca afirma doar unul aceasta idee ,era dus la nebuni.6000 de comentarii ? Or fi toti dilii?AJUTOR NU MAI STU CUM SA PROCEDEZ CEZAR IONESCU !",OTHER
$USER1167,0,Bagă panică maximă să ne convingă să credem toată minciunile lor,OTHER
$USER1522,0,"Domnul Cristian TERHEȘ, este că, o vacă bună de LAPTE, care , după ce a umplut găleata, dă cu copita și varsă tot laptele !",OTHER
$USER0619,0,Respect DAOMNULE CITIC,OTHER
$USER0374,0,Hotule demisiea,OTHER
$USER1876,0,La multi ani mamelor la multi ani duturor femeilor Respect va sustin din pacate nu pot fizic dar dau distribuiri an masa Doamne ajuta,OTHER
$USER1852,0,Vaccinati cu ce????,OTHER
$USER0142,0,Felicitări Cezar toată admirația,OTHER
$USER0771,0,Bună ziua respect,OTHER
$USER1700,0,Jos AUR TRĂDĂTORI,OTHER
$USER0547,0,"Brava, jos botnita",OTHER
$USER0563,0,De ce AUR Și PNL a atacat în tribunal partidul PDU ???? PUTEAU SA FACĂ COALIȚIE sau nu va place ce face Diaspora Europeană ???,OTHER
$USER0895,1,Noroc cu puțin ca a crescut pretul la benzina si ca.nu ati ajuns la a 7 doza de vaccin.deci.???PUTIN A SALVAT LUMEA DE LA.A 7 DOZA DE VACCIN,OTHER
$USER0027,0,ASCULTINDU-L PE POPA ASTA PUTEM SA INȚELEGEM CA UE SI NATO VOR SA IMPINGA RO INTR-UN RAZBOI,OTHER
$USER0240,0,Se duc să vadă un film despre Vietnam sau Afganistan.....nu????,OTHER
$USER1397,2,"nu mai este ok acest om, ceva a patit,sa aliniat cu ceilalti....",OTHER
$USER0381,0,Sunt în războiul noi sau ucrainieni,OTHER
$USER0489,0,"Romania trebuie sa profite acum cat mai urgent de intarire a unei armate proprii, cat mai puternica si greu de invins",OTHER
$USER0313,0,ROMANIA COTROPITA DE HOTI.. IOHANIS VINDE TOT...,OTHER
$USER1535,0,"Dacă rămânem in Pace putem avea orice vecini ... Noi am fost un popor care a trăit linistit , care a stiut să pastreze relații de PRIETENIE cu toți vecinii ...",OTHER
$USER0077,0,Terhes VANZATORRRRRRRRRRRR!!!!!!!!,OTHER
$USER1129,0,Pe George Simion,OTHER
$USER0791,0,Ghinea Marian suntem datori cu moarte,OTHER
$USER1128,0,Doamna Susțin Diana Iovanovici Șoșoacă!,OTHER
$USER0346,0,Ce ordine a venit sa i dea neamțului????,OTHER
$USER1074,0,Succes AUR! Felicitari voua!,OTHER
$USER1758,0,La Mulți Ani Doamna Senator,OTHER
$USER0684,0,"...acceptul botnitei este unul din ""rezultatele"" ""deculturalizarii"" impuse de decenii si impunerea ""digitalizării"" !",OTHER
$USER1588,0,Transilvania independentă urmează,OTHER
$USER0668,0,Bai Neamțu tu ești basist,OTHER
$USER0426,0,Dar populația Romana mai doarme nu vede ce se întâmplă dormiți somnul cel de veci,OTHER
$USER0086,0,Acuma intelegem de ce UK a ales alt drum !!!,OTHER
$USER0126,0,DE CE ROMANIA TREBUIE SA LUPTE IN RAZBOI PENTRU INTERESELE AMERICI?!?!?!,OTHER
$USER0721,0,Buna seara din HAMBURG GERMANIA tuturor celor prezenți în live!,OTHER
$USER1854,0,Doamne ajuta amin,OTHER
$USER1753,1,Am și eu un Băiat și ce vor criminali sa mi-l ea,OTHER
$USER0859,1,Respectele mele stimata doamna și bună seara stimați urmăritorii aiacestei știre vă salut domnilor invitaților,OTHER
$USER1172,2,Ba asta ii drogata?ca ce greu vorbeste romaneste,OTHER
$USER1416,0,"Grasutu asta imi era simpatic, acuma vorbeste din bratele americanilor si sustine minciunile lor!",OTHER
$USER0862,0,Cat pot manipula cei care semneaza prezenta in fiecare seara si se pricep la toate,OTHER
$USER0592,1,"ADEVARAT, ADEVARAT, ADEVARAT, SA MEARGA TOTI HOTIIIII TRADATORI SI MAFIOTI DIN PARLAMENTUL ROMANIEI IN FRUNTE CU CEI CARE AU RUINAT ROMANIA 32 DE ANI .JOS GUVERNUL TRADATOR HUOOOOO",OTHER
$USER0801,0,Vrem neutralitate!,OTHER
$USER0669,0,Bun la istorie și atât! Istorici aceștia trăiesc în trecut.,OTHER
$USER0994,0,nu vreti sa aveti informatii hipersonica e doar inceputul ..,OTHER
$USER1446,0,"Gata, nu va mai suport! Hai, pa!",OTHER
$USER0168,0,Bine a ti venit dle Giorgianni!,OTHER
$USER1448,0,"TERHES!!!NU VREI SA VORBESTI DE AZOV,OK,VORBESTE DESPRE NATO ,CINE SAU CE ESTE DE FAPT NATO?",OTHER
$USER0671,0,Pai el trăiește bine mna măcar nu se da lovit,OTHER
$USER0909,0,Claudia Maria Guzga Aveți mare dreptate!!!,OTHER
$USER0651,2,In Kazacstan a fost o lovitura de stat orchestrata vest!,OTHER
$USER1031,0,Dute pe ulite si toti o sa te inteleaga,OTHER
$USER0492,0,Ce fericit e turistul,OTHER
$USER1026,0,Nu s-au strans semnaturile pentru demiterea lui Joha????,OTHER
$USER1795,0,"Cu sacrificii enorme am crescut copiii in aceasta perioada de dupa revolutie,stiti bine .",OTHER
$USER0745,0,"Dl-ului Neamțu, îi stau în gât puii și carnea de porc din magazine, merge la vânătoare, să facă crime!",OTHER
$USER1216,2,Asa este ...aici în Italia este stare de urgență până la sf anului,OTHER
$USER0828,1,Aşa este foarte adevarat aveti mare dreptate. Dumnezeu este mare şi sfânt pentru noi.,OTHER
$USER0909,0,Hărți Ne-o Doarme Mosuuu sub umbrar Sforăie că un bondar!!!!,OTHER
$USER0084,0,"BĂGAȚI REFUGIAȚI IN CASE, IEȘIȚI VOI, RĂMÂN EI",OTHER
$USER0631,0,Respect Dan Chitic!,OTHER
$USER0577,0,De ce nu trimite Harabagiu angajații pe front ?,OTHER
$USER1608,0,JOS USRPLUS NEOMARXISTI 3,OTHER
$USER1007,0,Ce ascunde recensământul ce se va face acum?? Ce se mai pune la cale?,OTHER
$USER0417,0,Sub c motiv a venit,OTHER
$USER0909,0,I au picat gradele!!! Ha ha!;! Cu steagul lui de 3 metrii!!,OTHER
$USER0161,0,"NI SE RIDICA TENSIUNEA DE UCRANIA,",OTHER
$USER1733,0,Vorbele lui Arsenie Boca se varsă mult sânge,OTHER
$USER0757,0,Maria Maris go 4 it,OTHER
$USER1800,0,România TV spune ca avioane ucrainene au aterizat in România,OTHER
$USER0472,0,"Andrei Morosan Normal, explorează noi resurse prin politici militare . Gazele din Marea neagra, Gazele de șist ( a eșuat ) dar și alte resurse.",OTHER
$USER1130,0,Eu votez Diana!,OTHER
$USER1792,1,"Au apărut trolii de serviciu,schimbul 2!!!",OTHER
$USER0097,0,"Ne baga astia in razboi, talharii",OTHER
$USER0972,0,Cine e Tump ?! un ștrumf ? Nu...e o marionetă.,OTHER
$USER0138,0,"Copiii nu se ating, cei care o fac sunt criminalii adevărați...ce părere aveți domnule Terheş?",OTHER
$USER0252,3,Tot ce se spune e minciuna ...Amerika ne va conduce !!!totul este o inscenare ...,OTHER
$USER0027,3,DOMNULE TERHEȘ TU ITI DAI SEAMA CE VORBEȘTI ?! PROPUI SA NE IMPLICAM IN VREUN FEL IN ACEST RĂZBOI PROVOCIND AL TREILE RĂZBOI MONDIAL ?!,OTHER
$USER1697,1,Mult respect dna Diana!,OTHER
$USER0987,1,De ce nu cine a spus că nu are dreptul este la fel un cetățean român care suferă ca toți ceilalți,OTHER
$USER1250,0,Dragi Romani trebuie sa dam jos acesti mafioti din Guvern si Parlament care vor sa ne distruga Tara si pe noi si Copii nostri,OTHER
$USER1444,0,"99% din cr vedem , din ce ni se permite sa stim sau din oamenii care ne sint ""livrati"" reprezinta manipulare .",OTHER
$USER0797,3,"Voi să mergeți la război, că voi faceți promisiuni, nu copii noștri! Ucraina si Rusia nu sunt în NATO, ce căutați acolo?",OTHER
$USER0578,0,Felicitări Domnul Luis Lazarus și invitatului Dumneavoastră,OTHER
$USER1090,0,Bravo Simion ardei pe hoti,OTHER
$USER1046,0,Era in generală,OTHER
$USER1130,0,Sper sa il invitati si pe Domnul Primo Laurentiu! Chiar aveam ce asculta atunci,OTHER
$USER1343,2,"Iar se dezbat subiecte,că și în pandemie dar nu se face nimic și nici ăștia nu vor plăti în schimb noi o luam de la capăt acuș cu covid și iar vom sta cu capu plecat și nu vom zice nimic",OTHER
$USER0738,0,"Luis, renunță la ,,vroiam"" și încearcă variantele voiam sau vream - e mult mai ok, înțelegi ce vreau să zic!?",OTHER
$USER1698,0,Paceeeee pe pamint.,OTHER
$USER1568,0,Salutare oameni buni..,OTHER
$USER1358,0,FELICITĂRI ptr emisiune cu stimă și respect deosebit !! Doamne ajută tuturor !,OTHER
$USER0135,3,Corect Dl . Aurelian ! Copii ruși morți in 2014 ..,OTHER
$USER0176,0,"Lasā imperiul otoman,atunci nu a fost Biden hirosima dombas cimitir de copii,pandemie(fals)etc............atātea prosti ce ne vorbeste acest preot doctir prof.istorie.....vai de noi",OTHER
$USER0120,0,FELICITĂRI DAN CHITIC !!!,OTHER
$USER1335,0,CONTRACTELE SINT SECRETIZATE .,OTHER
$USER0383,0,SA NU O AJUTE DUMNEZEU !!!,OTHER
$USER0086,0,Am colegi Ucrainieni care pot confirma asta,OTHER
$USER0210,0,Ce facem cu soldați noștri morții și două aeronave pierdute .Ce știm despre cei 8 militari morții că sunt ai noștri nu a altora,OTHER
$USER1120,0,Aveți impresia că în România vor mai fi alegeri libere?,OTHER
$USER0084,2,Ne crede prosti,OTHER
$USER0611,0,In Spania se aude acceptabil dom ul avocat,OTHER
$USER0754,0,Doamne ai mila de noi......Amin.,OTHER
$USER0617,0,Domnu Dan va ascuñtam cu drag,OTHER
$USER0351,0,"Guvernul si iohanis trebuie sa plece azi,vom deveni carne de tun",OTHER
$USER0226,0,Ion Tihu ce ma ce ma țin cu putin,OTHER
$USER0130,0,"Felicitari, Aurelian!",OTHER
$USER0408,0,America este cu noi... dar nu este vecina cu noi!,OTHER
$USER0640,3,Da Citic ai dreptate Americani vrea război și vrea să între RO.in razboi.,OTHER
$USER0307,0,Ce vedem noi acuma este un lunetist pregatit sa doboare o Kamila,OTHER
$USER0081,2,Doar Ana-Maria Gavrilă de la AUR este prezentă!,OTHER
$USER0120,0,RESPECT Dan Chitic !!!,OTHER
$USER1490,0,"Americani si-au bagat nasul peste tot,si numai au distrus!",OTHER
$USER0246,1,Alin Marian Alexandrut îl dă prin gura Humorului el vrea să mai ia tu nu vezi Putin e Hitler 2,OTHER
$USER1046,0,Ia spune tu cum Nu ne interesează ce zici Terhes,OTHER
$USER0171,0,"Bravo Aurelian, adevărul gol goluț despre Zelensky!",OTHER
$USER1669,3,Meriți Presedinte Diana,OTHER
$USER1046,0,N-ai zis sa nu qmi tim istoria,OTHER
$USER0426,0,Iauitel pe Iohannis giocelu,OTHER
$USER1834,0,CORECT SI ADEVARAT sa. DOAMNE AJUTA SA FIE BINE IN TARA ACEASTA SI SA AVEM PACE SI LINISTE. SA PLECE CIT MAI REPEDE SI MAI URGENT POSIBIL TOTI DE LA SISTEM.,OTHER
$USER1229,2,Dacă dați legea asta trebuie sa va dați demisia … Parlamentul devine inutil !!!,OTHER
$USER0253,0,Poporul nu beneficiază din cauza politicienilor și hoților din senat……așa a fost întotdeauna,OTHER
$USER0007,2,MULTUMIM PENTRU FRUMOASA EMISIUNE .....DE INALTA TINUTA INTELECTUALA...NEUTRALITATE SI PACE !,OTHER
$USER0360,0,DOAMNE AJUTA AMIN,OTHER
$USER0297,0,"Sandu ioana fugi la munca duduie , numai comenta prostii pe aici",OTHER
$USER1311,1,An război sa meargă hoți din parlament iei au furat tara și ei s-o apere,OTHER
$USER1388,0,Exact . ii punem pe politici in prima linie .,OTHER
$USER1393,0,Super noi murim de foame,OTHER
$USER0319,0,Nici la ziua națională nu au făcut atâtea pregătiri...,OTHER
$USER0591,0,Revine Covidul a zis Iosefina Pascal,OTHER
$USER1016,0,Lazarius președinte sau George Simion presedinte,OTHER
$USER0399,2,Ei uite acolo trebuia o racheta,OTHER
$USER0707,0,"Sua e cel mai mare exportator de ideologie neo-marxista la ora actuala, iar UE este indoctrinata deja…dar hai sa “ne bagam in seama” cu Rusia, ca sa vorbim discutii",OTHER
$USER0681,0,Jos oligarhii lumii!,OTHER
$USER1334,0,Ca și din război...bani,OTHER
$USER0142,0,Numai are grai d nul Terhes,OTHER
$USER1222,1,Respect domnule Piperea!,OTHER
$USER1060,0,Te apreciem mult George ajutane....,OTHER
$USER1821,0,Va iubim Doamna Diana si ma rog lui bunu dumnezeu sa fie alaturi de dumneavoastra ca sunteti cu un suflet extra ordinary pentru tot poporu Romaniei Doamne ajuta sa fie pace nu vrem razboi,OTHER
$USER0084,0,DESCHIDETI MINELE ROMÂNEȘTI,OTHER
$USER1652,0,Daca SUA doreste razboi cu RUSIA sa-l porneasca prin Kamciatka. Pornesc din Alasca si bombardeaza in Kamciatka!,OTHER
$USER1398,0,"E un show, sa ne atraga ...",OTHER
$USER1819,1,Nuuuuuuuuu! Nu e războiul nostru !!!!,OTHER
$USER0487,0,Și dacă a venit doamna nu mai avem război??,OTHER
$USER0463,0,Crezi că are inimă?,OTHER
$USER1393,0,În timpul lui RSR cine a făcut armata a jurat RSR ului pentru apărarea tarii dar pt apărare numa dar nu pt atacarea .,OTHER
$USER1213,1,Politicieni criminali si mafioti!!!!!,OTHER
$USER0084,0,MIHĂIȚĂ ÎȘI IA ORDINELE DE LA ȘEFII DE LA LUME,OTHER
$USER1253,2,Da Ucranieini sunt buni cau interzis in scolii limba Romana,OTHER
$USER0714,0,Tu ce sa faci pentru mine,OTHER
$USER0470,0,Dacă pui mesajele astea la un calculator quantic se strică inainte sa ajunga la un rezultat,OTHER
$USER0454,1,"manipulare pe fata, lasati minciunile, mai terminati cu manipularile acestea.",OTHER
$USER1922,2,"Nu ne trebuie război,? Ucraina nu ne privește, e conflictul lor! Nu avem obligații, aia nu sunt nici parte NATO nici parte UE! Daca eram noi in locul lor ucrainenii urinau pe noi!",OTHER
$USER0646,0,neamtule iesi afară ca spui numai minciuni,OTHER
$USER1200,0,Nu uitati ca Parlamentul are obiceiul sa voteze legea Noaptea ca hotii au facuto si altadata.,OTHER
$USER1045,0,Cum este cu recensamintul...ce se urmareste?,OTHER
$USER1901,0,vrem fapte doar vorbe goale,OTHER
$USER1022,0,"Banii Românilor sunt in buzunarul partidelor ,de aia cresc prețurile la tot",OTHER
$USER0636,0,Felicitări domnule Neamțu!,OTHER
$USER0638,0,Aia au inceputo cu ciocanele si nici decum cu pustile mai Terhes,OTHER
$USER1127,0,La multi ani!...si mult respect. O zi binecuvintata de D-zeu va doresc sa aveti!,OTHER
$USER0114,0,Oh doamne hai să-l auzim,OTHER
$USER1856,0,Exact ce am zis....cu o floare nu se face primăvară....nu îi interesează pe romani....sunt toți mulțumiți.....,OTHER
$USER0142,2,BRAVO Luis pentru această frumoasă emisiune și felicitări pentru invitați în afară de Mihai Neamțu scuze dar nu mi-a plăcut cu toată inteligenta lui.,OTHER
$USER1674,0,"Elisa Anca ,așa a scris telefonul , greșit",OTHER
$USER0462,2,"Afara Masoni, au vize pentru a intra în România ?",OTHER
$USER1794,0,Sa va ajute Dumnezeu ca sa invingeti!!!! Pace! Pace!,OTHER
$USER1820,0,Neamestecul in treburile interne ale altor state!!!! ROMANIA -NEUTRĂ,OTHER
$USER1514,0,Normal că Napoleon a zis dar si el a sfârșit pe o insulă exilat,OTHER
$USER1211,0,"Prefer sa fac 15 ani de puscarie , decat sa merg la un razboi in care voi fi carne de tun .",OTHER
$USER1783,0,BUCUREEEEEESTIII IEEEEESI IN STRAAAAAAAA !!!!,OTHER
$USER1429,0,TERHES DUTE NANI TE TREZEȘTI BEI UN CEAI DE TEI ÎȚI REVII,OTHER
$USER0665,0,Domnul Dan Chitic are dreptate !,OTHER
$USER0040,0,Doamne ajuta să fie bine la toatà Lumia. Dumnezeu sà và binecuvinteze Doamnà Dieana.,OTHER
$USER0030,0,Bună dimineața!,OTHER
$USER1878,0,"Corect…..Libertate,Neutralitate……!!!!",OTHER
$USER1726,3,Criminali nu au copii,OTHER
$USER0228,0,GO DIGI TV sau Pro TV!,OTHER
$USER0120,0,",, În contextul actual Putin este criminal, toți președinții americani de pana acum sunt criminali "" Cozmin Gușă",OTHER
$USER1112,0,"Salutari dl Luis Lazarus. Frumos din partea d-stra , multumesc pentru dl George Simion , ca acceptati sa fie in direct cu noi ,,rominii,, ! Felicitari !",OTHER
$USER1839,0,"Clara Popescu dacă nu iti place pleacă, suntem destui și fara tine",OTHER
$USER0420,0,Mai nene nu mai bateti câmpii!!!,OTHER
$USER1507,0,Da nu știu dacă tu într-adevăr știi citi,OTHER
$USER0884,1,"Dați foc la guvern,Parlament ,instituțiile statului si benzinăriilor! Si gata!",OTHER
$USER0628,0,Vine Valul... 6,OTHER
$USER0250,0,Vine laptele și mierea,OTHER
$USER1367,0,Prosti de Tk induce a declara război ru.,OTHER
$USER1514,0,Lazarus cinste tie ca deocamdata reprezinti cetățenii simplli dar bănuiesc ca Romania e deja jucată la ruletă,OTHER
$USER1540,0,Pt mine si razboiul..Este o educatie a frici spre Marea Rezetare,OTHER
$USER1434,0,cu drepturile omului pe pandemie ai mers bine acum a inceput sa scheoapete,OTHER
$USER0497,0,Acum ar trebui Putin sa dea o bomba... Vandutilorrr,OTHER
$USER1650,1,Felicitări!Doamne ajută-ne.,OTHER
$USER0097,0,"Cand scapa bombele biologice si armele nucleare vor fi puse in aplicare, la revedere viata normala pe Terra",OTHER
$USER1385,0,Schimbat ...de ce oare?,OTHER
$USER0013,0,Oameni minunati! Felicitări!!!,OTHER
$USER0638,0,"Mai spunei o data , ca a incercat sa te astupe",OTHER
$USER1575,0,De vor sa stie ei tott absolut totul despre mine ..chiar si unde ma scarpin,OTHER
$USER1189,1,PNL TREBUIE DESFIINTAT DEFINITIV,OTHER
$USER0077,0,Terhes pe o mana cu Azof!,OTHER
$USER1796,0,Toți ar trebui sa ieșim ca alt fel este jale,OTHER
$USER0123,0,Știm despre ce este vorba .Dar Terhes joaca in alt film,OTHER
$USER1494,0,Suntem in 2022 !,OTHER
$USER1532,0,Gluga de coceni,OTHER
$USER0820,0,Ahaha in tv in italia nu au arata romania doar Polonia,OTHER
$USER0806,0,Iohannis a fost la refugiați la vama dar an spitalele de cancer sau orfelinate a fost,OTHER
$USER0650,0,"Ce a facut U. E ptr Romani, Maghiari, Ucranieni? Etc? De ce nu este moneda Euro si salariile le avem in Lei, Forinti? Nu ei nu ne folosesc!!!",OTHER
$USER0658,2,inchidel pe ala din masina ca este disperat si nu ajungeti niciunde,OTHER
$USER0495,3,"DACA IN AMERICA CÎSTIGA TRUMPH ALEGIRILE ,TOTU- L ERA BINE IN LUME.",OTHER
$USER0298,0,"Doamne ferește, dacă a venit femeia- bărbat în vizită se sperie PUTIN. Oare ia schimbat pampersul lui Biden?",OTHER
$USER0174,0,Armata rusa este praf ?,OTHER
$USER0334,0,Pentru românia .ori se schimbă în bine.ori va fi dezastruos pentru noi toți.,OTHER
$USER0701,0,Vrem independența țării,OTHER
$USER1398,0,Rusia si Ukraina sunt ca doi frați....sa-si rezolve treaba intre ei !,OTHER
$USER1212,1,Nu sîntem obligați să mergem în război să vă fie rușine guvernul criminali ce sînteți,OTHER
$USER0340,0,Pace și neutralitate!,OTHER
$USER1256,2,"si uite asa, psd-ul isi arata din nou adevarata fata",OTHER
$USER0357,1,Defrișăm pădurile și facem țepe și ii tragem pe toți în țeapă!,OTHER
$USER1710,0,Da asta vor.. Depopularea României,OTHER
$USER0684,0,"Și asta ce dovedește? , CĂ Germania are postură de curva nazistă.",OTHER
$USER1309,1,Bravo voi faceți publicitate tot la multinaționale. Rușine.....,OTHER
$USER0033,2,"Ăștia sunt oamenii noi formați de către sistemul bolșevic,soșa incearcă să-i recicleze !",OTHER
$USER0459,0,"Chireac manipuleaza dezinformeaza , huuuooooo",OTHER
$USER0039,5,ASASINI ECONOMICI !!,OTHER
$USER0919,0,CU BENZINĂRIILE ÎNTREBAȚI PE CĂMĂTARUL GHIORGHE SIMION DE CE NU DAU PREȚURILE ÎNAPOI...,OTHER
$USER0808,3,"După ce un Președinte Român a pus țara în pericol și nimeni nu s-a opus,nu știu dacă mai merităm ceva.",OTHER
$USER1320,0,Viruși Sint în parlament!,OTHER
$USER1149,2,Buna Seara Si Multa Sanatate Romnia Tv,OTHER
$USER0116,0,Atâta tam-tam pentru un parazit,OTHER
$USER1903,0,Doamna Diana sunteti Mana Maicii Domnului!,OTHER
$USER0120,0,Despre crimele făcute de americani în Serbia ???,OTHER
$USER0024,1,DEMISIA DEMISIA DEMISIA DEMISIA DEMISIA DEMISIA.,OTHER
$USER0887,3,SUA are biolaboratoare în Ucraina și voi îl reclamați pe Putin la ONU ? Păi de ce nu îi reclamați și pe americani ? Ei de ce sunt mai buni decît rusul?,OTHER
$USER0872,2,A zis clar Lavrov că per Rusia o doare undeva daca UE mai cumpără sau nu gaz,OTHER
$USER1373,0,"NU ma asteptam la asa ceva niciodata la aceasta persoana sa se suceasca atat de tare, dar cat timp traiesti ai de invatat .",OTHER
$USER0608,0,necesar si dorit!,OTHER
$USER0084,0,"TOȚI AVEM PERMISE PORT ARMA ȘI ARME, MAI RĂU CA IN SUA",OTHER
$USER0638,0,Datil mi incet pe MIHAI NEAMTU ! Ca imi striga in urechi,OTHER
$USER0188,0,nu dorim UN CONFLICT RUSIA NATO.,OTHER
$USER0495,0,KAMALA CITESTE MESAJELE,OTHER
$USER0591,2,Putin e evreu și asta conteaza,OTHER
$USER0169,3,"America a băgat bățul prin gard , Zelenski a îneput să latre ! A pus botul !",OTHER
$USER0811,3,Sa ne dea pamanatul inapoi Ukraina,OTHER
$USER1432,2,"Americanii seamănă război peste tot, au băgat bățul prin gard ,la ruși,folosindu-se de Ucraina",OTHER
$USER0104,4,Eu sper ca nu se renunta la pedepsirea criminalilor din pandemie.,OTHER
$USER1521,0,Jocuri politice,OTHER
$USER1737,1,PACE și neutralitate!,OTHER
$USER0813,1,Tara crede ce se da la televiziuni ? Mulți nu cred deoarece îmbrățișați minciuni .,OTHER
$USER1738,0,Sunt niște criminali jos criminali,OTHER
$USER0617,0,Fi mai respectos Mihai Neamtu,OTHER
$USER0526,0,Și-a adus si mașinile din America,OTHER
$USER0603,0,Se aude bine acum,OTHER
$USER1403,0,Bravo felicitări și Respect,OTHER
$USER0661,2,Ce arrogant este d-nul Neamtu !,OTHER
$USER1604,0,"La mulți ani Doamna Diana XENNA de România!, fi tare te iubim!",OTHER
$USER0865,0,Proasta 65 sau 63 pentru tine este egal.?,OTHER
$USER0235,0,Costică Costică am ieșit si am protestat si atunci si o fac si acum,OTHER
$USER1373,0,Istoria a fost scrisa la fel cu va fi asta de astazi ? deci ma pot gandi la asa ceva nu ? in moment ce sunteti facut 'terci' de propriile noastre televiziuni !,OTHER
$USER1378,3,"Ești vândut americanilor, de aia și urlai împotriva Ursulei. Nu că erai tu curajos, dar aveai americanii în spate.",OTHER
$USER0791,0,Ioana Chirieci am înțeles,OTHER
$USER1237,0,Minciuni România rușine,OTHER
$USER1450,0,Care relati I. N. T,OTHER
$USER0161,0,PAI AZI LA ADRIANA BAHMUNTEANU COSMIN GUSA SPUNE CA E.VORBA DE TREI ANI ACEST RAZBOI!,OTHER
$USER1773,0,Neutralitateă Rominiei vrem !,OTHER
$USER0340,0,Băsescu pe unde e,OTHER
$USER1473,0,"Buna seara! Dle Cristian, ne dezamagiti!!! Aveam alta parere despre dumneavoastra.",OTHER
$USER1229,1,Dacă dau arme romanilor … pornesc la vânătoare de politicieni tradatori ..,OTHER
$USER0107,0,ROMANIA NEUTRA. .,OTHER
$USER0604,0,Se auzea perfect,OTHER
$USER1476,0,Bună seara. Felicitări felicitări și cel mai mare respect.,OTHER
$USER0833,1,Dacă armatele între ele nu vor sa lupte conducători nu mai au puterea sa mai facă nimik,OTHER
$USER0526,1,Ionny Pella Bine zici broo al făceau nebun,OTHER
$USER0212,4,Cei care au pus steagul Ucrainei fără steagul României ar trebui să-și dea demisia.,OTHER
$USER1631,0,IL VREM PE IISUS,OTHER
$USER0073,0,Felicitări MARIAN,OTHER
$USER0246,0,Sandra Forje hai să fim serioși cu un nebun nu te pui ăsta vrea să ocupe toată Europa ca Hitler,OTHER
$USER1363,2,"Secretele dacă sunt secrete nu se spun noua... Sa fim serioși.. Noi habar nu avem, rumega ce ni se da",OTHER
$USER0526,2,Aha Sarakilor nou murim bogați au buncare,OTHER
$USER0600,0,noi il auzimbine,OTHER
$USER0907,2,"Bravo conducatorilor Romaniei,daca ajuta refugiatii cu banii batranilor.de la.azil( ca la azil toti batranii platesc - nu sant cazati gratis !",OTHER
$USER0339,0,Se dă planul masonilor peste cap,OTHER
$USER0231,5,Iohannis cere sprijin pentru a distruge țară cu totul și ca delicventii sa fie lăsați sa fure,OTHER
$USER0104,0,"Aoleoooo, vorbe, vorbe...care e solutia? Ce face in sensul asta?",OTHER
$USER0120,0,Și trupele naziste Azov au ucis mulți copii !!! Știe dnul Neamțu ???,OTHER
$USER0557,2,"Dmn LUIS eu zic să-ți ei 2-3 băieți ca dmn NEAMȚU , și apucate de treaba , ca s-ar putea sa ai succes …. Ca ăștia fura ca in codru",OTHER
$USER0028,0,"Doamne .. D .Prof Colceag ! D.Manega ! Și un alt Domn. .! Doamna Șoșoaca .....văi doamne ce minunați Oameni ai României aici ,!",OTHER
$USER0946,0,Myryam Myryam aceiași întrebare mi-am pus-o și eu! Cum e posibil ca el să nu fie informat? De aici încrederea în el a scăzut,OTHER
$USER1702,0,PACE-NEUTRALITATE,OTHER
$USER0323,0,Care Cămilă cea cu masca,OTHER
$USER1745,0,PACE ! PACE ! PACE !,OTHER
$USER1589,0,LA MULȚI ANI FERICITI TUTUROR MAMELOR DIN INTREAGA LUME,OTHER
$USER0335,0,Imbracata in NEGRU tine DOLIU .........,OTHER
$USER1046,0,Păi și de ce n-am muta granițele,OTHER
$USER1682,0,Dumnezeu e viu și adevărat,OTHER
$USER1158,1,"Din pacate ,asa este",OTHER
$USER0590,2,Avem neamuri la sârbi știm adevărul,OTHER
$USER0802,0,Dâncu’le nici limba ta nu o știi citii se pare…,OTHER
$USER0502,0,"A venit să îl provoace pe Putin, ca să ne bombardeze pe noi!?!!!",OTHER
$USER0983,0,Felicitari oameni curajosi si destepti.,OTHER
$USER1065,0,L-ati dat jos pe Cacatu si l-ati pus pe Maciuca !; Orbi mai sunteti !,OTHER
$USER0472,0,"Lilia Sufrai După mine ,normal.",OTHER
$USER0217,0,"Cand i se pune o intrebare, pt ca nu stie sa raspunda, incepe sa rada. Probabil asta o sa faca si in Romania.",OTHER
$USER1603,1,Neutralitate pentru România!!,OTHER
$USER1820,0,Nu vrem război!!!!!!!,OTHER
$USER0851,0,"Eu unul a-și, veni dar nu pot pentru ca, nu sant vaccinat și nu pot întra in instituțiile statului",OTHER
$USER1785,0,"La multi ani fiicei dv ,d le Mihai Lasca Multă sănătate și succes",OTHER
$USER1370,0,Uite-l pe profesorul de istorie....Terhes pe numele lui...!?,OTHER
$USER1475,3,Daca vin rușii.. Noi am deliberat îl dăm pe Iohanis,OTHER
$USER1918,2,Neutralitate!!!,OTHER
$USER0072,0,"Sa-ti dea D-zeu tot ce-ti doresti, te pupic de la Madrid",OTHER
$USER0130,3,armata rusa praf????,OTHER
$USER1366,2,"Constantin Gheorghe In medicină a început de anul trecut, vaccinează ca să facă bani cât mai mulți mie ìmi pare sincer rău ca le-am făcut de aceea vă spun nu vă vaccinați",OTHER
$USER0638,0,"Si interesul nostru , cind il avem ?",OTHER
$USER1744,0,Dar ce numere Arafat Iohannis și priministru la război să facă ele fost în război că sunt bogată deja a ieșit dincovici acum ai fost director război,OTHER
$USER0513,0,"A venit zeița americană să prezinte foaia de drum ptr România, și binenteles că dulapul de la Sibiu cu România normală și educată se va conforma întocmai, doar suntem colonie doar!",OTHER
$USER0379,0,Vrem neutralitate.,OTHER
$USER0691,0,Lasa ne Neamtule stim din ce ceomota faci parte,OTHER
$USER0228,2,În Rusia putem merge cu pașaportul dar în SUA doar cu viza!,OTHER
$USER1639,1,La multi ani dna Diana si pt toata lumea !!!,OTHER
$USER0532,0,Vorbește frumos ..,OTHER
$USER1562,0,Dar avem chitanțele!,OTHER
$USER0741,0,Felicitări oamenii dragii!,OTHER
$USER0202,0,Șosocarilor? Unde sunteți?,OTHER
$USER0217,0,Aduceti niste comedianti asteia ii place sa rada,OTHER
$USER0920,0,Elena Barbu gripa a dispărut ? Dacă mergem pe ce ne spun ei deja suntem morți,OTHER
$USER1674,0,"Mai înțeles nimic,stai jos",OTHER
$USER0211,0,Vă felicit pe amândoi!,OTHER
$USER0216,0,Da cine sa de-a ordine ce trebuie sa faceți cu om,OTHER
$USER0747,0,"Doamne ajută , ne am săturat de 32 de ani !!! În final așa v a fi !!!!",OTHER
$USER1026,0,Da???? Dar avionul doborat si elicopterul ...de ucrainieni pe teritoriul nostru??? Unde era NATO??,OTHER
$USER1396,0,LUIS. TE ROG SPUNE-MI DE UNDE ESTI TU DE FEL?,OTHER
$USER1781,0,"Stă la dos,el iese doar la apelul bocancilor!",OTHER
$USER1308,2,Bagati in puscarie pe viata pentru atentat la securitatea si suveranitatea nationala!,OTHER
$USER0025,0,Respect domnule profesor.Avem atitia savanti si intelectuali care sint efectiv acoperiti de oameni sistemului mediocru,OTHER
$USER0671,0,Prostimea încă poarta masca,OTHER
$USER0786,0,Să le dea Dumnezeu la toți criminalii tot ce nu își doresc. Au distrus o țară ce nu trebuia altceva decât să se retehnologizeze.,OTHER
$USER1246,3,Dar voi vreți s ne omorâți criminalilor,OTHER
$USER1755,1,Felicitări doamna Sosoaca! Să meargă în război Johannis cu oile lui!!!,OTHER
$USER1830,0,Diana si noi Romancele va promovam.,OTHER
$USER0664,2,In curând o sa ne trezim intr-o dictatură!!,OTHER
$USER0565,0,ANUNȚ IMPORTANT PENTRU TINERI SĂ PĂRĂSEASCĂ ȚARA,OTHER
$USER1840,0,Criminali Criminali,OTHER
$USER0743,0,Poate în Israel acolo este țara lui.,OTHER
$USER0844,1,Este EVREU ...Mulți REFUGIATI DORESC sa Ajungă în IERUSALEM ..,OTHER
$USER1493,0,Nato e doar o iluzie.,OTHER
$USER1336,0,"Bună seara, respect domnilor Terhes si Lazarus!",OTHER
$USER0962,0,Minciuni peste minciuni !!!!,OTHER
$USER0496,0,Resursele țări sunt in mâna străinilor ???,OTHER
$USER1197,0,Putin a făcut cel mai bun lucru pe planeta umane a dezertat covidul din România.,OTHER
$USER0489,0,din cauza atacurilor cibernetice o sa ajungem sa punem benzina din butoaie cu pompa manuala?,OTHER
$USER0235,4,Ieșiți în stradă daca vreți Neutralitate si pace,OTHER
$USER1431,0,Respect Luis și Cristian,OTHER
$USER0042,2,"Si in Italia ,MITALUL a facut numai afaceri murdare! A inchis si là Taranto fabrica . Au facut-o bucati si au vandut-o germanilor",OTHER
$USER0922,0,Cred ca au citit coment la postări,OTHER
$USER1623,0,"Din Anglia,va pup si va urez un calduros ,,LA MULTI ANI"",de ziua femeilor...",OTHER
$USER0076,0,Ionel Butuc Terhes=Puppet.,OTHER
$USER1556,0,Ana Grozavescu Aveti perfecta dreptate..si eu l-am admirat dar cum spunet dvs sa schimbat total....pacat,OTHER
$USER0477,2,Johanis ai grijă și nu te juca cu soarta poporului român că nu este războiul nostru. Ce caută asta in țara noastră?,OTHER
$USER1679,1,Vine mai târziu. Doamnă.,OTHER
$USER1804,0,Doamne ajută ne să fie Pace!!!!!,OTHER
$USER0084,2,MIHAI NEAMȚU NE SUBESTIMEAZĂ INTELIGENȚA,OTHER
$USER0265,0,E vacinată. Americanca,OTHER
$USER0776,0,Multă sănătate Dumnezeu sa va țină sănătoasă și să vă apere de tot cei rau,OTHER
$USER0418,0,Daca venea Biden era ceva.....așa....,OTHER
$USER0116,0,"Noi trebuie să fim neutrii, nu trebuie să aruncăm cu pietre, peste gard la vecini,doar așa putem evita problemele.",OTHER
$USER0218,0,Lasă că ți-o pune Putin sub fund bomba.,OTHER
$USER0570,0,Dictatura se va instala,OTHER
$USER0671,0,Dacă nu știai mihai Neamțu și în România democratică așa cum e sa băgat o lege acum azi,OTHER
$USER0628,0,Asa pregătiți-vă sa o luați la freza,OTHER
$USER0960,0,Respect mulți nu au logica vai de mama noastra,OTHER
$USER0554,0,Luis te întreb Ceva...acest război este propagandă să scăpăm de covid? mulți vorbesc despre chestia asta...te rog dacă ești în măsura sa îmi răspunzi,OTHER
$USER0132,0,Da la românii noștrii din Ucraina nu vorbește nimeni.,OTHER
$USER0105,0,Nu mai avem arme si fabrici din cauza occidentului nu din cauza Rusiei,OTHER
$USER1782,0,Vrem pace și neutralitatea României !,OTHER
$USER1366,0,Constantin Gheorghe Nici într-un caz ferească Dumnezeu,OTHER
$USER1284,2,Dati-va demisia toți și plecați unde veți vedea cu ochii!!!!?,OTHER
$USER0990,0,Păi moare cuțui cai,OTHER
$USER0153,0,Rusia nu o să atace niciodată convențional România!,OTHER
$USER1448,0,LUIS TE ROG INTREABA-L PE TERHES CE ESTE AZOV SI CU CE SE OCUPA ACESTIA IN UCRAINA,OTHER
$USER1167,0,Războiul e aproape țineți-vă bine pregătiți vă să mergeți la luptă oameni buni cu voia voastră și fără voia voastră,OTHER
$USER0599,0,Se aude foarte bine,OTHER
$USER1459,0,Romănia noastră este praf și voi vă dați de ceasul morții de hoții ucrainieni,OTHER
$USER0499,0,Pace fără amestecul în alte state,OTHER
$USER1860,0,Urata rasa de oamenii o parte din bucuresteni le trebuie o bomba sai trezeasca din somnul in care se afla de 2 ani,OTHER
$USER0006,0,Vorbă lungă te speli cu cenușă pe dinți?,OTHER
$USER0292,0,Cred ca ar fi mai bine fără președinte ..,OTHER
$USER1789,1,"Le este frică de popor, ieșirea masivă ar schimba multe",OTHER
$USER0584,0,Bună seara domnu Luis Lazarus! Felicitări pentru emisiunea pe care o faceți! Sănătate și putere de rezistență! Doamne ajuta!,OTHER
$USER0361,0,Zi decisivă pentru țara noastră să nu ne bagi în jeleu domnul președinte poporul este neutru,OTHER
$USER0576,0,Mânăriile corupției prin o democrație și a justiției o mână se spala pe altă.Vinovatii uni mituiește,OTHER
$USER0987,0,Cine îl alege pe Cîtu ha ha ha,OTHER
$USER0381,0,"Noi vrem pace NU vrem nici American bună, nici Putin NU e războiul nostru",OTHER
$USER0566,0,"Nu ați răbdat, alți da",OTHER
$USER1534,0,Ce se întâmplă aici? Reclamă la ochelari?,OTHER
$USER0662,0,Ciao Luis rămâi sănătos cu Neamnțu....sincer sunt sătul de Nemți!,OTHER
$USER0966,0,VĂ SALUT CU RESPECT..,OTHER
$USER1738,0,Trebuie să ieșim in stradă să dăm foc la guvern cu toți criminali in el jos Iohanis,OTHER
$USER0401,0,Suntem sacrificați și nu luam atitudine!,OTHER
$USER1507,0,NATO ne baga în probleme NATO ne-o oamor romani de covid,OTHER
$USER1694,0,Așa e poate înțelegeți ce înseamnă America,OTHER
$USER0079,2,"Deci tot mai bun era Ceaușescu... haha! Era patriot, totusi!",OTHER
$USER1627,0,Pestele de la cap se inpute,OTHER
$USER0143,0,DIANA IOVANOVICI SOSOACA,OTHER
$USER1543,0,Dumnezeu sa de-a Putin bombe în capul lor,OTHER
$USER0091,0,"Să apere BUNUL DUMNEZEU , pe toată lumea de războaie...!",OTHER
$USER0280,0,DECE NU A VENIT DE PASTI DECE TOCMAI AN ACEST MOMENT SPER SA FIE ANTRUN CEAS BUN ACEASTE VIZITA,OTHER
$USER0246,1,Du-te la Putin să ți-l dea,OTHER
$USER1747,0,LUATI LABELE DE PE COPII CRIMINALILOR!,OTHER
$USER1609,0,"La mulți ani "" femeie azi """,OTHER
$USER0656,0,"Esti tare ,Cezare",OTHER
$USER0881,0,"Ciutacu și Putin, dați-vă foc!!!",OTHER
$USER0239,3,DUTE ACASA KAMALA,OTHER
$USER1103,0,Presedintele SUA anunta noua ordine mondiala! Ce inseamna,OTHER
$USER0103,2,"Trist sa constati ca Iohabis este un ,,presedinte"" mai ( prost) decat Ceausescu ...",OTHER
$USER0084,0,CITEȘTE DE PE FOI MIHĂIȚĂ,OTHER
$USER1690,0,Felicitări doamnă!,OTHER
$USER1783,1,BARBATI ROMANIEI UNDE SUNT !!!!MAI sunt pârgari în țara asta????.,OTHER
$USER1032,0,"Bravooooo,Diana Sosoaca",OTHER
$USER0940,0,Putin este cel mai tare șef de stat,OTHER
$USER1072,0,Da 10% DIN salariul de la Brüxel,OTHER
$USER1745,1,"AUR A TRADAT, NU SUSTINE PACEA !",OTHER
$USER0470,0,Baaaaaa e ceva ce nu știți????,OTHER
$USER1197,1,Dații lui iohanis vernar arma în mină sa fie primul care a trebuit să facă instrucție și să lupte.,OTHER
$USER1088,0,Felicitări mult succes!!!,OTHER
$USER0992,0,NEUTRALITATE !!!,OTHER
$USER1393,0,Asta de unde ii ca tot uit,OTHER
$USER1428,0,Atitudinea de răzbunare la adresa rușilor nu ne aduce nici un beneficiu,OTHER
$USER1450,0,Putin Nu vrea .. noua Ordine Bravo lui...!,OTHER
$USER1461,2,Domnule Terhes deja ai început să ne descurajezi.pierdem încrederea.,OTHER
$USER0692,2,Dar c'è bravi cind a omorita americani oameni nu au fost criminali?,OTHER
$USER0777,0,"Mult respect ,doamna!",OTHER
$USER0365,0,"Politicienii din România care vor război,sa isi de-a demisia din funcții și sa meargă în Ucraina și sa lupte...",OTHER
$USER0563,0,Trebuie sa înțelegem ca se schimba alimentația cancerigena Cumva ori se consuma ori se aruncă,OTHER
$USER0943,0,Dictatura sub orice forma revine mai rău ca pe timpuri!,OTHER
$USER0396,0,Ce ne mai cer acum americanii?Vad ca am ajuns foarte importanți!!,OTHER
$USER0500,0,"Ce comentarii, să ne ferească Dumnezeu de inteligența pe care n-o aveți.",OTHER
$USER0763,0,Vin și mor cu ei în față ... Klaus ... Catu ... Orban ...barna...nasui ...tot usr ... PNL....și eu în urma lor ghidaj,OTHER
$USER0270,0,"UCRAINA VREA PACE CU RUSIA, VOI CE FACETI VRETI SA NE BAGATI IN RAZBOI, ATENTIECMARE OAMENI BUNI.",OTHER
$USER1139,0,Pe Diana Iovanovici Șoșoacă- Oficial președinte,OTHER
$USER1736,0,NATO a omorat o gramada de oameni si distrus o gramada de tari. Sa plece la ei in tara.,OTHER
$USER1748,0,Bravo Doamna Diana,OTHER
$USER0421,0,Bună seara Lazarus,OTHER
$USER1332,0,Stima si respect pentru dvs domnilor Terhes si Lazarus,OTHER
$USER1766,0,"PACE,PACE PACE...",OTHER
$USER0965,0,Ce este cu recensamăntul?,OTHER
$USER1709,1,Felicitări si sănătate să aveți să vă bucurați si sa ne.bucurăm de copii,OTHER
$USER1486,0,Domnul Terhes este un politician de dat ca exemplu.,OTHER
$USER0410,0,Cît...mănînci sau te au platit din nou,OTHER
$USER1349,3,Terhes și-a mâncat cinstea ...chiar nu voi viziona această emisiune.,OTHER
$USER0638,0,"Pune si tu steagul Romaniei la poza de profil , de vrei sa fi bagat in seama !",OTHER
$USER1857,0,"De ce nu ieșiți mai mulți, vreți să vă ia copii?? Sunteți spălați pe creier, ce aveți oameni buni, nu mai judecați limpede??",OTHER
$USER0117,0,"Terhes o este de al celorlalti , adicā este parte din sistemul de care ar trebui sā scāpām,",OTHER
$USER1745,0,JOS IOHANNIS !!! JOS GUVERNUL MAFIOT !!!,OTHER
$USER0187,0,În wuhan sunt sponsorizări cu fonduri federale,OTHER
$USER1163,1,"Păi scăpa acuma cu războiul. Că cu pandemia, minciuni, nu au omorât cât trebiua.",OTHER
$USER0732,0,Domnul sa-i binecuvinteze,OTHER
$USER1050,0,Unde ai lucrat ?,OTHER
$USER0343,0,Da cine o mananca de este atata lume in jurul ei,OTHER
$USER1754,0,Dupa ce punem mana pe arme nici nu avem treaba cu rusii asa vom face,OTHER
$USER1628,1,"La multi ani ! Doamna Senator Diana numai uniti vom avea Pace! ,,Pacea de la Bucuresti!"" Ce trebuie sa raspîndeasca in toata lumea ,sa fim exemplu in lume! Va iubim si va respectam !",OTHER
$USER0408,0,Sa intamplat cu mult timp in urma...Ai inteles?,OTHER
$USER0120,0,AZOV - niște criminali care au ucis chiar și ucraineni pe lângă foarte mulți tineri și copii rusi !!,OTHER
$USER0608,0,stai cuminte ... nu te impusca nici un rus,OTHER
$USER0905,0,Mai i zilelor Nimic despre Ro,OTHER
$USER0684,0,"Dle Lazarus ... proastă inspirație ați avut invitind -ul pe dl.Neamtu ,... dacă ați fost obligat...e de înțeles.",OTHER
$USER0817,0,Din păcate suntem foarte rai uni cu alti Dumnezeu ne arată as că trebuie să nu ne mai mâncăm între noi cosa fie și mai rău,OTHER
$USER1811,0,dar cine vrea război?,OTHER
$USER0217,0,"Alo, Putin unde sti?))",OTHER
$USER1275,0,"Si ce vreți sa facem , sa stam in genunchi înaintea teroristului de PUTIN , trebuie izolați si dezarmați clanul dictatorului !!!",OTHER
$USER1314,0,"Asteptam cealalta stare de alerta de razboi,ca tot nea obisnuit cu teroarea !!!!!!",OTHER
$USER0454,6,"Actorul isi joaca bine rolul isi omoara oamenii iar bogatii tineri trec granitele, Esti mai mare terorist decat Putin, Zelensly.",OTHER
$USER1209,0,Bunasaradelasocolaiasi,OTHER
$USER1386,0,"Dl.Terhes , vorba multa ...saracia omului ! Lasati-ne cu aburelile !",OTHER
$USER1790,0,Rupe i pe toți. Diana,OTHER
$USER1459,0,"Vor să ne distrugă ,mai ales americanii și evreii",OTHER
$USER0894,1,"Ba voi nu vă dați seama ce vreți să faceți eu va zic un lucru toți se vor întoarce cu armele în potriva voastră ,",OTHER
$USER0697,0,Băsescu recomanda gaz lichefiat,OTHER
$USER0539,0,Cât extaz... și ipocrizie!,OTHER
$USER0120,0,",, În contextul în care Putin este un criminal, toți președinții americani de pana acum sunt criminali !! "" Cozmin Gușă",OTHER
$USER0084,2,TERHES NE CREDE PROȘTI,OTHER
$USER1580,0,La multi ani fericiti tuturor mamelor din lume !,OTHER
$USER1791,0,Rușine celor care părăsește țara noastră acum !!,OTHER
$USER1507,0,Americani ne-a distrut tara ce vb,OTHER
$USER1653,0,Respect magistrat Angelo Giorgiani..,OTHER
$USER0728,2,"VA LASA FARA SEMNAL, N AM AUZIT NIMIC DIN CE A ZIS MOTOC",OTHER
$USER1302,1,România este în metastaza,OTHER
$USER1484,0,A ars agazinul PROSPER CENTER din 13 septembrie.,OTHER
$USER1888,0,Ai să fii borbandat stai fara grijă......,OTHER
$USER0530,2,Turistul vrea razboi cu Putin,OTHER
$USER1802,0,Pace și neutralitate!,OTHER
$USER0230,4,DACA AR VENI IISUS HRISTOS LATI MAI RASTIGNI O DATA NU LATI PROTEJA CE PE AMERICANCA,OTHER
$USER1359,0,Doamne ai mila Isuse,OTHER
$USER1520,0,"Cine îşi iubeşte tara luptă pentru apărarea ei, dle Lazarus...eu de exemplu aş veni cu borcanele de murături...",OTHER
$USER1657,0,"NEUTRALITATE ȘI PACE,Doamne-ajută!",OTHER
$USER0322,0,Carne de tun o sa fim,OTHER
$USER0613,0,"ce filozof e Neamțu ăsta, a descoperit apa caldă...",OTHER
$USER1373,0,HEIIIIII TU TE AUZI CE VORBESTI ?,OTHER
$USER0649,0,"Arunc tv și închid netul. Nu e stress pentru mine. Am sute de cărți de citit , va fi mai greu pentru alții.",OTHER
$USER1345,0,"Face jocul americanilor.totul vine de acolo.curva nu vrea să se afle adevărul,nu are niciun interes pt.oameni.dinfericire și ea va muri ca alții",OTHER
$USER1018,0,"Ma doare capu de toate , si eusunt scirbita de tot ce vad ,si inteleg ,pentru ca giindesc ,nu le iau cum mi se servesc.",OTHER
$USER0629,0,"DOMNULE NEMTUUUU DATINE O DOVADA PALPABILA , APROPO MAI GINDITIVA .",OTHER
$USER0200,3,România nu are un dialog nici cu UE. Ci doar de cedare în fața UE.,OTHER
$USER0105,1,E clar ca e trimis la comandă de șefii lor,OTHER
$USER0465,0,Cu asta rămâne cu ce ați văzut,OTHER
$USER1421,0,STIMA SI RESPECT MAXIM LAZARIUS SINGURUL OM CARE DA CARTILE PE FATA .RESPECT MAXIM .,OTHER
$USER0739,0,Seaman a cu Iohanes!,OTHER
$USER0550,0,MĂ VOI de 32 de ANI ați vândut TOT din România Chear tot,OTHER
$USER0010,0,"Ai și facultate, georgică?",OTHER
$USER1272,0,"Mai gangavica , cand faci si tu o emisiune bazata pe adevaruri ,pe fapte bune si de folos poporului ///?!",OTHER
$USER0342,1,Trebuie trimis pachet,OTHER
$USER0427,0,"Dacă asta a venit,atunci va fi un dezastru,ca bine nu o să fie....sa audă Putin ca a venit asta,o sa se înfurie",OTHER
$USER1442,0,Bolovanul dacă Ucraina nu avea arme la ora actuala nu fugea nimeni din tara și nici nu murau atât de mulți oameni Voi ne îndemnați sa cumpărăm arme sa putem muri cât mai repede,OTHER
$USER0816,1,"domnule Ciolac roitiva de acolo din parlament ca voi nu sînteti de razboi ci de ciordit ,",OTHER
$USER0511,0,Toata tara in strada.,OTHER
$USER0097,2,"De cand am vazut filmuletul cu ce au pătimit acesti rusi din Ukraina in 2014, mi se face greață de acesti “eroi”, nu ma refer la refugiații femei si copii",OTHER
$USER1182,1,Ești on CRIZĂ din '89 DE LA LOVITURA DE STAT,OTHER
$USER0363,0,"Extrem de eportant, Este unul singur Dumnezeu!",OTHER
$USER0486,2,Ia mana de la inima .neamtule .....,OTHER
$USER0288,0,Secret service fa Romana nu iti mai place ? serviciile secrete nu iti mai place sa spui ?,OTHER
$USER1462,2,"Păi dacă ucrainienii raportează ca au ucis 9000 de ruși la care se adaugă cei 13000 din 2014 până azi,total 22000 ,atunci cine poate fi numit criminal de război?",OTHER
$USER0489,0,"import, import dar la ce sume de bani, si de unde sa mai dea tara cu datoriile imense facute de Catu",OTHER
$USER0526,1,Ba oameni buni era pregătit tot Oculta mondiala asta vrea,OTHER
$USER0491,2,Trădători amândoi!,OTHER
$USER1463,0,Santeti niște baeti cemai distepti vadoresc succes din Buzău vasutin ok,OTHER
$USER0891,0,Ceva nu este în regulă acest război este clar că și Americanii și marile puteri au interese pt că dacă Nigeria ar ataca un stat vecin nimeni nu ar trimite bani și arme acestora,OTHER
$USER0251,0,HHHHUUUUOOOOOOOOOAAAAAAAAAAA !,OTHER
$USER1020,0,Stanescu Paul ok,OTHER
$USER1214,0,rog MAPN să-mi trimita ordinul în Belgia deoarece eu am părăsit România în urmă cu 17 ani .armă am și eu nu am nevoie de la MAPN!!,OTHER
$USER1810,0,Dumnezeu să vă binecuvânteze și ocrotească și pe noi! Doamne ajuta!,OTHER
$USER1042,2,Domnule Simion va recenzați??? Participați la recensământ???,OTHER
$USER1133,0,Doamne ferește cum să votez așa ceva?,OTHER
$USER0967,0,SCUTUL NU FUCTIONEAZA ASA CA NU ARE CIINE SA NE APERE!,OTHER
$USER1599,0,La multi ani tuturor femeilor si mameler,OTHER
$USER0743,0,Zelenski să facă pace săi dea cezarului cei al cezarului și sa restabilească pacea în lume .Atenție până la război vine valul 6 și să vedeți acolo război.,OTHER
$USER1341,0,Bună seara Domnule Lazarus,OTHER
$USER1721,3,Bruxelul este criminal,OTHER
$USER0812,3,"Mariana Popescu, pe tocuri",OTHER
$USER1445,0,Dați cărțile pe față că Ucraina are un tradator la fel cum al avem și noi,OTHER
$USER1376,0,"Si-a facut lectia pro America, Terhes...",OTHER
$USER0131,0,Si dl terhes le zice ca sunt patriotice!!!,OTHER
$USER0638,0,Le-a dat palma inapoi,OTHER
$USER1693,0,Bravo felicitări f bine,OTHER
$USER0307,0,Gata ba nea bagat reclama,OTHER
$USER1719,0,Bravo Diana!!!!!,OTHER
$USER1740,1,"Respect, doamna Diana!!! LA MULȚI ANI!!! PRIMĂVARA FRUMOASA!!! BUNULE DUMNEZEU AI GRIJA DE ROMANI. AMIN.",OTHER
$USER0827,0,Îndobitociți lumea de tot bai nene,OTHER
$USER0689,0,Eu nu sunt oatriot cu toți romulanii.,OTHER
$USER0594,2,CEI CARE AU ÎMPINS TOT TIMPUL RUSIA LA RĂZBOAIE SUNT CEI CARE AU CONDUS CELE MAI MARI BĂNCI ALE LUMI,OTHER
$USER0626,0,Asa este va sustin !!!!!!!,OTHER
$USER0952,0,Şi MIG?Şi Puma?,OTHER
$USER0680,0,Nu-l auzim bine pe domnul Chitic,OTHER
$USER1490,0,Romania Neutra!,OTHER
$USER1647,2,Ce prostii debitezi!!!!,OTHER
$USER1910,0,Acum nu mai este Covidu acum e razboiu,OTHER
$USER0228,0,China poate dar SUA ni!,OTHER
$USER1883,2,MULȚUMIM DIN TOT SUFLETUL CELOR CARE SE ALĂTURĂ DOAMNEI DIANA PENTRU PACE ȘI SOLIDARITATE ÎMPOTRIVA UNUI GUVERN MINCINOS ȘI NENOROCIT CARE NE-A DISTRUS,OTHER
$USER0355,2,”Doamna ”fosta ”Domnul ” !!!,OTHER
$USER1122,0,Candidatul vostru e Codruta ?,OTHER
$USER1593,0,La multi ani de 8 martie !,OTHER
$USER0084,0,"AVEM TOPOARE IN CASĂ, VIAȚĂ PENTRU VIAȚĂ ȘI MOARTE PENTRU MOARTE, CE NU ÎNȚELEGEȚI",OTHER
$USER1045,0,George Simion presedinte Diana ministra justitie poate asa va merge justitia in Romania,OTHER
$USER1526,0,Si Putin a gandit asta de asta este razboi Urss,OTHER
$USER0080,0,VOTEZ PREȘEDINTELE ROMÂNIEI PE ȘOȘOACĂ FELICITĂRI,OTHER
$USER0215,3,Putin mai lipseste,OTHER
$USER0120,3,"Terhes crede că toți suntem prosti !!! Pentru cine să lupte romanii ?? Pentru Johanus, Arafat, Rafila, Câțu ???",OTHER
$USER1637,0,Sa vorbească ANGELO GEORGIANO ! SI DESPINA SPOIALĂ ! FELICITĂRI LOR PENTRU ORGANIZATIE PENTRU VIAȚĂ !,OTHER
$USER1793,1,Vrem neutralitate! Nu vrem razboi!,OTHER
$USER1710,0,"PUTIN să îi termine pe IOHANIS, CIUCĂ, CIOLACU SI CELOR LAȚI TRĂDĂTORI",OTHER
$USER0214,4,"Și Ucraina la fel de dușmană României, Dl. Terhes. Fiți obiectiv",OTHER
$USER0766,2,Madama care poartă 46 la pantof înainte a fost nene ???,OTHER
$USER1654,0,Felicitari!! Georgiani!!,OTHER
$USER0833,0,Vrem anticipate,OTHER
$USER1097,0,"Dar, se aude că ordinele vin din afară și autoritățile doar le execută.... dacă va fi un nou președinte v-a decide intern, fără ordine din afară ?",OTHER
$USER0587,0,Felicitări pentru emisiune!,OTHER
$USER0161,0,Inchideti si deschideti,OTHER
$USER0024,0,Mare RESPECT PENTRU TOT CEEA CE FACEȚI PENTRU ROMÂNIA.,OTHER
$USER0421,3,Eu l as alege pe Zelenski,OTHER
$USER0115,0,Cred ca la rusi vaxul nu este obligatoriu.,OTHER
$USER0626,0,Diplome pe bani totul pe bani,OTHER
$USER1880,0,Si-a cerut scuze,OTHER
$USER0561,0,Buona serata oameni de omenie Respect din inima!,OTHER
$USER0729,0,Traiasca comunismul,OTHER
$USER1071,0,Multă putere aur,OTHER
$USER0365,0,Are un deget în fund,OTHER
$USER1702,1,Bravo Diana! Si eu in calitate de mama nu permit nimanui sa se atinga de copilul meu,OTHER
$USER0940,0,Nu distribuiți că nu merită,OTHER
$USER1805,0,De ce Aur nu vi se alătură??,OTHER
$USER0436,0,"Suntem intr o piesa de teatru,foarte prost regizata.Rolurile principale sunt prea slabi si vânduți asa ca ,finalul este al altora,noi nu intram in scena.Din păcate!!",OTHER
$USER1730,0,DOAMNA SOSOACA NU ANTELEG ASTIA CARE CONDUC ROMANIA TREBUIE SCOSI AFARA CU FORTA SI PRELUATI DUMNEAVOASTRA PUTEREAAAA REVOLUTIEEE,OTHER
$USER0282,0,Americani ne trebuie..,OTHER
$USER1522,0,"DOMNULE CRISTIAN TERHEȘ ; spune Domnule cum ai vrut să-i iei funcția Doamnei Senator Diana Ivanovici Șoșoacă, din funcția de Vicepreședinte al Organizației Mondiale pentru Viață !",OTHER
$USER1226,0,"Nu ne bagati in razboi,nui razboiul nostru ,vrem pace in Romamia .",OTHER
$USER0698,0,Domnul Neamtu este un om foarte bine pregatiti!,OTHER
$USER0064,2,Sănătate d-na Diana și putere să vă de-a Dumnezeu să faceți tot ce va-ți propus! Doamne ajută! Vă iubim!,OTHER
$USER0638,0,Iar ai dato in ani 40 ??? Povestestene de la 89 mai aproape,OTHER
$USER1514,3,Terhes dacă intradevar ai fost investit popă fa-ti datoria altfel stii ce te asteapta bănuiesc nu poti sluji la doi domni ori cu dumnezeu ori cu Mamona!,OTHER
$USER1252,0,Baaaa voi ați înnebunit cu toții?voi nici nu ar trebui să pomeniți despre război? De ce Germania nu vorbește despre acest război?,OTHER
$USER1317,2,AUR a schimbat macazul !!!,OTHER
$USER1541,0,"Marcela Caba Stai bine , vine francezul ( alt tiran )",OTHER
$USER1467,0,Posibil Putin să facă parte din planul jegos al globaliștilor.,OTHER
$USER1744,0,Dacă familia lui Iohannis copiii lui Iohannis priministru formează și și apă rece,OTHER
$USER0567,0,Sere agricole m-ai sunat în țară,OTHER
$USER0321,1,Sclavul PSD-ului Gabriel zetea,OTHER
$USER0775,0,Alina Macsim de ce,OTHER
$USER0173,2,Ești putinist se vede de la o posta Aurelian!Vrei sa pari auta,OTHER
$USER1487,2,"Oameni au dreptate nu este problema noastră ce face Rusia , mesajul nostru este să fim neutri ,neutri domnilor și relația de prietenie cu Rusia",OTHER
$USER0117,5,"Chiar asa domnule Terhes, chiar asa varzā este Armata Rusa??, pāi dacā vrea Rusia vā ia Bruxelul de unde mâncati pâine albā, domnule Terhes",OTHER
$USER1921,0,"Multumim din suflet, sunteti vocea noastra!",OTHER
$USER1459,0,"Putin nu este așa criminal cum ziceți ,Biden este mai mare decăt el",OTHER
$USER0257,0,Cu ocazia războiului creste populația romaniei,OTHER
$USER1807,0,Pace !și RRSPECT,OTHER
$USER0082,0,Terhes te-am iubit pana la Ucraina,OTHER
$USER1440,0,Parinte te-ai vindut,OTHER
$USER0120,0,Dr CĂLIN GEORGESCU Președinte al României !!!!,OTHER
$USER0002,0,Ioha este santajat cu traficul de copii .,OTHER
$USER1238,0,Pace nebunie mare in tara asa de ziua femeii hu hu mor cu voi de git fara sa va atingeti de copii nostri,OTHER
$USER1260,0,STOP draftul! Vrem pace!!!,OTHER
$USER1690,0,Doamne ajută părinte!,OTHER
$USER0115,0,Cei din guvern si sanatate si au pierdut deja job ul din cauza vaxului.Din pacate Trudeau ne a inscris in programul pilot al WEF ptr digital ID. Hard times ahead for Canada.,OTHER
$USER1261,0,Ce mint asta pesedisti,OTHER
$USER1488,0,Taci Lazarus sa ascultam idei bune de la omul asta deștept.,OTHER
$USER0356,2,NEUTRALITATEEEEEEEEE,OTHER
$USER1480,0,Pe noi ne ascuta cineva ?,OTHER
$USER1729,1,Jos Iohanis astazi maine e prea tarziu!!!,OTHER
$USER1785,1,"Nădejdea noastră ,e numai la tine Doamne căci tu ai zis ,când și venit printre noi Veniți la mine ,toți cei osteniți și împovărați ,și eu va voi odihni pe voi",OTHER
$USER0413,0,DAAA PREȘEDINTELE AMERICAN ARE MULTĂ TREABĂ.SA ANGAJAT !,OTHER
$USER0596,0,"Americani l,au procvocat pe putin ,,de ce s,au anfiintat an jurul rusiei si vor si ucraina de ce ? Vor sa atace rusia (AMERICA = BALAURUL DIN BIBLIE )",OTHER
$USER1689,0,MA CIUCA JOS MASCA,OTHER
$USER1741,1,tot asa si Italia a primit emigranti in tara lor si au fost violata studente in subpasajele din gari,OTHER
$USER0646,0,Nu este un evreu si un dansator pe tocuri,OTHER
$USER1688,0,Nu mai sunt speranțe pentru noi!,OTHER
$USER1427,0,Ai dreptate Marta ?,OTHER
$USER1144,0,În primu rand sa fie OM și apoi român și sa aibă o familie cu copii!,OTHER
$USER0055,0,Felicitări bravi români,OTHER
$USER1503,0,Terhes a mers cu ajutore an Ucraina prin romania nu.....erau multi romani care au probleme ...,OTHER
$USER0917,0,Corect adriana jos iohanis jos cartu la pușcărie cu toți hoți din parlament și guvern,OTHER
$USER1075,2,POPIRUL NU VREA. DICTATURĂ MILITARĂ ÎN ȚARĂ.,OTHER
$USER0566,0,Neinteresant ești tu,OTHER
$USER0723,0,L-ati invitat pe dl.Mihai Neamtu ca sa-i laude pe americani ?Ca asta face pe blogul lui !,OTHER
$USER0093,0,"Asa pregatec si mascaricii nostri conducatori,vor sa ne batem cu rusii!",OTHER
$USER1728,0,"Bravo doamna Diana,respect pentru curajul dumneavoastră!",OTHER
$USER1556,0,Silviu Dragoe Perfecta dreptate !!,OTHER
$USER0555,0,VREM PACEEEE...NU RAZBOI !,OTHER
$USER1582,0,Traiasca rominia libera si tara noastra romina,OTHER
$USER0051,0,Poprul nu a stiut si daca ar fi stiut ce ar fi putut sa faca???!!!,OTHER
$USER0170,0,"Oligarhii ucrainieni au fost primii care au fugit. ZELENSKY un actoras, care a dansat cu penisul pe un pian",OTHER
$USER0084,0,"TERHES, AI FOST 17 ANI IN SUA, L AI VĂZUT PE IUBI CÎȚU PE ACOLO??? CINE V A SPONSORIZAT IN SUA, BANDIȚILOR",OTHER
$USER1627,0,La multi ani scumpa mea romanca de fier,OTHER
$USER0590,0,E problema cu ce ne transmite,OTHER
$USER1121,0,Nu aș vota-o niciodată!,OTHER
$USER0027,0,Felicitări Mihai Lasca !,OTHER
$USER0697,0,"MACOVEI , PA-PA",OTHER
$USER0115,0,Nu I pasa lui Terhes cand este numit globalist! Pai ce conteaza parerea oamenilor. El are o agenda de dus la capat.,OTHER
$USER0310,0,Kamala iai adus lui Verner ceva ???? Sapca are .... Poate o caciula cai cam frig an SINERIA .... Huooo huooo VREM PACE PACE PACE ..!!!!!,OTHER
$USER0145,0,Undes trădători Aur,OTHER
$USER0296,0,ciolacul cu trei suflete calde,OTHER
$USER1839,0,Jos tradatorii din guvern!,OTHER
$USER0826,4,Totul este o excrocherie a criminalilor capitaliști UE și SUA!,OTHER
$USER0992,0,"Kovesi va fi numită președinta, votul nostru NU CONTEAZA",OTHER
$USER1418,0,Lazarus părerea me personală ar fi să îți schimbi meseria,OTHER
$USER0597,0,"Să nu provoace un accident ,să tragă pe dreapta",OTHER
$USER0489,0,"dar exploatarea sa fie la 60 - 40 pentru noi, cel putin, gazul din Marea Neagra",OTHER
$USER1825,1,"Acum, nu ne mai apară NATO ! De ce se încorporează copiii care nu au văzut o armă în viața lor și care nu vor război ?!?",OTHER
$USER1689,1,JOS MAFIA NE AM SATURAT.,OTHER
$USER0228,0,Dar cine e vinovat? Dacă ai conștiința refuzi sa faci un rău miilor de oameni! Deci nu e nevinovat!,OTHER
$USER1507,0,Totul pleca de la americani sa ajungă la putere dezbina Europa tot,OTHER
$USER0783,0,RESPECT DOAMNA DIANA SOSOACA!,OTHER
$USER0626,0,Domnu Chitic vb când ajungeți acasă,OTHER
$USER0915,0,"Luis merg și eu, dar avem copii, dacă ei ar fi recrutați sau luați la război ăștia sar împușca singuri ptr că nu știu să țină o armă în mină",OTHER
$USER1736,0,Voi la conducere.,OTHER
$USER0041,0,Mittal a făcut la fel peste tot în România,OTHER
$USER0113,0,"Asta a fost politica NATO ....distrugerea armatei române si sa platim taxa de smecher la NATO ..2,5% din Pib",OTHER
$USER0633,2,Ce s-a supărat ăla asa? Zici ca la cine știe ce emisiune a venit,OTHER
$USER0953,0,Noi suntem mici fata de alti.,OTHER
$USER1386,0,De unde stiti ca urmam noi ? Numai aiureli vorbiti !,OTHER
$USER0952,0,"Astăzi într-o subunitate din Constanța ,o santinelă e dezarmată de PM +muniție!!!",OTHER
$USER1581,0,DOAMNE AJUTA. FELICITARI DOAMNA SENATOR DIANA SOSOACA,OTHER
$USER0217,0,Ur sula e ocupata cu ciparea)))activeaza productia de cipuri,OTHER
$USER0496,0,NATO e un jefuitor de țări ?,OTHER
$USER0386,0,Aoleu. Aia doi se iau la bataie,OTHER
$USER1721,0,Unde e Tradatorul Radu moraru ???,OTHER
$USER0701,0,Nu vrem să fim colonie !,OTHER
$USER0846,0,Mergi pe altul live,OTHER
$USER0059,0,"Nu au pus frana ,scoate altceva pe piata",OTHER
$USER0365,0,E inevitabil un scandal cu Guvernul,OTHER
$USER1277,1,"Dictatură capitalistă , mai periculoasă decât dictatura comunistă?!",OTHER
$USER1174,0,Numai prosti vorbesti nu iesti tu in masura dute acasa LA oale,OTHER
$USER1092,0,Felicitări George Simion Mult succes!!,OTHER
$USER1208,0,Nu avem nevoie de asa ceva,OTHER
$USER0835,0,Rusu spune ceia ce-i convine lui.,OTHER
$USER0311,0,A dispărut covidul,OTHER
$USER1263,2,Întrebați și poporul dacă e de acord,OTHER
$USER1687,0,Demisia guvernului tradator si criminal,OTHER
$USER0025,0,Buna ziua tuturor,OTHER
$USER0533,0,Este in coma alcoolica !,OTHER
$USER0161,0,NE CERTAM DEGEABA CU UCRAINA....,OTHER
$USER1223,1,Atata am de zis Iohanis sa îsi vada de treaba sa nu mai bage batul prin gard sa tot jidare ca nu are rost sa intram întrun razboi care nu e al nostru noi trebuie sa fim neutri.,OTHER
$USER0908,0,Nu mai avem euro an an băncii,OTHER
$USER1682,0,Aglaia Ionescu așa merită,OTHER
$USER1756,0,"Stau cuminti,isi asculta stapanii,sa nu deranjeze.",OTHER
$USER1700,4,"Terhes ocupat cu ajutorul pt ucraina, si noua ne a întors spatele",OTHER
$USER0096,0,"Mulții rusofili sunt pe aici, care nu accepta ce se vb despre criminalul putin..",OTHER
$USER1102,0,Felicitari Aur!,OTHER
$USER1524,0,"Alina Macsim, El e ardelean, nu e grec, e de confesiune greco-catolică, adică e un popă papistaș dpdv administrativ-canonic, deși în biserica lor oficiază o liturghie aparent ortodoxă.",OTHER
$USER1716,0,Bvooooo..demisia,OTHER
$USER1284,1,"Inflația e la cote maxime și creste în continuu,ptr. asta nu faceți nimic,e sfârșitul lumii,nimeni nu mai judeca?",OTHER
$USER0075,0,Mare respect pt tine d-na Diana de adevarat,OTHER
$USER1424,0,"...doi lupi trag de un ,, leș' !!!,ghiciți cine este acel ,,les'...???",OTHER
$USER0131,0,"Stai linistit ca sunt lângă Dunăre, sunt pe insula serpilor",OTHER
$USER1399,0,Nu mulțumim! Mai bine fiecare in tara lor!,OTHER
$USER1916,1,Tu nu ai copiii? Poate nu ești romanca 100% de asta nu te interesează ce se întâmple cu România.,OTHER
$USER0527,0,Biden trebuia sa se duca in paralel la Moscova. Cu putin noroc Kamala ajungea prima femeie presedinte al SUA. Uraaaa! E o tipa faina! Datorita voturilor pentru ea a castigat tataie!,OTHER
$USER0159,0,"Romania este in nato. Putin nu ar ataca Romania niciodată pentru că știe ce va urma , așa cum spuneți dmv ar deschide cutia Pandora",OTHER
$USER1185,0,A fost călcat de tancuri,OTHER
$USER0679,0,"Neamtule, ce te doare capu de rursii?",OTHER
$USER0102,2,Neutralitate. Ruşii nu-s duşmanii noştrii. Naziştii din Ucraina sunt.,OTHER
$USER0626,0,"Și,,,,,țoalele,,,,sunt făcute în China și India",OTHER
$USER1615,0,iei sa mearga la Război nu Romani. Noi nu vrem Război,OTHER
$USER1544,0,"Luis au nevoie de oameni bolavi,preocupati sa se ducu cu capu...",OTHER
$USER0314,0,Ro să se gândească la propriu l popor,OTHER
$USER0342,0,Bă opriți exporturile de alimente,OTHER
$USER0791,0,Ioana Chirieci sunt doar un om..sunt aici sq învăț din greșeli..am greșit îmi asum și merg inainte..învăț din greșeli,OTHER
$USER1049,0,"Comentarii răutăcioase,le este frică de AUR.",OTHER
$USER1123,0,Bună seara dragilor !,OTHER
$USER1387,0,Rusia va avea graniță cu Germania! NATO=URSS! Vestul europei va fi vândută de SUA pe gaze și petrol de la ruși! Totul nu este decât joc de glezne ale dinților!,OTHER
$USER0538,1,Poporul român vrea neutralitate Poporul român vrea PACE,OTHER
$USER0169,0,SĂ NU SE SCHIMBE CONSTITUȚIA ROMÂNIEI !,OTHER
$USER1803,0,Și ceilalți parlamentari își trimit copiii la moarte?,OTHER
$USER1401,0,Nu mai suntem in ani 80....acum rachetele,OTHER
$USER0681,0,"Arafat nu este vinovat pentru morții din perioada pandemiei. Vinovați sunt alții, mai mari decât Arafat.",OTHER
$USER1831,0,Clara Popescu ai copii??? Troll,OTHER
$USER1617,0,Respect doamna Diana.,OTHER
$USER1276,0,Singurul loc unde se vorbește și despre prețuri,OTHER
$USER0796,2,"Vrem ca Romania sa fie neutrá. Vrem pace si liniste, nu razboi.",OTHER
$USER1527,0,"Vrem PACE, NU RAZBOI !",OTHER
$USER1625,0,IOHANIS NU-I DE-AL NOSTRU. DUCA SA....,OTHER
$USER0272,2,Mama mia ce făcătură. Voi nu vedeți că America împinge România în război? Trezireaaaaaa până nu este prea târziu.,OTHER
$USER0084,0,"CE TREABA AVEȚI CU RUSII, VEDEȚI VA DE ROMÂNI ȘI ROMÂNIA",OTHER
$USER1163,0,"Au ajuns oamenii să plece din tara lor, din pricina locurilor de muncă. Că a-ți distrus țara definitiv de 32 de ani. A-ți vândut tot la străini.",OTHER
$USER0194,0,ROexit că ăștia ne fac zombi,OTHER
$USER0868,2,Pai ce mai cazan... sua da explicatii cuiva pentru laboratoarele din ucraina,OTHER
$USER1900,0,Scoteti afara pe Iohanes ši ARAFAT Ciuc CIOLAC afara di-n guvern,OTHER
$USER1757,0,"Crema pace,neutralitate",OTHER
$USER0447,0,Interesul anerici razboiul.,OTHER
$USER0606,0,"Insula șerpilor se afla la 22 de mile distanta de România. Dacă rusi ocupă insula șerpilor care aparține România atunci România, NATO, UE va întra în război.",OTHER
$USER0596,0,Tovarasa KAMALA E TOVARSUL KAMAL E TRANSHUMAN,OTHER
$USER1046,0,Suntem aici pentru Tine,OTHER
$USER1162,1,Suntem in mare pericol,OTHER
$USER0311,0,Nu e războiul nostru e al ucraneii nu avem treba,OTHER
$USER1410,0,cunosc si eu pe cineva dar nu recunoaste ca e de la vaccin....acuma ia tratament permanent. are si el palpitatii si nu poate sta in picioare cand il ia....,OTHER
$USER0203,0,Trăim și noi printre umani,OTHER
$USER0158,0,Felicitări Aurelian!,OTHER
$USER1834,0,Va iubesc si VA doresc tot binele din lume fericire sănătate să ajungeți PRESEDINTELE TARII ROMANESTI. DOAMNE AJUTA SA FIE BINE IN TARA ACEASTA SI SA AVEM PACE SI LINISTE.,OTHER
$USER0586,0,Felicitări pentru emisiune,OTHER
$USER0565,0,Azi am alimentat mașina cu coca cola,OTHER
$USER0655,0,"Buna seara Luis si domnului Europarlamentar Cristian, va urmaresc din Italia Sardegna!",OTHER
$USER0626,0,Asa este !!!!!!aveți dreptate,OTHER
$USER1236,2,Da presedintele nu este roman il doare drept acolo a vandut tara la noua ordine mondiala aka Sorors et co!!! PENIBIL,OTHER
$USER1151,1,"ORDINE??!! MONDIALA??!!! PARCA IMI SUNT CUNOSCUTE CUVINTELE DE LA ,,PANDEMIE""....",OTHER
$USER1000,0,Elena Iancu citiți pe pagina doamnei avocat Elena Radu,OTHER
$USER0099,0,daca tu prinzi un hot in casa il bati sau nu?unde i victima?,OTHER
$USER0525,2,Vrem NEUTRALITATE si PACE .Nu vrem RAZBOI . Opriti RAZBOIUL,OTHER
$USER1339,0,"Da 0,au Basarabia și AU împărțit-o în 3. 2 părți la Ucraina, Bugeacul și Bucovina de Nord, o parte ca Republica Sovietica. Dacă nu se împărțea Basarabia era o chestie extraordinara.",OTHER
$USER0596,0,PUTIN face parte din ALIANTA TERRA,OTHER
$USER0650,0,"15000 de rusi exterminati de Ukranieni, ce sa faca Putyn?",OTHER
$USER0307,0,Daca aceasta kamila ar vedea ce scriem noi despre ea nea-r bombarda primi inainte sa vina Putin,OTHER
$USER1041,0,Implicate pentru România lasă momentan Basarabia,OTHER
$USER0656,0,"Dle Lazarus ,dl Neamtu ar semna Legea Suveranitatii??? Va rog intrebati l",OTHER
$USER1326,0,Au ajuns păcatele la cer,OTHER
$USER0110,0,Normal că Putin trebuie sa aibă și Ucraina că sunt rude.,OTHER
$USER0678,0,Felicitari domnule Luis pentru emisiune..,OTHER
$USER1386,2,Si atunci de ce am intrat in NATO de 18 ani si acesti parteneri strategici nici macar viza nu ne o scoate ??,OTHER
$USER0364,0,Persona non grata.duca-se de unde a venit,OTHER
$USER0286,0,Vedeți ca e strâmb pus covorul roșu,OTHER
$USER0855,3,"ÎN ACEST CALVAR ,DOAR RUGÃCIUNEA SINCERÃ NE MAI AJUTÃ",OTHER
$USER0136,0,Gata baga altă situație tot nu se lasă motivul ? Cică acest conflict ...pai cine ne-a băgat să plătească nu tot noi Off câte mai tragem cu aceste guverne,OTHER
$USER0677,0,Dictatura Facebook,OTHER
$USER0684,0,"., ați evidențiat ""cinstea"" loviturii fără tortură dle.Cezar ! ,.. Contează! ,... și nu uitați unde este ""poziționată cămașa"" !",OTHER
$USER1636,0,Sper ca acest parinte sa fie tras de urechi si sa treaca pe mut.La fel ca cel de la Constanta care vorbea mult si prost.,OTHER
$USER0932,0,TREZITI-VA ROMANI,OTHER
$USER1721,0,Este Mult Prea tirziu. Trebuia Miscat de mult,OTHER
$USER0369,0,Tanti Crețulescu taci .... Fii sinceră către Dumnezeu către popor nu mai minți,OTHER
$USER0638,0,Ce are Bill Gate ????,OTHER
$USER0854,0,voi i-ati omarat criminalilor ucrainieni si acum dati vina pe rusi. meritati sa va rada rusii de pe fata pamantului.,OTHER
$USER1844,2,Afară din țară cu toți trădătorii și vânzătorii de țară. !!!,OTHER
$USER1747,0,NEUTRALITATE!NEUTRALITATE! NEUTRALITATE!,OTHER
$USER0713,0,Fiți serios din aer multe industrie pînă ce nu se poate crea.,OTHER
$USER0508,0,"Mascz este un gest de SUPUNERE , NU TEDPECT",OTHER
$USER0035,0,Spuneți numele d-le profesor !,OTHER
$USER1644,0,Ungaria vede discursul tău!,OTHER
$USER1441,0,Luis intreaba-ma de ce nu mai colaboreaza cu Sosoaca.mie nu vrea sa raspunda.inainte de al intreba imi raspundea .dupa ce la intreba de foarte multe ori .nu imi raspunde,OTHER
$USER0308,3,I Spania la Știri nu se pomenește nimic de refugiații care vin în România..Se vb numai de Polonia și Ungaria..Deci nu existăm..!!!,OTHER
$USER0608,0,repede sa zici ceva inainte ... sa pleci ... zi ba neamtule de fermele de copii din ucraina! de alea nu zici?!,OTHER
$USER0759,0,DIN PĂCATE CARE PRODUS ARATĂ FRUMOS ANBALAT ÎN MARHET ESTE OTRĂVIT!,OTHER
$USER1483,0,Felicitări pentru emisiune!,OTHER
$USER0526,0,Ionny Pella Adevarat broo,OTHER
$USER1075,0,ROMÎNIA TREZEȘTETE. SĂ DĂRÎMĂM GUVERNUL URGENT. CĂÇI VREA DICTATURĂ MILITARĂ.,OTHER
$USER0816,0,dl.Lazarus eu va declar paranoic.,OTHER
$USER1576,0,Unde au disparut pistoalele si munitia tarii ca nd am facut armata am carat zeci de mii de lazi la desfintari?,OTHER
$USER0189,0,"Ministru Chinez de ce nu spun de laboratorul din Whan ,sau cate laboratoare au .",OTHER
$USER0789,0,Sancțiunile asupra Rusiei va lovi pe tot globul.,OTHER
$USER1837,1,"Sunt cei înțelepți în piață, să ajungi înțelept, trebuie să fi tânăr!",OTHER
$USER0371,0,Esti prea mica sa vorbesti de Ceausescu.,OTHER
$USER0105,0,Dar nimic despre laboratoarele din Ucraina și trupele de acolo ca daia se ajută SUA cu pe la noi,OTHER
$USER0104,0,"Cine ne-a bagat pe gat armamentul, domnule Terhes?",OTHER
$USER1666,1,Benvenuto in Romania grande Angelo Georgiani!!!!!!!!,OTHER
$USER1453,0,"Pt Ermin, Cristian Terhes",OTHER
$USER0999,1,Demisia ciucă este un director și toți din fruntea țării sunt trădătorii României,OTHER
$USER1633,1,Nu se mai desteapta niciodata !Dorm de 33 de ani !,OTHER
$USER1651,0,LA PUSCARIE TRADATORII SI VINZATORII DE TARA,OTHER
$USER1855,0,Te supără adevărul?,OTHER
$USER1904,0,Trebuie imediat alegeri anticipate urgent...,OTHER
$USER1252,1,Minte cu nerușinare acest ministru a agriculturii,OTHER
$USER1386,0,"Dl.Terhes , as dori sa imi raspundeti si mie : de ce NATO daca este in defensiva , furnizeaza cu arme , Ucraina ?",OTHER
$USER1243,1,Ați spus că așa e în democrație. Dar în democrație se ține cont de nevoile românilor!,OTHER
$USER0257,0,Vand ulei și faina,OTHER
$USER1458,0,Te ai sucit grasutule,OTHER
$USER1560,0,"Felicitări ,,aveți dreptate",OTHER
$USER0628,0,Da de Iohanis nu ziceți nimic a nu știe ici sa vorbească romaneste,OTHER
$USER0090,2,"Pastorul americanofil care face opozitie controlata... se da cu noi, dar de fapt ne mână în gura lupului. El ia lumina de la stapanii sai, dar o arde ca e anti-vaccinist.",OTHER
$USER0898,2,UCRAINA DE FAPT APĂRĂ „ONOAREA” ȘI LABORATOARELE SUA,OTHER
$USER0349,0,"O vedeti pe cea ce a organizat pe teren in ucraina evenimentele din 2014 ,de atunci pana azi au murit 13 000 de ucrainieni….",OTHER
$USER1298,1,Diana Presedinte@,OTHER
$USER1594,0,Bucureșteni dormiți!,OTHER
$USER1646,1,Pe copilul meu nu pune nimeni mâna!,OTHER
$USER0266,0,Noi. Sintem. Neutri. Nu. Avem. Ce. Cauta. În. Acest. Conflict.,OTHER
$USER1329,0,Luis.ne.vom.antoarce.la.certificat.verde?Au.turbat.de.tot.ăștia?vă.rog.un.răspuns.scurt.,OTHER
$USER0150,0,Dar codul de la Nuremberg?,OTHER
$USER0664,0,Bravo Adriana!!,OTHER
$USER1548,2,Ești ales că și SIMION pentru a distruge Romania .nu ești Ortodox,OTHER
$USER0807,1,Președintele Ucrainienii să ia o decizie înțeleaptă pt poporul lui pt europa.,OTHER
$USER1774,0,ESTE PĂCĂLEALA ESTE DEJA PREA TÂRZIU,OTHER
$USER0299,0,Este foarte sigur ca o sa cheme diaspora sa lupte cu rusii,OTHER
$USER1608,0,JOS USR PNL PSD,OTHER
$USER0079,0,Lasa ca Friedman a zis ce si cum! Stim ...,OTHER
$USER1046,0,L-am deconspirat astă seară. E mai rău decât Kovesi. Consideră averea mare ca fiind ilicită,OTHER
$USER0621,0,"Dle. Chitic atenție, e un live… conduceti cu prudenta.",OTHER
$USER1471,0,"Terheş Team crezut Om mare şi Vertical!dar ai schimbat Tabãra cu criminali bil,fauci,Biden,ursula etc etc etc.",OTHER
$USER0608,0,tu pleci in texas neamtule ... e clar ... ce sa mai ...,OTHER
$USER1379,0,"Care nu stiti si nu urmariti transmisii , nu mai comentati jignind sau acuzand , in cazul acesta pe Domnul Terhes . Sau sunteti platiti ?",OTHER
$USER0217,0,toti au masca - dati le mastile jos))),OTHER
$USER1789,2,Atenție la instigatori,OTHER
$USER1278,0,"si eu tot asa ma găndesc că o să fie,o sa fie cam nașpa.",OTHER
$USER1297,0,Alin Vacariu așa.,OTHER
$USER0127,0,VOLUNTARI militari se alatura Avov......,OTHER
$USER0100,0,Bravo Aurelian adevarat crestin,OTHER
$USER1376,0,De cand si pana cand Romania e miza?...Terhes rescrie istoria ca sa dea bine cu SUA...pfff,OTHER
$USER1816,0,Nu suntem deacord sa ne ia copii in război.sa plece ei care vor război .La multi ani femei si mame frumoase!,OTHER
$USER1763,0,Neutralitate și pace .,OTHER
$USER0120,3,Domnule Neamțu spuneți și despre crimele făcute de trupele naziste Azov asupra rușilor din Donetsk !!!,OTHER
$USER1429,4,NU VAD CA RUSII SA ATACE STATE DIN AMERICA CUM AU FĂCUT-O EI ÎN IUGOSLAVIA,OTHER
$USER1495,0,Mai lasă să vb Terheș,OTHER
$USER1447,0,Ca sa intri in nato,OTHER
$USER1046,0,Terhes ce iti mai place istoria,OTHER
$USER0823,0,Eugen George Bonciog și eu,OTHER
$USER0241,5,Începe DRESAJUL,OTHER
$USER1541,0,Mihai Raduta Nu,OTHER
$USER0735,0,Bună seara domnule Luis Lazarus!,OTHER
$USER1724,0,"Ce au zis ce au facut,ca nu mai stiu nimic",OTHER
$USER1743,0,Copiii nostri nu au de ce sa moara intr-un razboi al acestui secol! Potoliti-va! Nu va mai faceti planuri pe viata nostra! Ne nastem liberi!,OTHER
$USER0244,6,"VREA SA-L CONVINGA PE IOHANIS SI PE CIUCA SA PERMITA TRECEREA PRIN SPATIUL AERIAN SI TERESTRU SA TRIMITA EI ARME ,UCRAINIENILOR ...",OTHER
$USER1767,1,Bravo Diana nu vrem război să ne lase copii in pace,OTHER
$USER0684,0,Poate un repetent...,OTHER
$USER1512,0,Sa vina Putin! Vom scăpa de hoți!,OTHER
$USER0671,0,Sa vedem câinele când o vedea alianță China -Rusia -Iran!!,OTHER
$USER0701,2,Neamțu face verificări în familiile altora ? Nu e corect să caute pe net și să devieze discuția ...Da suntem proști de buni și acceptăm mult prea multe de la unii !,OTHER
$USER0711,2,"Masti erau fabricate in Romania dar al nostru minister nici nu a vrut sa auda , le-au luat de la chinezi ca sa-si ia spaga. Mastile din Romania au fost vindute la francezi. NU STIATI ?",OTHER
$USER0752,0,Mare ....mare adevăr ! Respect !,OTHER
$USER0126,0,MULTUMIM DIN SUFLET DOMNA SENATOR SOSOACA!!! VA IUBIM!!! DIANA PRESEDINTE!!!,OTHER
$USER1481,0,"Este un război "" aranjat "" ! V-am apreciat f mult d-le Terhes dar de această dată nu ne mai spuneți nimic despre dedesubturile acestui "" război trucat ""!",OTHER
$USER0526,0,Ba 8 lei 1 sac de cartofi dacă mai pui 8,OTHER
$USER0200,3,"Nemții sunt foarte zgârciți, nu dau o felie de pâine",OTHER
$USER1643,0,"Vrem pace iar daca vor razboi sa se duca aia care votează contra noastră ,nu copiii noștri nevinovați",OTHER
$USER1192,1,Jocul ocultei mondiale vîndutilor,OTHER
$USER0150,0,Chiar ca uitase.....onu ce face?,OTHER
$USER0831,2,NEUTRALITATE NU RĂZBOI,OTHER
$USER1081,0,"Felicitari George mult respect mult success, voua",OTHER
$USER1215,0,Oameni buni in strada ca nu mai tine.,OTHER
$USER0136,0,Si cine a ucis acei copii?,OTHER
$USER0634,0,"Noi suntem in romania nu in rusia,",OTHER
$USER0121,0,Am. Văzut la italieni pozele sunt 500 de copii e singurul cimitir di lume cu copii uciși,OTHER
$USER0368,2,A venit dupa Zelensky,OTHER
$USER0136,0,Ce facem cu recesamantul asta ? Dl Cristian ce ziceți?,OTHER
$USER0003,0,"Sunt Popoare marii care au saracit,si acum vor sa distruga populatiile micii cu Resurse de tot genul,ca ei sa poata supravietui.",OTHER
$USER0752,0,Felicitări ptr emisiune ! Rezonez maxim cu ce spune dl Cezar !,OTHER
$USER0039,2,Sofer ....Seful curtii de conturi DE RASUL CURCILOR,OTHER
$USER0729,0,Poate rusii o sa le faca pe amandoua incasezi?,OTHER
$USER0791,0,Ioana Chirieci ce aveți cu Nato,OTHER
$USER0608,0,ramane sa mai plece si simion ...,OTHER
$USER1912,0,"O sa murim toti dar noi o sa murim fara pensii speciale , ia sa mearga cei implicati sa ne apere ca la aceste pensii meritam sa fim aparati de ei , nu copii nostri !",OTHER
$USER0084,2,NE CREDE PROȘTI,OTHER
$USER1528,4,Domnule Terhes vorbești mult dar nu înțeleg nimic..Halal și cinste Dianei Sosoaca înțelege și un copil mic..ceea ce spune ea..tu te invirti în jurul cozii și nu zici nimic..,OTHER
$USER0674,0,Si ce ne intereseaza pe noi ce salarii au ?,OTHER
$USER0789,1,"Vorbește maciuca României, un premier liga la fotbal.",OTHER
$USER0400,0,Ce a facut acesta doamna pentru tara? Nimic bun.,OTHER
$USER1676,0,Stimata doamna Diana saaveti o zi binecuvîntata de Domnul Isus Hristos sunteți o doamna curajoasă,OTHER
$USER1079,0,Ce puteți spune de recesamint?,OTHER
$USER0436,0,"Noi dorim Neutralitate si Paceeeee!!!!Nu avem nevoie de americani,nu ne sunt prieteni,doar isi vad interesul lor,atat.",OTHER
$USER1067,0,Trebuie linșați aia trebuie făcut,OTHER
$USER1327,0,Respect și admirație!!!,OTHER
$USER0023,0,"Putin a spus că ne dă teritoriile românești din așa zisă Ucraina inapoi ,dar statul nu le dorește.",OTHER
$USER1670,1,La mulți ani doamna senatoare multă sănătate,OTHER
$USER0203,3,Lili Ruse ești un om de doi lei ! Nu mă așteptam !,OTHER
$USER0365,0,"Vine armata lui Arafat urmează ciparea,la vaccin nu a-ți fost cuminți,erați singura țară pe verde,la șefii lumii nu le plac nesupusii",OTHER
$USER0454,0,Asa raniti se vopsesc,OTHER
$USER0791,0,Exista dar nu se baga în alegerile noastre,OTHER
$USER1046,0,Bine că ai căutat pe Google,OTHER
$USER0193,0,comunism ca-n china o fi peste tot,OTHER
$USER0544,2,chirieeeeeac dute acasa gogule stim cine esti,OTHER
$USER1146,0,"George Simion,presedinte!",OTHER
$USER0105,0,Chiar asa va fi ca toți unește SUA,OTHER
$USER0014,0,"Da u dc stai in casa si nu ajuti...sau facut atatea proteste,u ce ai facut",OTHER
$USER1313,2,"Huoiooo daca nu începea războiul în Ucraina restricțiile continua cu valul 5, 6, etc.",OTHER
$USER0021,0,Eatà patrioti sunt dati la o parte,OTHER
$USER0949,0,Mulțumesc frumos pentru informații și va doresc mult succes în continuare,OTHER
$USER0337,0,"Numarati i pasiii'elegantei""",OTHER
$USER1168,2,Nu mai Panicații Populatie cu asfel de stirii. Cu recrutare. HUOO,OTHER
$USER0076,2,"Romanii nu suntem prosti domnule ""patriot"" Terhes.",OTHER
$USER0685,2,"Domnul Neamțu, usurel, nu prea le știi, te asteptam cu informatii nu cu pareri proprii/suspiciuni",OTHER
$USER1738,0,Trebuie să dăm foc la parlament,OTHER
$USER1108,0,Jos cu mafia din guvern,OTHER
$USER0942,5,"Dragă Luis, întreabă-l te rog pe Dan Chitic ce putem face în legătură cu recensămîntul. Mulțumesc",OTHER
$USER1827,1,"Mamelor, veniti în strada! Mamelor, veniti sa ne salvam copii! Iesiti din casa, daca va pasa! Toate Mamele din tara, veniti sa stam aici sa ne protejam copii! In strada!",OTHER
$USER1032,0,Nu se dorește stingerea conflictului ci escaladarea lui,OTHER
$USER0815,5,Cui ii pasa de poporul Român???? Suntem conduși de trădători,OTHER
$USER0648,0,Pedant si arogant...,OTHER
$USER1373,0,"Domnul Terhes, sincer am avut incredere, dar de data asta nu inteleg ce treaba ai cu acest razboi ? ori baieti 'destepti' au ajuns si la tine ?",OTHER
$USER0296,0,jooooo... iu ză prezident of iunaitid steits of americaaaaa,OTHER
$USER0687,0,"Dul MNeamtu de ce comparati Romània cu Russia si o comparati cu Germania sau Anglia, Franta, Ungaria, Croatia, Olanda, Belgia, Polonia.....",OTHER
$USER0277,0,"Așa ați început și cu Covrig , stați liniștiți că e o gripă normală și puțin timp după ați rupt în bătaie că nu purta mască!!!!",OTHER
$USER0022,0,"Din cauza la ieftini,,,, plătim scump",OTHER
$USER1140,0,Pe George Simion viitorul președinte al României să ne scapă de hoț și trădător care au furat România în timp de 32 de ani,OTHER
$USER0036,0,Casian Anghel nouă ordine mondiala înseamnă o lume fara Dumnezeu!,OTHER
$USER1471,0,"Luis Lazarus spunei invitatului tãu sã vb in conformitate cu adevarul,Sa vb si de Americani şi de Ruşi, şi rolul poporului nostru ! ?!",OTHER
$USER1405,0,"Du-te în America să fii parlamentar american, Terhes, și lasă românii",OTHER
$USER0613,0,ești un oportunist neamțule,OTHER
$USER0520,0,Chiriac in ce tara fugi cand vine razboiu te duci dupa nils ca si ala e tot spion transmite din madrid,OTHER
$USER0713,0,Ce resurse naturale are Europa pentru a produce ceva.,OTHER
$USER1563,0,lol... cele mai mari secrete...,OTHER
$USER1386,0,Respect dl.Lazarus !,OTHER
$USER0525,0,Vrem NEUTRALITATE si PACE,OTHER
$USER1265,3,Faceți reportaje și cu populația de rand!!,OTHER
$USER1182,1,"Eu am o întrebare : --""România are président -???""",OTHER
$USER0454,0,"Nu este adevarat dle Chiriac vine pt ca Polonia si Germania au respins migurile cu care sa trimita in Ucraina, iar daca ai nostrii accepta ,noi vom fi bombardati de rusi,",OTHER
$USER0995,0,Cum am ajuns sa fim depedenti de Rusia si Ucraina ?,OTHER
$USER0024,2,Jos PNL USR PSD UDMR.,OTHER
$USER1446,0,Domnule Terhes deja ma superi!,OTHER
$USER1705,4,UNDE ESTE AUR ? RUSINE SA LE FIE,OTHER
$USER0753,0,Foarte mare dreptate are domnul Cezar Ionescu,OTHER
$USER1402,0,Sa scapam de voi,OTHER
$USER0725,0,Frumos invitatat are caracter ! Sa traiasca !,OTHER
$USER1822,0,Mulțumim și dumnivoastra sa la multi ani cu sănătate.,OTHER
$USER0613,0,spune și de BLM!!,OTHER
$USER1829,0,România treziți-vă,OTHER
$USER1839,0,Dorm sunt nepăsători știu doar sa.jicneasca,OTHER
$USER0544,0,sa zbarlit carnea pe mine au venit americanii,OTHER
$USER1797,0,La multi ani tuturor femeilor,OTHER
$USER0115,0,Nu I mai acord timp acestui sinistru personaj. Tot ce face este manipulare. Foloseste cuvinte ca libertate si drepturi cezand ca ne poate spala creierul. Pass terhes. We see trough you!,OTHER
$USER1494,0,"George Belibou Salutari, Gigi !",OTHER
$USER1699,0,Restul doamna Șoseaua la multi ani de ziua femeii,OTHER
$USER0744,0,Foarte frumos discurs Cezar Ionascu ai facut bine de la i invitat in emisiune D Luis !,OTHER
$USER0161,2,FELICITARI MIHAI NEAMTU ...AI DAT DOVATA DE POLITETE SI RESPECT!,OTHER
$USER0740,0,Foarte interesant !Stima !,OTHER
$USER0116,0,De ce crezi că vorbea Johannis despre independenta energetică? E posibil de probarea centralelor thermonuclear!!!,OTHER
$USER1777,0,"NU MAI VOTAM A.U.R,pai unde sunt ei acum?:",OTHER
$USER1179,1,"Va fi razboiul preturilor, asta e clar!!!",OTHER
$USER1858,0,"Nu sunteți singuri! In sufletele românești, bate o inima a PĂCII, armoniei și liniștii!",OTHER
$USER1600,0,Romania este mai puternica cu NATO is USA,OTHER
$USER0608,0,lazarus ... o emisune si cu chem trails? e mult lume care se plange ca au revenit avioanele mortii ...,OTHER
$USER1023,0,Cînd o să fie Simion la biroul lui parlamentar din sectorul 3 ? Vreau să merg în audiență la el pentru că este vecinul meu.,OTHER
$USER1467,3,"Terheș lasă-ne cu inepțiile, devii penibil!",OTHER
$USER0120,0,FELICITĂRI AURLUAN pentru deconspirarea trupelor naziste Azov !,OTHER
$USER0027,0,ACEȘTI UCRAINIENI VOR AVEA DREPT DE VOT,OTHER
$USER0201,2,"Stergi comentariile Aureliane, cand nu-ti convin?",OTHER
$USER0461,0,Vrem sa fim liberi,OTHER
$USER0322,0,Vin extratereștri annunaki,OTHER
$USER0859,0,Dar crimele făcute în Iugoslavia de americani este și România ca dat drept de survola spațiul aerian,OTHER
$USER1076,0,Ar fi bun si Diaconescu linga voi ca sibel este impotriva hotilor,OTHER
$USER0809,2,Să se întoarcă pe scenă !!!,OTHER
$USER1607,0,Bucureștiul nu iasă ?,OTHER
$USER0766,0,Da la 35 km înălțime,OTHER
$USER1246,0,Noi trebuie sa rămânem neutri,OTHER
$USER1608,0,BARNA CRIMINAL BARNA LA PUSCARIA USR NEOMARXISTI JOS GLOBALISTII,OTHER
$USER1613,1,La mulți ani de 8 Martie ziua Femeii mult respect,OTHER
$USER0084,4,"E ȘCOLIT IN SUA, NE CREDE PROȘTI",OTHER
$USER1046,0,Luis te rog să îl aperi pe Ilie Năstase,OTHER
$USER0991,0,Buna seara dl aocat Chitic. Este o plăcere să vă ascultăm,OTHER
$USER0656,0,Tratatu i facut sa fie incalcat..e regula in caz de razboi,OTHER
$USER1489,0,Ce dialog sa ai cu niste indivizi care au interzis învățământul în limba română în teritoriile furate de la Romania de moștenitorii URSS (ucraineni).,OTHER
$USER1063,0,"de ce de fiecara data la miting,ati tras oamenii inapoi?",OTHER
$USER1167,1,Facebookul de ce nu blochează aceste emisi care incită la ură dacă eu vorbesc ce nu-mi convine mă blochează numai de cât.,OTHER
$USER0729,0,Putin = criminal,OTHER
$USER0858,2,"Alooooo, nu crede în mașinăria americană de dezinformare, pt numele lui Dumnezeu ! Nu picați plasă ca în pandemie!!!!!!!",OTHER
$USER0151,0,De la o posta se vede ca terhes e omul americanilor,OTHER
$USER1688,0,Niciodată nu vom lupta pentru Ucraina!!! !!!,OTHER
$USER1907,0,Mare dreptate aveți doamna Sosoaca,OTHER
$USER1305,1,Cine este cel ce a propus proiectul asta????,OTHER
$USER1126,0,Călin Georgescu,OTHER
$USER1507,0,"De ce ți cu América terhes dacă vin americani și ataca România și dau vina pe rusi, stai tu în prima linie",OTHER
$USER0344,0,Sa meargă toate travestitele la razboi,OTHER
$USER0529,0,Ne vor distruge în continuare,OTHER
$USER1787,0,Jos mas media coruptă!,OTHER
$USER0295,0,Hitler e de mult în Europa,OTHER
$USER0791,1,De aia avem conștiința sa ne iertam unii pe altii,OTHER
$USER0235,0,"Pușcărie pentru Alina, huoooo",OTHER
$USER0101,0,Minți diabolice și în lumea civilizată ! Trebuie sa scăpăm de ei,OTHER
$USER0161,0,"DOMNUL MIHAI NEAMTU E UN GENIU ,ARE UN LIMBAL INTELIGENT ,FITI ATENTI CUM SE EXPRIMA CA E OM CITIT!",OTHER
$USER0340,0,"Da lu Camala i se vede mărul lui Adam, e și bărbat și femeie",OTHER
$USER1148,0,Nu a mers cu covitul merge cu războiul panica totala:,OTHER
$USER1233,0,Ca întotdeauna pe ascuns!,OTHER
$USER0131,3,"M-am săturat de gargara asta!. Nimic despre ce implementează Ursula în spatele razboiului , despre QR, recensământ...",OTHER
$USER0639,0,Cînd am intrat prima dată trăiau ca PATRONI.,OTHER
$USER1574,0,Nu știu dacă ati auzit a scăpat informația de la Arafat ca ne lasa fără curent 4 zile.,OTHER
$USER0076,0,Buna ziua doamna senator.,OTHER
$USER1044,0,Ne ia la armata,OTHER
$USER1344,4,D-nul europarlamentar a abandonat lupta pentru desecretizarea contractului încheiat De UE și fima Pfeizer pt vaccin?,OTHER
$USER0927,0,Vai de noi caterinca ați dus discursul în altă direcție.,OTHER
$USER1299,1,Sa va las un comentariu sa al dați an direct la total tara și la domni din parlamentul României și la domnul președinte iohanis,OTHER
$USER0055,0,Doamne nu am cuvinte sa mă exprim,OTHER
$USER0751,0,"Ți în fata,eu după tine",OTHER
$USER1132,0,"Hoții din fruntea statului român se victimizează dacă îi bati un pic pe umăr, Bravo George!",OTHER
$USER1400,0,Bună seara! Sa fim puternici!,OTHER
$USER1206,2,"Johannis, Ciolacu si Ciuca la puscarieeeeee! #ROexit",OTHER
$USER1745,0,IOHANNIS SA PLECE LA LUPTA PENTRU UCRAINA !!!!,OTHER
$USER1590,0,La multi ani de 8 Martie!,OTHER
$USER0809,0,"Respect și stimă, domnule Luis Lazarus!",OTHER
$USER0307,0,Eu fac Pariu ca asta nu mai apuca sa plece de la noi aici se marita daca ai da Iohanis sarmale si mici cu mustar,OTHER
$USER0525,0,Nu mai vb urat cei care sunteti in Live cereti NEUTRALITATE si PACE cu toti poate o sa ne auda si vocea poporului,OTHER
$USER0406,3,Polonia a refuzat sa trimeata armament Ucrainei....Vine la prosti....sa accepte Johannis și sa ne bage în război.... Biden nu a venit ca este senil,OTHER
$USER1175,3,"A VENIT RAZBOIUL STELELOR,.PAREA 1..PARTEA A 2 ..IN APRILIE, IN MAI SE TERMINA CU MAFIA GLOBALISTA, AMERICANEASCA.",OTHER
$USER0770,0,I-mi era dor de D-stra si iata ca mi-a aparut live-ul,OTHER
$USER0496,0,"Americanii când au bobardat iraku si iranu câți copii au omorât, de asta nu mai vorbiți ???",OTHER
$USER1242,1,"Opriți intentia de a impune altă stare. STOP Dictatura de orice fel.Psd,PNL aceiasi mizerie.",OTHER
$USER0307,0,Ce nevoie are o Kamila de vaccin,OTHER
$USER1167,2,O să vedeți voii jurnaliștilor falși și mincinoși o să primiți ce meritați cu minciunile voastre.,OTHER
$USER1471,0,"Ce spuneţi religia Ortodoxã Româneascã, Va avea de pierdut sau Nu!?!",OTHER
$USER1194,1,"Asta e o emisiune tv,tu ești o persoană particulară!",OTHER
$USER1366,0,"Cu siguranță, ne-am săturat",OTHER
$USER0028,0,"Scrieți mesaje clare... sa putem înțelege ... Fără căței , pisici..",OTHER
$USER0115,0,Nu mai este preot. L.au dat afara. A fost Greco catholic.,OTHER
$USER1538,3,"""Focul de aproape nu l poti stinge cu apa de departe"" Proverb Chinezesc",OTHER
$USER0028,0,Lasă emoticonu. ..scrie un mulțumesc .,OTHER
$USER0120,4,Despre amenda dată de CNA lui Cozmin Gușă ce spuneți ???,OTHER
$USER0649,0,"Pei pentru copii romaniei nu se ia bani, pentru fiecare "" emigrant "" se ia bani de fiecare persoana.",OTHER
$USER1255,0,Populația se v a opune Ce fac ne ia cu forta de acasă,OTHER
$USER0312,0,"Madam Lili Ruse, e cu gura plina...",OTHER
$USER0710,0,Bucovina de Nord cui apartine insula serpilot????,OTHER
$USER0446,0,Corect aduce războiul și moarte la noi american,OTHER
$USER0886,2,Rusine voua! Manipulati populatia!,OTHER
$USER0235,0,Ce caută Kamala la noi ???,OTHER
$USER1674,1,Va bruiază cu netul jmeecherii.,OTHER
$USER1587,0,La multi ani stimate doamne,OTHER
$USER0421,0,Huuuuuuooooo criminalilor,OTHER
$USER0695,0,"Omul nu a spus că trăim bine ,ci că avem cât de cât unele libertăți.",OTHER
$USER0572,0,Liviu Teo vezi sa nu!,OTHER
$USER0134,0,"Mamma mia ,mi se oprește la fiecare5-6 secunde, să-mi spună că nu pot intra in live ptr...!!!",OTHER
$USER0084,3,PUNEȚI MÂNA ȘI CITIȚI CA ĂSTA A STAT 17 ANI IN SUA,OTHER
$USER1360,0,Buna seara din Bruxelles,OTHER
$USER0198,0,"ce dragut, daca uit parola ma ajuta uie sa fiu logat for ever",OTHER
$USER0301,2,"Vladimir acum e momentul,,da bomba frate",OTHER
$USER1334,0,Vrem o femeie președinte!...,OTHER
$USER1219,0,"Este ok,se scapă de ieșire la pensie",OTHER
$USER0853,0,Acuma o să se facă gradări,OTHER
$USER0115,0,"Terhes nu vrea?! Ce nu vrei tu frate, ca tu fugi in America in caz de razboi.",OTHER
$USER1737,0,"Bucureștiul în stradă , nu va pasă?",OTHER
$USER0358,0,"Cumva veni dna americancă sa ne bage în război?? Întreb și eu , care este scopul acestei vizite???",OTHER
$USER0151,2,Terhes e omul americanilor,OTHER
$USER0686,0,ADEVARAT! DEMOCRATIE GLOBALISTA!,OTHER
$USER0318,0,Trebuie să facem mai mult aşa intrăm in război Vorbeşte pt tine,OTHER
$USER0374,0,Vrem pa eeee sasule,OTHER
$USER1919,0,ESTE CLAR CĂ AMERICA SE FOLOSEȘTE DE ȚARA NOASTRĂ...TREZIȚI-VĂ OAMENII BUNIIIII....,OTHER
$USER1611,0,Dumnezeu să vă ajute,OTHER
$USER1446,0,Campia Panoniei,OTHER
$USER0110,0,PPE este dezastrul nației noastre.,OTHER
$USER1804,1,Pace România!!!!!!,OTHER
$USER1104,0,Da corect vrem alegeri anticipate cit mai repede sa fim liberi.sa fie pace ca altfel ne ducem tot mai in jos la fund cu totul,OTHER
$USER0327,0,Terminati si cu nato ca nu ajunge ce armata este daca se extinde nenorocire si atunci trebue sa punem osu la lupta ce mai vorbiti,OTHER
$USER0338,0,Toti la armata baa,OTHER
$USER0746,0,Felicitări pentru Emisiune,OTHER
$USER0307,0,"Vom fi penaliza drastic ca nu sa pus covor rosu,pt o femei asa eleganta,eleganta si parfumata",OTHER
$USER0516,0,Vrem PACE in Romania!Neutralitate,OTHER
$USER1234,0,Au lasat MEDICINA DE O PARTE ( ARAFAT ) si acuma o dau IN ARMATA BV MA !!!,OTHER
$USER0139,0,E cumparata si Ciuca si altii sunt evrei..!,OTHER
$USER1425,0,"Daca Rusia e o amenintare permanenta, deci nu mergem pe neutralitate?",OTHER
$USER0084,0,Adina Ramona cauta pe google,OTHER
$USER1866,1,ROMÂNI SĂ NE INTOARCEM FAȚA LA D-ZEU CU CREDINȚĂ ȘI SMERENIE.,OTHER
$USER0002,3,Sacrificiul nostru este pacea lumii. Haideti sa facem sacrificiu cerand pace prin rugaciune si nu prin sangele nostru.,OTHER
$USER1271,2,"Voi ne credeți prosti ,nu ruși sunt vinovați si totul este pornit de la americani",OTHER
$USER0660,0,"MIHAI NEAMTU, ZI CEVA DE REFUGIATII ROMANI, TE RUGAM...",OTHER
$USER0111,0,Stop minciunile ba,OTHER
$USER0936,0,Cenzurată sau necenzurată te admirăm multi oameni pt ceea ce faci,OTHER
$USER0653,0,Chitic ăsta aplaudă la ambasada Rusiei despre ce vorbim,OTHER
$USER0245,6,Băgațivă mințile în cap nu aduceții războiul la noi în țară de ce la noii?,OTHER
$USER0402,0,"Ooooooo, era culmea să nu -l puneţi pe Chiriac să comenteze, poate vine şi Vişan.",OTHER
$USER1415,0,"Cine este interesat să caute pe google ,,euromaidan "" să vedeți ce se întâmplă în ucraina din 2013",OTHER
$USER0430,0,"IOHANNIS INTILNESTE CLONUL KAMALA.. (CA E UN BARBAT).. NU CREDETI, CA NU E NIMIC ADEVARAT..",OTHER
$USER0696,0,"Din 1950 și până în prezent, criminali i ăia internaționali au distrus zeci de țări și au ucis zeci de milioane de oameni. De ce bă nu va curs niciodată lacrimile de crocodil la niciunul?",OTHER
$USER0928,0,VOTEZ DIANA PRESEDINTELE AL ROMÂNIEIIIII,OTHER
$USER0638,0,NU INDRAGIM BARBATII PE TOCURI DE 12,OTHER
$USER1475,2,Duci lumea în deruta,OTHER
$USER0462,0,Sperăm că la plecarea acestor masoni îl vor lua și pe Iohănel cu ei,OTHER
$USER0860,0,Mihaita Talaba Dar specialisti cu arma in mina nu sunt,OTHER
$USER0809,2,Se presupune că erau cazați mercenarii lui Zelenschi.,OTHER
$USER0010,2,"Roman Din Elena Carmen, Arafat trebuie arestat și condamnat la închisoare pe viață pentru genocid împotriva poporului român, AICI! Dacă este expulzat, ADIO!",OTHER
$USER0590,0,Nu ești la curent cu nimic,OTHER
$USER0279,0,"Aaaa şi tu , inteligentule , scrii de la muncă ?",OTHER
$USER0846,2,"Angelo Bonati Ana Mari,nu mai este în AUR. E independent",OTHER
$USER1477,0,Mult respect domnule Terhes.Nu luati în considerare jignirile și răutățile celor care nu cunosc istoria și își dau cu părea.,OTHER
$USER1441,0,Nu il mai criticati a ramas fara inspiratie .a dat checks.daca vera postul lui Diana .acum nu mai are de la cine sa inspire.,OTHER
$USER1635,0,Moderatorii arestati,OTHER
$USER1797,0,Si trebuie sa plateasca,OTHER
$USER1680,0,Jos guvernu ajutam alte Tarii si noii murim de foame,OTHER
$USER0659,0,"Vai și în tara noastră câți sunt fără strictul necesar , of doamne ne a lovit mila , fiecare tara are bani alocați pentru ajutorarea altei tari în caz de război",OTHER
$USER0148,0,"Domnule Lazarus va las, nu pot auzi cuvintele acestui individ",OTHER
$USER0580,0,Felicitări ! O emisiune interesantă pe care o urmăresc cu plăcere .,OTHER
$USER0608,0,da nu stiu neamtule ce sa zic ... umbla vorba ca mai mult ucrainienii cu civilii - sa nu mai zic de marturiile celor care au plecat voluntari sa lupte,OTHER
$USER0899,1,Nu e din vina Aur la ce se întâmpla ?ma Mir ca nu dați vina pe ei,OTHER
$USER0458,2,Nu avem nevoie de americani vrem neutri vrem pace,OTHER
$USER0948,0,Da fiți binecuvntat de domnul pentru ca bine purtați sănteti estraordinar,OTHER
$USER0006,0,Oamenii mor și voi trăiți în trecut!,OTHER
$USER0468,0,La ce si pune Kamala mana period piept?,OTHER
$USER1644,0,"PACE,PACE PACE, PACE, PACE, PACE, PACE, PACE, PACE, PACE, PACE, PACE, PACE, PACE, PACE, PACE, PACE, PACE, PACE, PACE, PACE, PACE, PACE, PACE PACE",OTHER
$USER0168,0,Bravoooo frate!!!!,OTHER
$USER1496,0,"Dl.Terhes,chiar nu ati putut veni la miting cand Av.D.S.a organizat pe tema SUVERANITATE??? va rog sa explicati,multumesc!!",OTHER
$USER0175,0,Nu l mai apară că ia dat peste nas Aurelian și ia zis că se droghează!!!!!,OTHER
$USER0271,0,America trebuie să explice sponsorizare laboratoarelor din Ucraina . Huuuuuuo,OTHER
$USER0089,0,NU FACEM SCANDAL SI NICI NU INSTIGAM,OTHER
$USER1458,0,Ai mâncat chederul de la frigider,OTHER
$USER1033,2,"Atâta timp cât se sta in casa și acceptați la putere acești criminali, vor veni viruși incontinuuu ...",OTHER
$USER1190,2,"Sa nu uitati sa luati si tiganii,ca sunt destui!",OTHER
$USER1622,0,Lasati cantece cu razboiul ca asta va atrageti. Ati facut jocul dublu si ve ti plati.,OTHER
$USER0121,2,"Si eu stiu in Italia multi care au probleme cu inima dupa vaccin ,ca sa nu mai vorbim de morti tineri",OTHER
$USER1449,0,Terenurele rep.Moldova le luam ),OTHER
$USER1009,0,Revenim la certificatul verde? Ce știți?,OTHER
$USER1808,0,"Starul global a spus ca romanii au invatat Bucovina de Nord ,iar limba romana a fost interzisa in Cernauti...",OTHER
$USER0649,0,Ucraina este prima tara care a implementat identitatea digitală,OTHER
$USER1819,0,Cămila acasă peste ocean,OTHER
$USER1062,0,Felicitari Giorge doamne ajuta!,OTHER
$USER1510,2,Ucrainieni au devenit patrioți sau n-au fost lăsați să iasă afară din tara?,OTHER
$USER1478,0,Numai.putin.face.dreptate.hn.romhniea..,OTHER
$USER1115,0,Felicitari D. George,OTHER
$USER0014,0,"Da u dc stai in casa si nu ajuti,sau facut atatea proteste ,u faci cv",OTHER
$USER1631,0,FRICA DE DUMNEZEU SA FIE MAI MARE CA FRICA DE OAMENI,OTHER
$USER0017,2,Trădătorii de tara și neam,OTHER
$USER1710,1,Cine a semnat să meargă la Război.,OTHER
$USER1287,1,Cine sa controleze daca parlamentari au tot,OTHER
$USER0656,0,"N avem clasa politica ,asta i adevarul",OTHER
$USER0162,2,L.ai descris perfect pe Zelensky.,OTHER
$USER1764,1,"Dna Rodica Boancă, George Simion unde sunteți acuma? vai acuma vedem cine este cu poporul român și cine nu",OTHER
$USER0337,0,Vai de capul vostru ...cate amanunte....zici ca ti sar polipii din gat...mai respiraaaa,OTHER
$USER1790,0,E rindul nostru,OTHER
$USER0590,2,De romani nu va pasă,OTHER
$USER1508,0,Buna seara felicitari pentru emisiune,OTHER
$USER1863,0,Dl sa ne pazeasca,OTHER
$USER1026,0,NU SEMNATI RECESAMANTUL!!! VETI FI DEPOSEDATI DE BUNURI!!,OTHER
$USER1624,0,“ LA MULȚI ANI! BINECUVÂNTAȚI FRUMOASE MAME ȘI FEMEI DE PRETUTINDENI,OTHER
$USER0180,0,Se repetă istoria!!,OTHER
$USER0733,0,Bună seara Luis Lazarus.,OTHER
$USER1159,0,La mulți ani doamnă frumoasă!,OTHER
$USER0176,0,"Nu mau pot asculta,mai ales cā urlā",OTHER
$USER1378,0,Nu despre România! Trădătorule!,OTHER
$USER1124,0,Sub nici o formă Kovesi,OTHER
$USER0004,0,Uzurpatorii vor razboi,OTHER
$USER0084,0,"NIMENI NU NE POATE INJECTA CU FORȚA CA LE DĂM IN CAP CU TOPORUL, CE MAI VREI",OTHER
$USER0649,0,Puțin ajuta pe zelensky pentru a se pune planul Kalegri în aplicare,OTHER
$USER0980,0,"Dacă George a luptat din adolescenta și sa dus la Iliescu sa l facă criminal și asa este, cum sa fie fals George acum, ce oameni sunt aceștia cum de gândesc asa tragic.",OTHER
$USER1760,0,SUNTEM ON-LINE 2.964,OTHER
$USER1712,2,OAMENI BUNI.. AFARĂ....DIN CASĂ.. CĂ NE OMOR COPII... DEMISIA... CRIMINALILOR,OTHER
$USER1526,0,Tu auzi c'è zice nu tine cu U.SA,OTHER
$USER1086,0,George tre sa iesim din nato astia fac razboaie din 50 incoace! noi nu vrem razboaie,OTHER
$USER0607,0,"Cel mai bine a explicat Prof Gica Manole pe dosarul zilei ""razboiul din care nimeni nu invata nimic"".",OTHER
$USER0626,0,"Îți inchide youtubulul ,faceboukul",OTHER
$USER0590,0,Respect domnule Chitic,OTHER
$USER0733,0,Domnul săi binecuvinteze.,OTHER
$USER1557,0,Luis bogați lumi joacă Monopolist cu toată lumea,OTHER
$USER1246,2,Simioane unde ești aduna poporul și declarați război criminalilor ce vor sa ne omoare,OTHER
$USER0076,0,Pierdere de timp sa-l ascult pe Terhes.Vrem sa vedem parerea patriotilor.Daca vroiam sa vedem tradatori punem mass media,OTHER
$USER0110,0,Totul sa distrus de când a devenit Băsescu președinte și creat cea mai legata structura de conducere.Aceasta este coordonată de PPE,OTHER
$USER0597,0,"Live la Volan e Crimâ Curată ,să tragă pe treapta",OTHER
$USER0613,0,spune de laboratoare...,OTHER
$USER0263,0,Președinte Vine la fudate,OTHER
$USER1906,1,Jos acest guvern!!!,OTHER
$USER0015,0,RUSII NU AU MANCAT BATAIE PANA ACUM ??????? DAR AMERICANI ???????????????????????????????????,OTHER
$USER1506,0,CRISTI TERHEȘ AM O MARE PREVENȚIE LA A SPUNE NUMITOR COMUN LA CEEA CE ESTE ROMÂNIA TRECUT PREZENTUL ȘI OVIZIUNE DE OM DREPT CU CARE TE RECUNOSC,OTHER
$USER0826,2,ROEXIT România trebuie să părăsească de urgență grupul terorist capitalist UE !,OTHER
$USER1204,2,Cine nu votează cu aur e putinst,OTHER
$USER1047,0,Dl. Chitic a fost apostrofat ieri că participa la emisiune de la volan. Se pare că acum o ok.,OTHER
$USER1629,0,IOHAUS ȘI CIUCĂ SE AUDEE !??? NU VREM RĂZBOI ÎN ROMÂNIA !,OTHER
$USER0938,0,Ai sonorul slab,OTHER
$USER0695,0,"E ,, grele,,de citit, obosește ochii.",OTHER
$USER0441,0,"S,USȚIN NEUTRALITATEA ROMANIEI !SPER CA CIUCĂ SĂ NU ACCEPTE TRIMITEREA MIG IN UCRAINA .",OTHER
$USER1905,1,"Nu vreau sa mi ia băieții mei la razboi nu i dau ,nu sunt de acord . Am făcut mari sacrificii ptr ai vedea realizati. Noi vrem PACE nu război! Doamne ajuta! !",OTHER
$USER0059,2,Noua ordine mondiala,OTHER
$USER0736,0,ESTE LA CONDUCERE ESTE OCULTA MONDIALĂ,OTHER
$USER0743,0,Noapte binecuvîntată,OTHER
$USER1636,0,Cei din Bucuresti mai au si creier nu merg cu urlatoarea,OTHER
$USER0803,1,"Si-au lasat sotii acasa...in Germania,Italia,Olanda....",OTHER
$USER1788,0,Nu ne vrem copiii la război vrem pace,OTHER
$USER0172,2,"avem un subiect de dezbatere și in tot acest timp, rottcshildienii își Fac jocul, nu înțelegeți că nu-i despre război, totul e un film, cu scenarii si actori",OTHER
$USER0608,0,da ... sustine ... lol ....,OTHER
$USER1197,4,Generali care habar nu au nici măcar cu ce se mănâncă un război ăștia sa îmi dea ordine poate glumiți o săi trimitem pe lumea cealaltă pentru tot deauna.,OTHER
$USER0822,1,Să le da minte pt pace,OTHER
$USER1875,1,Ascultați cu atenție ce spune acest mare patriot! Un român adevărat și curajos în același timp!,OTHER
$USER1498,0,"Eu vă respect pe amândoi dar ceeia ce zice d- nul Terheş nu pre cred, ruşi nu vrea NATO la frontiera lui, nicidecum vrea România deja mulsă şi vândută...",OTHER
$USER0480,0,NEUTRALITATE ! AFARĂ CU STRÀINII DIN ROMÀNIA !,OTHER
$USER0105,0,E diferită situația de acum cu Azov,OTHER
$USER0083,0,Suntem in afara pericolului? DV SUNTETI INFORMAT STITI ADEVSRUL SI LEGILE,OTHER
$USER0676,0,DACA STAI CU UN SCHIOP IN CASA INCEPI SA SCHIOOPATEZI .,OTHER
$USER1549,0,Dorel Savu si in Romania tigani is discriminati,OTHER
$USER1200,0,Noi Nu santem an stare sal distrugem.,OTHER
$USER0406,0,Sa va fie rușine,OTHER
$USER0221,0,Cum te-au obligat ? Ți-au pus pistolul la tâmplă ???,OTHER
$USER1762,0,"Bucureștenilor, care stati in case , va intreb : în caz de razboi care oraș credeti voi ca va fi atacat primul ?",OTHER
$USER1230,0,"Da,asa este. Pana an decembrie. Aici este papà si ai lui.",OTHER
$USER1890,4,NU VREM RAZBOI...VREM PACE!,OTHER
$USER0946,0,"Mariana Mariana Dumitrache eu nu mai am încredere în el,din cauza perlei care a scos-o pe gură, sper să revină și să dea explicații, pentru ce îl acuză pe Putin?",OTHER
$USER0940,3,America este statul criminal și punct,OTHER
$USER1785,0,"Bravo,d le Angelo",OTHER
$USER0453,0,"SUA și UE ne subjuga, afară cu ei ! Nu ne amenință nimeni dacă suntem neutri ! Dacă hotărăsc să atace Rusia din România vom avea probleme !",OTHER
$USER0549,0,Totii comentatii ata sti ti cu cat va plateste tv..vrajeli le vostre avioane vb 100...pote 150 € sigur,OTHER
$USER0084,0,"E ȘCOLIT IN SUA, CE MAI VREI",OTHER
$USER1784,0,"LA MULȚI ANI, DIANA ȘOȘOACĂ ! LA MULȚI ANI TUTUROR DOMNIȘOARELOR ȘI DOAMNELOR !",OTHER
$USER0352,0,Dispozitivul Ocultei Mondiale .,OTHER
$USER1785,0,"Dumnezeu este și va rămâne veșnic ,plin de dragoste și milostivire",OTHER
$USER1385,0,Totul este invers,OTHER
$USER0704,0,"D l MihaibNeamtu, un roman f f intelligent",OTHER
$USER0052,0,Cune stie ce me mai pregatesc???,OTHER
$USER0804,2,Sa lupte ei cei de la coducere,OTHER
$USER0692,3,Am ajuns stimate domn mai rau decit pe timpul lui Ceausecu Din toate punctele de vedera,OTHER
$USER0706,0,De ce nu mă miră?,OTHER
$USER0263,3,Unde esti puțin. Hai și dă o bomba la cotroceni,OTHER
$USER0340,0,Azov din Ucraina va spune ceva?,OTHER
$USER1046,0,Ce zicea Take Ionescu mă Terhes vis-a-vis de Rusi,OTHER
$USER0371,0,Respectati deciziile nato si nu ale americanilor:,OTHER
$USER1550,0,Luis sțai și tu cu ochii in jos când vorbește el.,OTHER
$USER0062,0,Sarut mîna doamna Senator Diana Iovanovic !!! Mult mi-aş dori să vă vad presedinte în R.Moldova !!,OTHER
$USER0638,0,Nostradamus ?????,OTHER
$USER0526,0,Ne distruge Iohanis,OTHER
$USER0136,0,Așa că stati cuminți că nu se știe cu ăștia Nu ziceți hop până nu treceți șanțul.E jale cu acest guvern da vina unul pe altul și ia comanda.....A ce v am zis Off nu mai scăpăm de asta ?,OTHER
$USER0526,1,An prima linie Iohanis după care Arafat si Câțu,OTHER
$USER0437,0,"Unde-i NATO ? Ce caută luluta la noi ? Noi respectăm NATO , nu pe Biden .",OTHER
$USER0407,0,Teatru jucat de americani,OTHER
$USER0056,0,Poporul doarme și nu iese odată în strada,OTHER
$USER0622,2,FELICITÅRI domnului Chitic!,OTHER
$USER1364,0,Buna seara .Respect Domnilor .,OTHER
$USER0508,0,"Ucrain nu-i distrusa. Nu mai zbirati, noi suntem distrusi. Economic cu bdnzina ,cu insltelw poati si dijdii.",OTHER
$USER0526,0,Asta zici ca e ion Bețivu,OTHER
$USER0115,3,"Lazarus, te credeam mai tare. Te lasi manipulat de Terhes.",OTHER
$USER0349,0,"Polonia a terminat cu ei ,ce cauta in Romania? Nu vrem razboi,demisia Johannis si tot eternul guvern (hidra celor 32 de ani pusa sa distruga toata Romania)",OTHER
$USER0145,0,Da Unguri nus pe aproape da ai doare an bască de América,OTHER
$USER1339,0,Pai trebuie sa Oprească Războiul și inventează valul 6. Oare va mai pune Omenirea Botul la asta???!!!,OTHER
$USER0115,0,Am inteles ca in Russia este doar vaxul rusesc.,OTHER
$USER0115,5,Identitate digital. Control absolut. Eliminarea banilor cash.,OTHER
$USER0695,0,"Nu mai intrăm în carantină, că le trebuiesc soldați.",OTHER
$USER0788,4,"Mai vb si de Romania si de oamenii amarati care se chinuie sa traiasca , de copii si batranii care nu pot plati facturile ..?",OTHER
$USER0825,1,Ucrainieni schimba valuta deci Nu sant saraci,OTHER
$USER0104,5,Wuhan e finantat de Faucci,OTHER
$USER1601,0,"Sintem alături de voi, cu toate ca Sintem departe",OTHER
$USER0053,4,Multumim mult!! Sîntem norocoși că vă avem!!! Felicitări!!!,OTHER
$USER1615,0,Afară Cu NATO afară cu Hoți și Trădători și criminali ai țări noastre,OTHER
$USER0682,0,"Iar vorbiti fara rost!!Chiar nu aveti alta ocupatie ,decat sa obositi lumea??",OTHER
$USER1266,0,Pe asta in caz de război îl violează rușii nu-l împușca,OTHER
$USER0188,0,George!!! Te apreciem si te iubim!!!,OTHER
$USER0425,0,Neutralitate!!!,OTHER
$USER1553,0,Felicitări românii !,OTHER
$USER1572,0,"Conspirație,nu gluma!!!",OTHER
$USER0115,5,Ukraina este ocupata de CIA de 70 de ani. Terhes update yourself!,OTHER
$USER0005,0,Doamne ajuta sa fim neutrii. Multumim pt tot ce facefi!,OTHER
$USER1448,0,AZOV AZOV AZOV AZOV AZOV AZOV,OTHER
$USER1110,0,Jos Iohannis Alianța pentru Unirea Românilor - AUR,OTHER
$USER0288,0,Au imunitate la gloante !,OTHER
$USER1832,0,La mulți ani sănătoși sa va dea Dumnezeu multă sănătate!Felicitări!,OTHER
$USER1406,2,Rusia atacă Ucraina deoarece au avut de gând să intre în NATO,OTHER
$USER1270,2,Eu cred ca ar trebui sa iesim cu toti in strada si sa cerem alegeri anticipate plus si alegerea unui alt presedinte,OTHER
$USER1872,0,La Frăsinei parcă nu aveau voie femei!,OTHER
$USER1381,2,"De 10 ani România este în UE și NATO. Ce am,, câștigat,,? S au furat tot din țara asta!",OTHER
$USER0734,3,Domnu Mihai Neamtu e cam cu vestul ...din păcate.,OTHER
$USER0649,0,Pe mine nu mau primit la poligon din cauza ca nu sunt vax și nu am carnetul verde...,OTHER
$USER0149,2,Să curate Ucraina și asa au plecat toți civili,OTHER
$USER1338,0,Distribuim masiv!¡!,OTHER
$USER0833,2,"Stați în casa, asta pățim când cei din guvern sta sa ne ducă la ruina, asa oameni nu trebuie sa mai stea la putere",OTHER
$USER0019,3,UCRAINA VA FI NOUL IERUSALIM!,OTHER
$USER0165,0,Bingo! Cox pe nas ca n America de Sud,OTHER
$USER1882,2,Doamne ce bruiaza astia!,OTHER
$USER1835,0,Vin eu să traduc.,OTHER
$USER1376,0,"Pentru un politician novice, d-l Terhes a studiat cam multa istorie cu tematica pe expansiunea Rusiei...hai,ca nu suntem prosti",OTHER
$USER1692,0,LA MULȚI ANI TUTUROR FEMEILOR DIN LUMEA ASTA!,OTHER
$USER1269,1,Nu ați putut sa ne omoriticu vaccinul ne omoriti cu armata,OTHER
$USER1370,2,D-le Lazarus TE ROG FRUMOS să ne spui dacă ai avut vreodată un invitat cu atâtea hate-uri...???,OTHER
$USER0763,0,Trăgeam și cu puscociu!,OTHER
$USER0252,0,Minciuna ce se spune .... rusine sa va,OTHER
$USER1597,0,La mulți ani doamna Diana!,OTHER
$USER1394,0,Rusia are dreptate,OTHER
$USER0840,0,"Oare rusii care il sustin pe acest criminal NU SE GANDESC CA LE VINE RANDUL, indiferent cat vor mai avea acelas stapin???",OTHER
$USER1885,1,nu mai functioneaza liveul,OTHER
$USER0538,0,"""Interesul Poartă Fesul "" ...Au și ""un de ce "" să iubească România...",OTHER
$USER1820,0,Paceeeeeeee!!!!!,OTHER
$USER0020,3,"Viorica Hurjui ,da si au mai si facut similari de razboi in Ucraina,ultima in septembrie 2021.",OTHER
$USER0977,0,Consumă banii românilor,OTHER
$USER0001,2,Avem copii si nepoți care nu știm ce vremuri vor trăi !,OTHER
$USER1401,0,URAAAAAAAAA URAAAAAAAAA URAAAAAAAAA URAAAAAAAAAAA URAAAAAAAA URAAAAAAAAAA,OTHER
$USER0638,0,"DE CE NU CONSTRUIM NOI FABRICI SI UZINE PE PERIMETRUL ROMANIEI , DOMNULE NEAMT ???",OTHER
$USER0168,1,Respect parinte!,OTHER
$USER0791,0,Adrian L Furdui wow..ce urat,OTHER
$USER0932,0,DOAMNE AJUTA ROMANIA,OTHER
$USER0220,4,"Va Jucați cu focul , il provocați mai rău pe nebunul de Putin",OTHER
$USER0184,0,"Ce stii tu despre : gruparea AZOV, fostul președinte al UCRAINEI =omul RUSILOR, actuala garda națională !?!",OTHER
$USER1720,0,"La multi ani D-na Senator, si tuturor mamelor si femeilor dupa planeta. La multi ani de 8 Marine!",OTHER
$USER0259,0,"Vin cu banii de a achita unele dobânzi la împrumuturile României, vin cu ajutor pentru a cumpăra accizele românești...",OTHER
$USER0529,0,Care urmează vor face presiuni asupra popoporului,OTHER
$USER1512,0,Luis nu credeam ca Terheș este atât de slab! Face doar manipulare pe live.ul tău.,OTHER
$USER1103,0,Ce parere aveti de formularele de recensamant?,OTHER
$USER1106,0,Poporul te iubeste,OTHER
$USER0894,0,Ceaușescu nu a pățit nimic fata de ce vor păți astea și se va destramă și uniunea lor de criminali uni vor ajunge in pușcării,OTHER
$USER0849,1,"Dacă... dar la câți spălați pe creier sunt, nicio șansă să refuze să lupte pentru bravul lor lider...",OTHER
$USER0671,0,Omul e campion al libertății,OTHER
$USER1377,0,"CE TOT AI DATI CAI SECTA DACA NU ESTI ORTODOX ESTI SECTA ,,? E POCAIT POCAESTETE SI TU NU SPUNE BIBLIA SA TE POCAESTI ?",OTHER
$USER1443,2,Omul ästa oare crede si el ce spune???...,OTHER
$USER0579,0,vor 5G si centrale nucleare ca sa extermine?!,OTHER
$USER1014,0,Felicitari antrambii ptr emisiune Respect,OTHER
$USER0697,2,Du-te la globaliști .,OTHER
$USER1761,0,Asai au votat vor să ne bage în război..,OTHER
$USER0894,1,Îl asiguram pe toți că ne vom da cu ruși numai sa avem arme în mână,OTHER
$USER0749,0,La arme romanii sa ne recuperam țara.. De la bandiți,OTHER
$USER1626,0,Va sustin cu toată ființa mea!,OTHER
$USER1259,1,Primi care o să moară în Romania in caz de război vor fi politicieni o să vadă bătaia de joc ce au pus-o pe popor,OTHER
$USER0381,3,TERHESI TE-AI DAT CU OCULTA,OTHER
$USER0107,0,O DOAMNE...saracii copii. .apara Doamne toti copiii din lume...NEUTRALITATE ROMANIA...,OTHER
$USER0145,2,Noi vrem pace nu război suntem o țară pașnică care an fost numai pentru pace,OTHER
$USER0086,0,Corect am documentar tradus din limba germana cine doreste mai multe informatii,OTHER
$USER0376,0,Huuuuuùuuuuuuuuuuu,OTHER
$USER0110,0,Cum nu avem? Miturile cu care ne mor piloți,OTHER
$USER1370,2,"D-le Terhes spune cinstit,a cărui agenții americane aparții...???",OTHER
$USER1003,2,Încetează Răzvboiu Începe pandemiea! Noi toți tot o să fim controlați!așa se întâmplă,OTHER
$USER0694,0,DOMNU' NEAMTU BATE CIMPII,OTHER
$USER1083,0,Felicitări George Simion!,OTHER
$USER1525,0,Bravo domnule Lazarus pentru emisiune.!!!,OTHER
$USER0744,0,Felicitari pentru emisiune Luis !,OTHER
$USER0615,0,Buna americani apornit radboiul ca pandemia,OTHER
$USER1559,0,"Războiul rece din 2020 pana în 2027, asa ca joc de glezna",OTHER
$USER1439,0,Vorbiți sa nu tăceti!! Gargara!,OTHER
$USER1386,0,Putin nu ne~a amenintat niciodata de cand e la putere ! Ce tot aveti cu ei ?,OTHER
$USER0984,0,Ce draqu recensamant e asta?,OTHER
$USER0818,3,Copii... nu știe ce vorbeste,OTHER
$USER1513,0,Bine a zis cine a zis că acest război a fost scos de la sertar era premeditat...,OTHER
$USER0976,0,Bine ai venit DANE.,OTHER
$USER0901,0,Buna seara!Si eu cred!,OTHER
$USER0149,0,E divers oameni se împușcă de 7 ani acolo și dialogul era deja terminat,OTHER
$USER1135,0,NICI VORBA CODRUTA NE VA VINDE SI MAI MULT,OTHER
$USER1075,0,VREȚI DICTATURĂ. CA SĂ VINĂ ARAFAT CU VACCINARE FORȚATE. SAU VĂ TEMEȚI DE POPOR.,OTHER
$USER0118,0,"Armament cu cazmale ,lopeti,furci si topoare",OTHER
$USER0260,3,Ai vandut tara strainilor,OTHER
$USER0213,4,"Terhes n-ea dezamăgit clar ,a dat arama pe fata",OTHER
$USER0628,0,Nu ne obliga da ne da cu glontu in cap,OTHER
$USER0084,0,"DE CE AU BĂGAT MORȚII IN SACI NEGRI, STRANUTAU ȘI SĂREA VIRUSUL PE CEI DIN JUR??????",OTHER
$USER0528,0,Clar va dam foc pe strada,OTHER
$USER0508,0,Neutralitate ! Neutralitate !,OTHER
$USER0763,0,Pe al meu barbat ce doarme de sapte ani ...vanator de munte!,OTHER
$USER1470,2,Domnule Terhes ma-ti dezamágit complect. Pácat ! AT-I INTRAT INTRUN JOC IN CARE NUMAI DE PIERDUT AVETI.,OTHER
$USER0084,0,CE A FĂCUT KAMAL KABAL KANIBAL IN ROMÂNIA?????,OTHER
$USER1464,0,La nunta se trage cu pușcă???,OTHER
$USER0689,0,Vezi că vă bruiază prietenii vânduți occidentalilor. Lazarus este Putin un vechi kaghebist fii atent cu concluziile?.,OTHER
$USER0800,0,"Kamala Kămila să stea la ea acasă, NU ARE CE SĂ CAUTE ÎN ROMÂNIA!",OTHER
$USER0224,0,La cnn nu ii pasa,OTHER
$USER0223,0,Andreea Maria Lazar bună seara dragă,OTHER
$USER0115,3,Stan Daniel Voi cum credeti ca a ajuns acolo? Adevaratii patrioti sunt imediat inlaturati.,OTHER
$USER1426,0,"Este provocare facuta de presedintele ucrainei . Care joaca teatru ! Se crede intr o piesa de teatru ,nu in viata Real.",OTHER
$USER0490,0,Sa I cerem sa ne AJUTE SA NE LUAM BASARABIA INAPOI,OTHER
$USER1915,0,Nici acordul din 1992 nu a fost pentru tara .,OTHER
$USER1111,2,Ele Simion este lăudabil că ajutați refugiații dar cred că de cam exagereaza Avem și noi amatorii noștri(boscetari bătrîni copii)și nu ii ajuta nimeniRominii nu merita ajutați?,OTHER
$USER1814,0,Daca ati fi in strada toti care santeti pa fb ar fi f bine !,OTHER
$USER1154,0,Lasă că mergem și ii omoram noi mai bine în pușcărie decât pe front,OTHER
$USER1614,1,Va-au tăiat live ul !!,OTHER
$USER0262,2,Vai de România ce se va întâmpla,OTHER
$USER1243,0,De la starea de criză până la starea de război nu este decât un pas. Să nu uităm că al nostru conducător aproba legi peste noapte.,OTHER
$USER0438,0,"Taci măi Chiriac, nu mai vorbi dodii!",OTHER
$USER1537,0,Așa și trebe ..Occidentul cu democrația lor e jale mare,OTHER
$USER0889,0,Jurnaliștii este și tara voastră nimeni nu ne vrea binele copiilor noștri gândițivă,OTHER
$USER1677,0,La multi ani si Pace si Neutralitate!,OTHER
$USER0667,0,"Esti c am arogant Domnule ...chiar nu vreau sa va asculte...punct ...imi pare rau domnule Luis , Domnul Dan ..",OTHER
$USER0391,0,Tot pentru distrugere sint,OTHER
$USER0756,0,"Hahaha))) corect! ""cu script""",OTHER
$USER0795,0,Stati in banca voastra nu va bagati in Razboiul lor.,OTHER
$USER1851,1,"Să îmi trăiți oameni minunați, augurii onorevole ANGELO GEORGIANI felicitari distinsă doamna avocat și senator Diana Iovanovici Sosoaca!",OTHER
$USER0200,0,"Procesul de fotosinteză rezolvă problema bioxidului de carbon. Vă rog, luptați pentru procesul de fotosinteză. Oprirea tăierilor, și plantarea masivă.",OTHER
$USER0709,2,Te rog domnule nu mai vorbi despre ipocrizie!!!!,OTHER
$USER1321,1,"Daca nu m-am imbolnavit timp de 2 ani, credeti ca ma voi imbolnavi acum? lasati-o incolo de masca.",OTHER
$USER0120,0,",, În contextul în care Putin este un criminal, toți președinții americani de pana acum sunt criminali ! "" Cozmin Gușă",OTHER
$USER0110,0,Că să trimere piloți și militari Români să cadă cu ele cum sa întâmplat.,OTHER
$USER1869,0,Raluca Floriana sa stii ca nici nu mi mai vine sa rad de gasca asta vesela,OTHER
$USER0520,2,Chiriac e un spion,OTHER
$USER1663,1,Somn usor orbule,OTHER
$USER1011,0,Bravo George ai facut un gest bun,OTHER
$USER0448,0,Daca venea dumnezeu...trecea neobservat!...:)))...asa a venit ...misis plici!,OTHER
$USER0695,0,"Păcat că nu e in realitate,ar trebui făcut într-adevăr ,ca să scăpăm de ei.",OTHER
$USER0760,2,Nu ne este somn .....!,OTHER
$USER0311,0,Televiziunea atrage razboiul,OTHER
$USER1459,0,Nu distribui nici eu,OTHER
$USER0254,0,Întreabăl ce părere are de RECESĂMÂNT,OTHER
$USER1393,0,Asta a fi mare președinte mama mama,OTHER
$USER1894,2,"Va merge pe front Cîtu ,Iohanis,Arafat nu băeții noștri care au fost alungați din romania ptr un trai mai bun și acum vor să ne ,ea baeții în război",OTHER
$USER0161,0,"Simo Gherghina ...nu ma duc draga ,eu am gospodaria mea maninc din curte ce produc.",OTHER
$USER1394,3,"Bă TERHEȘ dacă nu se ridica Rusia, România nu exista.",OTHER
$USER0941,0,Putin este al doilea dupa dumnezeu,OTHER
$USER1770,1,"Roxana Anghel nu intrăm, stați liniștită! Zelenski deja a anunțat că e de acord cu toate cerințele impuse de Rusia!",OTHER
$USER0453,2,"CHIRIAC ȘI RADU TUDOR, BAT CÎMPII UMĂR LA UMĂR. Dar nu ne credeți proști ,că nu suntem și lăsați propaganda că nu prinde",OTHER
$USER0590,0,Nu ne mai vindeți la străini,OTHER
$USER1865,0,"PARINTE ARSENIE BOCA DACĂ AI TRECERE LA BUNUL ȘI IUBITUL NOSTRU ISUS HRISTOS, ROAGĂ-L SĂ OCROTEASCĂ ROMÂNIA ȘI PE TOȚI ROMANII.",OTHER
$USER0031,0,"Doamne ajuta si da ganduri bune si curate, asupra noastra, mai marilor lumii, lumineaza i pe ei, ca sa nu distruga creatia Ta! Amin!",OTHER
$USER1319,1,Ei au luat decât BANI !,OTHER
$USER1393,0,Granițele se desenează în Versailles,OTHER
$USER1218,1,Sa de-a Dumnezeu,OTHER
$USER1658,2,Voi sunteți trompetele criminalilor lui Putin!,OTHER
$USER1728,0,"Eu cred ca nici o mama nu își va da copilu sa meargă pe front,doar dacă ma vor omora pe mine !",OTHER
$USER1459,0,Decăt guvernul mondial mai bine să vină Putin să vă dea cu capul de toți pereții pănă vă reveniți la realitate,OTHER
$USER1619,0,Buna va rog daca se piate sa filmati cu telefonul pe lat sau lung landskape,OTHER
$USER0773,0,Nu mai ai voie sa postezi o saptamana dupa comentariul asta. Succes,OTHER
$USER0256,4,ROMANIA NEUTRÀ! TRÀDÀTORILOR!,OTHER
$USER0412,0,parcă ar fi d-zeu,OTHER
$USER0992,3,Benefic e RO EXIT din UE și NATO!!!,OTHER
$USER0296,0,huuuuoooooooo america,OTHER
$USER1061,0,Jos cu mafioți și hoți care au furat toată țara,OTHER
$USER0104,0,"Aoleoooo, orgoliiiiiiii",OTHER
$USER0858,3,Nu râde!!!! Este foarte adevărat!!! Putin le-a stricat laboratoare din Ucraina!,OTHER
$USER0440,0,Ruptă din rai ce să zic a venit cu noi ordine,OTHER
$USER0412,0,vai de capul vostru îți dai seama,OTHER
$USER0865,0,Americanii sant cel mai periculos virus mondial.,OTHER
$USER1606,0,Doamne ajută și la mulți ani la toate femeile,OTHER
$USER0957,0,Rusia e ce mai tare,OTHER
$USER1693,0,Simion nu vine pt Diana a luat atitudine de asta nu ies acum vor ieși cînd îi vor trimite pe bărbați la război cu el in frunte,OTHER
$USER1808,0,"SUNTEM ROMANI,inainte de toate!!!",OTHER
$USER1468,0,"Și invers nui la fel, ești vasal oriunde ori în vest ori în est,",OTHER
$USER1700,0,Dorim neutralitatea României,OTHER
$USER0084,0,"KAMAL ĂSTA, NU ASTA!!!",OTHER
$USER0542,0,C'è oameni....!!!,OTHER
$USER1628,0,"Pace, Pace ,Neutralitate !",OTHER
$USER1685,0,Naționalism este ce faci tu să stai în pat și să râzi ca.... Nu ți-ar fi rușine!!!,OTHER
$USER0215,2,Oarba dupa tine cu covorul tau asta e trans sexuala,OTHER
$USER0823,1,"Lavinia Turcu Toți greșim,nu sunteți singura, eu vam spus ca să știți!",OTHER
$USER0824,1,Rușii vor capitularea lui Zelenschi,OTHER
$USER0423,0,Neutralitate !!!!,OTHER
$USER0045,2,Nu le place de Isus Hristos,OTHER
$USER0295,0,Nicolici Danut LGBT,OTHER
$USER1348,2,Totul este pregătit de niște descreierați.,OTHER
$USER1187,1,"De maine imi bag actele pe franta , gata nu mai vin in romania",OTHER
$USER1459,0,Americanii mult mai criminali decăt rusii,OTHER
$USER1884,1,Doamne ajuta!Vrem pace nu război!,OTHER
$USER1428,0,Vrem colaborări,OTHER
$USER1709,2,Bine că tu vorbesti putin sifffprost cînd vorbești mult si prost mai poți învăța si ceva de bine.dar cînd vorbești putin si aiea e prost .ce poți învăța,OTHER
$USER0083,0,Buna seara! Ati demonstrat cu probe totul asa vati cistigat iubirea si respectul rominilor! Respect!,OTHER
$USER1688,0,"Stefan Cristian ,vorbește frumos ,nenea ,sau ești în târg cu precupețele!",OTHER
$USER0460,0,Chiriac asta pe ce lume trăiește !!!,OTHER
$USER0989,0,"Adevărul triumfa și sănătate multa vă doresc, din suflet",OTHER
$USER0787,0,În parlament de tradatori de tara .,OTHER
$USER1567,0,Domnu Lazarus cand gaceti emisiunea cu recensamantul?,OTHER
$USER1268,0,Romania va fi bagata (sageata) in razboi ..Ve-ti vedea .,OTHER
$USER0719,0,Lazarius chemama pe mine si ai sa vezi emisiune reala nu baliverne dar felicitari baiatului bravo,OTHER
$USER1785,0,Doamne ajuta prea cucernice părinte,OTHER
$USER0294,0,Garda de onoare pentru un criminal... Frumos.,OTHER
$USER1118,0,Felicitări Dl Lazarius pentru Emisiune,OTHER
$USER0718,0,LE E FRICA AMERCANILOR DE ALIANTA RUSIA-GERMANIA-CHINA-INDIA.ACEA ALIANTA II TRIMITE PE AMERICANI JOS DE TOT.,OTHER
$USER0724,0,Si patinam!Frumos! Jos dictatura!,OTHER
$USER1417,0,Să răspundă la întrebări terhes,OTHER
$USER0628,0,Esi ma din masina,OTHER
$USER1251,0,Aleșii neamului să meargă primii la război că au privilegii,OTHER
$USER1821,0,Nu vrem razboi si Nici copii mei nui voi Lasa la razboi,OTHER
$USER0002,2,"Ierusalim este un oras,nu o tara",OTHER
$USER0400,3,Nu mai vorbi prostii ma.Romani au plecat de sărăcie.Pentru ca nenorociți și criminali care ne-au vîndut tara.,OTHER
$USER0929,0,Seara buna va doresc drum bun înainte spre destinație,OTHER
$USER1032,0,MAI GEORGE VINE DICTATURA MILITARA! AI AFLAT??,OTHER
$USER0238,6,Huuuuuuuuuuuu jos cu mafia,OTHER
$USER1340,3,Viitorul Președinte Cristian Terhes,OTHER
$USER1239,1,Din pacate Adevarat,OTHER
$USER0759,0,VĂ DORESC! OAMENII DE BUNĂ CREDINȚĂ! O NOAPTE SFĂNTĂ BINECUVĂNTATĂ DE BUNUL DUMNEZEU CU PACE SUFLETEASCA ȘI TRUPEASCĂ ȘI CU UN ÎNGER LA SOMN PENTRU FIECARE OM!,OTHER
$USER0156,0,Bravo Aurelian!,OTHER
$USER0638,0,"HAI BAI NEAMTULE , PLEACA DACILEA !",OTHER
$USER0100,2,Daca conducerea ucrainei erau corecti Putin statea linistit. Putin crede in Dumnezeu l- am vazut cum intra in Sf Biserica. De cele 27 laboratoare Zelenschi cred ca stie.,OTHER
$USER0830,0,Un general care merita pensie de 10000 de euro fiindca a luptat mult pentru tara asta?,OTHER
$USER0084,0,CE A FĂCUT KAMAL KABAL KANIBAL IN ROMÂNIA??????,OTHER
$USER1778,0,Angelo.fi.mai.civilizat.ca.nui.frumos.ce.vorbesti.anseamna.ca.esti.un.mafiot,OTHER
$USER1454,2,"Popa tokes,lasa-ne ca ne-am lamurit cu tine si cu simion basistul!",OTHER
$USER1475,2,Scopul lor e sa moară lume,OTHER
$USER1615,0,Și bătrâni Vlad fel au fost omorâți,OTHER
$USER1099,0,Adevărat aveți dreptate Iohannis și Arafat demisia am ajuns străinii in țara noastră România!,OTHER
$USER1923,4,"Zelensky sa meargă singur mai departe ,sa și rezolve conflictul cu frații lor!",OTHER
$USER1105,0,Când ii dati jos ?,OTHER
$USER0526,1,Acuma lumea se bazează pe Aur auzi domne fer,OTHER
$USER0737,2,Dute si ramai acolo,OTHER
$USER0648,0,"Nu mai invita pe altii, Luis, ca in centru trebuie sa fie doar unul....",OTHER
$USER0018,3,Si de aici va veni sfarsitul,OTHER
$USER0724,0,Logica este sa cuceresti teritoriile.,OTHER
$USER1096,0,Felicitări la amândoi!,OTHER
$USER1641,0,Trăiască România liberă ! Sa ne unească dragostea pe toți romanii ! Pace și neutralitate!,OTHER
$USER0699,0,SPUNE MI CEVA NOU,OTHER
$USER1871,0,"PENTRU CĂ LUPTAȚI PENTRU VIAȚA NOASTRĂ A TUTUROR ROMÂNILOR, DOAMNA DE FIER A ROMÂNIEI",OTHER
$USER0291,0,Ong cistiga o gramada de bani de pe urma refugiatilor...femeia de servici on italia la un hotel cu refugiati lua 3000 de euro,OTHER
$USER1752,1,Unde sunt cei de la aur...acei ce spun ca wunt patrioti,OTHER
$USER0602,0,Voi vrb de razboi .duceti-va si dormiti,OTHER
$USER0269,0,Poate ca Romania nu esre inca in genunchi .Ne mai trebuie inca un sut in cur. Imi pare rau .,OTHER
$USER1391,0,Da da o sa omoara americanii aici aparandu ne,OTHER
$USER0671,0,Ajuta NATO la greu,OTHER
$USER0894,0,"Cine garantează că români nu se dau cu ruși , după câte au pățit",OTHER
$USER0964,0,Eu sant o persoana normal si cred ca lui Putin ii este mila,OTHER
$USER1232,0,In Romania nu mai ai voie sa fi pro_ rus ?,OTHER
$USER1048,0,Are dreptate acest om doamne ajuta respect,OTHER
$USER0958,0,Oamenii care spun adevărul nu prea au audienta......abia dacă face 1000 pe live cu toate ca dam share la greu.....de ce oare???,OTHER
$USER0490,0,"Se zice de 1 an ca o sa fie Codruța, ca in cazul lui Johanis",OTHER
$USER1730,0,ARMATA CE FACETII ALATURATIVA POPORULUI,OTHER
$USER1086,0,"Gigi Maria s a schimbat , musiu terhes",OTHER
$USER1693,0,Armata și jandarmii să se alăture poporului ca va vor trimite la razboi,OTHER
$USER1799,0,"IESITI DRAGI ROMANI IN STRADA! PT VOI, PT NOI, PT COPIII SI NEPOTII NOSTRI!",OTHER
$USER1355,5,"MI-O PLACUT DE TERHES, AVEA DREPTATE CU COVIDU', DA' CU RAZBOIU M-O DEZAMAGIT, PROPAGANDA AMERICANA",OTHER
$USER0084,0,TERHES E ȘCOLIT IN SUA VA DAȚI SEAMA,OTHER
$USER0914,0,Si mai sint si acuma copii fara internet si telefoane.,OTHER
$USER1161,1,Sa pregătească parlamentari de război,OTHER
$USER0027,2,NIMENI NU MAI ARE INCREDERE IN TERHEȘ !!!!!!!,OTHER
$USER0608,0,du-te sa nu te mai intorci !,OTHER
$USER0380,0,Sandu Ioana Mai sunt arăbeți în România ?,OTHER
$USER1093,2,Din nou în strada frati romani!,OTHER
$USER0956,0,Buna seara ! Respect !,OTHER
$USER1881,1,Se intrerupe live-ul!,OTHER
$USER0311,0,Protectie avem da la dumnezeu amin,OTHER
$USER0781,0,Asta mă întreb și eu! Ce o caută să urmărească ceva ce îl deranjează ?!,OTHER
$USER0140,0,Deci trebuie menținută libertatea presei orice-ar fi,OTHER
$USER1742,3,JOS MÂINILE DE PE COPIII ȘI NEPOȚII NOȘTRI,OTHER
$USER0869,1,"Poartă cască, galben-albastră, arată că îți pasă",OTHER
$USER0685,3,"Cu tot respectul domnule Luis, dar invitatul de azi( Neamțu) nu le are...generalizeaza,sau mai bine zis , discutii fara cap si coada exact ca si politicienii inainte de alegeri....",OTHER
$USER0772,0,Trăiască doamna Diana Sosoaca,OTHER
$USER1442,3,Lazarus intreabal pe stimatul dv invitat dnl Terhes oare mai are priza la poporul Roman în momentul de fata ca în urma cu 2 luni Întreb pt un prieten,OTHER
$USER0780,0,DISTRIBUITI IN TOATE GRUPUIRILE,OTHER
$USER1615,0,da așa Este are Dreptate Omu,OTHER
$USER0596,0,PUTIN ARE DREPTATE,OTHER
$USER0629,0,"LAZARUS, AI AVUT O INSPIRATIE GRESITA , INVITIND UN ZERO .",OTHER
$USER1017,0,Felicitari AUR Bravo George! Mult succes si respect! Sustin AUR! Forta,OTHER
$USER1201,0,Să meargă la război aia care au creat conflictul cu Rusia! Pe noi cine ne-a întrebat dacă suntem deacord,OTHER
$USER0959,0,Nebun fără acte,OTHER
$USER0256,0,"AMERICANII APÀRÀ AFACERILE LOR DIN UCRAINA, LABORATOARELE BIOLOGICE SI CHIMICE.",OTHER
$USER1404,4,Labooooooooooratoooooooooreeeeeeeleeeeeeee nu le spui laboratoarele care ne dădea viruși .,OTHER
$USER0217,0,au blokat tot traficul!,OTHER
$USER1388,0,Neutralitate imediat !,OTHER
$USER0508,4,FITI CU POPORUL NU CU AMERICZNII !,OTHER
$USER0843,0,Moarte Rusiei si acestui descreierat criminal V Pute unde este Dumnezeu ?,OTHER
$USER0978,0,Oare de ce nu vorbit voi de pace..,OTHER
$USER1686,0,Unde ești Simioane??????,OTHER
$USER1046,0,Săracu' Luis. Nu-i vine sa creadă ce audiență are E mai tăcut astă seară. E Joe Rogan. In acest moment sunt 2775 de privitori...cum îi plăcea lui să spună...sunt 7 mii de spectatori acum,OTHER
$USER1873,0,Ocrotește Doamne poporul tău și Binecuvântează moștenirea ta Ajută-ne Doamne păzește țara noastră de război Vrem pace,OTHER
$USER1786,0,"ROMANIA NEUTRA , NU RAZBOIULUI , IN NUMELE LUI ISUS HRISTOS , AMIN!",OTHER
$USER0576,0,Ne trebuie necesar ANFIBI subacvatice da împotriva apărări și spre atac către Ruși,OTHER
$USER1070,0,Bună seara.....tuturor,OTHER
$USER1502,0,Doamne ferește ce am văzut ca se poate intimpla în Ucraina,OTHER
$USER1625,5,IOHANIS NU-I DE-AL NOSTRU.,OTHER
$USER0726,0,Bravo Cezar Ionascu,OTHER
$USER0098,0,Bună seara ! Vă urmăresc din España ! Felicitări !,OTHER
$USER0148,2,"Domnule Lazarus, invitatul dv se învârte în jurul cozii și nu răspunde la întrebări",OTHER
$USER0207,0,Ce Mai Mari criminali CCP,OTHER
$USER0504,0,Dulapu şi.a dat un lac parcă ieri era blond acu e roşcat,OTHER
$USER0006,0,Ce căutați în casă și nu ieșiți să ajutați?,OTHER
$USER1300,1,Halo oooo dar laboratoarele cu ciuma și fermele de copiii nu ziceți nik și noi sa mergem în ferme de animale pe cipuri la sparanghel,OTHER
$USER0054,0,Criminali am fost și de Crăciun.Toata lumea S-a bucurat de o crima,OTHER
$USER0127,0,"Nu te poate forta, nu mai nu mai poti trai.....",OTHER
$USER1691,1,La MULTI ANI BINECUVINTATI STIMATA DNA AVOCAT SENATOR DIANA IVANOVICI SOSOACA!,OTHER
$USER1419,0,Te-ai cam vandut globalistilor terhes,OTHER
$USER0859,1,Vă rog să-mi spuneți dacă ați văzut ce mare gafă de a mințit întreagă țară antena 3 gidea a mințit o întreagă țară cun fec săi fie rușine,OTHER
$USER1231,0,Cu tot cu UE și NATO,OTHER
$USER1903,0,Treziti oamnenii din celelate partide sa le dea Bunul Dumnezeu mintea de pe urma!,OTHER
$USER0729,0,Si ce o sa faceti cand vin peste voi rusii sa va impuste nu va aparati? Muriti asa fara sa va aparati?,OTHER
$USER1039,0,Sa traiesti simion,OTHER
$USER1046,0,De ce amintești de Tache Ionescu ma,OTHER
$USER0104,0,Nimeni nu s-a limpezit. Discutam discutii. Noi romanii putem doar sa speculam. Nu decidem. Nu tragem concluzii. Doar speculam.,OTHER
$USER0374,0,Bucureșteni trindaviti rușine sa va fie,OTHER
$USER1080,0,Taiele pensile speciale,OTHER
$USER1560,0,"De ce spui tu că trebuie să știe de unde sa te ia cineva .?????? Pai cum poți să mi spui asta ??? Eu astăzi pot fi la cineva ,la un prieten ,iar mîine sunt cu altu . Eu nu cred",OTHER
$USER0151,0,"NuPutin s a bagat, sua a inceput razboiul",OTHER
$USER1298,0,Ce recomandare?,OTHER
$USER0016,0,Maricuta Mamy adevarat.,OTHER
$USER1558,0,Credeți ca are legătură planfemia cu războiul?,OTHER
$USER1089,0,Bravo George și Luis Lazarus felicitări pentru ce spuneți și ce faceți.,OTHER
$USER0793,2,Neutralitate!!!,OTHER
$USER0104,0,Nu are |P|utin nicio justificare. Dar de ce acum? De ce nu s-a rezolvat pasnic?,OTHER
$USER1429,0,EU MA ÎNTREB DE CE AMERICANII NU STAU LA EI PE TERITORIUL LOR SA LASE HOȚIILE ÎN CURTEA RUSILOR,OTHER
$USER0288,6,Rusine ati distrus tara !,OTHER
$USER1459,0,Obama alt criminal,OTHER
$USER1614,0,Numai astepteptam ca alți sa lupte pentru noi,OTHER
$USER0125,0,Cei ce vor UE acum sint liberi. Maidanul e mare,OTHER
$USER0068,0,VĂ SUSȚUNEM CU TOATĂ DRAGOSTEA!!,OTHER
$USER1098,0,dati-va drumul la bluetooth si vedeti digitalizarea,OTHER
$USER0353,0,Huuuuuuuuuuuuuuu,OTHER
$USER1394,0,Șansă păcii este o alianță Europa Asia,OTHER
$USER1842,0,Bravoooooooooooo,OTHER
$USER0090,0,Pai cum sa discute Terhes asa ceva? El e cetatean american.,OTHER
$USER0649,0,Libertatea . Pe bune? Ia vedeți cele 3 Legi Papale,OTHER
$USER0878,0,O maternitate plina dar de fapt goala atunci ce au bombardat o maternitate abandonata??? Unde sint cadavrele??? Pun manechine???,OTHER
$USER0850,0,asta e lovitura de stat!!!,OTHER
$USER0712,0,"Vorba romanului ""cand 2 se cearta al 3-lea castiga"".Cine castiga?-America&Israel si China vor castiga restul vor pierde.",OTHER
$USER0077,0,Terhes sa dat cu poporul ca sa prinda Romani incredere ca dupa sa ne vanda!,OTHER
$USER1560,0,"Ar fi bine dv poate știți mai bine ,dar uite ce spune Luis Acu nu știu ce să mai cred ,mă refer la China",OTHER
$USER0177,0,Pentru ca ei au avut motive întemeiate.,OTHER
$USER0875,0,De ce nu spuneți despre fermele de copii din Ucraina?,OTHER
$USER1134,0,Sosoaca președinte,OTHER
$USER0911,0,Luis...esti curajos,OTHER
$USER0300,0,America distruge europa !,OTHER
$USER0173,0,"Cat ai vrea sa pari autostiutor si echidistant tot cu Putin o dai.Nu prea înțelegi ce înseamnă sa înveți din greșeli,crezi ca Putin te apăra.",OTHER
$USER1229,0,Felicitări domnule Pipera !!!,OTHER
$USER0721,0,Mare dreptate aveti ce mult ne iubesc americani vor sa fie cit mai aproape de Ruși si le-au iesit ! SUNTEM pioni pe tabla de Șah!,OTHER
$USER1887,0,Sant în mijlocul orașului Vâlcea și se intrerupe... Mafia Facebook,OTHER
$USER0434,2,Dumnezeu este cel ce sprijină România din toate punctele de vedere Amin,OTHER
$USER0530,2,AM O INTREBARE ALO ALO ALO LA CINE AM FOST VANDU TI CHIRIAC MINTE MULT,OTHER
$USER0762,0,Explicati-ne despre cele 2 avioane....c'è se ascunde SUB,OTHER
$USER0671,0,E buna emisiunea sa revanșat in partea a doua,OTHER
$USER0910,0,Aceasta invazie a ucrainie nu stim unde va duce,OTHER
$USER1160,1,Ce mincinosi sunteti toti din TV,OTHER
$USER0115,0,Acuzat de cine? De o gasca mafiota. Ce credibilitate mai au americanii?,OTHER
$USER1732,0,Diana esti femeie LA MULTI ANI !,OTHER
$USER0909,0,Bau bau Hau hau Și din 1 iulie vor să facă vacccc obligatorie în UE!!,OTHER
$USER1143,0,NUMAI CU SIMION VA FI OK,OTHER
$USER0395,0,Da mă lasă că venim în armată sau vapor în vouă averile Noi nu avem ce pierde noi Noi suntem la oameni necăjiți venim să vă apărăm Jo averile și mergeți voi și omorât,OTHER
$USER0126,0,ROMANIA NEUTRALA!,OTHER
$USER0937,0,Felicitării Lazariuc o noapte liniștită sa ai noapte buna trebuie sa nu cedării nu cedam Lazarius trebuie să-i dăm afară cu acești criminali afara Iohannis afara Arafat,OTHER
$USER1354,0,Suntem prosti vom primi si valul 6 cu capul in pamant!,OTHER
$USER0593,0,Nu știu cine rupe cu putinist dar într-o zi ne va ajunge cuțitul la os și.....,OTHER
$USER1671,1,La mulți ani suflet minunat ! Jos cu iohani și cu criminali .,OTHER
$USER0728,0,"CEZAR, ZI-NE SI NOUA DE ERON, CRIPTOMONEDA !",OTHER
$USER1423,0,Domnu Terheș gresit războiul se ciștigă cu rachete si îti pot demonstra,OTHER
$USER1846,0,"Asteapta sa le duca copiii la razboi, poate asa se trezesc",OTHER
$USER0354,0,"Astia spun un adevăr,si 100 de minciuni...Imginile tot la fel ,sunt 80%regizate",OTHER
$USER1040,0,Succes în tot ce faci George Simion!,OTHER
$USER0196,0,"Atunci, Draghi, Italia de ce forteaza poporul la vaccinare obligatorie, mai ales copii. Daca nu esti vacc. faci intr una TAMPOANE. DE CE?? Va rog!",OTHER
$USER1369,0,Maria Wasile ai dovezi ? De unde știi ? Poți sa arați ce noi nu știm??,OTHER
$USER0285,0,Noi nu avem sânge în instalație ca să refuzăm...,OTHER
$USER0203,0,Vedeți sa nu vă taie ăștia de pe fb !,OTHER
$USER0296,0,huuuuuooooooooooooooooo,OTHER
$USER1107,0,Eu am fost la protestul din Bruxelles și am început să mă gândesc la toate nivelurile de operare politică externă și internă???,OTHER
$USER0879,0,Putin a omorât virusul ucigaș !?,OTHER
$USER0406,0,Ce mare chestie....ne credeți prosti,OTHER
$USER0049,0,"Noi suntem buni,pasnici...",OTHER
$USER0671,0,Nu te ascultam pe tine ești 0 noi ne uita. La Lazarus,OTHER
$USER0009,0,Foarte buna istorisirea dl Manega,OTHER
$USER0084,0,NE ȚINEAU IN CASĂ ȘI MONTAU 5G,OTHER
$USER0663,0,Are dreptate Da Chitic,OTHER
$USER0347,0,"Off,covoru Roșu lipsea,,nebunilor se pune prafu",OTHER
$USER0411,0,Cadeți în genunchi... Pupați pantoful...,OTHER
$USER0805,4,"LINIȘTEA de dinaintea FURTUNEI, măcel va fi cât de curând.... .",OTHER
$USER0236,0,Mă simt rău când le văd protocolul,OTHER
$USER0100,7,Zelenschi a jucat teatru de aceea spunea bill gates ca va veni o plandemie mult mai puternica. Era cuibaru virusilor in ucraina si ca omoara toata europa,OTHER
$USER0765,0,"Ce facem în caz de Război? Tragem cu, calajnicovu în rachete sau în tancuri?",OTHER
$USER1289,0,Da trebuie limitate,OTHER
$USER1820,0,La mulți ani binecuvântați de Dumnezeu tuturor femeilor cu ocazia zilei de 8 Martie,OTHER
$USER0626,0,Pe vremea lui Ceaușescu școală era școală nu.ca acuma,OTHER
$USER1384,0,Tehes da ti o calmata!,OTHER
$USER1100,0,Felicitări și respect pt ce faceți!,OTHER
$USER0494,0,Doamne Dumnezeule lasă pacea Ta peste țara noastră căci de asta atârnă și fericirea noastră,OTHER
$USER1673,0,"La mulți ani, doamna Diana.",OTHER
$USER0164,0,Bună seara din Italia,OTHER
$USER1226,0,Romani isi paresesc tara din cauza razboiului din Ucraina,OTHER
$USER0151,0,Sosoaca ramane cam singura speranta.. terhes ne dezamageste,OTHER
$USER0035,0,Cei care urmează să vă înrolați UNDE SUNTEȚI !!!!!,OTHER
$USER0063,6,Tot Costantinescu a dat si insula serpilor,OTHER
$USER1608,0,VENITII LA ROMANIA,OTHER
$USER0083,0,Buna seara! Ati avut dreptate in tot ce ati zis ati demonstrat cu fapte ! Aveti respectul meu,OTHER
$USER0426,0,Cei mai mari criminali din ziua de astazi,OTHER
$USER1429,0,TERHES TU VEZITI DE TREABA TA VEZITI DE UE NU DA SFATURI ROMANILOR ȘI NU PROVOCA RUSIA. CA NU PRINZI TU RACHETELE ȘI TE JOCI FOTBAL CU AMERICANII,OTHER
$USER1632,0,Mati emoționat . Va iubesc,OTHER
$USER0613,3,"Neamțule, lasă-l să vb pe Dan Chitic! El e vocea noastră.. Dar tu??",OTHER
$USER0732,0,Normalitatea numai dacă ne întoarcem la Dumnezeu!,OTHER
$USER0105,0,De genul ăștia de deștepți utili mie frică ca știe bine sa comunice of in cine sa mai credem ca unu nu da cu pumnul in masă față de străini,OTHER
$USER0203,0,Pun mana pe tine,OTHER
$USER1182,2,"""Stare de Război -""??? sau RĂZBOI ??? Măi nebunilor hotărâți-vă odată , că aici există lume care stăpânești Limba lui Eminescu foarte bine !",OTHER
$USER0454,0,"Asta se si urmareste, va introduce legea martiala pt siguranta cica,nu mai iesi din casa numai ciuruit cu armata Nato straina nu romani,",OTHER
$USER0128,4,Mercenarii din Ucraina au ucis acei copii rusi si nimeni nu a comentat nimic.,OTHER
$USER0601,0,LA NOI SE AUDE BINE !,OTHER
$USER0799,1,Ungurii sunt cei mai deștepți. Rugați-vă sa nu accepte Ucraina în NATO altfel suntem carne de tun pentru dement,OTHER
$USER0211,2,"L-ATI IMPUSCAT PE ,,DICTATORUL,, CEAUSESCU PENTRU A DEVENI VOI DICTATORII CETATENILOR ROMANI SI AL PATRIEI NOASTRE SFINTE! TERORISTILOR, NU V-AR MAI RABDA DUMNEZEU!",OTHER
$USER0017,4,"Nu te uita,închide repede ca dăunează ptr tine",OTHER
$USER0338,0,Basarabia e romania,OTHER
$USER0614,0,Vai da ce sensibil ești neamțule!,OTHER
$USER0643,0,Aur inumara bani,OTHER
$USER0590,0,Trebuia făcut ptr tara noastră,OTHER
$USER0234,2,Dați cu uuuuuuu la toti,OTHER
$USER0592,0,"JOS TRADATORI ROMANIEI, JOS MAFIA DIN ROMANIA , JOS HOTIIIII ROMANIEI HUOOOOO LA PUSKERIE CU TOTI",OTHER
$USER0155,0,MULTA SANATATE SA AVETI CRISTI SI AURELIAN DATI CIT MAI MULT ADEVAR NU IERTATI NIMIC,OTHER
$USER0643,2,Neamtu e platit bine,OTHER
$USER0608,0,ai de facut bagajul neamtule ...,OTHER
$USER1283,1,Unde-i lege.... nu-i tocmeală. Dacă se face această lege... E jale,OTHER
$USER0290,3,"Puneți covor că i se rup tocurile ,vine să ne bage in război că nu fac nimic bun americanii își bagă nasul peste tot...",OTHER
$USER0452,0,"Kabala mondială, JEFUITORII POPOARELOR.",OTHER
$USER0168,0,De acord cu dl Aurelian!,OTHER
$USER0671,0,Vai de capul tau băgate in politică că ești bun la aburit lumea,OTHER
$USER0974,0,Respect Domnul DAN Chitic,OTHER
$USER1785,1,"Felicitări d nului Angelo Giorgiana ,mult succes in continuare",OTHER
$USER1298,1,Omul plătește pentru o pâine 5lei!Rușineze!,OTHER
$USER0246,0,Voi credeți că Dumnezeu se uită la voi cei comentați???,OTHER
$USER1496,0,Unde este AUR??,OTHER
$USER0654,0,Domnu` Lazarus discuția se învârte în jurul cozi.,OTHER
$USER0628,0,Oooo agresat în convorbire,OTHER
$USER0047,0,Un șofer președinte de conturi strigator la cer,OTHER
$USER0058,0,Vrem pace nu Razboi,OTHER
$USER0613,2,China Este puterea mondială actuală!!!,OTHER
$USER0514,0,Nu vrem sa din carne de tun pentru Americani,OTHER
$USER1117,0,Felicitari George!,OTHER
$USER1507,0,Atât vb omul asta farra rost,OTHER
$USER1114,0,"Domnule Ionel Duţā eu cred cā sunteți unu dintre cei dintre PNL,PSD , UDMR, USR etc duceţivā şi staţi cu ei şi nu mai vorbiți de rāu pe nimeni,vā va judeca Dumnezeu...",OTHER
$USER0236,0,Kamala la lăsat singur pe sclerozat,OTHER
$USER0314,2,Care mii de oameni uciși? Minciuni,OTHER
$USER0596,0,Pentru intimidare,OTHER
$USER0222,0,Vreau o întâlnire cu ea... Se poate?,OTHER
$USER1635,0,Nici o stare de criza,OTHER
$USER1171,2,Nu mai manipulati populatia!..,OTHER
$USER0229,5,Vine sa pregateasca carne de tun,OTHER
$USER0784,2,"Va Susțin ca Președinte ,",OTHER
$USER1914,0,"Poporu român nu vrea coflict de război,vrem linşte pe cerul românesc, parlamentul să se coupe de problemele interne care sunt nenumărate.",OTHER
$USER1052,2,"De ce l-ați chemat pe vândut ul ăsta? Se preface că luptă împotriva globalistilor dar de fiecare dată o scaldă. De fapt i-a spălat de fie dată. Numai gura e de el, nu ne mai păcălește.",OTHER
$USER0664,0,"Cred ca o sa se ajunga la o revolutie,alta varianta nu avem sa fim liberi!",OTHER
$USER0767,0,Uleiul de floarea soarelui e nociv.Luati de măsline!,OTHER
$USER1173,1,Baaaaa nu mai speriați lumea cu prostiile voastre . O sa murim noi osa pwriti și voi cu totiii,OTHER
$USER0045,0,Servicii incluse,OTHER
$USER1518,0,"Bai ,Biden a declarat ca nu va intervenii pt soldatii Americani si voi va bazati pe nato ??",OTHER
$USER0656,2,Dle Neamtu ai vota LEGEA SUVERANITATII????,OTHER
$USER0612,0,Neamtule esti praf !,OTHER
$USER1216,2,O trimis Vișan scrisoare de pe front !?? Are nevoie de ceva !??,OTHER
$USER0526,0,Ba esti nebun ca ia La razboi,OTHER
$USER0708,2,"EL ESTE PIONUL PRINCIPAL, CHIAR PESTE PRESEDINTE !!!",OTHER
$USER0873,1,Aici au adus politicieni Romania,OTHER
$USER1387,0,Politicienii români poate stiu ceva cu depopularea globului și oricum numai contează unde ajung banii poporului! Posibil există o Arcă pentru ce-i care au tras lozul câștigător!,OTHER
$USER1443,3,"Domnu Terhes ,... nu mai tine vräjeala. Gata.Putin are dreptate.",OTHER
$USER0572,0,"Iacob Lăcrămioara cred ca avem acelasi tătuc, cu al ukr!",OTHER
$USER1459,2,"Ucrainienii trag in propria populație ,de ce nu recunoașteți",OTHER
$USER1913,0,Doamne ajuta! Mult respect!,OTHER
$USER0371,0,"LILI RUSE DUTE IN MIJLOCUL BOMBARDAMENTELOR SI FA LIVE DE ACOLO , RELATEAZA ADEVARUL IN DIRECT. SI APOI VEI PRIMI SALARIU MERITAT:",OTHER
$USER0288,0,Blocheaza dn1 pentru ea baaaa ce faceti ma !,OTHER
$USER1150,0,REVIN LA MULTI ANI ASA AM GNDIT SI EU CE SPUNTI,OTHER
$USER0924,0,Ăni final luis cum arămas dela cie vristă vriau săle iala armată că suntem ani afară și săștim pînă la chți ani leia la armată,OTHER
$USER0315,0,A completat formularul de intrare in Romania?,OTHER
$USER1523,2,Au murit la revolutie sa traiti voi politicieni sa traiti voi bine,OTHER
$USER1392,0,NATO ar vrea sa se bata cu rușii la noi nu sa ne apere,OTHER
$USER0084,0,"PĂI CE, NU ȘTIAI CE VOR GLOBALISTII???",OTHER
$USER0186,0,"Bravo ție! Cristi Terhes,ptr.tot ce spui,fii binecuvîntat!",OTHER
$USER1511,0,BUNA SEARA! PACE!,OTHER
$USER1281,0,De parcă România nu ar avea țiței și gaze naturale...,OTHER
$USER1529,0,Ochiul. ..........,OTHER
$USER1046,0,Cică de ce sa deschidem Cutia Pandorei....auzi la el,OTHER
$USER0086,0,Venim de Paste in tara milioane de Români si ne incorporeaza direct astia !!!,OTHER
$USER1176,0,Trebuie să iasă lumea in strada si sa ai dea jos pe toti . Asta-i singura soluție.,OTHER
$USER1442,2,Domnule Terhes am avut cu totul alta impresie despre dv dar mati dezamăgit profund din partea mea ai un mare blokkk și nu vreau sa va mai ascult evar,OTHER
$USER0532,0,Nu mai vorbi așa ..,OTHER
$USER0888,2,"Nu știi ce vorbești, mai ai și steagul romanesc în mina, îți place să vezi suferință, ma întreb ai copii??",OTHER
$USER0058,0,Jos criminalii...dece nu plătesc toți criminalii ?,OTHER
$USER1188,0,Aici și politicienii se includ ......,OTHER
$USER0837,0,DOMNUL TERHES MI-AM SCHIMBAT PAREREA...CE ATATA AMABILITATE CU UCRAINA...CEVA IMI MIROASE..,OTHER
$USER1459,0,Stop globaliștilor criminali,OTHER
$USER0729,0,Pe telespectatorii vostrii ii inereseaza adevarul sau rusia?,OTHER
$USER1555,0,Ști de ce nu dă viză și cine nu vrea?mafia care induce țară de 32 de ani pentru că ar mai pleca 4 milioane din primele luni,OTHER
$USER0460,0,Da istooooorica,OTHER
$USER0455,0,Oarba dupa voi si muresu,OTHER
$USER0299,0,America ne baga in razboi cu rusii,OTHER
$USER1490,0,"Buna seara domnul Lazarus, mult respect dvs,si domnului Terhes!",OTHER
$USER1659,0,La mulți ani Doamna Dieana,OTHER
$USER1711,3,Demisia lui iohanis,OTHER
$USER0438,0,Fără mască am zis!,OTHER
$USER1244,0,Dureri. De. Cap. Aveti,OTHER
$USER0246,3,Nu vă mai certați dacă Dumnezeu dă pace va fi pace dacă va fi război asta e totul depinde de Dumnezeu,OTHER
$USER0955,0,Veți fi covidativdoar ăștia cărora va e frica!!,OTHER
$USER1163,0,"Iară vom ajunge la restricții, și măști oameni buni. Că vor să ne bage în case, de sărbătorile, de Paște. Este bătaie de joc ce se întâmplă în această țară umilită.",OTHER
$USER0021,0,Respectul Meu dn sosocà,OTHER
$USER1868,0,România trezește Altfel vom pieri cu toti,OTHER
$USER0122,0,In primul rand naționalizarea apoi sa aperi avuția țării atâta timp cât avem companii multinaționale iar noi suntem doar sclavi lor,OTHER
$USER0650,0,"Luis Lazarus-Zeus Tv sa nu mai dai ifei, ca ne pun mastile inapoi...",OTHER
$USER0059,0,ATUNCI STII CEVA .SPUNE ADEVARUL .....ORI NU TII CU ROMANIA,OTHER
$USER0655,0,De suferinta romanilor cui ii pasa!,OTHER
$USER0454,0,"Cine sa fie ,nu vedeti ca toata mass media este vanduta??",OTHER
$USER0084,3,PENTRU IUGOSLAVIA DE CE NU AȚI SĂRIT AȘA??,OTHER
$USER0046,0,Il intereseaza cetatetenii rusi din Donetsk care sunt masacrati de ucranieni,OTHER
$USER1838,0,Poporul va iubește Stimata Doamna astăzi de 8 martie va urez un călduros la mulți ani !,OTHER
$USER0553,0,AM FANTANA IN CURTE SI OILE IN GRADINA,OTHER
$USER0079,0,"Liliana Alexa a fost demult pus la punct, cu nato...",OTHER
$USER0582,0,Excelenta emisiune ! Domnul sa te binecuvânteze Luis !,OTHER
$USER1386,0,"Dupa dl.Terhes , tot noi suntem de vina ...??",OTHER
$USER1688,0,"Ciucă ,la pușcărie !",OTHER
$USER0945,0,SUNAL PE DOMNUL GEORGE SIMION LASA ASTA CA STIM SI NOI NU TREBUI SA NE SPUI U,OTHER
$USER1164,3,Zici ca i fumata asta,OTHER
$USER1046,0,Luis uiți că și tu ai spus când erai la Inedit TV că Simion e cuplat la servicii,OTHER
$USER1608,0,HALOOOOOOO TREZESTE TOT ROMANILOR VENITII LA REVOLTELE SOCIALA,OTHER
$USER1539,2,"Domnule Terhes nu prea mai ai credibilitate, pt vacc ai fost bun dar acum o cam dai in balta",OTHER
$USER0628,0,Războiul globalistilor,OTHER
$USER1466,0,"Mai Luis, nu fi naiv, nu poti aduce dicutia despre serviciile secrete ale Rusiei.",OTHER
$USER1713,0,Le dam foc daca pun mana pe copiiii nostri,OTHER
$USER1801,0,Ami plac gainile!!!!,OTHER
$USER0436,2,"Cu siguranța ,nu se va afla niciodată adevarul despre pandemie decât …numai ce se permite.,d le Terhes!!Adică,mai nimic!",OTHER
$USER1273,2,Ocoliti subiectul si ne trezim cu bucuria...,OTHER
$USER1788,0,"Încă România doarme, Romania trezestete !!!!",OTHER
$USER0306,0,Poate coboara Putin,OTHER
$USER1386,0,"Dl.Terhes , trebuia sa fim neutri ! Dvs descrieti istoria asa cum va convine dvs !",OTHER
$USER0709,0,Nu mai cumpăra de la ei,OTHER
$USER0119,0,"RĂZBOIU MINȚii.. se luptă ucraineni cu Rușii pentru teritoriile Românești, Poloneze, Cehe, Ruse și Turcești.. NO@ UCRAINENII ĂȘTIA hEROI TATĂ.. GO RAMBO GOO BRANDON",OTHER
$USER1615,0,Și lasă Omul sa Vorbească,OTHER
$USER0546,0,Vrem neutralitate!!!!!,OTHER
$USER0774,0,"Va doresc o zi frumoasa , Doamna senator Diana Ivanovici Sosoaca .",OTHER
$USER1028,0,Sper George sa fi serios,OTHER
$USER1116,0,Liviu Teampau Este foarte curat.,OTHER
$USER1488,0,"Gata mai ..am înțeles ideea ta,lasă pe Terhes sa vorbească.",OTHER
$USER1373,0,"@LUIS inamicul NU este rusia, rusia NU are ce lua de la noi, occidentul ne-a luat TOTTT",OTHER
$USER0909,1,"Ehei, bună întrebare!!! Mare dezamăgire!!",OTHER
$USER1789,0,"Să repete, sa întrerupt",OTHER
$USER0403,2,Această întâlnire va fi una cu eșec! O mare pierdere pentru România! Și vă spun și de ce: La această întâlnire va participa și trădătorul Cîtu Florin.,OTHER
$USER1656,0,"Respect,la multi ani",OTHER
$USER0464,0,S-a încălțat cu tocuri în avion...,OTHER
$USER1155,3,Planul ocultei continuă,OTHER
$USER0197,0,dejaba te opui k tot cap de pod se numește,OTHER
$USER0610,0,Mai terminați cu Ucraina HU,OTHER
$USER0285,0,"Ferească Dumnezeu, pt ce este covorul roșu?!",OTHER
$USER0869,1,"E pe lista iepurașilor Și Chirieac, Vișan, Gâdea...",OTHER
$USER0789,0,La noi cresc preturile ca valurile Dunării.,OTHER
$USER0897,0,A tunat si a adunat invitatii in emisiune,OTHER
$USER0136,0,Da eu nici nu urmăresc CNN nu mai e credibil nici un post....nici nu sti ce sa mai crezi.,OTHER
$USER1213,0,Ionny Pella ce anume?,OTHER
$USER1053,0,Fraților.ai sa facem sa nu mai ne conducă smecheri ăștia din parlament.,OTHER
$USER1221,1,Ala din stânga ori a murit ori e drogat,OTHER
$USER0625,0,Neamțu să facă emisiune pentru Germania,OTHER
$USER0833,2,"Vine și la noi războiul, și o sa înceapă în toată lumea ca și pandemia",OTHER
$USER1399,0,Abia așteaptă Orban sa spuna ca el nu e de acord cu art 5 ! :))),OTHER
$USER0867,1,Pieleanu a venit acum din Ucraina cu noi informații despre război să vedeți ce îi debitează bibilica,OTHER
$USER1015,0,Bravo felicitări pentru voi,OTHER
$USER1395,0,Despre ce război vorbiți! Câți bani ați încasat să faceți acest life?,OTHER
$USER0839,1,De ce nu lasă ucrainenii lui sa iasă din țară. Vameșii ucraineni le cer bani sa.i lase.,OTHER
$USER1084,0,Alegerile vor fi intotdeauna FRAUDATE,OTHER
$USER1703,0,Sa fie huiduita,OTHER
$USER0152,0,"Domnul Terhes un raspuns de tot rahatul!Aici ie vorba de copiii care au fost ucişi,....nu mai am cuvinte....",OTHER
$USER1641,1,Cu respect doamna Diana icoanele nu fac minuni Dumnezeu face minuni! El e suveran! Domnul cu tine!,OTHER
$USER1515,0,Serios? Cunosc femei care sunt mai bărbați decât bărbații doar cu fizicul.,OTHER
$USER0760,0,Am facut si EU LA PTPAP,OTHER
$USER1924,1,Haideți sa umplem Facebook și Instagram cu postări “vrem neutralitate”,OTHER
$USER1750,0,Nu război.Neutraltatr pentru Romania.,OTHER
$USER1352,3,Cred ca NATO si EU sant amenintarea Romaniei,OTHER
$USER1849,0,Trădătorilor avam copii voi nu aveți copii lăsaține în pace nu vrem sa sufere copii din cauza voastră la niste criminali și hoți de averi,OTHER
$USER0576,0,Live pentru poporul român fara aberați,OTHER
$USER1406,0,"Lasă că nici cu Ucraina nu mi-e rușine , in criza de război Zelenski vrea carduri digitale , exact ca la codul Qr",OTHER
$USER0791,0,Nu este nici un război,OTHER
$USER0589,0,Numai confunda comunismul adevarat cu circul stalinist,OTHER
$USER1706,4,Jos tradatorii Vrem pace!,OTHER
$USER0671,0,Da cum alt ordinar ia sa vezi și la asta,OTHER
$USER0278,2,Dacă președintele nostru accepta sa trimită avioane suntem pierduți,OTHER
$USER0351,0,Arme aveti!!!vine mama sa lupte,OTHER
$USER1316,1,Acum nu se va mai face carantina. Acum se va face FOAMEAAAA!!!,OTHER
$USER1453,0,Nu vreau globalisti in țară,OTHER
$USER0670,0,Bă alooo deja ești american taci taci,OTHER
$USER0585,0,FELICITARI pentru emisiune,OTHER
$USER0136,2,Nu mai urmărim posturi tv daca nu putem comenta ce gandim.Atat timp cat nu vb urat de ce ne inchidbgura ? Să vedem ce faceti fără reiting ca oricum nu va mai credem la ce arătați.,OTHER
$USER1371,0,Eu nu cred ca România este miza .Nu . Americanii trebuiau sa stea la ei acasă și sa nu facă laboratoare biologice la ei acasă .2)Sa stea la ei acolo .Ce tot cauta în Europa ????,OTHER
$USER0559,0,Când vin alegerile sã stim ce vrem!!,OTHER
$USER0128,2,Trebuie verificate bazele militare de la Deveselul si Kogalniceanu care ascund laboratoare biologice.,OTHER
$USER1184,1,"Ce mentenanta?, poate mai transporta munitie!",OTHER
$USER1347,0,Bună seara domnilor,OTHER
$USER1208,0,Ce au terminat stocurile,OTHER
$USER1849,1,Hoți hoți criminali trădători,OTHER
$USER0114,0,Iar se îngroapă de viu Terhes,OTHER
$USER1787,0,Demisia Johannis! Jos guvernul trădător!,OTHER
$USER0079,0,Respect Aurelian! Bravos!,OTHER
$USER1027,0,AI JUCAT O CACIALMA GEORGE. AI VÂNDUT APARTAMENTUL ȘI AI CANDIDAT LA GHICI. AI AVUT NOROC. ACUM VREI SĂ SCAPU DE ȘOȘOACĂ ȘI AI SCĂPAT.,OTHER
$USER0969,0,FELICITĂRI dl.DAN.,OTHER
$USER1591,0,Sunt mulți care urmaresc din strainatate,OTHER
$USER0694,0,BRAVOOOOO CEZAR,OTHER
$USER1479,0,Rahat cu apa rece. Fapte nu vorbe,OTHER
$USER0921,0,I-o păzit NATO sa fure motorina,OTHER
$USER0841,1,Cita durere si catelusul o intreaga familie nu e posibil Opriti masacrul !°!!,OTHER
$USER1786,0,"Romania Crestina E neutra fata de orice confruntare in orice razboi , Steagul nostru e Isus Hristos cu Invatatura Lui , cu Poruncile si Legile Sfinte , Dumnezeiesti , amin!",OTHER
$USER1382,0,ASTA CAUTA SA IA ARDEALUL,OTHER
$USER0671,0,Și interesul nostru național unde e facem autostrăzi de se strica anual? Facem cumpărături de armata care pica singure ?,OTHER
$USER0445,0,"Să ne mai lase Chiriac cu siguranța.Are dreptate D-na Crețulescu. Vrem liniște, nu soldați.",OTHER
$USER1374,0,Si la Marea Baltica- Kalinigrad,OTHER
$USER0849,0,Lăsați-vă de glume... de război avem noi nevoie?,OTHER
$USER0160,3,De laboratoarele descoperite ce părere aveți? Finanțate de americani.,OTHER
$USER1895,0,Patriotii din AUR ??,OTHER
$USER0400,0,"Americani au fost, si sint cei mai criminali.Au distrus în japonia Naasachi si Hirosima din temelie.",OTHER
$USER0025,0,Era una acolo cu botnita care avea de discutat cu Diana,OTHER
$USER0199,0,File de la Pfizer 50k,OTHER
$USER0529,0,Asta urmăreau de mult!,OTHER
$USER1398,0,Cristianeee....ce razboi ? Ce a zis Domnul ? Cine ridica sabia...ce se intampla cu el ?,OTHER
$USER0780,0,DISTRIBUITI MASIV IN TOATE GRUPUIRILE,OTHER
$USER1718,0,Trebuie intrat peste ei caci asa ei fac tot ce vor,OTHER
$USER1141,0,"Soțul meu este handicapat , de ce ia tăiat pensia de handicapat , ști Simion de ce ?",OTHER
$USER0248,0,Gheorghe Moldovan invers!!!,OTHER
$USER0141,0,"Bravo,sint documentare din 2016 unul ,am vazut aseara si altele de cum au trait acesti oameni pin acum si nimeni, nimeni nu au vb pin acum",OTHER
$USER1615,1,Pt că Dumnezeu știe ce este cu noi și va urma să fie. De aceea Dumnezeu Ne va apara,OTHER
$USER1785,0,"Nu permiteți să se distrugă acest protest ,nici sa vina instigatori care vor să distrugă acest protest",OTHER
$USER0111,0,Asta taranist ? stie cinei Coposu ?,OTHER
$USER0993,0,cei care l au votat pe schior il vor vota si pe citu,OTHER
$USER0494,2,Aici comentează numai dușmanii țări,OTHER
$USER1382,0,NUI PROST TORHES STIE EL CE VORBESTE,OTHER
$USER0006,0,"Vă e mai comod, știu, dar faceți un minim de efort!",OTHER
$USER0671,0,Pai nu ia ajutat și pe sârbi și pe Sirieni,OTHER
$USER1596,0,Ieșiți în stradă,OTHER
$USER1386,0,"Dl.Lazarus , nu vedeti ca dl.Terhes e pro american ?",OTHER
$USER1157,0,Prea mult miscati acele crengi,OTHER
$USER0933,0,Felicitări Lazariuc !,OTHER
$USER0505,0,Ziua îngropării a României!!!,OTHER
$USER0902,0,Ascultă comentează ando sandramaua,OTHER
$USER0133,0,"Felicitari, Aurelian!",OTHER
$USER0607,0,"Vedeti un adevar istoric pe dosarul zilei cu Prof Gica Manole ""razboiul din care nimeni nu invata nimic"".",OTHER
$USER1085,0,Domnule domnilor doar cu furca se mai poate face ceva astea nu pleaca de buna voie alegerile sant cum vor ei,OTHER
$USER0115,0,"Controlled opposition nu inseamna opozitie!! Sunt de aceeasi parte, mimand opozitia.",OTHER
$USER0145,0,Dar de cele două Aotocare la graniță cu copii părăsiți la graniță Orfani cio fi undes nu se spune nimic,OTHER
$USER0001,0,Si pacea a apărat o țărănimea si prostimea nu bogații!,OTHER
$USER1694,1,Avem conducători Numa hoți traficanți și mincinoși,OTHER
$USER1035,0,George de ce nu este invitat și domnul Călin Georgescu,OTHER
$USER1731,4,VĂ SPUN SINCER CĂ PLÎNG,OTHER
$USER1672,1,Totiii parlamentarii afara au vandut tara,OTHER
$USER0385,0,Halal gândire!!!!,OTHER
$USER0027,0,NU DEGEABA A AJUNS TERHEȘ EUROPARLAMENTAR !!!!! CLAR ESTE VINDUT !!!!!!!!,OTHER
$USER1254,0,Carmen Debizet după cum se vede...nu prea!,OTHER
$USER0254,0,VREM NEUTRALITATE SĂ FIE CLAR,OTHER
$USER0947,2,Sânt mândră că locuiesc în oraș cu Răzvan Constantinescu!,OTHER
$USER1911,0,Vrem conducatori adevărați nu hoți și criminali,OTHER
$USER1037,3,Nu permiteți instalarea 5G .,OTHER
$USER1095,0,Eu am o întrebare cum de a acceptat să intre live cu tine????,OTHER
$USER0137,5,Bravo Aurelian vezi ca Terhes e lipsa nu prea ii convine,OTHER
$USER0590,0,Cine ne a sărăcit???,OTHER
$USER1548,0,Sunt și în Romania,OTHER
$USER1459,0,A greșit Terheș,OTHER
$USER0724,0,Aparare 0% pana in Franta,OTHER
$USER0908,0,Trimit armamentul după al treilea război. ACUM ARMAMENTUL E DOAR SCHITA,OTHER
$USER0639,0,Polema e că criminali ăştia omoară oameni şi nui trage nimeni la .răspundere.,OTHER
$USER0061,0,John Proud Armata.,OTHER
$USER0055,1,Tot răul făcut de acești criminali timp de doi ani toate se vor întoarce împotriva lor. Nu vor scăpa de judecată poporului și de judecată lui Dumnezeu.,OTHER
$USER0683,0,"BRAVOOO,LAZARUS",OTHER
$USER1736,0,Ei o sa plece si noi o sa murim,OTHER
$USER0022,0,"Globalismul clocotește, sunt disperați",OTHER
$USER0126,2,BRAVO DESPINA SPOIALA!!! MULTUMIM PENTRU TOT CE FACI PENTRU ROMANIA NOASTRA!,OTHER
$USER0235,4,Ieșiți în stradă,OTHER
$USER0790,0,Au început deja sa vina ordin de incorporare,OTHER
$USER1193,1,Ce spune biblia astazi se antanpla,OTHER
$USER0927,0,Da propaganda la prostime spuneti unde vor să ne ducă criminali cu agenda masonica super memorandum masonic .,OTHER
$USER1068,3,"Lazarus întreabă l pe George dacă nu -l lasă Ciuca sa facă spital,nu poate să si facă o televiziune....ca o sa aibă o audiență maximă. Seara bună.",OTHER
$USER0608,2,gata ... s-a pierdut neamtu... e ... gata,OTHER
$USER0328,2,Chiar atat de prosti suntem???? Asta a fraudat alegerile Si noi o primim cu flori. Aste este o FRAUDA si nu un VP,OTHER
$USER1635,0,Mame sa iesim in strada!,OTHER
$USER0235,2,Toata lumea în stradă,OTHER
$USER0340,0,"Ați văzut emblema de pe avion..... Ăștia n au venit singuri, au venit cu o armata după ei",OTHER
$USER1776,1,Pace vrem atitsaraci si curati,OTHER
$USER1187,0,"Eu de maine renunt la cetatenie de romania clar nu mai suport ,,",OTHER
$USER1372,0,"Rahat, Germania nu te obliga, tu te uiti la TV",OTHER
$USER1310,0,Buna seara Romania tv,OTHER
$USER1676,1,pentru Doamna Diana Iovanovici tot respectul din partea mea Daniel Corneliu din Suceava Moara,OTHER
$USER0350,0,O sa va fure ROSIA MONTANA MARE GRIJA,OTHER
$USER1002,0,SRI - Serviciul Român de Informații,OTHER
$USER1046,0,Aham...ce păcălici CIA,OTHER
$USER0769,0,La puscarie cu voi hotilor Criminalilor,OTHER
$USER1357,0,dl.. Terhes e gata compromis.,OTHER
$USER0750,0,La alegeri se bateau Taranisti cu Liberali ......in pragul alegerilor de rupeau toate gardurile,OTHER
$USER1272,0,NOAPTE BUNA GANGTAVICA !,OTHER
$USER0329,0,Fără război cămilă americană!,OTHER
$USER0628,0,In Serbia Milosevici a fc cele mai mari crime,OTHER
$USER0564,0,Bineînțeles că dacă nu muncești nici nu papi.,OTHER
$USER1660,0,Neutralitatea României,OTHER
$USER0569,0,Doamne ajuta.Respect,OTHER
$USER0228,3,"Huo, înapoi! Nu avem nevoie de prezenta ei!",OTHER
$USER1542,0,NATO A OMORÂT ȘI OMOARĂ OAMENI MEREU VĂ FACE ASTA,OTHER
$USER0093,0,LA VOT NICIUNUL ALES DINTRE TRADATORI!,OTHER
$USER1253,0,Americani ceau facut de atatea anii ce a fost acolo nimeni nu vorbeste,OTHER
$USER1569,0,Exact la fel este si in Canada… nici o opozitie in guvern…!!!,OTHER
$USER1475,0,Culcat e pozitia ro,OTHER
$USER0687,0,Blànd si nu te bucura prea mult Luis ; Occidentul anuntà deaja valul 6 ìn toamnà.,OTHER
$USER1635,0,Nimeni nu vede ce scrie pe plancarda,OTHER
$USER0810,0,PUTIN CRIMINAL NEBUN.,OTHER
$USER0115,4,Caracatita globalista nu permite.,OTHER
$USER0084,0,NU UITAȚI DE VELA,OTHER
$USER1323,1,Se putea și fără stare de alertă și prosteala care ați făcut,OTHER
$USER0101,3,"Cum rămâne cu dictatura occidentalilor din pandemie ,care a fost diferența în situația din pandemie dintre occident și Rusia. Nu putem uita acești criminali !!!",OTHER
$USER0315,0,Ne ajuta cu atmament pt refugiatii ukrainieni??!!! Voi gandi.ti ce vorbiti??,OTHER
$USER1859,2,"Între timp ei arata pe toate posturile tv , ca sunt proteste civile in ucraina. Dar protestul de la noi nu il arată nimeni...",OTHER
$USER0179,0,Nu este adevarat rusii Au folosit arme vechi care trebuiau SA le utilizeze si SA nu distruga ucraina cand scoate arme adevarate SA vedeti,OTHER
$USER0131,0,"De ce nu susține neutralitatea României, așa cum procedează Ungaria",OTHER
$USER0136,0,Nu ne mai uitam la v cel mai BN asta e din nou manipulare și panica Nb tv iuda,OTHER
$USER0089,0,De CE IN ROMANIA?,OTHER
$USER0112,0,Europarlamentar Cristian Terches scuze Dar se vede Ca' oculta mondiala ti-a permis sa tii cu ei ...esti medaliat Ca' si sistemul nostru si faci parte,OTHER
$USER1194,0,Dar îți place să te uiți și să comentezi!,OTHER
$USER0748,0,cum sa nu vor sai omore daca. ne duc cu presu de nas stam fara famili la mi de chilometri din cauza conducatorilor,OTHER
$USER0378,0,Este strimtoarea Bering acolo ar trebui SA se intilneasca SUA cu Russia,OTHER
$USER1373,0,"auzi la el, sa ne pregatim, daca rusia trece de ucraina ii putem opri noi ... NU pot sa cred !",OTHER
$USER1741,0,PACE NETRALITATE LIBERTATE,OTHER
$USER1712,2,COPII NOȘTRI NU VOR SĂ MOARĂ,OTHER
$USER1056,0,Domnule cite de multe sa mai faca ? Dar oameni nu o sa fie nici o data multumiti !! Dar nu a facut altul mai mult decit George!!,OTHER
$USER0083,0,Buna seara! Va respect si admir! Va multumesc ptr informatii bune reale ptr tot ce faceti! Respect! Sunteti omul potrivit sa conducetivRominia!,OTHER
$USER0774,0,"Ești omul Elitei Globaliste , domnle terhes .",OTHER
$USER1326,0,România este demult vândută Europei,OTHER
$USER1678,0,Ioana Danciu =)))))):)))))))),OTHER
$USER0768,0,gazele scumpe si lumina,OTHER
$USER0199,0,Stie de documente Pfizer 50k file,OTHER
$USER0857,0,SCHIMBATIO PE URINA CAI BATRANA,OTHER
$USER1393,0,Asta a mâncat ciuperci,OTHER
$USER1152,0,Măi da nu mai infloriti pe degeaba,OTHER
$USER1788,0,Cel mai frumos cadou pentru femei și pentru toată lumea sa fie,OTHER
$USER0638,0,In anii 40 ??? Iar incepi cu anii 40 ??? Are placa sant ?,OTHER
$USER1702,0,Romania vrea neutralitate,OTHER
$USER0583,0,Lilly Lilly-ana și eu sa suferim noi . Noi romani suntem latini ce treaba avem cu limba rusa,OTHER
$USER1589,0,SUSTIN RO-EXIT RO-EXIT RO-EXIT,OTHER
$USER0935,2,Cornelia Marinescu Foarte adevărat!Dar prostimea îl acuza pe domnul Putin!,OTHER
$USER0472,0,"Marin Ilie Nu , au logan cu motor de 900 ,euro 6 să nu polueze.",OTHER
$USER0980,0,Dacă baga telefon ul la încărcat Dan nu rămâne fără baterie. Ok,OTHER
$USER1899,0,Dacă ar trăi ceausescu iar împusca dela cap la coadă,OTHER
$USER0951,0,Bună seara. Felicitari pentru emisiune.,OTHER
$USER0981,2,Felicitări dragul nostru Patriot,OTHER
$USER1429,0,NOI ROMANII SINTEM VAI ȘI AMAR DE NOI VB DE FACTURI DE PIENSII DE SALARII DE LOCURI DE MUNCA SA CONSTRUIM SPITALE ETC NU DE RĂZBOIUL ALTOR IMPERII,OTHER
$USER0223,2,Poate vă face o surpriză Să coboare Putin,OTHER
$USER1708,0,Bravooooo. Asa es de odata cu asta se scapa de sub control si e un pericol social.,OTHER
$USER1512,0,"Nu sistemul comunist a falimentat, ci sistemul capitalist. Sistemul comunist a fost un experiment pentru popoarele care nu acceptau asuprirea. Popoarele sărace dețin monopolul resurselor",OTHER
$USER0638,0,Am o intrebare .... Sub a cui talpa se afla in momentul de fata Republica Moldova ???? Sub talpa Ruseasca sau Ukraineana ?????,OTHER
$USER0774,0,"Terhes , Trădător",OTHER
$USER1649,1,Dumnezeu sa aduca pace si lumina in lume !!!,OTHER
$USER0209,0,Buna seara tuturor,OTHER
$USER0778,0,"Numai gura e de voi , în rest vă cresc averile pe spinarea săracilor .",OTHER
$USER1588,0,"Când v-am spus că românii vor război nu m-ați crezut, noroc că eu sunt din Ardeal care face parte din Transilvania ocupată",OTHER
$USER1195,1,Politicienii în fața,OTHER
$USER0560,0,Vai si amar de ceea ce exista in Romania noastra draga,OTHER
$USER1766,1,NEUTRALITATE FATA DE ACEST CONFLICT RUSO-UCRAINEAN...NE DORIM PACE,OTHER
$USER1492,0,2008 a fost ultimul an,OTHER
$USER0217,0,vine cu virusi- ati testat-o?)),OTHER
$USER0913,0,I l infloresc din nou covidul in Spania il vand,OTHER
$USER1417,0,Terhes spune 5 schimbări în România care poate aduce beneficii Românilor financiar !,OTHER
$USER1570,0,Și se uramareste facera uni singur sistem cu toate datele personale,OTHER
$USER1046,0,Putin e apărătorul Ortodoxiei,OTHER
$USER0019,3,"DLE LAZARUS, VA ROG INVITATI PE DOMNUL DR. CĂLIN GEORGESCU, DACĂ SE POATE!",OTHER
$USER0794,0,"Neutralitate. Dacă nu va fi , vom fi distruși. E scris.",OTHER
$USER0927,0,Jos la puscarie pe viata cu criminali simioane,OTHER
$USER0144,0,"Criminalii, cine i-a aparat pe acești copii rusi din Dombas!",OTHER
$USER0742,0,Oamenii frumoși,OTHER
$USER1401,0,Dute ba Americanule .... si culcate ca vb nu mai deliri,OTHER
$USER1502,0,Doamne ferește ce pot vedea aici oameni pe care ai dezbracă a-și bat joc de ei,OTHER
$USER0307,0,"Stiti cumva cate milioane de euro sa cheltuit acuma doar pt aceasta vizita,va spun eu jumatate din pibul Romaniei",OTHER
$USER0078,0,Eschivă tipică politicului,OTHER
$USER0446,0,Ce pune la cale iohanis nu se știe,OTHER
$USER0125,0,UE SI NATO SINT CRIMINALI ACESTUI RAZBOI.,OTHER
$USER1163,1,"Asta este. Am ieșit din pandemie minciuni, și restricții, și suntem amenințați cu războiul, și cu criza economica.",OTHER
$USER0590,0,Noi îl auzim pe dl Chitic,OTHER
$USER0224,0,Romania nu e inportanta pr usa...nici nu lasa oamenii sa mearga in vizita cu esta,OTHER
$USER1064,0,Felicitari GEORGE SIMION ! Felicitări AUR !,OTHER
$USER0115,2,Fa un research si ai sa vezi ca lucreaza ptr amerucani. A fost racolat si trimis in Romania de americani.,OTHER
$USER0048,0,"Bravo Diana ,pentru curajul tau !",OTHER
$USER0628,0,Pai asa e cu Pandemia,OTHER
$USER1758,0,In Ucraina se fabrică arme biologice,OTHER
$USER0240,2,Trupele de ocupație????? Care semnal???????????,OTHER
$USER0889,0,Au ei o sparla cu petrol din țară îl vor da și pe ala ca să ne spună să avem prețuri bune la benzină,OTHER
$USER1286,1,"Vor sa imparta tara in trei, Moldova la rusi, Muntenia regat al Americanilor, Transilvania a Ungurilor.",OTHER
$USER1695,0,Pai adevarat vorbesti bravo ai dreptate bravo esti o desteapata,OTHER
$USER0046,0,"Trist,,,, dar adevărat",OTHER
$USER1379,0,Putin respect pt Domnul Terhes dragi romani ! Asa ati acuzat si pe Ceausescu si acum il regretati,OTHER
$USER0203,0,Adrian Turcu tu ești unul din ei,OTHER
$USER0953,0,Asta ne trebuie noua razboi?? SA se duca astia din parlament SA lupte .pe noi timp de 30 de ani nu NEA luat nimeni in seama CA popor.eeee acuma SA se duca mafia din parlament,OTHER
$USER1474,0,He crede ca esti patriot dar,OTHER
$USER1025,0,Hoții și Criminali din parlament au mii și mii de beneficii și bieții Românii cu copii mulții nu au ce mânca,OTHER
$USER1274,2,Guvernanți vânduți !,OTHER
$USER1167,2,Băi libertatea noastră nu mai există,OTHER
$USER1010,0,BRAVOOO . GEORGE,OTHER
$USER0438,0,"Băi oameni buni Chiriac ăsta e mare rău, le știe pe toate!",OTHER
$USER0975,0,Unde mergem daca vine razboiul Romania.,OTHER
$USER1175,1,"IOHANIS CU POLITRUCII LUI. PNL SI PSD, VREA SA BAGE ROMANIA IN RAZBOI ALATURI CU AMERICANII, DAR DE PASTI SE CIONESC OUALE INTRE VECINI, NU LA MII DE KM.",OTHER
$USER0236,0,Diaconescule!!! Luați-vă voi măsuri de precauție și lăsați România NEUTRĂ!,OTHER
$USER0526,0,Parlamentar ai 400 mil salariu ei suferă săraci cel m-ai mult,OTHER
$USER1850,0,Doamna Diana Romanii va iubeste.,OTHER
$USER0320,0,Putin presedinte,OTHER
$USER0774,3,"Lazarus , citește mesajele oamenilor ,. Toți îl critică pe acest domn patriot terhes .",OTHER
$USER1758,1,Vor ieși la marele concert mare de pe stadion pe 12 martie,OTHER
$USER0562,0,Si de ce nu spui ca la vama toate allea au fost confiscate de vameši,OTHER
$USER1059,0,Da salvăm patrioții,OTHER
$USER1909,1,Opriți ajutoarele cu Ucraina k Zelensky a vrut asta ptr poporului lui sa facă ce vrea. Oricum e un păpușar vândut și pus la înaintare ptr alte interese,OTHER
$USER0925,0,Are avioane de la 300 de km loveste tinta Rusia,OTHER
$USER1459,0,"Nu vine nici un rus ,prietene",OTHER
$USER1269,2,Terminați cu prostiile suntem liberi o murit virusul tradatori,OTHER
$USER0028,0,Bravi Va mulțumesc ....fără emoticoane ..,OTHER
$USER1665,0,AUGURI ANGELO GIOGIANI,OTHER
$USER0730,0,"McD se reintoarce in Rusia pt. ca? Ce ai zis tu Cezar? Ma doare capu' E bn si cu procent mai mic>Ah, ok. Logic.",OTHER
$USER0118,0,Zelensky papusarul globalistilor,OTHER
$USER1841,0,Respect și prețuire vouă oameni minunați,OTHER
$USER1232,2,Iesiti in strada ca suntem dati la lupi de stapanii nostri . Sosoaca Presedinte !,OTHER
$USER1516,0,Esti un tradator,OTHER
$USER0006,0,CITIȚI nu mai ascultați toți pârâții care traduc istoria subiectivi!!!,OTHER
$USER0911,0,autocarul ala auriu al AUR rupea ... v-ți gândit?... Nicoleta Tobos are mare valoare dacă duce in italia numai câți știu eu ...ajunge băi Luise,OTHER
$USER0662,0,Te-a trimis Șoror cu sorcova ... Bați câmpii,OTHER
$USER1401,3,Americanuleeeeeeeee teai vanduttttttt defapt toata Romania e vanduta Americanilor a spus Vadim Tudor ceva de Americani uite ca sa adevereste fircare vorba a lui,OTHER
$USER1852,0,BRAVOOO Angelo Giorgiani!!!,OTHER
$USER0958,0,Adu-l intr-un live pe Iurie Rosca sa audă și românii adevarul despre război.........plandemie.....vorbește omul fără frica și zău ca știe ce vorbește......,OTHER
$USER0664,0,"Romanii treziti-va la realitate, sfarsim sa ne trezim intr-o dictatură!!",OTHER
$USER0334,0,Dacă ar vedea Putin imaginile sigur o rachetă ar păstrao.,OTHER
$USER1817,0,Are 100 de aplaudaci acolo,OTHER
$USER0590,0,Nu avem ce demonstra ucrainienilor,OTHER
$USER1744,0,Vă doresc la mulți ani la toate femeile din România,OTHER
$USER0695,0,"Fațadă,vor să pară ce nu sunt ... făcători de bine.",OTHER
$USER1216,0,PSD -ul a început să apuna demult ...cine ii mai crede,OTHER
$USER1925,0,Dumnezeu te va ocroti.....!,OTHER
$USER0139,0,"Invatati ma si simbolismul,si veti vedea Kazaria ,Ucraina si pe stema Rusiei este sfantul Gheorghe care omoara balaurul..! Simbolismul v a fi caderea lor..!",OTHER
$USER0235,0,Haideți în stradăaaaa ieșiți din toate orasele,OTHER
$USER1781,2,"Cred că tu ești,dar nu vrei să conștientizezi!",OTHER
$USER1898,7,"Sa mearga la razboi USR-ul ,ei sunt in asentiment cu presedintele Ucrainei.",OTHER
$USER1630,0,Doamne apara Tu Romania sa nu fie tarata in razboi!,OTHER
$USER1770,1,Umblă prin piețe și mituiește bieții țărani și bătrâni ca să îi ademenească de partea lui.,OTHER
$USER0727,0,Hop si un Basist,OTHER
$USER1573,0,Buna seara! As adauga eu un motiv în plus pentru recensamânt: au facut identitati false multora si au si murit destui,OTHER
$USER0081,0,Doamne ajută poporul român şi scapă-l de război!,OTHER
$USER0675,0,Bla. bla. Neațu.,OTHER
$USER1387,0,De ce nu se descoperă cine a dus aurul la ruși că nu ne-au cotropit ei pentru 5 caschete de aur?,OTHER
$USER1809,0,PACE PACE PACE!!!!,OTHER
$USER1156,0,Primi sa fie copii parlamentarilor și apoi celalti,OTHER
$USER1077,0,Cu 60% în parlament vor vedea rezultatele,OTHER
$USER0203,0,Terhes ne ia de prosti !,OTHER
$USER0296,0,"Dulapul e la baie, il doare cotul drept... sau stang... de abia așteaptă o partidă cu kmala, căcarmen a lui e purie",OTHER
$USER0601,0,COMPLIMENTI LUIS PENTRU EMISIUNE,OTHER
$USER0451,3,D. Le Chiriac mintiti pe multi bani,OTHER
$USER1751,2,VREM PACE ! VREM PACE !,OTHER
$USER0649,0,"Gata,începe sa se ducă știrea",OTHER
$USER1294,1,Azi am alimentat mașina cu 2.20 euro în Germania.,OTHER
$USER0931,0,Felicitări George Simion,OTHER
$USER0656,0,"Dle Neamtu, esti citit ,educat, vb frumos dar din pacate v ati pierdut CREDIBILITATEA...chiar daca scoti cuiele raman urme",OTHER
$USER0191,0,Sper ca trupele NATO nu sunt asemeni RUSILOR,OTHER
$USER0029,0,Autoritatile...sunt o suma de tradatori,OTHER
$USER0459,0,Manipulare de la PSD si PNL !,OTHER
$USER1542,0,Nu particip la recensământ prea multe detalii personale ni se cer,OTHER
$USER0628,0,Morcovul e la kiev,OTHER
$USER1700,0,Nu participa! Au anuntat,OTHER
$USER0225,2,Să nu uitați să luați poziția ghiocel.,OTHER
$USER0970,0,Buna seara dle Chitic!!!Felicitari pt suveranitate,OTHER
$USER1229,1,Jos PSD … ati trădat și voi !!,OTHER
$USER1902,0,Multumim ce faceți pentru noi...Dumnezeu sa va binecuvinteze si sa va răsplătească...nu avem nevoie de război...vrem liniște și pace...,OTHER
$USER0152,0,Dar in China cine le-a finantat?,OTHER
$USER0688,0,zboara pe fereastra sau ii facem un ceai,OTHER
$USER0693,3,"Dan Chitic este corect si echilibrat.Lasa ipocrizia Neamtule si nu te mai ratoi la Dan Chitic,n- ai inteligenta,curajul si patriotismul sau.",OTHER
$USER0638,0,NOSTRADAMUS ????,OTHER
$USER0081,1,Rodica Plotogea Nu am ştiut!,OTHER
$USER1565,0,"Marjorie Taylor Greene , urmaritii postările și vedeți ce vb de UK,",OTHER
$USER1382,0,UNGURIS PERICULOSII PENTRU ROMÂNIA,OTHER
$USER1197,1,Toți cei care au furat pina acum și au afaceri și finanțe trebuie să își apere singuri România să lupte cu inamicul,OTHER
$USER0127,0,RUSI nu ataca in val si in strategic stike.....,OTHER
$USER0151,0,Ne am lămurit si cu terhes,OTHER
$USER0322,0,Trebuia capacit.. Virgil popescu!,OTHER
$USER1560,0,Stefanya Jan Cum adică ??? au grija de copii altor femei ???,OTHER
$USER0528,0,Trada to ri lor,OTHER
$USER0641,0,"Sunte ti pe pustii, in iugoslavia n a fost comunism",OTHER
$USER0853,0,Voi ce vă așteptați într-un război să rămână tot ca înainte,OTHER
$USER0718,0,"NORMAL CA NE UITAM,LAZARUS E CEL MAI TARE.",OTHER
$USER1370,0,"Adevărații locuitorii ai teritoriilor rusești,cred...",OTHER
$USER0205,3,"Vor da vina pe Putin pentru următorul virus. Că vorba lui Schwab, să nu irosim aceasta criză "" ... Că poate din distrugerea acelor biolabolatoare, a scăpat vreun virus.",OTHER
$USER1419,0,Ilie Stetco si mai adaugam si ucranieni omarati tot de armata ucrainiana acum in acest razboi pe care ei nu da la stiri .,OTHER
$USER0672,0,Domnul Mihai ce faceți ne faceți lecția de istorie.,OTHER
$USER0136,0,Cinste Angelo Giorgiani mereu e aproape de popor în Italia,OTHER
$USER1641,1,Ei intra in stare de criza nu poporul roman! Vreau ei război sa între in prima linie !Li s- au urat de atâta bine ??? Dumnezeu este dragoste și noi ii iubim pe toți care sunt ptr pace!,OTHER
$USER1504,0,Ce au adus cele trei chestii?Laudam niste treburi care pana la urma nu au functionat?,OTHER
$USER0178,0,Of. Nu se mai pune preț pe factorul uman și pe umanitate...,OTHER
$USER1386,0,NATO are nevoie de acest razboi ca de oxigen !,OTHER
$USER1125,0,Pe criminali aia,OTHER
$USER0157,0,Principalul e Corect,OTHER
$USER1759,0,Asa e puru adevăr felicitări doamne ajuta Amin,OTHER
$USER0582,0,Cel mai iubit dintre pământeni ești tu Luis ! Ai grija de tine sa nu te rănească cineva !,OTHER
$USER1051,0,Are perfecta dreptate.asai,OTHER
$USER1753,2,Criminali vor sa ne ia copii,OTHER
$USER1272,0,Am fasole de vanzare ...dau contra tablouri numai la nababi...!,OTHER
$USER1372,0,"Ilie Stetco ai uitat, ce raporteaza rusi, cite sute de mii. Atunci cine poate fi numit, criminal de razboi. Si acuma tu!!!",OTHER
$USER1615,1,Bravo felicitări Domnule Angelo v,OTHER
$USER1631,0,CINE ISI URASTE SEMENUL E UN CRIMINAL,OTHER
$USER0469,0,"TOT RESPECTUL PT NATO SI PRESEDINTELE ROMANIEI,CU BUNUL DUMNEZEU INAINTE !@",OTHER
$USER0861,1,Putin e vinovat trebuie să plătească,OTHER
$USER0084,0,BOȘOROGII DIN GUVERN ȘI DIN PARLAMENT,OTHER
$USER0206,0,"AR TREBUI SĂ RESPECTĂM CONSTITUȚIEA NOASTRĂ, NU A UNIUNII EUROPENE.",OTHER
$USER1428,0,Despre problemele reale ale României pe când le rezolvam? Aveți soluții ceva?,OTHER
$USER0217,0,acum avem agenda 22))),OTHER
$USER0026,0,NEUTRALITATEA ESTE NECESARĂ PENTRU ROMANIA .,OTHER
$USER1057,0,"Tot respectul, oameni buni, poporul român, vede tot ceea ce vor ei să îngrădească Bravo Geoge.",OTHER
$USER1199,0,Sa lauti pe aia care au pensii SPECIALE .PE ARAFAT..SE PRICEPE .,OTHER
$USER0573,0,Foarte adevărat,OTHER
$USER1008,0,Va felicit pentru darunita dumneavoastra,OTHER
$USER0638,0,"BA , MA LASI ???",OTHER
$USER0317,0,Asta vrea America și de la Ucraina,OTHER
$USER1796,0,Va iubesc și cred ca Dumnezeu o sa ne apere,OTHER
$USER0090,0,"Deci rusii sunt răi, Putin este un criminal iar americanii, NATO si UE sunt bune... bai, Terhes, stim ca tu esti cetatean american, dar cui esti tu loial pana la urma? Romaniei sau USA?",OTHER
$USER1684,0,Dumnezeu sa păzească țara noastră,OTHER
$USER1245,0,"De noi e clar, ne spunem le ce vor ei.",OTHER
$USER0110,0,Numai sunt aceste valori in UE,OTHER
$USER1788,0,Vrem și bună intelegere cu toții vecinii,OTHER
$USER0876,0,"Aurelia Vas nu contează, scumpo! eu î ți, doresc sa te vindeci de ura, sper că ești o femeie minunata ...cu siguranță.",OTHER
$USER1147,0,Nu votăm pe Laura,OTHER
$USER1472,0,Respect si simpatie Domnule Terheş FELICITĂRI,OTHER
$USER0126,0,BRAVOOOOOOO ARELIAN!!!!,OTHER
$USER0921,1,România nu mai trebuie sa exporte nimic pentru a ajuta populatia,OTHER
$USER0720,0,AI VĂZUT CEZAR CUM AI SPUS ADEVĂRUL ÎN NUMELE NOSTRU CEI CE SUNTEM PLECAȚI DIN ȚARĂ. NU NE PLACE ȚARA ACUMA.,OTHER
$USER1413,0,Dacă PUTIN punea câteva bombe în Cuba pleca NATO la ei acasă....,OTHER
$USER0314,0,Credibilitate 0,OTHER
$USER0249,0,SPER CĂ ROMÂNII SUNT ÎN GENUNCHI. DOAR VINE UNA DINTRE STĂPÂNII ROMÂNIEI.,OTHER
$USER0180,0,Massmedia câți banii ați lot,OTHER
$USER0715,2,"Chitic,a spus tot...pe mincinosul ăsta,nu vreau sa-l aud..n.b.",OTHER
$USER0873,0,Văii ce sensibil,OTHER
$USER0084,0,TREBUIE INTRAT PESTE EI IN PARLAMENT ȘI IN GUVERN ȘI INJECTAȚI CU TOPOARE,OTHER
$USER1373,0,HELOOOO suntem in 2022 .. SCUZEE,OTHER
$USER0499,0,Pace respectam SUA si,OTHER
$USER0073,0,Va iubim doamna senator Diana Iovanovici-Șoșoacă,OTHER
$USER1610,0,Felicitări dragi patrioți! Dumnezeu să vă ocrotească!,OTHER
$USER0085,0,Kaja Grigorova toți adică si Putin?,OTHER
$USER1232,0,"Daca vin rusii peste psd_ sitii care au distrus tara , ei trebuie sa stea in carantina si dupa sa_i impuste ? Aveti vaccin pentru toti soldatii rusi care vor vení cu tancurile pe la noi ?",OTHER
$USER0785,0,Respect Distinsa Doamna..,OTHER
$USER1046,0,Afirmația asta e făcută în acel context,OTHER
$USER1075,1,SA SĂTURAT POPORUL DE MSCĂ.,OTHER
$USER0007,1,Regina TOMIRIS este prezenta azi alături de dumneavoastră în aceste momente !,OTHER
$USER1205,1,Noi suntem ROMANI extraordinar Cit de prosti ne cred ăștia Aliata trebuie sa fie NEUTRA la fel și tara noastră SUNTEȚI MINCINOȘI,OTHER
$USER1046,0,Vreau sa se deschidă Cutia Pandorei,OTHER
$USER1189,1,Huooooo guvernul,OTHER
$USER0136,1,Mass Media trădătoare din nou Sper sa fie pedepsiți toți să nu îi mai vedem aceste posturi tv Iuda,OTHER
$USER1608,0,JOS USR PNL PDL UDMR PSD,OTHER
$USER0328,0,"Imi face greata , animals asta huuuuuuuuuuuo",OTHER
$USER0873,0,Ucraina duce ce a vrut aavutocazii sa nu se ajungă aici,OTHER
$USER0692,0,Acest lucru e valabil si pentru Romania Adica puterea a pus mina pe tot ei sau inbogatit si poporul e la sapa de lemn,OTHER
$USER0051,2,Asta vor sa faca si acum. Atentie marita!,OTHER
$USER0008,0,Felicitări și ocrotire tuturor!,OTHER
$USER0877,1,"Dl. Chiriac, argumentele dvs. privind razboiul sunt neadevarate prin omiterea a 8 ani de razboi civil in care nationalistii ucrainieni au masacrat cca 14 mii de civili rusofoni.",OTHER
$USER1517,0,România. O fost. Romanii. Ramne. Hoți. T,OTHER
$USER0376,0,Huuùuuuuuuuuùuuua,OTHER
$USER0203,0,Hai și tu în boscheți cu noi ! Raport,OTHER
$USER0084,0,VINOVAȚII VOR FI SPÂNZURAȚI,OTHER
$USER0743,0,Nu au timp au descoperit omicron 2 așteptați-vă la alt val,OTHER
$USER0114,2,Deci ai răspunsuri ft slabe Terhes ….nu suntem prosti noi cei pe-aici sa știi !!!,OTHER
$USER1832,0,Doamne ajuta Ami!,OTHER
$USER0791,0,Mai bine sarac și plin de vise decât bogat și mort egal cu zero,OTHER
$USER1075,0,MULT SUCCES. LA ACTIVITATE. ÎNCONTINUARE. FELICITĂRI.,OTHER
$USER0992,0,Terhes muta te înapoi la tatăl tău SUA,OTHER
$USER0094,3,Vrem neutralitate vrem pace,OTHER
$USER1661,0,"CINE DORESTE RAZBOI ARE LIBER SA MEARGA PE FORTE PROPRII ACOLO, ROMANIA VREA PACE,... NEUTRALITATE...",OTHER
$USER1229,3,Romanii vor neutralitate !!!,OTHER
$USER1004,0,George Simion Te susțin George!,OTHER
$USER1774,0,"Război INSEAMĂ =MOARTEA NOASTRĂ ,NOI TREBUIE SĂ MURIM,ASTA ESTE ADEVĂRUL DE NEACCEPTAT!",OTHER
$USER0203,0,Ce înseamnă sisicar ?,OTHER
$USER1711,0,Lasca Mihai stima !,OTHER
$USER0099,0,marim bugetu la aparare?care industriasi au nevoie de bani?)),OTHER
$USER0903,0,a aparut si genialul pedagog de scoala noua la ora 21.33 care stie tot,OTHER
$USER1350,3,"Buna seara, din pacate domnul Terches m-a dezamagit !",OTHER
$USER0720,0,CEZAR SPUNE ADEVĂRUL,OTHER
$USER0729,0,La fel si cei care sustin Putin criminal,OTHER
$USER1013,0,Bravo ești un om de a lui dumnezeu,OTHER
$USER0638,0,"Si daca o sti , de ce te invirti in acelasi sens ??? Ma tem sa nu ametesti ...",OTHER
$USER1368,0,Este neconstituțional cea ce fac..,OTHER
$USER1109,0,Cine îl vorbește de råu pe George Simion decât PNL PSD Usr āștia care au furat la greu Țară și o furá în continuare nu vá lásați aur jos șacali criminali care ne-au alungat din Țará.,OTHER
$USER0106,0,"Păi ca și creștini ortodocși nici nu avem voie să omorâm oameni din câte știu, indiferent sub ce titlu, apărare etc.",OTHER
$USER0204,0,"Ahaaaa! asta e intrebarea cheie, acuma sa-l văd!",OTHER
$USER1337,0,Bună seara.....,OTHER
$USER0188,2,POATE CA COVIDUL A PLECAT DIN UCRAINA si olimpici AU RASPANDIT VIRUSUL( VARIANTA LU NASU,OTHER
$USER0217,0,acum se declara bidon seful lumii si incepe NOM,OTHER
$USER1227,0,Da coialitia da jefuirr a discutat da ptoiectu da lege pan care sa onvorpprraza oiengeurile si firmele da paza private?,OTHER
$USER1612,0,La multi ani la toate femeile din țară.,OTHER
$USER1130,0,Mamele surogat!,OTHER
$USER0660,0,"La multi ani, femeie!",OTHER
$USER0182,0,Se blocheaza ca naiba,OTHER
$USER1908,0,Iohanis a distrus tara,OTHER
$USER0884,0,Ce teritoriu are Ucraina?,OTHER
$USER0340,0,Da ea cică e bărbat dna asta.,OTHER
$USER0657,0,Domnul Neamtu ia mergi mata la lupta daca asta vrei. Eu ca mama vreau pace in tara mea.,OTHER
$USER1058,0,George Simón te aprecien si te iubin,OTHER
$USER1006,0,De români noștri nu are nimeni mila ?,OTHER
$USER1356,0,Doamne ajuta…!!!!,OTHER
$USER0534,2,Mass-media buba neagră a societăților?,OTHER
$USER0761,0,Vreau în ak47 sa omor politiceni,OTHER
$USER1674,0,"Au modificat legea de chemare, acum e până la 60 de ani",OTHER
$USER0161,0,ARE DREPTATE MIHAI,OTHER
$USER0489,0,"unde sunt investitiile americane in industria de aparare a Romaniei? , ar fi mai ieftin de aparat atunci acest teritroriu, inclusiv s-ar putea extrage de Romania gazul din Mrea Neagra",OTHER
$USER1333,0,Se zvonește că de la 1 iulie nu mai putem pleca din țară fără vaccin. Să fie adevărat?,OTHER
$USER0126,0,PACE! PACE! PACE!,OTHER
$USER1848,0,Doamne ajuta acestui mare domn pentru curajul dumnealui .... cinste acestui om este de aplaudat.Respect .,OTHER
$USER1683,0,"La mulți ani binecuvântați cu lumină și iubire, femei minunate!",OTHER
$USER1162,0,Vine holera de la cadavrele din Ucraina,OTHER
$USER1459,2,Rușii nu sunt așa criminali cum sunt americanii,OTHER
$USER1101,0,Felicitări maestre vă susțin din Tg Mureș,OTHER
$USER1870,0,CITITI BIBLIA SI RUGATI-VĀ LUI ISUS !,OTHER
$USER1412,0,"De americani, ce spune dom părinte?",OTHER
$USER1168,3,La mulți ani doamna frumoasa.,OTHER
$USER0059,0,Mona Monik Multumesc,OTHER
$USER0638,0,"Mint domnilor , mint .... Hi,hi,hi,hi",OTHER
$USER0088,0,"Nu ne-a amenintat nimeni , ce tot bla blatesti acolo? Nato a tot invadat in rau",OTHER
$USER0305,0,Tinetil bine pe Marica și pe borcea,OTHER
$USER0470,0,"Nimeni nu mai schimba cursul în bine, doar după dezastru",OTHER
$USER0261,0,Baaaaaa nebunilor terminatiiii odata!!!,OTHER
$USER1817,0,Ce penibilă e urlătoarea asta :))),OTHER
$USER1469,0,Popa.. te bate d zeu..,OTHER
$USER1370,3,"Bine că ți-ai dat arama pe față, că mulți oameni s-au încredințat vorbelor tale meșteșugite,care te ar fi dus undeva sus, bine că nu a fost să se întâmple...",OTHER
$USER0752,0,Exact dl Cezar .....SUPER ADEVĂR !!!!,OTHER
$USER1299,0,Sunteți an direct,OTHER
$USER0541,0,Vb voi lat TV. Voi credeți că merg la război se duc tot proști că acei ucrainienii,OTHER
$USER0643,0,Ne strici seara noastra ma,OTHER
$USER1598,0,Sănatate și respect OM DRAG CURAJOS Diana Sosoaca,OTHER
$USER0240,0,Taci Taci Taci Diaconescu.....,OTHER
$USER0985,0,Dacă va fi cîțu noi vom fi pe jug arși Doamne ferește,OTHER
$USER0598,0,"razboiul va dura cel.putin cativa ani!deja ...incepe al 3 lea razboi mondial,,,,,,",OTHER
$USER0450,0,Da de de istorică???istorică va fi ziua când vom ieși din NATO.....,OTHER
$USER0334,0,America cam peste toate țările și băgat coada,OTHER
$USER0861,0,Ma omoară copii oameni su nu e crimă cei e criminal eu așa văd pe putin,OTHER
$USER0594,0,NEAMTU ESTE UN MINCINOS,OTHER
$USER1642,1,Trăiască pacea pe pământ,OTHER
$USER0730,0,"Cezar, concluzie. Da. te rog",OTHER
$USER0908,0,Sa trista sabii,OTHER
$USER0454,2,"Sa se duca americani cu migurile nu sa trimita pe cei din Europa, e razboiul lor nu a europenilor,ei vor folosi totul. noi vom fi doar carne de tun .",OTHER
$USER0645,0,Felicitări Dan Chitic.,OTHER
$USER0120,2,Domnul Mihail Neamțu ne spune ceva și de crimele făcute de trupele naziste Azov ????,OTHER
$USER0112,0,Mie nu imi Vine sa cred un preot cum este Terches sa VB asa de violenza... razboi ...arme...,OTHER
$USER1497,0,Noi nu ne dorim război!! Să rămână neutră România!! Vrem Pace pace pace pe pământ!,OTHER
$USER0343,0,La razboi cu voi ca sunteti destui,OTHER
$USER0982,0,Stima respect si multumiri dnu Lazarius si invitatului dumneavoastra,OTHER
$USER1815,0,Respect d na Diana,OTHER
$USER1091,0,George sa candideaza de presedinte,OTHER
$USER1746,0,NE SCOATE DIN COVIT PTR .RAZBOI RUSINE,OTHER
$USER0365,1,Fugiți de la orașe,OTHER
$USER0126,0,"VREM CA ROMANIA NOSTRA NEUTRALA!!! ROMANIA IMPARTIALA !!! VOI JURNALISTII, TREBUIE SA INSTIINTATI AUTORITATILE CEEA CE EXPRIMA POPORUL ROMAN!!! PACE! PACE!",OTHER
$USER1373,0,ADICA DACA TRECE DE UCRAINA II PUTEM OPRI NOI ???????? HELOOOOOO MEGIDIAAAAA,OTHER
$USER0311,0,Doamne ajută amin,OTHER
$USER1513,1,Sa de-a Dumnezeu să meargă toți după gratii cei care au provocat crimele împotriva umanității!!!!,OTHER
$USER1137,0,Kioveși nu candidează îți zic sigur,OTHER
$USER0476,0,Puteți sa va puneți mana la gura sa nu mai mințiți atât,OTHER
$USER0322,0,Nu mai mănâncă borș Chiriac,OTHER
$USER0136,2,Nici eu.Era cu tărie dar ne ajungea.Tot ce a facut a fost ptr a plății datoriile Ceausescu a rămas o Țară ca o floare în urma lui dar in cativa ani au vândut o.,OTHER
$USER0125,0,ZELENSKI un criminal care trebuie judecat,OTHER
$USER0916,0,La urmatorul val vor trece cu vaci nu cu pisici sau caini,OTHER
$USER1459,0,"Suntem glugă de coceni ,clar",OTHER
$USER0208,0,"Stratu Simona Maria dupa ce ca esti aroganta te mai dai si desteapta , se scrie ploua nu ploaie.",OTHER
$USER0087,0,România NEUTRA!!!!!!!,OTHER
$USER0079,0,Myryam Myryam da doar ca nu mai ai voie sa traiesti...,OTHER
$USER0636,0,"Elisabeta, iscoada putinistă!",OTHER
$USER1302,0,Exportați....uhahaaa,OTHER
$USER1640,1,Vrem libertate nu vrem război lăsați soți lângă noi,OTHER
$USER0649,0,Orășelul Copiilor este plin de familii de ucrainieni,OTHER
$USER0097,0,"Zelenski e o marioneta, e clar cine e in spate, dar adta isi sacrifica tara si o va distruge",OTHER
$USER0389,0,Iautel și pe nea câțù,OTHER
$USER0662,0,Tu ce esti evreu?,OTHER
$USER0996,0,sunt din baltiRM,OTHER
$USER1579,0,"La multi ani doamna,patrioata noastra adevarata",OTHER
$USER0895,1,Sa vezi acum la asta care stie pe unde creste petrolul,OTHER
$USER0637,0,"di Chitic , deschideti-le mintile la unii întunecati -neprezenti ...încà ..., cà ne bagà pe toti în groapà !",OTHER
$USER0339,1,Unde este Aur cu fani lui bucureșteni ce fac,OTHER
$USER1725,0,Și tot în casa stați!,OTHER
$USER1021,0,Bună seara Domnule Lazarus,OTHER
$USER0695,2,Nu vrem dictatură militară. Vrem pace !,OTHER
$USER1330,0,Respect și apreciere pentru d voastră!!! FELICITĂRI!!,OTHER
$USER1571,0,Ce scop are recensămîntul?nu cred ca isi are scopul doar de recensămînt...?,OTHER
$USER1836,0,România NEUTRALITATE,OTHER
$USER1142,0,DIANA ŞOŞOACĂ PREŞEDINTE,OTHER
$USER0581,0,Mai fraților știți de unde vine arătat,OTHER
$USER1069,0,"Felicitari, Forta AUR",OTHER
$USER1084,0,Alwgerile vor fi FRAUDATE exact ca n AMERICA,OTHER
$USER0076,0,"Opozitie controlata,doar un catel care e platit din banii furati de la romani.",OTHER
$USER0590,0,"Deci nu pot sa cred, ce prostii spune domnul asta",OTHER
$USER0340,0,Se apropie sfirsitul... Dumnezeu îngăduie totul.,OTHER
$USER0079,0,Ely Sint dar biden cum e? Demn de incredere? Wtf??? Chiar ne crede prosti pe toti?,OTHER
$USER1182,0,"Această emisiune :---""URZIREA TRONURILOR -"""" Crețuleasco ești deplasată grav",OTHER
$USER0596,0,UE CARACATITA CU CAPUL LA BRUXEL,OTHER
$USER0638,0,De ce nu construim in Romania Fabrici si Uzine de 32 de ani ????,OTHER
$USER1307,1,"Eu zic ca nu e asa ușor sa faci o țară ca și România praf în 30 de ani,dar ei chiar au reușit",OTHER
$USER0671,0,In saci de gunoi și cu var aruncat peste,OTHER
$USER1864,0,"DISTRIBUITI,VA RUGANM.",OTHER
$USER0067,0,Bravo patrioata noastră,OTHER
$USER1290,0,Vorbim și pe Maria Rusu,OTHER
$USER0792,1,NEUTRALITATE!!!,OTHER
$USER1812,2,VREAU SA VEDEM SI AURUL UNDE E?,OTHER
$USER1430,0,Daca se muta 20 de milioane de ucrainieni la Noi .. gata ne-au rusificat .,OTHER
$USER1326,0,Va ai de lumea asta stricată,OTHER
$USER0375,0,"PACE, NEUTRALITATE !!!",OTHER
$USER1331,0,Bună seara! Mult respect !,OTHER
$USER0357,2,Cine să se ocupe ei își pregătesc buncărele lași!,OTHER
$USER1411,0,"Războiul se termina oricum,dar se întoarce covidul!",OTHER
$USER1280,1,INDUSTRIA FARMACEUTICĂ ŞI DE ARMAMENT A CUMPĂRAT ....Guvernul României Dictatura MILITARĂ vine,OTHER
$USER0526,0,Caut și eu o jumilta să fuge cu mine an lume,OTHER
$USER0024,0,Diana adevărată mama.,OTHER
$USER1636,1,Am o intrebare....de unde ia adunat si cu cat au fost platiti de Soso sa vina?Aaaaaa si nu in ultimul rand ce fumeaza?,OTHER
$USER0246,1,Voi nu vedeți că PUTIN nu mai judecă,OTHER
$USER0552,0,"Nu era foame , nu mai minti",OTHER
$USER0439,0,Teatru...cei mai bun actori sunt ei....,OTHER
$USER1475,0,Nu va fi război în Ro,OTHER
$USER0526,1,Să vezi bombă da putin si an Romania,OTHER
$USER0779,0,Obraznic?! Eu maturam parlamentul cu el!,OTHER
$USER0405,0,Varza România Rusia va cuceri România și Moldova Rebublica,OTHER
$USER0626,0,Werner e vinovat,OTHER
$USER0833,1,Îl da și îl baga și 2 m în pamant,OTHER
$USER0440,0,În vreme de război cu cine adică la noi în România,OTHER
$USER1694,3,Sa meargă jandarmi care se dau șefi și Dumnezei României,OTHER
$USER0766,0,"La câți generali avem, nici numai trebuie soldați.",OTHER
$USER1460,0,doar vor sa scape de ce au facut in plandemie si asta e sansa lor au buncare de lux,OTHER
$USER1723,0,"Si de America , se va alege prafu'. ..asta o sa se intample mai mult ca sigur.",OTHER
$USER1246,0,Mai popor român ce faceți dormiți dații afara pe misei,OTHER
$USER1373,0,AMERICAAAAAAAAAAAAAAAA,OTHER
$USER0353,0,Să nu mai apuce să ajungă la Cotroceni,OTHER
$USER0220,0,"Cică sa evit traseul, pai dacă vreau sa ajung la aeroport ca plec , pe unde o iau ? pe sus",OTHER
$USER0596,0,Distribuit grupuri,OTHER
$USER0170,0,USA e jucat pe doua fronturi și în al doilea război mondial!,OTHER
$USER0203,2,Și tu ești printre noi . Vino și tu în boscheți !,OTHER
$USER0265,0,Ați băgat benzină. Ce mașini. Copiii și bătrâni mor de foame. Să vă fie rușine hoților.,OTHER
$USER1791,0,Suntem manipulați !,OTHER
$USER1399,0,AU vrut ...dar ..vezi 1967 !,OTHER
$USER0190,2,"intrati pe presa ucrainiana din 27 aprilie 2020,scandal monstruos si va cruciti cate tari excomuniste au laboratoare,RO nu este pe lista insa este Moldova,Georgia,Arzeibagean samd...",OTHER
$USER0594,0,"PENTRU NEAMTU, CINE A CREAT TOATE RĂZBOAIELE",OTHER
$USER1168,0,Ce vrea guvernul de la Populatie.?,OTHER
$USER1391,0,Dute inapoi in América......,OTHER
$USER1559,0,"Mor cu ei de gat, sa mi ia casa pt care am făcut foamea 30 de ani, plătind rate",OTHER
$USER1823,1,"La multi ani cu sanatate, pace , liniste, zile senine si bucurii",OTHER
$USER0050,2,"Doamne lisuse Hristoase miluiește pe dmna Diana si pazeșteo de tot răul! Doamne ado pe dmna Diana Șoșoacă în fruntea țării,avem nevoie de ea,de dragoste,iubire,unire a acestui popor!",OTHER
$USER1408,0,"Părinte , bați câmpii cu grație!",OTHER
$USER1382,0,MAI AMERICANI NE-A TRIMIS AJUTOARE ACUMA TREBUIE SĂI AJUTA M,OTHER
$USER0424,0,Vrem NEUTRALITATE !!!!!,OTHER
$USER1529,0,Dar si occidentalii ne vor binele ? Se vede ......,OTHER
$USER0671,0,Se merita să trăiești o viață în furt și minciună ??,OTHER
$USER1399,0,Al cărui trol esti ?,OTHER
$USER1168,0,Doamne nu sa terminat Pandemie si acum Ne tot Anuntatii cresterii de Prețuri Imense. Sa se ocupe acest Guvern de Problemele Populatie. Ca nu au banii de Facturii.,OTHER
$USER1570,0,De ce nu ne lasă in pace !!!vor sa ne distrugă țara și poporul,OTHER
$USER0185,2,În china tot cu finanțare Americană.,OTHER
$USER1886,1,Ne-au întrerupt live-ul,OTHER
$USER0629,0,"TERHES , DACA SIMTEAI ROMANESTE , PLECAI DIN UE , DAR BANUL TE TINE ACOLO . TU NU ESTI CEEA CE PARI .",OTHER
$USER0613,3,Trădătorii de neam și țară conduc Ro!! Tu ai contribuit la asta din plin Neamțule!!!,OTHER
$USER1512,0,Luis! Terheș e pierdut!,OTHER
$USER0203,6,Terhes a trădat - o pe SOSOACA !,OTHER
$USER1735,0,Bravo ooooo Doamna Diana,OTHER
$USER1215,0,"Nu aveti dreptul sa cresteti preturile,atata timp cat materia prima e a tarii.",OTHER
$USER1903,0,Bravo domnul Toba,OTHER
$USER0495,2,NATO A JEFUIT LUMEA,OTHER
$USER0108,0,"Nui interesează pe nimeni de Țară ta,ce păți. Doar să te vadă la rău",OTHER
$USER1513,0,DE ȘOȘO SA NU SE ATINGĂ NIMENI ÎN PUII MEI! FORȚA DIANA! TE IUBIM! RESTUL SINT POVESTI!,OTHER
$USER0272,0,Greiere George Tudor,OTHER
$USER0908,0,Autobuze gratuite pentru exportu ucrainenilor nu cred,OTHER
$USER0167,0,Nu mai băgați frica. Jocul politici este necinstit. Eu spun ca războiul se termina cât de curând. Iar dupăia vine alta boala. Asta e jocul politicii,OTHER
$USER0093,0,SUNTEM MAME SA NE APARAM COPIII!,OTHER
$USER1066,0,Poate v a fi președinte,OTHER
$USER1605,0,"Jos Johannis, jos toți trădătorii de tara care vor sa ne bage în război!",OTHER
$USER1528,0,Rica Vali simbolul ochiul îl au si masonii ocultei..,OTHER
$USER1024,0,Respect amândurora!,OTHER
$USER0281,0,Au venit distrugatorii lumii,OTHER
$USER1475,3,Nato e organizație criminala,OTHER
$USER0590,3,Comunism e în occident dar mascat!!!,OTHER
$USER0307,0,"Nu vad covorul rosu,o sa fim aspru pedepsiti pt asta",OTHER
$USER0299,4,Trezeste-te romane ca o sa intram in razboi dupa aceasta intalnire!,OTHER
$USER0093,0,Respect d ule avocat!,OTHER
$USER0154,0,"Vad ca tu Cristiane ai analize favorabile numai Ucrainei, las-o balta",OTHER
$USER1216,1,"Astăzi aici în Italia cu 2,8. ..vineri seara era 1,87",OTHER
$USER1499,0,Bravo Domnul Luis LAZARUS.,OTHER
$USER0546,0,"Nu are ce cauta ,nu e o onoare ca a venit.Nu vă este rușine?",OTHER
$USER0892,0,Chiar nu se poate face nimic sa presa nebunullllllllll!!!!!!!!!!!!!!!,OTHER
$USER1492,0,2008 am fost eu incorporat,OTHER
$USER1107,0,Ești mic dar ai mare manipulare,OTHER
$USER1228,1,"Pipera ăsta.. Bate câmpii.. Războiul, e război.. Criza e criză.. Doamne ferește de mobilizare..",OTHER
$USER1399,0,Myryam Myryam cum făceau? Semnul carei oculte ?,OTHER
$USER0718,2,"AMERICANII CRED CA POPORUL ROMAN E PROST SA LUPTE PENTRU EI.BAI AMERICA,AICI IN ROMANIA NOI FACEM PACE CU RUSIA SI NE VEDEM DE VIATA NOASTRA FRUMOASA.",OTHER
$USER1768,1,Văi de noi ! Nu e corect !,OTHER
$USER1046,0,Știe Terhes ce facea CIA in Kazakhstan,OTHER
$USER1240,1,"Hai sa plătim 3% din PIB, și sa mergem și carne de tun… frumos…",OTHER
$USER0247,0,Vă salutăm din kaunas lituania viva romani,OTHER
$USER0236,0,Wawww ce aeronavă!uuuuu!wawwww,OTHER
$USER0371,0,"La preturile de astazi ,le doresti si gatite? glumim ,vreua si eu .",OTHER
$USER0963,0,"Nu le pasa lor daca ataca tari precum Romania, Bulgaria.",OTHER
$USER0576,0,Unde nu-i cap păi vai de picioare em em etc,OTHER
$USER1681,0,Jos criminali Rominiei,OTHER
$USER0814,1,Iar dai imagini de la antrenamente?,OTHER
$USER0275,0,Romanilor fugiți cât mai puteti,OTHER
$USER0851,0,"Dragi Români dacă, ne invadează Rusi trebuie sa fim uniți ca, nici o data, sa ne adunam toți in preuna si sa o luam la fugă",OTHER
$USER1512,2,Felicitări Luis! L-ai pus cu botul pe labe pe Terheș!,OTHER
$USER1739,0,Bravo Diana sono cu te,OTHER
$USER0729,0,Rusii stau mai sub jug decat noi,OTHER
$USER0616,0,Neamțu ești de toată jena...,OTHER
$USER0012,0,Si Stolojan a lucrat la Banca Mondiala si nu cred ca este strain de ceea ce se-ntampla astazi!,OTHER
$USER1073,0,"Românii trebuie să înțeleagă ce pericol înseamnă președintele, coaliția și toate serviciile!!!",OTHER
$USER1636,0,Degeaba nu ai cu cine!!!!!Parca sunt hipnotizati de aberatile lui Sososlici,OTHER
$USER1138,0,Pe origine propune AUR,OTHER
$USER1208,1,Deschideti tot ce ati inchis...,OTHER
$USER1075,2,ARAFAT ÎȘI FACE JOCUL OCULTEI MONDIALĂ.,OTHER
$USER0634,0,Petrol = razboi,OTHER
$USER0120,0,IOSEFINA Pascal tocmai ne-a explicat cum este cu trupele naziste Azov sponsorizate de actorul Zelenski !!!,OTHER
$USER0284,2,Nu mai pot americanii de noi ! Vai câtă grijă !!!,OTHER
$USER1078,0,"Iesimmmmmm in stradaaaa 100000 de miiii si numai misca si ce misca ""misca mort....""",OTHER
$USER0074,0,Dumnezeu să te protejeze la tot pasul,OTHER
$USER0779,0,"Lider de sindicat, ucis!",OTHER
$USER0124,0,Myryam Myryam nu fi prost,OTHER
$USER0027,2,NE-AM LĂMURUT SI CU AHTIATUL ASTA DUPA BANI SI PUTERE!!!!!!!!! RUSINE POPĂ EUROPARLAMENTAR !!!!!!!!,OTHER
$USER0426,0,Ce să facă Iohannis Iohannis este cel mai mare dușman al Romaniei,OTHER
$USER0086,0,"Germania e prima care va face asta, protejandusi astfel economia !!! Germania a votat impotriva aderarii Ucrainei la NATO",OTHER
$USER1523,0,Ce sa apere lumea pe voi,OTHER
$USER0686,0,SEARA BUNA PATRIA!,OTHER
$USER0304,0,Face pipi si după coboară,OTHER
$USER1896,3,D-na senator Diana să vă dea Dumnezeu sănãtate si putere,OTHER
$USER0038,0,3ste adevarul gol golut !,OTHER
$USER1897,0,Daca ne dau pusti mergem pe politicieni,OTHER
$USER1892,0,Vocea poporului Român trebuie respectată și auzită,OTHER
$USER1662,0,Simioane te-ai dat cu globalisti.,OTHER
$USER1218,1,Ii dau eu lu Vișan,OTHER
$USER0059,3,"Lasa-l ca-se balbaie .A vazut ,ca-sa prins romanii ..",OTHER
$USER0146,0,Dar ce la noi o sa fie alt fel...? Cu grantomani astea care ne conduc la război ..,OTHER
$USER1733,0,Păcat că i-ați votat,OTHER
$USER1704,3,Unde este AUR de ce nu se alatura poporului rusine tradatorilor.,OTHER
$USER0026,1,JOS DICTATURA MILITARĂ !!!!!,OTHER
$USER1378,4,"Aiurezi, Terhes!",OTHER
$USER1441,0,DACA este popit in america cu bani lui Soros.normal ca nu stie cu ce se mananca pri partea asta vecin cu rusi,OTHER
$USER1166,0,D-na Bubo si domnilor d-nei Bubo,OTHER
$USER1204,0,Votați Aur singura soluție,OTHER
$USER0423,2,Alo nu mai manipulați...arme biologice .. viruși..nu e pt pace domnilor specialiști!!!!!,OTHER
$USER0887,1,"Care ziceați că nu e Vișan ? Io-te că apăru ! Schimb canalul, că e vomitivă emisiunea !",OTHER
$USER0376,0,Huuuuuuuuuuuuuuùa,OTHER
$USER0253,0,Dacă nu erați in NATO erați in război,OTHER
$USER0084,5,"TERHES E ȘCOLIT IN SUA, TINE CU OBAMA",OTHER
$USER0568,0,"AJUTAȚI ROMÎNI NOȘTRI NECĂJIȚI , CĂ SUNT DESTUI CARE NU AU O PÎINE PE MASĂ LA COPII !",OTHER
$USER1731,1,"Ei s-au vaccinat cu ser fiziologic ,iar prostimea cu VACCINUL MORTAL",OTHER
$USER1202,0,Păi au scăpat de covid și trebuie să moară în război care din păcate nui al nostru.,OTHER
$USER1798,0,București ieșiți în stradă,OTHER
$USER0758,0,Arme pentru mentinerea pacii,OTHER
$USER0758,0,Credinta la distrus pe om,OTHER
$USER1038,0,Știm că Simion era cu #rezist acum 10 ani,OTHER
$USER0043,0,Nesupunere civica!!!,OTHER
$USER1456,0,"Terheș știe istorie,,dar bate câmpii,,,se minte singur",OTHER
$USER1229,1,Jos dictatura militară !!!,OTHER
$USER1307,0,În criză am fost din totdeauna,OTHER
$USER0148,0,Ești jalnic Terhes,OTHER
$USER1570,0,Cine e tras la răspundere de toate amenzile și de oameni morți din cauza plandemiei,OTHER
$USER1586,0,"La mulți ani tuturor femeilor si mamelor, salutări si respect din Germania",OTHER
$USER1527,0,"Ce vrea Terhes, sa intram în război? M-a dezamăgit f mult...el trăiește în trecut, vrea sa si răzbune bunicii ca ia-au luat bolsevicii vaca din bătătură...",OTHER
$USER1785,0,"Sa fie judecați ,toți cei care au comis genocid",OTHER
$USER1637,0,Nu tradice cuvânt cu cuvânt !,OTHER
$USER0676,2,BRAVO DL CHITIC !,OTHER
$USER1438,0,Stima și respect Dumnezeu sa va binecuvânteze,OTHER
$USER0574,0,Luna viit.pe 24.04.2022.va fi Paștele.Si rusii sunt crestin ortodox,OTHER
$USER1218,1,Ghinea Marian păcat că lumea la crezut un nebun...daca îl alegeam când trebuia toți românii eram departe.,OTHER
$USER0081,0,Cu ce te-a păcălit?,OTHER
$USER0442,0,Au suit in Dacia cluster?,OTHER
$USER1296,0,CRIZÃ VOR CRIZÃ LE DÃM@,OTHER
$USER0515,0,"Te rog vino dupa mine , din sardegna oristano , raman fără picioare coloana gura esofag , 11 ani un cur 9 în articulati , simt ca o pierd acum picioare și coloana",OTHER
$USER0115,0,Stie istorie? Asculta l inca I data su vezi cum manipuleaza si distorsioneaza istoria.,OTHER
$USER1351,2,"Păi da în China pentru 60de cazuri au închis orașe de 17milioane, tocmai pentru a se eschiva de la război",OTHER
$USER1242,1,STOP trădarea de țară,OTHER
$USER1679,0,Unde în ce localitate?,OTHER
$USER0575,3,"Ai curaj să spui că ești mationalist când ai rupt gatul pe geam să i-l sprijin pe dictatorul de Băsescu, dute și lasă-ne că ai participat la distrugerea România 2006 2010",OTHER
$USER1302,0,Voi emigra în China,OTHER
$USER1548,0,Statul Român are Mercenari pe șest .Imaginează ți o Revoluție în România,OTHER
$USER1695,0,Si ce mai masca avea de un leu,OTHER
$USER1163,0,"Ia și în armată acuma obligat, numai sa termine din populația României. Că asta vor.",OTHER
$USER1168,0,Ne conduc Trădătorii si doar Prețurile imense anunta. Fara Pensii Speciale.,OTHER
$USER0149,0,Criminali lumii sua,OTHER
$USER1559,2,"Dacă pica putin, am sfeclit o",OTHER
$USER1409,0,"Lazaris , te apreciez extrem , dar proastă alegere ai făcut în această seară",OTHER
$USER0593,2,Zelenski e evreu Putin e ortodox,OTHER
$USER0918,0,Mai bine ar trebui ajutati BATRINII di Romania si copii saraci,OTHER
$USER1162,2,Va fi razboiul stelelor,OTHER
$USER1180,0,Dictatură legiferată.,OTHER
$USER0556,0,Dar nu citiți ce scriu oamenii,OTHER
$USER1428,0,Nu vrem dușmani!,OTHER
$USER1533,0,Acest Trădător face acum propaganda. E bine totuși ca ți-ai dat arama pe fata. Deja păcălești romani.,OTHER
$USER0638,4,FELICITARI DOMUNLE CHITIC,OTHER
$USER0224,0,Na repede prefacetiva,OTHER
$USER1127,0,"Nu,categoric nu",OTHER
$USER1407,0,A început sa si caute interesele domnul terhes,OTHER
$USER1645,0,La Multi Ani cu Sanatate si Spor la liberté d’expression de Victorie,OTHER
$USER0084,0,AU CĂZUT SATELITUL LUI MUSK,OTHER
$USER0620,0,Hai nu va tensionati!!,OTHER
$USER0084,0,"TERHES S A DAT MARE ANTIVACCINIST CA SA NE CÂȘTIGE ÎNCREDEREA, ACUM ÎȘI DA ARAMA PE FAȚĂ, NE CREZI TÂMPIȚI",OTHER
$USER0076,0,"Niciodata nu a fost in tabara noastra.A fost tinut 17 ani in SUA pe banii nostri.Acum trebuie sa latre,stapanii lui trebuie sa vada ca merita banii.",OTHER
$USER0320,3,Arunca o bomba Putin acum e momentul,OTHER
$USER0092,0,Maria Botnari dar s-au și procopsit!,OTHER
$USER0015,0,RUSII NU AU MANCAT BATAIE ????? .. DAR AMERICANI ????????,OTHER
$USER1551,0,Foarte adevarat ce spuneți. Respect.,OTHER
$USER1853,0,Dumnezeu nu va lasa poporul roman,OTHER
$USER1701,0,"--- - LA , MULTI ANI , STIMATA SI IUBITA., D.na DIANA .IOVANOVICI SOSOACA. , IAR : ZIUA DE 8 MARTIE ! SA. VA. ADUCA : IZBANDA",OTHER
$USER0301,0,"Acum 1 ora ,,Dorel,,asfalta o gropa însoțit de mititia ,,pe pod la Basarab, chiar a închis strada",OTHER
$USER1700,1,Da America vrea razboi,OTHER
$USER0038,0,In acea perioada a zguduit Iasul din temelii !,OTHER
$USER0597,0,Întreabă l de ce nu vrea să ridice în Constituție o lege FĂRĂ PENALI ÎN FUNCȚII PUBLICE . Semnăturile sunt și o să mai semnăm .,OTHER
