Tweet	Offensive	Targeted	Target
@keyboardriot La ancom, salariile sunt mai mari decât la romatsa	0	0	0
„Din culisele cinematografiei“. Cum a scăpat actorul Constantin Codrescu de teroarea Securităţii...	0	0	0
Ludovic*, în plm.	0	0	0
@piticu21 Clarvazatorule!	0	0	0
@stirbei Sa trăiești. La mine, la țară, la Teleorman, nu cresteau cocoși, decat cocoși. Uite asa ne-am facut noi mari cu saramura cu cotoi de cocoș.	0	0	0
Imaginati-va că azi ar fi ca Ministru al Sănătății Eugen Nicolăescu in locul lui Victor Costache. Coșmar!	0	0	0
Dacă cineva pune o întrebare cu două variante iar răspunsul tău e o a treia variantă, continuă-ți drumul, în tăcere.	0	0	0
@LTeglas Eu am doar ceva cu cei care ii ridica in slavi pe chinezi. Parca au complexul Stockholm. Normal ca e ok de oriunde ar veni vaccinul.	0	0	0
Lazio a marit oferta pentru Ianis Hagi: "Transferul e pe ultima suta de metri"	0	0	0
Șefa UPU de la Spitalul de pediatrie din Iași poartă masca ca un fund, respectiv sub nas.	0	0	0
@b0bsacaman0 @stefanheisu12 @AndreiCismaru La filmul ăla despre un meci de fotbal într-o cupă europeana, o echipa englezească (cred că Arsenal) și una din Spania (o fi Sevilla?) au făcut amestec de zeci de mii de suporteri înghesuiți ca la orice meci. Zece pe centimetru pătrat. Scuze, nu mai știu meciul recent.	0	0	0
Documente false descoperite la controlul de frontieră #politiadefrontiera via @FrontieraRO	0	0	0
@vlad_nicoara @clotilde_armand Eu daca acuma fac o masina si testez farurile tu imi zici ca nu-i buna ca nu are motor. Romanian logic in a nutshell.	0	0	0
@keyboardriot @ZoliBara Sper că nu e fake news	0	0	0
@ingerisidemoni Idem ... dar lumea vrea sa fie mințita , din păcate .. dacă i spui la unu ești urat și prost sa vezi ce repede face bot, la fel si in cazul in care ai spui la unu ca e incompetent sau ( la cele care ți place ție ) dacă i spun la una ca pute ...	0	0	0
@RoxanaPisicutza Numele meu este Dan si vreau sa stii ca eu caut o relatie de prietenie, discreta, plina de sex ocazional.	0	0	0
@victorciutacu Vanam damele de Companie , incercam sa le coordonam si sa facem din ele femei serioase , de casa  . Noi incercam dc reusim , reusim daca nu aia e	0	0	0
Trei noi decese din cauza coronavirus, în România. Bilanțul la nivel național ajunge miercuri la 17 persoane	0	0	0
Treaba cu stirea asta e ca avem acces la substanta si o sa putem face si noi daca e buna	0	0	0
Breaking!!! In toamnă posibil vaccin românesc pentru covid. Timisoara!	0	0	0
dați un bip când vedeți primul influencer recunoscând că a realizat că fost prost în ultimii ani...	0	0	0
@ZoliBara @SorinPaun3 @KlausIohannis Bai oligofrenule, SARS este mult, mult mai agresiv dar mai putin contagios decât COVID, si tu compari CoVid cu Ebola? Esti bolnav psihic. Da cu rudotel, dementule!	1	1	1
@IonHermeneanu Mulțumesc din suflet! 🤗	0	0	0
Google Podcasts ajunge şi pe iOS, primeşte o interfaţă nouă în toate versiunile	0	0	0
ANM: Cod portocaliu de viscol şi vânt puternic în mare parte din țară -	0	0	0
@MihaiHristea @Costindte Baieti eu trebuie sa va refuz...sunt in autoizolare! Dar pot sa o trimit pe soacra? 🤪	0	0	0
Gică Hagi îmi da o doză de optimism prin clipul ăsta. Mulțam pt share Emi!	0	0	0
pe strada de lângă casa mea un canal local filmează cum trec oamenii, dacă trece vreun cuplu care face jogging sau o pereche de părinți care au scos la plimbare copii - filmează, dacă trece o singură persoană, sau nu trece nimeni câte 5-10 minute(ce tot se întâmplă) - nu filmează	0	0	0
Londra numai cu armata o poți ține în casă. Același trafic infernal.	0	0	0
ce fraier, pai ce stiau aia de acum 100 de ani, ce stiu eu azi??	0	0	0
A făcut cineva un calcul câți oameni o sa dea in ciroză din cauza depresiei de virus și a izolării forțate? (M-am abținut sa zic “cu nevasta” 😬)	0	0	0
cui ii plac cacaturile de genu sa mi dea n plm unfollow	0	0	0
PNL îmi amintește de cea mai mare mizerie din politica internă postdecembristă: CDR. Vă amintiți de panaramele alea, PNȚCD, USD, PLM. Ciorbea & compania. Era anul și Guvernul #BPÎRL	0	0	0
care ati facut roots struggle tweets bag pula in voi e numa o chestiune de timp pana cand ajung pe cont, singura cititoare de homestuck din tara	1	1	2
Sa nu uitam ca am ajuns aici pentru ca cineva care facea foamea in comunismul chinez, a mancat ce a nimerit si s-a contaminat. Orice altceva e pranoia. #ChineseVirus  #comunismuleboala	0	0	0
Conform proiectului de Ordin, publicat pe site-ul MMAP la câteva zile după confirmarea primului caz de coronavirus în România, peste 14.000 de căprioare care ar urma să fie împușcate de vânători, dacă documentul va fi aprobat, sunt femele și pui.	0	0	0
@TanarulD Iar presiunea uriașă asupra cadrelor medicale(obligate să lucreze in cond improprii)și a populatiei(supusă unor restricții exagerate),conduce la cresterea nr de imbolnaviri,demisii,decese, imposibilit de a mai salva pe nimeni,nici de cov,nici de hepatită saucancer. Imunizarea nat	0	0	0
Cine este Nelu Tataru, propus la Ministerul Sanatatii	0	0	0
La Stampa: Ajutorul rusesc acordat Italiei este aproape inutil	0	0	0
@santaromica De unde stii, ca in articol nu se mentioneaza...	0	0	0
Perchezitii in trei judete si in Bucuresti la persoane care sustineau ca au teste rapide de COVID-19	0	0	0
@Camelia30_0 știe el să flămânzească cu stil, da' nu știe că românu' să golească rafturi cu stil :))	0	0	0
Cea mai mare criză economică din timpul vieții noastre. Cu ce scop? Ce vor să realizeze prin asta? Habar nu avem. Cel mai probabil vor să șteargă toate libertățile noastre și să pună in mișcare primul guvern global.	0	0	0
@raduneagu_ro Și apropo de timp aparent nici tu nu dormi la "ora asta"😂😂	0	0	0
Franța: Elevii dispun de mai multe metode pentru a-și face lecțiile în perioada de carantină	0	0	0
@trivialuvv Nu am mai mancat o shaorma de vreo 2 ani	0	0	0
Ministerul Sănătății precizează că măștile textile şi cele fabricate manual nu ne protejează de coronavirus...	0	0	0
@itmorar Cred ca e românesc, in zonele unde se poartă cămașă și nu maieu cu găurele :)	0	0	0
Unde plm e pisica care zice ca ai comandat PS4 înaintea fraierilor?	0	0	0
@denis26_denise Pai ce contează, da-le dracu drepturi la viață privată!	0	0	0
@vminsoup Dar imi place cum nu au inchis granitele.I-au lasat sa vina.	0	0	0
O gustare nu strică, e momentul în care poți mânca ceva dulce, dar nu mult ține minte că este doar o gustare!	0	0	0
Și niciodată nu a avut nici un regret.	0	0	0
Ce ziceți?Care veniți la un marș împotriva COVID-19? ✌️	0	0	0
ah am vazut niste peachzens atat de frumosi vreau sa ii admir pe toti	0	0	0
Modelul declarației pe propria răspundere a fost actualizat. Detalii despre noua versiune -	0	0	0
@RobertEVoicu 😅Și eu am niște probleme: una din plantele carnivore vrea să devină vegană. Sincer, n-am știut ce să-i răspund, dar cred că o să mut ficusul ceva mai departe.	0	0	0
Mastile pot fi refolosite dupa spalarea la 60 de grade si reprezinta o solutie pentru cei care continua sa fie…	0	0	0
@floaredecactus Nu înțeleg cu se plictisesc oamenii mari. Eu as vrea sa stau acasă, dar nu pot datorită meseriei.	0	0	0
@miyasvape a da ai stiut sa faci?? e greu?? ca nici nu m am uitat pe exercitii	0	0	0
*Spune-mi cu cine te împrieteneşti	0	0	0
Cioc cioc! Primiti cu testarea?	0	0	0
@MarmotaDeCampie Nu, ala numai in SUA se mai gaseste.	0	0	0
@CloneSandman Un ordinar, dă-l în harat	0	0	0
@veronicaelena20 Cred ca o sa fie la fel. Ideea e dacă o sa pot sa ies. Nu avem nici un polițist pe aici sa zică ce i s-a ordonat sa facă dacă dă de speța mea?	0	0	0
Cand spui prostii mai mari decat tine cum ar fi “o sa vaccinam toti bucurestenii”, nu trebuie sa te miri daca iti cere cineva demisia sau dimineata iti dai seama de fabulatia  emisa.	0	0	0
@jendelune sa nu mi spui ca faceti cursuri online ca ma sinucid	0	0	0
Acum, când încă nu este prea târziu, președintele României – votat copleșitor în Diaspora – ar putea sa intervină și să vină la Roma, să discute cu înalte autorități italiene și să revizuiască, eventual, măsurile luate pripit, la ceas de seară.	0	0	0
@Costindte @keyboardriot @ZoliBara @Sorin_Patiu @itmorar Sănătate! 🍻	0	0	0
@danaionescu65 😢😢😢	0	0	0
@chainedrebel *vă dedic (nu-s la primul pahar, scuze) 🤣	0	0	0
Medicii, cercetatorii, se contrazic, ce spun astăzi, mâine se schimbă, nimeni nu e sigur de nimic. Siguri putem fi doar că vom acoperi paguba dar vom face foamea	0	0	0
@btslug Ce plm comunism doamna draga o trecut 31 de ani de atunci ii 2020 get it together	0	0	0
Asta inseamna sustinere intre frati in #vremuri grele	0	0	0
Aviz celor care stau și se uită la știri care mai de care mai halucinante! Nu e momentul să ne aruncăm unii asupra altora! Dragilor, este timpul să ne unim, să fim suflet lângă suflet, acum pe net, apoi, să ne repunem activitatea și țara pe picioare!	0	0	0
doar nu au suferit generații întregi doar ca să anuleze ăștia bacul acum nu e corect 😂	0	0	0
DOAMNE FERESTE YEOSANG SUG PULA DA NU LA METROU CA E UNSANITARY VINO LA MINE ACASA SAU CEVA	0	0	0
Tocmai ce am ascultat asta, cât de frumos, profund și oare cati dintre noi vor înțelege asta?...	0	0	0
#Coronavirus: Nu există nicio dovadă că animalele transmit #COVID-19, însă sunt necesare măsuri de precauţie	0	0	0
@DianaWdr Sunteți tânără...Am văzut și mai și.	0	0	0
@_chuupiter Serialul explica tot mai tarziu :(( si o sa iti iei spoilere majore pentru serial din carte ca sunt structurate diferit	0	0	0
@EPSTEIN_ALIVE EXACT CE PULA MEA NINGE IN TOATA TARA PESTE TOT IN JURU NOSTRU NUMA LA NOI NU	0	0	0
@truicamarius Cu care a organizat lovitura de palat și arestarea lui Antonescu. Al dracu trădător!	0	0	0
În plină pandemie, Vela cu Berbeceanu pun poliția să-l urmărească pe Badea!	0	0	0
@LOVERIHNICKI Traim in Romania ce plm	0	0	0
Dacă tot stăm în casă, și bine facem până scăpăm de virusul acesta nenorocit o să vă spun povestea mea.	0	0	0
Consiliul Concurenței: ”Ieftiniți produsele sanitare sau trecem la rechiziționări!”	0	0	0
Normal dar ăștia sunt de dreapta slugoi sugători de pulă și lingăi de cur căcat, #procurorijigodii #judecatorisantajabili,futu.i în gură de jegoși nenorociți 🖕 🤮	1	0	0
@foreverrainmyg NU POT SA TAC NO CA SI IO PLANG ACIA CA DRACU	0	0	0
@ManoliuValy La tunurile din vremea coronei DNA-ul are interzis. Sunt toate legale.	0	0	0
Alcolicii, bețâvanii șî drogațîî n-au nik. Ei scapă!!!	0	0	0
@i0n1ca O fi de vina infrastructura, aglomeratia, plm 😁	0	0	0
Starea de poezie este o dragoste pentru adevăr. Oricând scriu simt să mărturisesc adevărul din inima mea.	0	0	0
Băi, ce tupeu are nulitatea asta de Ponta, cât de periculos este și cât de otrăvit minte pe la România tv, neîntrerupt de nimeni, care să îi ceară dovezi ptr ‘haratul’ pe care îl mănâncă. Ăsta este genul acela, care face rău și din mormânt	0	0	0
@Name89223362 @MAIRomania ..vai de mămăliga lor ...ce plm fac administratori de reta din MAI ..sau si o freacă la cafea	0	0	0
@Alex_Tikitaka Unde #plm frumoasă că e criminal de frig afară. Plus că plouă de rupe. O fi un mesaj din draft #numaibețșifumaț	0	0	0
@santaromica Asta-i o investitie sub acoperire , fiindca peste vreo suta de ani nici dracu nu mai intra in biserici si atunci se transforma toate in spitale si scoli!	0	0	0
@btsromaniateam @BTS_twt Kdrama mea preferata este tot cu Junki	0	0	0
#video Transportul a sosit din Seoul pe aeroportul Henri Coandă.	0	0	0
Voi ce ati cautat acolo?	0	0	0
Gânditor de la Antena 3: Pentru câteva sute de morți merită să transformăm România într-o țară de coșmar?	0	0	0
@FENTYY00NGI doamne da cat de ratat poate sa fie, nici nu imi pare rau ca ma iau de el	0	0	0
„Ne aşteptăm la ceea ce era şi previzionat”.	0	0	0
Bha jegoșilor din media de ce,, trăznească-vă Dumnezeu și maica domnului îl mai dați pe post și citați din Băsescu ca din Sfintele scripturi pula.n gura voastră de zdrențe și în tot neamul lui,lăsați - l dracului să moară în chinuri dacă nu e la pușcărie	1	0	0
@neamielualarau @MarmotaDeCampie @mihairotar Deja noi ăștia cu #GradinaDinBalcon avem un avantaj în cazul ăsta. 😁 👍	0	0	0
@ingerisidemoni Ăștia cu nirvana sunt cei cu „Steaua fără nume”, „Asia express„, „Clona”, „Dragoste de...”, „Insula iubirii”,„Sacrificiul”,„Scena misterelor”,„Grand prix e. de la chanson” și celelalte avorturi de adormit șerpi.	0	0	0
@sami_dicu Și ție ți s-a întâmplat acest lucru pe live ieri,dar ai rezolvat problema,dar la unii,nu a mers...	0	0	0
Inca stiu Hamilton pe de rost 💞🥴🥴🥴🥴🥴🥴	0	0	0
Absolut totul fac pe telefonul mobil, Asus Zenfone Live L1 cu sistemul de operare, Android 8.00 Oreo!	0	0	0
Ultimă oră! Au murit încă trei pacienţi confirmați cu coronavirus	0	0	0
Ribon dantela bumbac alba  Referinta: YB-PL1501  Pret: 35,00 lei  Ribon dantela fina de bumbac alba.  Comanda aici:   Vezi si alte produse asemanatoare:	0	0	0
@Adriana09347300 Un vecin  si coleg de munca inebunit dupa chestii din astea. Nu dorea sa stie sotia ca ii plac povestile astea. Facea pe suparatul. Avea treaba la masina. Navastasa hotarata avea calduri: Ce Ioane ai treba la masina? Las-o dracu de masina. Nu ne trebuie azi. Azi avem alta treaba.	0	0	0
#DocumentarAGERPRES ROMÂNIA POST-REVOLUŢIE, 1990: Înfiinţarea Serviciului Român de Informaţii -	0	0	0
Astăzi este ziua de naștere a Majestății Sale Margareta. Cu această ocazie, Custodele Coroanei se adresează românilor, vorbind despre noul coronavirus Covid-19 și mulțumind tuturor pentru felicitări și urări. 	0	0	0
Noua Zeelandă: Australianul inculpat pentru atacurile de la Christchurch a pledat vinovat -	0	0	0
@SolomeiC Nu am nici un prieten atat de bun :)	0	0	0
Site-urile pe care guvernul vrea să le închidă pentru fake news sunt funcționale, la aproape 24 de ore de la cererea oficială către ANCOM. Noi articole conspiraționiste	0	0	0
@BlkDeathScythe @_MinuteMan_ Dante ii suge pula lui William. Se pune in genunchi si ii linge bilutele	1	1	1
Alte aspecte sunt de condamnat, însă aceasta alegere cu siguranță nu.	0	0	0
„Garsoniera” din padure, ideala pentru meditatie si creatie	0	0	0
@MonicaKrueger67 Să le spună cineva că România este guvernată de "dreapta", nu de socialişti!	0	0	0
@Sorin_Patiu @ingerisidemoni Absolut corect, niște incompetenți care administrează bugete uriașe, responsabili direct cu monitorizarea potențialelor riscuri de epidemii, pandemii, cât și prevenirea acestora. Bugete imense, rezultate zero.	0	0	0
@radusmall @ioanapistol Am avut un caz in familie, 3500 euro elicopterul din delta Dunării pana in București. Sunat, venit, săltat.	0	0	0
@MoiseGuran boss, ce dracu ai facut? cred ca pana acum regreti decizia luata. din pacate, nu mai poti reveni. te-ai stins din viata publica rapid. pacat. as zice ca imi pare rau dar ti-ai facut-o cu mana ta.	0	0	0
Ministrul Economiei anunță că în România se vor produce măști de protecție, combinezoane și biocide...	0	0	0
@gusteru După toată perioada asta; i-aș lua pe toți gușterii ăstia zburători cu legea în mână: Cetățene Armando Marian Cercel care este valoarea automobilului dvs. ? 70.000 € ... bun! Cum ați cumpărat dvs acest bun ? N-aveți o afacere, n-aveți mai mult de 10 clase, n-aveți loc de muncă.	0	0	0
Ministrul Sănătății a demisionat. Victor Costache anunțase aseară că toată populația Bucureștiului va fi testată de COVID-19. Premierul Orban îl propun în locul acestuia pe secretarul de stat Nelu Tătaru.	0	0	0
Cred că mai ştim doar să urâm. Criza din acestea zile ne arată că suntem o naţie de oameni mici, dar care am încercat să-i păcălim pe ceilalţi că suntem mari. (Costel Crângan pentru Blogurile Adevărul)	0	0	0
CE PULA MEA MI SE PUNE ASTA PE TL . DECLARATIE CA MA VRETI PLANSA. OK.	0	0	0
Oameni, lasati dracu conspiratiile si veniti-va in fire.	0	0	0
Noapte bună draga mea! ❤️❤️ Îngerii să te vegheze! 🙏	0	0	0
@OUrsuleac @SorinPaun3 @KlausIohannis don'soara... dumneavoastră meritați sa fiți pitulată doar pentru afirmațiile pe care le faceti...serios! faceți parte si din #FlatEarth society?	0	0	0
te-n plm! Daca asta inseamna frumusete, tre' sa ne in puscam!	1	0	0
@piticu21 "Ignorați-i pe cei care vă zic să stați în casă." - contrar ordonantei, a?	0	0	0
@FlorinU76580281 Buna , in Moldova pana ce stabilă dar va fi trist așa ma gândesc eu , și am înțeles ca nu se dau datele reale oficial . La dvs. ?	0	0	0
@bugmafia @Carlos_Sacalul @Carlos_Sacalul8 Pff...Sunteți dați dracu!	0	0	0
@fings007 Mulțumesc! Seară liniștită!🏕🙏❤🏕🏕🏕	0	0	0
Na plimbare cu o nebuna::)) la Autostrada A1	0	0	0
@gabimacovei Nu treci prin el*. Durează vreo 2 luni acomodarea, o să îți devină instinct.	0	0	0
cacatu dracu unde mi ati dus albumul	0	0	0
@Digi24_HD Parca un ministru zicea acum cateva zile ca cei care profita de starea de urgenta pentru a comite infractiuni pot primi un spor de 2 ani la pedeapsa.	0	0	0
Wimbledon confirmă că ia în calcul atât anularea, cât și amânarea turneului din acest an. Amânarea ar fi dificil de realizat cu succes, din cauza specificului suprafeței de joc. Varianta fără spectatori a fost scoasă din calcul. O decizie ar putea fi luată săptămâna următoare	0	0	0
Guvernul din #Kosovo, demis în plină pandemie de #coronavirus	0	0	0
N-am înţeles de ce fac unii atâta caz că stau acasă. N-aţi mai stat până acum? 😂 De ce ne comportăm de parcă am face un efort supraomenesc. Ridicăm pietre de moară sau ce? 🤦🏼‍♀️	0	0	0
@Martaroblesrod8 @dmtzdmr Îmi este dor de ea de zâmbetul ei de fata ei frumoasa ochii ei care îți arată bunătatea sufletului ei! ❤️ ❤️ ❤️ ❤️	0	0	0
legat de testele rapide facute de PNL: "Testarea rapida este inutilă. Testele încep să se pozitiveze la zece zile de la debutul infecţiei. Între momentul infecţiei şi momentul producerii anticorpilor se scurg 10 -14 zile. Acestea nu au marca."Rafila - Presedintele SRM	0	0	0
@gusteru Ce țigări sunt astea, Dragoș? Nam mai văzut....	0	0	0
@Costindte @OvidiuSky @OfficeTzetze așa bre :D de când te aștept.	0	0	0
Nu am crezut în viața mea că  mâinile mele vor consuma mai mult alcool decât gura ! ☺	0	0	0
Franţa o să aibă și ea peste 10.000 cazuri în curând.	0	0	0
@TanarulD Lasi telefonul acasă si adio orice acuratețe privind mișcarea.	0	0	0
fromjkwithluv "in pula mea" a fost aproape perfect :))))	1	1	1
La noi toți sunt acasă și sănătoși...nici un simptom de nici un fel.	0	0	0
@jaunetom Ai de plm, asta o pun la fav pentru la urmatoarea primavara araba. Nu ca n-as fi de acord ca mai bine un criminal in uniforma sau scolit pe la Londra, decat unul in pijamale.	0	0	0
@127scuad Asta stiu da nush sa pun in argumente 🤡🤡	0	0	0
@SirGolan @ingerisidemoni Da, bre. Asa zic și io. În niciun caz nu am cum să zic că parohia mea este motivul răspândirii unei molime!!! Ar fi culmea tâmpeniei. Dar nici extrema aialaltă nu sună bine.	0	0	0
aveam zile când mă gândeam dacă oamenii dintr-un grup social mă plac, acum mă interesează doar dacă îi plac eu pe ei	0	0	0
acum ca va tineti si voi blugii in cuier pe hol putem vb de la egal la egal	0	0	0
@ipostaze @GabrielGiurgiu2 Din pacate unii nici acum, dupa atata timp, nu stiu ca emag listeaza si produse ale unor parteneri si fiecare aplica o taxa de livrare.	0	0	0
Ce a făcut Orban în 30 de ani de când face politică liberală? Care e „magistrala” lui?	0	0	0
Trăim vremuri interesante: după 30 de ani de libertate de mișcare, s-ar putea  întâmpla că, ca să ajungi acasă ca și român blocat in Occident să treci ilegal granița in România. Chiar că asta nu mi-ar fi trecut vreodată prin cap.	0	0	0
@basarab84 😁😄	0	0	0
In acest video este un om care sta pe yn scaun, se dezbraca, se face tot alb, isi pune faina in cap, vată pe față, bețe, si se picteaza (e super ciudat)	0	0	0
A murit scriitorul Paul Goma (fişă biografică) -	0	0	0
PE isi suspenda sesiunile plenare de 4 zile pana in septembrie. Joi voteaza oprirea "zborurile fantoma"	0	0	0
@nicolaeapostu Pe la 23:15 am lăsat treaba asta :))	0	0	0
@octavpelin @ExpresNational Vedem insa o mare coerenta a UE in a nu face nimic in criza actuala.	0	0	0
Nicolai du-te in măta #Amici19	1	1	1
@VasuIndia55 Seară frumoasă domnul meu!🏕🏕🏕🏕❤🙏	0	0	0
@oleaberegoi @OliaBraguta Ei văd numai una din Oli takșto... Nici nu știu ce să zic	0	0	0
Pacient cu coronavirus, scos din Spitalul Județean Neamț în maiou! Are dreptate BOR: doar lingurița ne mai poate salva!	0	0	0
emiltoma_av Unii nu au unde plm s-o printeze. Îmi trebuie și dosar cu șină?	0	0	0
Acum ca ai ales scrie in com. ce familie au tu si distreaza te facand cat mai multe familii	0	0	0
Agenția Municipală Pentru Ocuparea Forței de Muncă a Municipiului BUCUREŞTI informează cetățenii cu privire la ŞOMAJUL TEHNIC:   Agenția Municipală pentru Ocuparea Forței de Muncă Bucureşti (AMOFM) pune la dispoziţia angajatorilor sau angajaţilor,…	0	0	0
@CristianMates Râdeți voi râdeți dar acum toată țara e condusă de milițieni... 😥😥😥	0	0	0
PLM ... Pe La Market, Pe La Magazin, Pe La Mega..., PuLa Mâncare	0	0	0
@itmorar @neamielualarau Punguța fără cash, de M. Isărescu	0	0	0
S'a dus dracu vremea dictaturii maimutelor ... haidi pa, ca va scuipa si aia de au crezut in voi.	0	0	0
@TanarulD Ba izolarea virusului la eventualii purtători era posibilă si necesară, dar s-a facut tarziu si prost.	0	0	0
Cum dracu poți sa dai retweet la dubioasa asta????	0	0	0
bai pula mea vreau si eu sa merg la gratarul asta maine firaral dracu de virus nu imi strica planurile	0	0	0
@MarmotaDeCampie Sigur e o sansa.	0	0	0
“UE face apel la Netflix să nu mai ofere streaming pentru filmele în HD”, pe mine nu mă afectează, mă uit doar la cele 4K.	0	0	0
@scstanel 0759106312 acesta este nr meu imi rsspundeti vă rog frumos pe wats up?	0	0	0
@acadelle Em... Curat? Citit? Remi? Chitară? Zacuscă? Meditație? O! Reparație? OMG - Aparent, eu am ce face 😁 ș fără internet :)	0	0	0
Sa pleci cu amanta in Israel si sa aduci familiei COVID-19 asta inseamna sa fii mafiot ! Fatalaii aduc magneti pentru frigider ! 🙈	1	1	3
@denis26_denise Impodobeste Mama bradul😂	0	0	0
atunci când închideai incet uşa frigiderului pentru a vedea cum se stinge lumina	0	0	0
Cum plm sa moara 250 de oameni intr-o zi intr-o tara civilizata???	0	0	0
@Junioru_eu fierbi 500g de ficat vreo 10-15 min, apoi il speli bine. tai 2 cepe mici/medii sau una mare si pui la prajit in ulei de masline (se poate si de floarea soarelui). rumenesti bine ceapa, in proces pui niste unt (~50-75g; eu fac la ochi totul).	0	0	0
Italia, statul membru al UE care a fost până acum cel mai puternic lovit de pandemie, a fost o țintă deosebit de importantă a campaniei de informare chinezească. Recent,  ambasadorul Italiei la UE se plângea că ”numai China“ a răspuns cererii de ajutor a țării sale.	0	0	0
Oare dacă bei single malt după blended, înseamnă că le amesteci? 🥃🥃	0	0	0
@Camelia30_0 Sunt un psiholog de 40 de ani care-ți recită din Varg Vikernes și cunoaște bine discografia Mayhem. Dar m-am gândit să nu vă sperii cu chestii prea dure și-am zis de Slayer. :))	0	0	0
@ioanapistol La banii aia te ia Arafat cu elicopterul. Pe bune.	0	0	0
Care e faza cu testarea a zeci de mii de oameni? Odata testat nu se mai infecteaza sau ce plm!🙄	0	0	0
@ECiocu Cum dracu au făcut asta?🤣🤣🤣	0	0	0
@victorciutacu @basarab84 Absolut ridicol sa scoti armata si cu acele masini speciale, risipa de bani si btw polueaza, atentie, se supara greta!	0	0	0
@CatalinJ15 @i0n1ca Prietene, crezi ca in momentele astea mai e vremea de polemici de asta de cacat?	0	0	0
Buna ziua. Toată lumea a trai naţionalitate străină, în Japonia, sa devina prieteni cu mine.	0	0	0
Aproape 10.000 de teste false pentru depistarea coronavirusului, ridicate de la o firmă care le vindea online	0	0	0
@_lor3scu_ Ahhh, Budeanu...Credeam că e Kempes îmbătrânit.	0	0	0
@bucharestlife Eu am fost. Prin Cismigiu si Calea Victoriei. Putina lume, se sta la distanță, putine mașini. Okish. Civilizat. Nu știu de prin magazine, nu am fost.	0	0	0
@DacianSoros Era filtru la ieșirea din București spre Pitești, de aia era aglomerația aia. În partea aia se duce lumea la muncă.	0	0	0
Și dacă sculamentul omoară coronavirusul ăsta? Apoi tratament pentru sculament și gata. (Da, sunt fan Doctor House)	0	0	0
@w_lemn @SirGolan Franța susține economic vreo 4-5 țări africane : Tunisia, Maroc, Algeria, Congo, etc. Noi pe cine dracu susținem ? 2 milioane de moldoveni ?	0	0	0
@pinguuina @radutimo @MarmotaDeCampie :)) păi înțelege cineva ??	0	0	0
Român aplaudat de medicii din Spania #StaiAcasă si informeaza-te #CuMine...	0	0	0
Cei mai mulţi pacienţi diagnosticaţi cu Covid-19 au între 19 şi 50 de ani.	0	0	0
În ianuarie 2020, Anca Bertea a fost numită la șefia DSP Brașov, printr-un ordin semnat de ministrul Victor Costache.	0	0	0
lino golden a facut piesa cu un manelist 😭😭😭😭	0	0	0
tii bine ce voia lumea, pulimea, prostimea. Pune, bă, boule Klause un premier, fie el și un gunoi ca Cîțu până trece nebunia cu virusul.	1	1	1
@PTinello @gruppopinguini Doamne ...ce dracu de prostii poți sa scrii !!Minciuni sfruntate!!Rusine..🤦‍	0	0	0
@alexandriuqq Vai de capul meu, serios? Dacă e asa, sunt duși pe copca bine de tot. O sa devina noua italie soon.	0	0	0
Cum evalueaza medicii de familie daca un pacient e suspect de Covid-19 si cat de pregatiti pentru pandemie? Interviu	0	0	0
Facebook, un canal de marketing cu multe dificultăți pentru videochat:	0	0	0
Sunt cetateni romani cu drepturi depline, din pacate!Nu cred ca vrei sa auzi ce gandesc despre acestia...	0	0	0
#romaniiautalent Țâță de mâță	0	0	0
@itmorar carantinezi, nu carantinezi, vremea coronaviruslui trece. (KoronaSutra, pag. 3)	0	0	0
@MihaiHristea @Afc_Anto La multi ani cu sănătate multă!	0	0	0
poate stam toti in case destul timp ca animalele sa se plimbe pe strazi si sa reia tot teritoriul furat de oameni	0	0	0
În privința coronavirusului, Europa are de ales între a-și bloca sau nu economia. Țările au de făcut un compromis, ele trebuind să aleagă între sănătatea publică și stoparea creșterii economice	0	0	0
Nu vreau sa ma laud dar cred ca fata pe care o plac ma place inapoi	0	0	0
Adrian Oros: Preţurile au crescut brusc la aproape toate produsele de bază în data de 17 martie -	0	0	0
@AlexPop76 Lăudabilă inițiativă și sper sa fie așa cum e descrisă!Doar că am vaga senzație că omul respectiv incerca sa profite de orice situație că sa își aducă aport de imagine!Sper să mă înșel!	0	0	0
Yo nici nu mi-am dat seama cand s-a facut deja sapte seara, iar multi s-au plans groaznic de plictiseala azi... 😎	0	0	0
Artistul își ipostaziază propria percepție despre viață și uită să o și trăiască. El pune viața la lucru, iar viața nu-l dezamăgește, întotdeauna îl surprinde cu noi nuanțe.	0	0	0
Nu toate muștele fac Coronavirus #proverbe	0	0	0
nu ai nevoie la ...framantat ...😀😀😀😀😀  ?	0	0	0
@MarmotaDeCampie @cristinadobre Tu crezi ca io am rabdare sa iti copiez citate de pe net?	0	0	0
Ridicati starea de urgenta sau explodeaza mamaliga Ridicati starea de urgenta sau explodeaza mamaliga	0	0	0
@CarmenMaftei1 Sigur că da, aici este vorba de altele. Sunt curios dacă toate achizițiile astea directe, din perioada crizei sanitare vor fi în vreun fel verificate mai târziu....	0	0	0
@ZoliBara Ce kacat o fi în mintea lui?!	1	1	1
In plina pandemie, un tanar a iesit cu masina pe strada, a facut live pe Facebook si le-a cerut prietenilor sa iasa din case	0	0	0
CE DRACU SUNT TOATE POZELE ASTEA SI DE UNDE LE SCOATETI CE CACAT AM DORMIT SI EU UMPIC AND I GET ATTACKED	1	0	0
Ma simt atat de bine descoperind ca sunt altii muult mai prosti ca mine...	1	1	2
Oana Roman și soțul ei s-au împăcat?! Avem imaginile care vorbesc de la sine...	0	0	0
Virusul apă nu se face #proverbe	0	0	0
a avea o conversație cu crush îți îmbunătățește puterea mentală -vorbește cu el! nu este nevoie să vă retrageți de la cineva de care sunteți interesat ... cu cât vorbiți mai mult cu el, cu atât mai mult vă puteți lega și creați o relație❤	0	0	0
facem pe dracu ghem, aia facem	0	0	0
hai ca incepe sa-mi placa acasa. bani sa fie...mai bine era la birou cu seful care va futea la cap?	1	1	3
@HoratiuAnghel Pentru ca voi ati fost si veti ramane numarul 1. Si numarul 12, pe stadion	0	0	0
@LucianMindruta In teorie buna idea, intr-o țară normală unde toți copii au acces la PC, tableta și telefon smart. Intreb și eu pentru un prieten: suntem noi acea țară?	0	0	0
@NATO e o institutie fundamentala in efortul de combaterea #coronavirus . Cu zborurile aliantei se vor aduce in #Romania kit-uri pentru testarea populatiei. #wearenato	0	0	0
@klau_buca Fuge de dracu si da peste muma-sa.	0	0	0
De ce cred eu ca demisia lui Costache, ministrul sanatatii, arata ca sunt probleme mari in guvern:	0	0	0
Să-i ia dracu pe chinezi. Pe chinezul care a mâncat primul pangolin, pe guvernul chinez care a acoperit cât a putut, pe toți chinezii care au plimbat virusul prin lume. 	1	1	2
Nici nu i-ar sta bine unui securist fără înjurături și blesteme aiurea când nu-i reușește cu denunțurile.	1	1	1
În ciuda vremii de afară, florile încă rezistă!	0	0	0
Frigidere uriaşe pentru morţi în New York. Medic relatează din spital: „Oamenii mor! E rău! Nu avem ce ne trebuie!” IMAGINI New York Times	0	0	0
Coronavirus: Când se așteaptă vârful epidemiei de coronavirus în România	0	0	0
antihristii care au nenorocit Romania continua sa faca acelasi lucru si in ziua de astazi ..	0	0	0
m-am jucat fazan toata ziua va rog ajutati-ma	0	0	0
@skatecat_147 Cu siguranță 😀	0	0	0
Băsescu, despre ieșirea Armatei pe străzi: Statul pune o presiune formidabilă pe populație să respecte măsurile de limitare a epidemiei. Scopul și mijloacele sunt corecte (VIDEO)	0	0	0
Ordin de ministru: Persoanele aflate în carantină instituţionalizată - test pentru COVID-19 numai dacă devin simptomatice	0	0	0
@SilviuFoca @MarmotaDeCampie Adevărul e că era și păcat să-l întrerupi !	0	0	0
@MaestroMD Iaca din cauza situațiilor de așa gen este multișoară lume care și-au vândut afacerile și au plecat	0	0	0
Oricum americanii cei din Florida sunt de belea😂	1	1	1
Cu doar 1842 de teste noi în ultimele 24 de ore ne aflăm în situația în care virusul vine după noi, și nu autoritățile după virus.	0	0	0
Peste 3.000 de magazine din România sunt aprovizionate, zilnic, cu produse din 23 de centre de distribuţie (analiză) -	0	0	0
Eu imi transpun gandurile aici ,m-a simt confortabil cu mine insumi si postez ce vreau ,bineanteles sa placa ochiului,, imi spun transpunandu-mi gandurile mele,poze cu fiica mea si cu produse AVON  si cu parintii mei sau eu si fiica mea cand am fost mici* RYA*	0	0	0
V-ați băut cafeaua în această dimineață?	0	0	0
scoți pula cu căcat din curul altuia i-o ( Iobagii ... ) bagi în gura unei pedofile , te crezi cineva	1	1	1
Ca cica trendul era oricum de scadere. Pai plm, de asta e plafonare si nu inghetare. Ca pot sa scada daca trendul e de asa natura.	0	0	0
TE ȘTERGI LA CUR - TE ȘTERGI LA CU BIBLIA ȘI CU CORANUL ÎN PULA MEA ➕ 🐴	1	1	3
#DocumentarAGERPRES O PERSONALITATE PE ZI: Medicul Carol Davila, întemeietorul Şcolii Naţionale de Medicină şi Farmacie -	0	0	0
@iulialipovanu Era bine daca ar functiona :)	0	0	0
În alte vremuri, nu cu mut timp în urmă, în școli se învăța respectul față de cei vârstnici. Acum ce se va învăța? Că după 65 de ani, gata, devii o povară pentru societate, povară de care trebuie scăpat cât mai repede.	0	0	0
@_Vanagandr__ @walterusrex nu cand folosesc regionalisme :)))))) s ar putea zic eu	0	0	0
“ lasă vocea !!!! bolnav psihic !!! spune ce-ai făcut cu corpu !?!?! Colțea Gabriela !!!! “ .	0	0	0
@KlausIohannis Domnule Presedinte apropiati-va cat mai mult de Presedintele Trump. Cel mai probabil ei stiau ce urma sa se intample cu COVID19 tocmai de aceea a scumpit atat de mult in ultimul timp asigurarile medicale ale Americanilor pentru a avea rezerva cand va veni pandemia. Mult succes!	0	0	0
@eftimie ”Nu de verme mă tem, ci de gara de aveoane!” (Scociorillo, 14:2)	0	0	0
@ciubotariu_dan Ce treaba are sula cu prefectura. Doctorii trebuie sa se  ocupa de ceva, procuratura si politia de altceva.	0	0	0
Băăă, băleguță urlătoare, lupta politică nu-nseamnă să-l spurci p-ăllalt, ci să fii mai bun ca el, să-ți câștigi cinstit mălaiu', nu cu datu' cu cățaua, cu frâne, cu pile, cu bănci, băncuțe, puțe... 're-ai al dracu' de pa-pa-gal!!	1	1	3
Fuziunea dintre Grupul PSA și Fiat-Chrysler ar putea deveni incertă din cauza pandemiei de …	0	0	0
@MarmotaDeCampie @i0n1ca @gusteru :)mă gandii că cine stie prin ce carte le gasisi	0	0	0
@i0n1ca Capul tău , privit la luna , seamănă cu un cap de ... cum sa nu ai creier și te vrei rege ? ? Îți dai seama ?? Și câți sunt ca tine ...	1	1	1
@liltntcionklk Taci din gura in plm	1	1	1
@CloneSandman @itmorar El zice așa: nu se închide încă	0	0	0
Mai mulţi producători de smartphone-uri refuză să folosească Qualcomm Snapdragon 865 din cauza preţului prea mare	0	0	0
Coronaviru mata familia	1	1	3
Președintele Iohannis: Este nevoie de măsuri speciale în vremuri speciale	0	0	0
Medic de la Institutul de Boli Cardiovasculare din Timisoara, infectat cu coronavirus	0	0	0
@ANTIABE Dar dacă imi cer un act, ăla sunt 😬	0	0	0
Tocmai pentru că a fost construit de PSD (partidul pe care unii l-au numit „ciuma roșie”), imediat după inaugurare (5 septembrie 2019), au fost publicate numeroase știri în care se spunea că spitalul Mioveni este, de fapt, ÎNCHIS și NEFUNCȚIONAL.	0	0	0
@PleuAlexandru4 Nu e stupizenie, asa este,totul e planificat si in agenda lor, stabilit cu mult inainte (1970)	0	0	0
@marconst Dute dracu !	1	1	1
Gigi becali e generos si face donatii. Bravo lui, dar hai sa va spun ce vad eu ca e in spatele unei astfel de actiuni.	0	0	0
ITALIA / Credință și Acțiuni	0	0	0
Ce dracu bă, nu mai știți să frământați cocă ? Aveți nevoie de o mașină să vă facă pâinea ?	1	1	3
ce pula mea imi fac follow list din ro struggle tweets cine naiba zicea ca romanii is amuzanti	0	0	0
@agerpres O traducere proasta. In plus, in alte studii se afirma ca virusul rezista minim 9 zile pe suprafete de sticla si metal.	0	0	0
@ZoliBara Primii vor fi testati toti angajatii din sistemul de sanatate, apoi cei din aparare (politie/armata/etc), urmeaza persoanele varstnice si cei cu boli... periculoase (inima/diabet/obezitate/etc) si in final persoanele tinere... Da' mai e mult pana departe...	0	0	0
@TanarulD Ciolanul cu fasole susține sistemul imunitar al românilor, datorită gazelor emanate.	1	1	1
CORONAVIRUS | Virusologul Molnar Geza: Primul vârf al îmbolnăvirilor din România, în maximum 10 zile. Al doilea val va fi după Sărbătorile Pascale	0	0	0
Acel moment cand iti da mata una de te lipsești pe pereti😂😂	0	0	0
@RobertEVoicu @i0n1ca @AdUnATeDuPaNeT Corect. Acum va dona? Eu auzisem din Cancan că a donat acum 2 zile. 😂😂😂	0	0	0
@ECiocu ăla-i maradona sau doar cineva care seamănă cu el?	0	0	0
@AntiJavre @cosmin_roman_ @denis26_denise Cumparau, ca bine zici ... amu importa cox de ala sau cum plm ii zice ... asa ...	0	0	0
Hai gata, lasa-ti vrajeala. Ne ducem pe pulă!!😟	0	0	0
ce rahat trebuie sa imi sterg din telefon ca sa imi fac spatiu i hate it here	0	0	0
@i0n1ca @MaricaPuiu @piticu21 Trist e că văzusem ieri promovate, drept soluții digitale de două site-uri mari de stiri, Gigi și pro.	0	0	0
@sopeprotector lol am si eu ham din asta e al dracu de tampit tho il port cateodata	1	0	0
TAROM a suspensat cursele interne timp de două săptămâni	0	0	0
@futacu Și se fac în jur de 1000 de teste pe zi în toate cele 8 centre. Când mai cumpără aparate se va ajunge la 1500 - 2000 de teste pe zi.	0	0	0
70 de cazuri si asta numai din cauza astora care nu pot sta in plm linistiti in tara in care locuiau inainte macar acceptati sa fiti pusi in carantina i hate it here	1	1	3
Sofer bulgar oprit la Calafat, pentru ca incerca sa scoata 16 tone de paracetamol din Romania	0	0	0
vreau sa dorm taci dracu din gura femeie	1	1	1
Dar cand a respectat acest"guvern " constitutia?	0	0	0
Acolo va fi absolut superb.	0	0	0
@Phezas @guima_xd Am 70 și tu 75 🤣🤣 vai de pula ta bai .Ai 17 ani sau câți ai și îmi suferi mie 🤣🤣🤣	1	1	1
@Toader87994669 Auzi sunt chiar Selly am zis că parfumul a fost trimis de cei de leon ai citit tu greșit	0	0	0
Tăriceanu, obsedat de procurori şi pe timp de criză: Au de gând să facă percheziţii masive fără mandat de la judecător? Iohannis vrea să se extragă...	0	0	0
Grijă mare... Mănâncă,bea,fute, și cînta... Că te așteaptă o groapă adâncă. 2020	0	0	0
@not__vee Gigi e un om bun.	0	0	0
Ok, nu este vorba neapărat că acele site-uri care generează documente ar fi nesigure, ci că există deja posibilitatea de a descărca și completa acele documente necesare, fără a introduce date personale ONLINE. Haideți să mergem pe surse oficiale, mai ales zilele astea! #COVID19	0	0	0
Ați râs de băiatul ăla care a rămas izolat singur acasă de Crăciun.	0	0	0
Ce plm au ăștia de la TV împotriva ăstora care vând chestii mai rare? Adică: măști, spirt, teste... Pe bune, încalcă principiile pieței libere.	1	1	3
@bitatgjiu70 Toate știrile sunt pozitive la ora asta, una nu am auzit sa spună ceva negativ de pacienții noștri.	0	0	0
Jaxi's Campaign - Haideti si voi cu o donatie, 23 de lei pentru SMURD nu e nimic in comparatie cu ce fac ei pentru noi!	0	0	0
@AndreasSh3lley @itmorar Îi sprijină cei cu smartphone.	0	0	0
Premiile Radio România Cultural, acordate în emisiunea GPS Cultural	0	0	0
@CloneSandman Ca peste tot in tara, si la Iasi sunt, in presa, "gasti" si "gasti", fiecare spunand despre ceilalti ca sunt ticalosii ticalosilor. / Altfel, aia cu fostul procuror Eva, numit director al Spitalului de Neuropsihiatrie de la Săpoca, si demis a doua zi, e o gluma proasta.	0	0	0
@aegyobbts @BTS_twt gen eu cand am vrut sa omor un păianjen si a intrat sub parchet si mi-era ca ma mănâncă în somn😭😭😭	0	0	0
Îmi spuneau că vor fi alaturi de mine la bine şi la rău,ciudat,am dat de dracu şi nu mi-au fost alături nici după ce i-am sunat...	0	0	0
@casxloki afara nu iesim ca facem corona...sorry nu se poate	0	0	0
Intotdeauna lupta pt ceea ce iti place,lupta pt a iti face visul realitate,nu lasa pe nimeni sa-ti spuna ...ca tu nu poti,ca tu nu esti in state...ai incredere in tine si vei muta muntii din loc @ Bucharest, Romania	0	0	0
Deşi nu a fost testată, Greta Thunberg crede că a fost infectată cu coronavirus.	0	0	0
@GeorgianaGyoy Clar. Oricum tre'să mori de ceva. 😂😂😂	0	0	0
Coronavirusul asta cred ca a batut ultimul cui in sicriul presei tiparite.	0	0	0
@Univers1970 @mariaamichaela De utilități și servicii mă întrebam și eu...	0	0	0
@cosminchera E complicat. Unii au zis atunci că diaspora e bună, alții zic acum că nu e, ești sigur că aceiași zic lucrurile astea?	0	0	0
In ultimile doua saptamani, Romania este pusa intr-o mare incercare de supravietuire a oameniilor.	0	0	0
@MaAreces @asticep Sa trecem cu bine toți de acest rău și sigur ne vom întâlni la nunta 🍓🍫🎈❣️💖💕❤️	0	0	0
Trei lucruri pe care nu le puteți recupera în viață: un cuvânt după ce a fost spus, un moment după ce a fost ratat și timpul care a trecut.	0	0	0
Am vânat în această noapte. Ani întregi de black Friday m-au pregătit pentru asta.	0	0	0
Work from home și la noi ✅	0	0	0
@MarmotaDeCampie Privirea mea e intensa datorita miopiei, hipermetropiei, astigmatismului si cocheteriei absurde care mă face să nu port ochelarii. Atunci privesc fix și profund ca si când m-aș uita in orizont sa vad daca vine ploaia.	0	0	0
Cum am zis, cu asta trebuie sa se ajunga in fata unui Tribunal International	0	0	0
@eljijinews Cel mai bine a citit Arafat, sirianul!	0	0	0
@bits2read @EelcoZwart bag pula in ma-ta de oaie proasta, observa te rog ca am folosit si cratima pt ma-ta	1	1	1
Povestea unei femei însărcinate, confirmate cu coronavirus: Sunt extenuată fizic, mental și emoțional...	0	0	0
Tren special Ucraina -Rusia pentru repatrierea cetățenilor	0	0	0
@stiripesurse_ro Statu' și benzinarii - cum dracu' nu plesnește fierea-n ei de ciudă?!?	0	0	0
@JoseoIogy @Liga1Romania @Afc_Anto E visul frumos al arabilor din orientul mijlociu	0	0	0
@LoredanaLutac Cred că și dacă îți cade un picior ți-l lipești cu paracetamol gel	0	0	0
Cui îi place să stea acasă? Pula sus!	1	1	3
eu n-am citit enigma otiliei, poate ne cearta profesorul prin discord ca ma si omor	0	0	0
Premierul Orban: Regret demisia domnului ministru, dar o înțeleg -	0	0	0
Comisia Europeană: Trebuie să ne protejăm securitatea și suveranitatea industrială	0	0	0
@ingerisidemoni @SirGolan Este biserica Sfântul Dumitru din Colentina. E o biserica mare, în dreptul Oborului. Parohia este uriașă, multe blocuri împrejur, cam cât un municipiu mai mic. Acolo am crescut, e cartierul meu natal. De acea biserică mă leagă multe, multe amintiri.	0	0	0
Stăm la rând la farmacii păstrând cu grijă „distanța socială” de un metru nu pentru medicamente ci pentru măști de protecție.	0	0	0
Orban: Rămân valabile priorităţile de diagnosticare stabilite de Institutul Naţional de Sănătate Publică -	0	0	0
Al 14-lea deces în România provocat de coronavirus	0	0	0
De ce plm cumpărați TONE de mâncare și alte chestii, dacă oricum ieșiți afară IN FIECARE ZI NENOROCITĂ!???	1	1	2
@bordianu_marian in traducere. pentru cei ce nu au inteles. Curva dracului de coronavirus.. pa	1	1	2
pai n ati facut, ba idiotilor, un referendum sa nu se poata da ordonante pe justitie? cum se razbuna realitatea pe prosti	0	0	0
BREAKING NEWS. Coronavirus în România: Am ajuns la 17 morți	0	0	0
Ne este dor de apā, dar astăzi trebuie să stăm în casă! 🌊🌊🌊	0	0	0
Nu că îmbârlig, da' cine plm se mai uită la romanes au talente? 😂	1	1	3
Sever Voinescu a lansat o întrebare foarte bună. În comentarii, se găsesc câteva din răspunsurile mele - o succintă prezentare a cauzelor.	0	0	0
@AntidotR Eu nu mai joc, efectiv nu mai ai cum sa te joci daca nici in sezonu urmator nu fac aia de la epic ceva jocu o sa moară complet si o sa mi vand contu	0	0	0
Încă 3 pacienți infectați cu coronavirus au murit. Numărul total al deceselor în România au ajuns la 17	0	0	0
Inca astept sa iasa cineva dintr un tufiș gen sa ne zica ca suntem in plm la camera ascunsa 2020 e o glm proasta si nici n am râs	1	1	3
Bine ca trăim în Europa pe timpul pandemiei ăsteia. Dacă eram foarte ghinioniști sa trăim prin cele mai sărace țări din Africa, râdeam in Ebola acum.	0	0	0
Coronavirus în Franța	0	0	0
@FIFAMobiledaily In pula cu satelitul ca trebuie sa ma duc la munca 😡😡😡	1	1	1
@AndreiCismaru @SofiaCovaci I-a fost cerută demisia. Orban a solicitat demisia ptr slaba administrare a situației, în special în zona spitalelor	0	0	0
Sa speram cat mai repede posibil, ca vom avea vaccinul pentru acest mare necaz. STAM ACASA	0	0	0
Moldova nu se dezminte ! Inmormantare cu fast in plină pandemie de Covid.	0	0	0
Adio Control Panel din Windows 10? Microsoft i-a pus gând rău funcţiei pe care o ştim de atât de mulţi ani	0	0	0
O apărut prankeri care se apropie intenționat de oameni pe stradă și tușesc?	0	0	0
Izolarea cred....eventual prelungita, functie de ceea ce am scris mai sus.	0	0	0
@MihaiHristea Și pe el l-a "ucis" corona. Ce mizerie. 👎  Era foarte bolnav încă din 2015!!	0	0	0
@mad_dame Taică-miu, când era tânăr și vivace, a făcut o demonstrație matematică pe poezia lui Arghezi. Era prin revista Muguri a liceului Șaguna, posibil să fi auzit de ea. Hai, show me what you got!	0	0	0
@DacianSoros Vreun patron român are business-ul ăsta si a luat din România la preț de preț ... acum încasează profit. Pe vremuri se numea bișnițar, acum este businessman	0	0	0
@agerpres Trebuia sa fie prioritatea nr 1 testarea!	0	0	0
nu mai suport sa ascult inregistrari de la concert pe youtube VREAU SA IL AM PE SPOTIFY FARA ZGOMOTE DE FUNDAL	0	0	0
@CarmenMaftei1 Paiele sunt mai ieftine!	0	0	0
@trkshlove Așa e ...și la mine, am râs cu lacrimi,😂😂😂😂 mâine mă topesc efectiv😍💋👀	0	0	0
@spuse este, doar ca ai prins tu momentul de supraincarcare a serverului :))	0	0	0
@klau_buca @klubbingman @RFboris Ba dacopatule pe tine de ce te fute grija cine-i pesedist sau nu? Nu ai imunitate in tunelurile din bucegi ? Idiot	1	1	1
@eljijinews Au și cristale swarovski? 😂😂😂	0	0	0
@ciulea E doar părerea ta. Eu pun foarte bine problema. Fiecare înțelege ce vrea.	0	0	0
Observ ca exista o oarecare crestere a speech-urilor pline de ura si distructive... sa fie oare de la autoizolare?!	0	0	0
@w_lemn @Carlos_Sacalul „Cui” fac propagandă este corect.	0	0	0
@StirileProTV Jale mare! Asta să fie paguba!	0	0	0
@mariaamichaela Despre ce este vb? Nu m-am uitat la tv!🤷🏻	0	0	0
@stirbei Eu am muncit când am avut genuchiul dislocat, strașnice rezultate la 39 de grade febra, o eroină, ce sa mai. Acum sunt scursura societății că îmi permit să știu limba italiana, sa nu mă panichez și să pot fuste scurte la munca.	0	0	0
@futacu Ai dracu'. N-ar fi dat si Romaniei cateva zile inainte sa dea intregii lumi. Sa ne fi ajuns si noua 2-3 la fiecare	1	1	3
@itmorar A vorbit putin si prost.Despre tratamentul cu HCQ nimic,in schimb a vorbit despre Plaquenil ,aiurea.Nimic despre Zelenko si Raoult.Daca vrei iti dau in privat nr lui sa-l intrebi de ce.	0	0	0
Sunt la OMV și am un TAB în față la pompă. Mi-am luat de citit.	0	0	0
#Coronavirus: Hidroxiclorochina nu este mai eficientă decât alte tratamente împotriva COVID-19 (studiu)	0	0	0
Mi-a zis cineva du-te în plm și eu l-am întrebat de mă trimiți pe drumuri necunoscute nu m-ai bine mă duc în a mea că măcar știu drumul !	1	1	3
China si ea sunt 100% convins ca testeaza deja pe oameni	0	0	0
...animalul că animal dar ce faci frate cu zugrăveala..cade casa pe tine ....cocota masculina ...	0	0	0
@_Vanagandr__ @walterusrex glumesc, unde te-ai nascut nu spune nimic despre tine. Tu esti oglinda stramosilor tai.	0	0	0
nu stiu de ce, dar am impresia ca atunci cand o sa vina valu ala mare la noi, o sa intelegem de ce e armata pe strada. Sa-mi bag pula...	1	1	3
@RalucAlexa Am citit și eu. Nu putem decât să ne protejăm pe noi stând în casă.	0	0	0
@sopeprotector am ramas la 10 dar m-am apucat sa citesc si cartea de la inceput pt ca erau unele informatii pe care nu le-am inteles din serial :(	0	0	0
Ai înțeles?! Niciodată nu te schimbi pentru nimeni!! Indiferent de cat de important/a a fost acea persoana pentru tine!! Esti minunat/a exact asa cum esti si sper sa asculti sfatul meu!! Te iubesc. 🥺❤️	0	0	0
BREAKING Bugetul CFR SA pe 2020 intră joi în dezbaterea Guvernului. Pierderi de 80 milioane de euro	0	0	0
vreau inapoi la mine sa ascult singura muzica in casa cat de tare vreau fara sa fiu intoxicata de fumul alor mei ma pis pe virusul lui peste prajit ca a bagat paranoia in mami si acum trebuie sa mai stau la ai mei,,,, MI-E DOR DE CABINA MEA DE DUS NU MAI SUPORT	1	0	0
O sa murim dracu de foame nu de virus calmati-va nebunilor	1	1	2
Cat plm costa un glont? Chiar nu poate trage nimeni un foc de  "avertisment"? 	1	1	3
@ACplusD @MihaiHristea N-ai nici o bănuială?👻	0	0	0
Diplomat român, infectat cu COVID-19. Ambasada României din Luxemburg a fost închisă...	0	0	0
@sandu_lupea Corect, dar acum e o situatie deosebita si la nivel planetar si oameni suntem in final.	0	0	0
@bitatgjiu70 E suficient poliția cu amenzile pornind de la 500 de euro...	0	0	0
S-a confirmat! Al 2-lea băcăuan infectat cu COVID-19...	0	0	0
Nici macar nu e un plic in pula mea ca jumatate din el e pe vasu unde il frecasi cu zahar	1	1	1
pai daca nu se baga astea eu va spun lu seii si va face ddistreck cu zici ca am hec baga six pack #faivghenglaputere #5gang	0	0	0
@yerenexs de a dracu ma dau jos si merg si mai rpd decat autobuzu ce vb aici	1	1	3
@radusmall Nu mă pricep așa că îl las pe Sișu să vorbească...	0	0	0
world health organisation chiar a facut tutoriale pentru SPALATUL PE MAINI	0	0	0
@BotTomelloso @Andrea_Guberna Pula mea bunicule anticapatule	1	1	1
Pofta buna.	0	0	0
haechan pare genul de roman care scrie . in loc de cratima si nu stiu daca pot tolera asta	0	0	0
@nymarielouise ia să vă dau eu un block și să vă trimit să discutați cu pesediștii care vă plac	0	0	0
@tepes_vladut @MaricaPuiu Pai daca e că la Mega de pe aici, înseamnă că nu există!	0	0	0
@DacianSoros @emiltoma_av ...eu ma chinui din răsputeri sa o tin la fereala si sa vina idioți ăștia după ce au umblat jumătate de București sa facă pe dracu ....	1	1	3
@BolboreaIon @w_lemn ceva link? sau numa bagi asa de la tine?	0	0	0
@piticu21 Ba, era o balarie ... scrisa in calr ... dar da, iti dau dreptate , o sterg da'o dracu ca astia tot minte ca militienii aia au	1	1	1
Lotul național de alba-neagra vine in țară	0	0	0
@aegyobbts cine dracu sunt ăștia și ce impresie au ei că pot vorbi de țara noastră?	1	0	0
De fapt, nici nu era o lingurita. Era o "limgurita". Atragem atentia ca singurele lingurite sigure sunt acelea cu "n", sfințite la Ierusalim.	0	0	0
Noi ghiduri pentru coronavirus pe platforma naţională 'Fii pregătit'; informaţii despre simptome, furnizori la domiciliu	0	0	0
m am săturat să văd fete de 12 ani care pun story cu melodia "birthday sex" sau aia cu "I wanna put u in seven positions" 🤧🤧	0	0	0
Carantină, carantină, dar lumea trebuie să muncească | piticu .ro blog	0	0	0
Patronul unui magazin din Timișoara, terorizat de hoți: ”Sunt disperat! Am filmări și Poliția nu reacționează!”...	0	0	0
ticu așa vreau să arăt și eu la 43 de ani în pula mea	1	1	1
Cum plm, ma, 3.497 de  cazuri noi azi in Italia? Ce se intampla acolo?	1	1	3
bine că ați plecat dracu din țară că “e nașpa și pute” dar imediat când se întâmplă ceva rău veniți înapoi ca viermii	1	0	0
@PleuAlexandru4 Of, trebuie sa traduc: pozitivi cu virusu' lu peste.😷	0	0	0
@ECiocu Cum mă să dai Like la asa ceva ?	0	0	0
Optiuni aflate la indemana angajatorilor in contextul COVID-19	0	0	0
@btslug pot sa ma fure cu totu	0	0	0
@lwantChoo Ce plm?! Vrei sa ne certam iar?!	1	1	1
@patrasconiu Eu nu as indrazni sa le infrunt. Cine mai asigura laptele?	0	0	0
Lumea doarme, mananca, citeste...etc...liniste si pauza totala	0	0	0
daca nu aveti masca va puteti face una cu filtru HEPA sau cu filtru de  carbon #paranoia	0	0	0
@OvidiuSky Și eu spun la fel. Însă ministrul insistă puternic cu abordarea asta, ori este nebun, ori inconștient. Chiar și cu teste rapide, și tot ar fi aproape imposibil.  În plus, acuratețea testelor rapide este slabă, lasă mult de dorit	0	0	0
Vești bune! Zile libere pentru părinți. Ce condiții trebuie să îndeplinești...	0	0	0
@ingerisidemoni Am trait 18 ani in Italia.	0	0	0
@fromjkwithluv nu stiu ce imi vad ochii dar pare fake???	0	0	0
@StirileProTV Nu cred ca isi au rostul comentariile, porniti strangere de fonduri daca va preocupa orice situatie ( oameni ai strazii, spitale,etc) si asa cum putem semna aceste petitii, putem strange si banuti, eu as dona numai luati initiativa, lasti rautatile!	0	0	0
Parcurile nationale in care traiesc gorile se inchid unul dupa altul. Iata si explicatia	0	0	0
S-au furat bani și valori mari și acești hoți și tâlhari au fost mari vedete și absolut toată lumea în mare accord.	0	0	0
Am înțeles ca armata e cu noi. Dar minerii când vin?	0	0	0
ȚARĂ, TREZEȘTE-TE! Apel disperat al legumicultorilor din Băleni, județul Dâmbovița, CĂTRE TOȚI ROMÂNII: Veniți măcar unul din familie la piață! Aruncăm tone de legume la gunoi.	0	0	0
Iliescu nimic? Nici macar coronavirusul?...	0	0	0
Ce se întâmplă când o femeie o ia înaintea timpului său? Cine câștigă și cine pierde? Cum se reflectă soarta unui om în fragmente de oglindă spartă? Între jurnal poetic și documentar, MATA HARI recompune tabloul…	0	0	0
@TanarulD Sist de sănătate e in colaps de multa vreme si nu numai la noi.Virusul ajută doar justificarilor;dacă te uiți pe statistici nr de morti e "in grafic"cam peste tot in lume,cu codvidu sau fără,lucrurile stau la fel.	0	0	0
@MaximMihaela1 @KlausIohannis UK e foarte aproape de a produce un test pt a stabili cine deja a avut CoVid si evident, e imunizat. Tocmai, pt ca nu te poti sui ca nebunul cu bocancii pe drepturile FUNDAMENTALE ale omului, asa, cum te apuca. Uk a adus un avion cu cetățeni direct din Wuhan în timpul carantinei	0	0	0
Ăștia.s de dreapta futu.i în gură de jegoși nenorociți, ciuma roșie a fost rea, acum holera galbenă e bună mami	1	1	2
@rmalutan cocenii de porumb sunt mai putin traumatizanti😁	0	0	0
Lupta cu ”isteria” din România împotriva ”noii gripe” se poartă mai degrabă de la Viena, decât de la sediul MAI sau de la Palatul Cotroceni.	0	0	0
Iepurele mizantrop și gluma amară a zilei (25 martie)	0	0	0
Yaaaayyy!Izolați și fără curent!	0	0	0
UE este o uniunie bancara in interesul marii finante, in special de tip teuton. Bine ca ne-a procopsit cu km. de hartoage legislative despre lungimea morcovilor, a bananelor,  culoarea standard CE a leusteanului	1	1	2
astia sunt inconstienti sa ne izoleze... sa stea ei cu nevasta mea	1	1	1
Euro 20 va deveni Euro 21, tocmai a fost amânat!	0	0	0
@twayoon vreau sa ajung in fata la mos craciun sa-i zic eu vreo doua acum - cum isi permite sa SE BAGE PESTE IEPURASUL DE PASTE????? ce discriminare e asa plm	1	1	1
@Teo578 Atunci când vezi ca oamenii de lângă tine dorm in preajma primejdiei, cauți metode sa-i trezești, nu sa-i judeci..	0	0	0
Nelu Tataru: Vor fi testate toate aglomerarile urbane. Incepem cu Capitala	0	0	0
Oooh, am călcat într-un kkt! La dracu, am spus kkt! Futu-i, am spus la dracu! Plm! Oricum nu voiam să mă fac călugăriţă !!	1	0	0
..cineva în DM, nu fac nume că nu își are rost ”tu ăla din Diaspora ați stricat viitorul țări și nenorocit România, vă meritați soarta acolo in Italia, pălmaș ai fost așa rămâi” 	1	1	1
Autoizolarea sau Izolarea totală nu e o măsură \"draconică\". Îl vezi pe dracu cand ajungi să faci febră 40, împreună cu ...toată familia.	1	0	0
Bai, voua nu vi'se pare nimic dubios ca un arogant autosuficient ca Iohannis, joaca dupa acelasi cantec?	1	1	2
“Dacă pun prezervativ mai trebuie sa mă spăl pe mâini?”	0	0	0
@sorana_cirstea Asta e problema ta zilele astea? Ești prea nervoasă, la fel ca și în relația cu antrenorii. Lumea moare pe capete și tu ești indignata ca nu te-au anunțat întâi pe tine ca RG nu se tine peste doua luni, ci peste șase. Ți-a stricat programul?	0	0	0
Dacă în perioada aceasta sunteți în căutarea de posibilități de a lucra / vă educa de acasă, vedeți resursele de aici.	0	0	0
Dupa declaratia lu' Orban am dat "o tura de telecomanda", sa aflu "minutul si scorul", si am ajuns la Realitatea PeSeDeee... iar acolo am dat de Laurentiu Botin si Gabriel Oprea. #stop_joc Un dublu jegos care le face concurenta gunoaielor de la Aneta3.	1	1	2
Vela asta e prost rau. Dezinsectie...🤦‍♂️Gata ma, scapam de gandaci la intrari in blocuri...Yeeeei. Babaiatulee	1	1	1
Cum se inchid majoritatea unitatilor comerciale timp de 14 zile din ordinul Guvernului as fi curios cum o sa sara traficul de net in Romania.	0	0	0
La o rată de 2.500 de teste pe zi, nu o sa dureze decât 2 ani să testezi toți locuitorii Bucureștiului	0	0	0
Hahhahaha, "fiul/fiica lui", baga-ti-ai pula in el de stat roman...	1	1	3
Șocul COVID-19 trece ca un tăvălug peste așa numita solidaritate europeană.	0	0	0
Include Ghidul Comisiei Europene pentru traducătorii din Uniunea Europeană	0	0	0
@radusmall Nu am auzit. Unde ai văzut?	0	0	0
bag pula, imi iau o peruca roz si ma apuc de videochat	1	0	0
@ClaudiaRea2016 Sincer aș da orice să fiu o noapte cu tine♥️😘	0	0	0
@Adevarul De ce deabia acuma beliți ochii? V a durut in pula de aia, aveati salarii marite, sa traiasca cine poate!!!	1	1	2
@i0n1ca @danaionescu65 Super actor. The Office (cel mai bun serial din istorie, după mine), The Wire, Rocknrolla, blockbustere ca Thor, Avengers, Fast&Furious, StarTrek, Cats, in serialul Luther e personajul principal, are un Glob de aur.	0	0	0
Cine își asumă responsabilitatea unor astf de efecte? Și cine ar accepta sa fie vaccinat fără garanția efectuarii tuturor testelor?	0	0	0
Toate ca toate, dar ce ne facem cu elicopterele ce o sa pulverizeze substanta din aia alba peste Bucuresti in noaptea asta? #intrebptunprieten ce vrea sa doarma cu geamul deschis :)	0	0	0
@roxidh Zice că are voce de târfă și nu îl suportă...	1	1	1
@Ntanil @AdrianBilic @EAFIFAMOBILE Sezonul asta e mai greu cu bann-ul :))	0	0	0
sunt reguli speciale care trebuie respectate, altfel ne ducem toți dracu. să punem problema de la cauză, nu de la efect.	1	0	0
Precipitation maps Europe #weather (Precipitatii Europa in urmatoarele 3 zile)	0	0	0
#Apple Analizeaza Amanarea Lansarii #iPhone 12 din Septembrie -  #peblog #romania #2020 #news #stiri	0	0	0
Tocmai m-am uitat cum e vremea mâine, ca să știu cu ce mă-mbrac când ies pe balcon să fumez.	0	0	0
Este o idee buna sa cumperi o lampa de veghe pentru camera copilului?	0	0	0
@btsromaniateam @BTS_twt Am rămas blocată pe o insulă pustie cu Jin pentru că am promis. 😂💜	0	0	0
Limba cea mai frumoasă din lume este limba română	0	0	0
am un pulālāu la lucru, coleg. Pe lângă că-i cocalar, și-o adus o oglindă și și-o pus-o pe birou! Și o și folosește! Du-te-n pula mea!!! Hai cu corona mai repede!	1	1	1
@andreianu e stupid, că nu raportăm ca să nu avem panică, dar raportarea ar spune românilor că e treabă serioasă, să stea dracu în casă.	1	1	2
@ECiocu Du-te dracu... Si azi ai dat-o de mal. Du te dracu, a fost pe prietenie ca is moldovanca bre	1	1	1
Doar pe mine mă ia somnul când vorbește Orban? Adică nu-ți transmite pic de energie, e așa ușor să tune out...	0	0	0
21 de teste positive Covid 19 la spitalul Gerota.	0	0	0
@itmorar @ioantibi Cei din grupul ‘intelectualilor’ purtători ilegal de creier, ce au ieșit să manifesteze susținere ptr arafat când presedintee Traian Băsescu a susținut public demiterea acestuia. Mai sunt câțiva	1	1	2
Toate cazurile de COVID-19 din Argeș vor ajunge la spitalul construit de „ciuma roșie”	0	0	0
Preşedintele sârb Aleksandar Vucic a mulţumit marţi Chinei pentru ajutorul său în lupta împotriva noului coronavirus.	0	0	0
Sunteti tari! Felicitari voluntarilor si celor care au organizat aceasta actiune!	0	0	0
@Ionel47919856 @adivino2010 La noi produsele se vor scumpi pentru a ramane la ei!	0	0	0
scoți pula cu căcat din curul altuia i-o ( Iobagii ... ) bagi în gura unei pedofile , te crezi cineva	1	1	1
@PleuAlexandru4 Pai de HIV nu te faci 100% bine niciodată...cei cu SIDA sunt învățați cum să se resemneze cu discriminarea ...	0	0	0
@keyboardriot @OfficeTzetze Presedintele din Belarus nu crede in corina, el crede in Putin, cel care te omoară mai repede decat un virus.	1	1	1
cineva sa ascultam muzica irlandeza sau pop punk si sa bem?	0	0	0
OPERAŢIUNILE Broadshare şi Rescript. UK a implicat deja Armata britanică în sprijinirea NHS	0	0	0
@b0bsacaman0 @nwradu @RFboris Da, demonstrație de român prost. Hai stai jos, Ia-o de aici ma panaramă	1	1	1
Vine un amărât de virus, lumea medicală e la pământ, economia mondială e distrusă,  cercetătorii sunt șocați si tot ce ni se recomandă e...să ne spălăm pe mâini douăj de secunde ?? Zău ??	0	0	0
maica.mea crede ca sunt robot sa scriu 2 variante la romana si 2 la mate si plus sa mai fac inca ceva in plus	0	0	0
Klaus Iohannis anunță ca Guvernul este pregătit ca joi să dea OUG privind amânarea plății ratelor la bancă cu până la 9 luni	0	0	0
@CloneSandman Știu 😀😀😀	0	0	0
MI-O DAT COCOȘ LIKE LA POSTARE EU - DĂ-L DRACU DE AMEȚIT POATE IAR VREA SĂ SE PUNĂ CU MINE 🤢	1	1	1
@gusteru Francezi, nu români! A mai fost o tanti care si-a scos pisica la plimbare la vreo 30 km de casă. Sofisticați francezii ăștia...	0	0	0
Acum văd și ei cum e după ce umbli cu iordane...	0	0	0
@SorinPaun3 @ZoliBara @KlausIohannis fii*, desteptule! Sa stii ca am mai multa scoala ca toata familia ta împreună și sunt mult mai citită! Linge până nu mai poți, ca doar esti generația bolsevica. Este președintele țării, NU AL MEU, țara aia in care cică eu nu mai pot intra, deci nu mai e a mea Regret ca l-am votat	1	1	1
Reynaers Aluminium Romania: Industria de constructii nu se confrunta inca cu intreruperi ale activitatii	0	0	0
@nwradu Poate chiar asta vroiau și ei, le ajunge câți bolnavi au	0	0	0
Jumătate din cei care au auzit ca toți bucureștenii vor face test au început deja să își pregătească copiuțele.#citatulzilei #statusuri #amuzant #memeromania #romania	0	0	0
Şedinţă de #Guvern; urmează să se adopte o serie de măsuri în contextul pandemiei #COVID-19	0	0	0
La mine in cartier, la Mega Image găsești cam de toate, dar prețurile au crescut deja...	0	0	0
@GabryIonesc2 Denise e cu capatina praf din 2012. Asa am cunocuta-o, bolnava de cancer limfatic, cu un tata abuziv si fara nici un prieten, mincinoasa patologica.👨‍🎤😱👎	1	1	1
@voiculesti Cine-și face iarna car mai mult păgubește. #concursdeproverbefake	0	0	0
@SilviuFoca Bine ca nu era viu🤣🤣🤣	0	0	0
Bă, serios acu. Văzând ce se întâmplă pe toată planeta, nu pot sa zic decât: să-i ia dracu pe chinezi.	1	1	2
În colaj nu am intrat toți dar vă garantăm că suntem aici pentru voi 🎧📞💻📧🎯.	0	0	0
@sergiuprt Nu. În așa situații majoritate vor fi fiecare pentru el, chair dacă toți zic că trebuie să ne ajutăm. Sunt excepții și mai este și statul, dar să aștepți acele excepții sau ajutor de la stat (mai ales dacă e vorba de Moldova) îi prea naiv.	0	0	0
Am lansat la inițiativa lui @manafu un nou episod pe tema întâlnirilor la distanță. Atât de importate în această perioadă  #learn4ever #StaySafeAtHome	0	0	0
Dumnezeu să că Binecuvânteze!🙏🏻	0	0	0
Shoigu a vorbit despre activitățile opoziției pro-occidentale	0	0	0
Hai că e prea mult deja pe ziua de azi. 'Crizele scot la iveală mizeria din oameni'. Checked. Noapte bună!	0	0	0
@ManoliuValy Buna dimineața! Cu mare drag va doresc o zi amuzant de vesela, oricum sunteti un dragut asa cu nu ma indoiesc ca sunteti si binedispus. Ca doar ziua buna se cunoaste de.....	0	0	0
@bilqvely Cat plm ți-ai tăiat?? Vreau sa vaaaad	1	1	1
Dacă tot s-a dat dezlegare la pește, propun ca denumirea virusului să fie "Guvid-19"	0	0	0
Romanian-American Foundation (RAF), fundația-mamă pentru proiectul Code for Romania, i-a oferit asociației un grant în valoare de 418.800 de dolari, restul sumei, până la 713.839 de dolari, fiind completată din alte surse.	0	0	0
Bună dimineața dragi prieteni de pe Facebook și de pe Vkontakte!	0	0	0
Ehhhh... Oricum avem timp sa uitam de astia pana la finalul starii de urgenta. O sa "uite  si Politia...	0	0	0
@StirileProTV Cine dracu merge la plaja in Anglia 😂😂😂😂😂	1	0	0
@ionutzelgabriel Depinde de numărul membrilor familiei și de dieta pe care o ții. 😁	0	0	0
@severvoinescu @itmorar Da ăștia din "servicii" când te urmăresc crezi că înțeleg ce scrii? Prea le dați mult credit. 😉	0	0	0
@Liga1Romania @Chivu_Official Daca toti fotbalistii, manelistii si fuego si biserica ar da mesajul asta, ar fi mai eficient decat cam toate comunicatele de instruire a populatiei de pana acum.	0	0	0
#Tenis #Coronavirus: Organizatorii turneului de la Wimbledon evaluează ''toate scenariile'', inclusiv anularea competiţiei de Mare Şlem	0	0	0
@MarmotaDeCampie @daco_get Greu de raspuns...	0	0	0
@MarmotaDeCampie @radusmall Recomand și eu Knives Out !	0	0	0
O informare corectă ne poate ajuta să ne protejam.  Militarii sunt pregătiți să sprijine autoritățile în zonele unde va fi necesară intervenția armatei.	0	0	0
Medic: Degeaba scoatem armata pe străzi dacă doctorii sunt trimiși la luptă fără arme! -	0	0	0
Duminica inchinata Sfantului Ioan Scararul	0	0	0
Directorul Direcției de Sănătate Publică Suceava și directorul medical al Spitalului Județean, demiși după ce aici s-a declanșat cel mai mare focar de infecție cu coronavirus din România	0	0	0
Maaah... ori coronavirusu' a fugit ca dracu de tamaie cand a dat cu ochii de Liviu Pop, ori chiar Liviu Pop este coronavirusu	1	1	1
Se transmite coronavirusul prin alimente? ANPC: E bine sa ne ferim. Alimentele sa se vanda ambalate, in aceasta perioada	0	0	0
@Teo578 @MihaiHristea Chestia asta chiar se întâmplă. Masiv. Granitele nu s-au inchis, la o adică, pot să vină oricâți de oriunde, de orice naționalitate, ne merge numele ca suntem ospitalieri si ni se pretinde solidaritate. Să fie, atunci!	0	0	0
@mariusbmg21 Când nu vom mai avea pe cine trage la răspundere.	0	0	0
#Coronavirus: Iranul interzice deplasările între oraşe, în contextul temerilor privind un al doilea val de infecţii	0	0	0
Lumea moare și pe noi ne fute grija că nu ne mai uităm pe net/youtube la filme	1	1	3
Simt că expresia "Mi casa es su casa'' a căpătat un cu totul alt sens...	0	0	0
@victorciutacu Si nu neaparat de calitate !	0	0	0
Alegerile sunt mișunări publice care trebuie interzise. Ne-am obișnuit cu Klaus Iohannis, putem să mai trăim cu el 13-20 de ani. E previzibil, deschide gura și respiră ca un pește mort. Partea proastă e că nu poți să-l izolezi la domicilii, va evada.	0	0	0
#COVID: Angajata ANMDM depistata pozitiv	0	0	0
Numărul cazurilor confirmate de coronavirus a urcat la 168, din care 29 în ultimele 24 de ore. Numărul persoanelor vindecate este acum de 9.	0	0	0
@simovitty Cred că populația e infectata și de acolo rezultă. Nu mă gândesc că se mai iese pe stradă. Cred că va fi un vârf, apoi va coborî. Să fie 5300? Eu speram că 1480 e...asta acum 8 zile.	0	0	0
@victorciutacu Băieții mari n-au principii.	0	0	0
@andreitescan Am testat o platforma cu un quiz de 20 de intrebari. A mers bine. Te anunt cand mai facem.	0	0	0
Vine momentul cand e uman,just si moral sa spui STOP!altfel te sufoci	0	0	0
de ce dracu tineti portile inchise daca vin elevii sa se uite la rezultate doamne ce prosti	1	1	2
Rusia anulează toate zborurile internaționale	0	0	0
@dj_mezeneu @OvidiuSky Acum doua zile am iesit,ma feresc sa intru in magazinele care nu respecta sau nu au pus anunt;Sunt pers care nu dau doi bani pe reguli;Pana acum am bagat capul,in cateva sa vad cum e pe acolo,singurul care mi s-a parut ok...e Mega,putin mai departe,sunt reguli, nu se lasa sa se	0	0	0
@StirileProTV Când plimbi lingurița din gura in gura, la ce sa te aștepți!	0	0	0
Companiile Enel din România donează 100.000 de euro pentru a sprijini activitatea spitalului Matei Balș în lupta împotriva COVID-19 -	0	0	0
World Vision Romania realoca aproape 100.000 de euro pentru tichete pentru alimente, produse de igiena, dar si burse si meditatii online. Cum poti ajuta si tu	0	0	0
Apropo de coronavirus, chinezii ne dau țeapă cu termometrele. Eu știam că temperatura normală a corpului e 37. La astea digitale cu termistori adesea am temperatura între 35.3-35.8.	0	0	0
Dar mai au de dat explicatii 2 (China si US) urgente in fata lumii intregi, se poate si in fata unui Tribunal International, pt. ca una este vinovata de tot dezastrul produs pe glob!	0	0	0
Guvernul a lansat noua platforma online cu informatii despre epidemia de coronavirus din Romania	0	0	0
Guvernul a schimbat modelul pentru declaratia pe propria raspundere. Trebuie tiparita sau scrisa de mana!	0	0	0
Reprezentanții clubului Politehnica Iași au donat sânge la Centrul de Transfuzie Sanguină	0	0	0
@OvidiuSky @john0peace @emiltoma_av @DacianSoros Exact. Tot asta se întâmplă și cu verificarea căcaturilor de adeverințe și declarații. Scria cineva pe aici: prin mâinile aceluiași polițist trec sute de hârtii din alea, de unde să își schimbe mereu mănușile?!	1	0	0
@ZoliBara @SorinPaun3 @KlausIohannis Bai jegosule, tocmai pt ca nu sunt egoistă ratatule nu am nicio problemă să mă imunizez natural, ca nu imi e frica de un rahat de viroza. Apoi devin imună, nu il mai pot răspândi, imbecilule.	1	1	1
@santaromica Poate ai vrut sa spui că Italia are 462 de cazuri (nu decese)/ 1 mil. de persoane,	0	0	0
@Stelian_Ion_USR Daca chiar făceau școală stiau, dar asa...	0	0	0
să visezi bărbatul pe care l-ai iubit și pe care nu-l vezi de ani buni de zile și să te trezești dimineață complet cu busola strâmbă din cauza acelui vis și să nu scapi de starea asta toaaată ziua:  ✓	0	0	0
@alinaeradulescu Nu se pune!Daca nu e pe baza de troc cu zacuscă nu e ora de economie!	0	0	0
a zis frate.miu una buna rau in seara asta de am ras 😂😂😂	0	0	0
@vmacity Ce pula mea faci cu atata zahar si faina doamneeeeeeee	1	1	1
@adrianamia_o Ești foarte Frumoasă Și Te iubesc Nespus de mult Vreau să Ne vedem Te rog Dă-mi Ocazia Sînt foarte Sincer Cu tine și foarte Corect Și foarte Responsabil Las Numărul de Telefon 0764952935Te rog Dă-mi un Răspuns!!!❤❤❤❤❤❤❤❤❤❤❤❤❤❤❤❤❤❤❤❤❤❤❤❤❤❤❤❤❤❤❤	0	0	0
Oana Marinescu: Etica în comunicare înseamnă să dai importanță unui criteriu de evaluare care este legat de « cum » faci un lucru	0	0	0
Ca să scape de amenda pentru viteză, un senator UDMR le-a spus poliţiştilor că se duce să se testeze de coronavirus...	0	0	0
Ca măsură pre-carantină lumea și-a adus acasă cât mai multă mâncare și apă. Da' noi ne-am salvat arhiva "din tinerețe" :))	0	0	0
@emiltoma_av Stiu ca e alt caz. Dar stiu firme care analizeaza asta pentru prima saptamana pana exista clar ce se intampla	0	0	0
Nu pot sa inteleg de ce posturile de televiziune isi tot modifica grila de difuzare?!?!	0	0	0
Preţul petrolului poate scădea la 10 dolari pe baril, pe măsură ce ţările rămân fără spaţiu de depozitare	0	0	0
intre timp, la granita imperiului aflat in implozie ...	0	0	0
cum adica kosovo si grecia lucreaza de acasa si noi nu......	0	0	0
@FortniteStatus o investighez eu pe ma-ta de copil ratat	1	1	1
Am intrat pe fb și am ieșit după 2 minute. E mai rău ca pe antena 3.	0	0	0
@dj_mezeneu @Antidotul2 Merg pe ideea:E o doar o gripa,imposibil,nu are acum sa se intample la noi asa ceva(Italia,China)...sau, mie nu mi se poate intampla,cam asa gandesc unii la noi in tara!	0	0	0
Zău că încep să cred teoriile conspirației!La domiciliu și fără curent!	0	0	0
@Alex_Tikitaka @RFboris @Carlos_Sacalul noi nu radem de el, sa stii ca l-am educat foarte mult pe twitter! La inceput facea laba, isi punea pula de 16 cm, avea impresia ca il urmaresc toti, acum e impecabil!	1	1	1
@ZoliBara Asta e solutia. Se asteapta ca si la noi sa trecem de 1000 de cazuri/zi. Problema e cu numarul testarilor/zi. Pentru ca ar trebui sa "batem" Coreea de Sud si Germania,de exemplu,la numarul de testari/zi,pentru a reusi sa ii testezi pe toti bucurestenii intr-o perioada rezonabila.	0	0	0
Cam cat de nemernic poti fi, sa vii din tari infectate, sa iti bagi ceva in ce zic autoritatile si sa te aduni cu "tovarasii" la scara???  La cum se prezinta situatia, ce se intampla in Spania si Italia e mic pui pe langa ce ne asteapta 😠 #coronavirus #romania #COVID #staiacasa	1	1	1
Nu mai stiu cand dracu a invatat poporul asta sa urasca in asa hal	1	0	0
@radusmall Dacă tot îți e milă , nu cumperi 1-2 iepurași ? :)	0	0	0
#Coronavirus Alexandru Rafila: În două-trei săptămâni, am putea avea cel puţin 1.000 de cazuri pe zi	0	0	0
@Rara06570402 @Noname__off @rquandt de fapt, nu știu :))	0	0	0
Doctor din Cluj: Degeaba scoatem armata pe strazi daca medicii sunt trimisi la lupta fara arme. Am primit 5 masti	0	0	0
Premiile #RadioRomaniaCultural, acordate in cadrul emisiunii #GPSCultural!	0	0	0
@stiripesurse_ro Da ci jale.. da cata durere!! cu ocazia asta poate se renunta concursul asta care nu mai are legatura cu muzica	0	0	0
Profesorul Virgil Păunescu, șeful catedrei de Imunologie a Universității "Victor Babeș" din Timișoara spune că a descoperit vaccinul împotriva COVID	0	0	0
@93gcfs JUR!! au venit fix aia care spun ca vai Romania e tara de cacat..PAI DACA E TARA DE CACAT CE DRACU CAUTI AICI ACUM	1	1	1
Țiganii nu sărbătoresc Halloweenul, pe ei îi ia cu leșin când văd  mascații!	1	1	2
Industria turismului din România pune sub semnul întrebării măsurile luate de Guvern pentru a susţine economia. Şomajul tehnic este doar un paleativ pentru o industrie muribundă, susţine Nicolae Demetriade, preşedinte ANAT	0	0	0
@AntidotR Vei face și bravo și Simon spune?	0	0	0
Aveți gura plină de sloganuri, atât știți, în rest aveți cap ca să nu vă plouă în gât.	1	1	3
Sincer il inteleg. In izolare poti deveni chiar si un geniu.	0	0	0
Mic dejun preparat în 5 minute: foarte simplu, rapid, gustos și sățios! -	0	0	0
Papa Francisc: ”I-am cerut lui Dumnezeu să oprească epidemia de coronavirus cu mâna Sa. M-am rugat pentru asta”...	0	0	0
@radusmall aicea in Spania e dezastru, e pe urma italiei, si trenuri plin de oameni care se duc la munca.....	0	0	0
Si cum se spune in popor : Dumnezeu nu dă cu paru', iți dă niste coronavirus. Să fie primit ! Amin !	1	0	0
@MarmotaDeCampie M-a ferit Dumnezeu de așa ceva....	0	0	0
@AlexPop76 Mulțumesc, Alex. Revin zilnic cât timp e #StaredeUrgență și anxietate mare în preajmă cu Buletin Pozitiv pt Pacienți Negativi :)	0	0	0
@itskiiraa_ @AwpMid N-am zis ca femeile nu se bucura de sex,zic doar ca dorinta din barbati este mai mare decat a fetelor. Si femeile saliveaza dupa baieti, insa nu suficient	0	0	0
de pulă zdrentaroșii că au votat 3 zile ca să ne pricopsească cu nazistul hot de case traficant și mâncător de copii cruzi cu toți susținătorii statului mafiot și abuzurile sale futu.vă.n gură de #hastagisti #procurorijigodii	1	1	3
@pereca_veca Da, corect. Ma bucur ca le respecți. Și eu fac la fel.	0	0	0
@qwertyoruiopz Asa cum ne am obisnuit 💥Ne ai nenorocit	1	1	1
@itmorar @gadrian84 și amândoo fața.	0	0	0
Fotbal: Procurorii italieni au clasat dosarul în care Mario #Balotelli a fost acuzat de viol	0	0	0
Ciprian Marin, roman stabilit in #Germania, la #Essen: „De la primul anunt facut de #Guvern, s-a stat in casa. Una dintre reguli a fost sa nu se apropie de batrani si oamenii chiar stau departe de ei”	0	0	0
Ludovic Orban: „Asigurăm plata şomajului tehnic din bugetul Ministerului Muncii!”...	0	0	0
@nihasa Am la Orange, cartela, cu 5 euro am primit 155 GB luna asta. A mers la fix.	0	0	0
Autorităţile române cer închiderea primului site de ştiri acuzat de fake news...	0	0	0
Medici, spitale or fi, însă "sistemul" medical românesc e sublim, dar inexistent.	1	0	0
Sambata e soare si vreme buna. Sa defriseze cineva padurile din jurul Bucurestiului pana vineri.	0	0	0
Un producator mic dar care imi place iarasi mult din Provence e Domaine de Mauvan daca ati dat de el pana acum	0	0	0
Mai e vreunul pe aici care nu a numărat boabele din pungile cu orez? Eu vă dau o provocare, numărați grăunțele din pungile cu faină.	0	0	0
@mitrutdocan La ce limba de stramba ai si la ce dume ai o saniti face meseria de minune infecto !!!	1	1	1
@cristinadobre @daco_get Deci Deveselu este în concepția voastră pe teritoriul SUA nu al României de aici și aberațiile rusiei și ale voastre . Voi nu credeți în intențiile Statului Român dar găsiți circumstanțe rusiei agresoare . Halal cetățeni români sunteți . Vă îndoiți de intențiile doar de apărare .	0	0	0
@saint_meria Și ai de gand sa spui toate astea fARA SA POVESTEȘTI VISUL SJSBDKSNDJSAHDNS	0	0	0
@DacianSoros I-au lasat mallurile deschise lu’ finu-su in schimb ;)	0	0	0
@libertatea Ei, dacă s-ar bucura și de tovărășia unui CURVID, chiar 19, ar fi o autoizolare în regulă!	1	1	1
Dacă un infectat a strănutat și a contaminat hârtia cu declarația, o dă polițistului care prin mânușile alea, va contamina toate hârtiile cu care intră în contact.	0	0	0
Nu mai zic faptul ca serviciile te informeaza si ele. Ele stiu foarte bine ce inseamna biowarfare, laboratoare si sunt obilgati sa considere ORICE potential risc si sa atentioneze!	0	0	0
e ce sa intrebi pe twitter cand poti sa dai un google? a, vrei sa ne transmiti ca esti prea cult pt referinta respectiva, a, da, ok, ia la pulă	1	1	1
1000 scări de bloc întră în dezinfecție. Pachete sanitare și alimentare pentru băimăreni. Curățenie „bec” în școli. Amenajarea și dotarea centrului de carantină!	0	0	0
@fromjkwithluv te rog nu i mai da apa la moara lui ruka ca si asa e el prost	1	1	1
Fratelo mai taci dracu din gura ca vreau sa dorm boule	1	1	1
@softlarentss IMI STATEA CA DRACU LAURA ARATAM CA O OMLETA	0	0	0
Gazon mai bun în iunie în Islanda...	0	0	0
@CloneSandman @OvidiuSky nu mă ceartă, că e blocat.	0	0	0
BMW îşi redefineşte prezenţa în segmentul compact cu noile BMW Seria 1 şi Seria 2 Gran Coupé	0	0	0
Mereu mă uimește cât de puțini îl trec. Mă întreb în ce stadiu de depresie ar fi dacă n-ar avea nici acces la tv,net, cărți, jocuri etc.	0	0	0
@BoyWithPlant vei ajunge acasă, trebuie doar să avem răbdare si lucrurile se vor rezolva 🥺❤	0	0	0
@ZoliBara @laurentiu009 @suspaharu Știu pentru că am avut ...2 luni la Marius Nastea...dar pe radiografie așa apare...plămâni i dispar treptat, făceam aproape zilnic radiografii	0	0	0
@BlankGets @ScrapyCoCoTV Sunt treaz de la 7 și nu am ce sa fac în casa plm... Nici nu sunt la mn	0	0	0
Grecii văd că încearcă și așa:	0	0	0
După ce Costache-Polisano a umplut conturile firmelor lui de casă, și-a dat demisia. Case closed.	0	0	0
@RobertEVoicu @keyboardriot Am văzut și mulțumim. Nu eu, mă așteptam la asta. Dar, și eu zic un "merci bien" 😅	0	0	0
Testamentele de Margaret Atwood	0	0	0
@BoamfaAndrei @KlausIohannis Pai ce dracu cauti pa acolo? Si acuma vrei cetateni Romini sa plateasca pentru tine? Nu-ti dau nimic. #SoSorry #LiveWithIt	1	1	1
Ministerul Sănătăţii: Un pacient transferat de la Spitalul Judeţean Suceava la Spitalul de Arşi din Capitală, depistat pozitiv la COVID-19	0	0	0
Coronavirus: Parlamentul European va vota asupra sumei de 37 de miliarde de euro ca răspuns la criză	0	0	0
#GCS: 548 de persoane care nu au respectat autoizolarea - plasate în carantină instituţionalizată	0	0	0
Da măi Tăriceanu, dar cât timp șefii parchetelor și ai judecătorilor sunt cei numiți de nazist împuțit Johnazist hot de case traficant și mâncător de copii cruzi nu se va întâmpla nimic! Eu sunt de dreapta slugoi,sugători de pulă și lingăi de cur Johnazist	1	1	1
Asa se pacaleste armata ac sa iesi din casa  prin @YouTube	0	0	0
@john0peace @emiltoma_av @DacianSoros Și două de moldamin, în aceeași bucă	0	0	0
Ce-i drept este perioada vânturilor.	0	0	0
@GabryIonesc2 @MarmotaDeCampie du-te la biserică, zi o rugăciune, pune o lumânare, ia o muie și îți trece :))))	1	1	1
@6x3Energy @snvppi chapter 2 sez 1 aveam mai multe fps se misca tot mai bine nush ce pula mea s a intamplat probabil de la toate armele noi toate locatiile plm new engine	1	0	0
Dacă un singur om nu are acces la democrația țării sale, democrația nu e întreagă	0	0	0
Ca observ o tendință universală: lăsați dracu băutura și mâncarea, ca va futeți viitorul. Daca nu ar suna sarcastic, sfatul meu ar fi chiar o idee buna.	1	1	3
Vă rog mult să folosiți prezervativul acum în carantină că sigur nu o să am bani să vin în Decembrie la 27 de botezuri.	0	0	0
@DacianSoros Ieși dracu de pe internet cu filmele, ca trebuie sa muncesc de acasă și nu merge remote desktop!	1	1	1
@honeyplumyoongi Da-mi pace ca am crezut ca-i un sfârc la început	0	0	0
Micul Grădinar: „Salvarea noastră vine de la natură". Toneli are toate premisele pentru a susține piața cu produse. Apel ARILOG către autorități -	0	0	0
@gabibulumac nu, s-au suspendat pana la epuizarea stocurilor de faina si fasole din casele romanilor :))))))))))	0	0	0
@sopeprotector nuuu,, se face roz daca esti decolorata	0	0	0
@lalowonde tata incepe sa lucreze si el de acasa de luni....nu o sa mai pot face nici pula in casa asta ca suntem 4 pers non-stop aci innebunesc	0	0	0
@danaionescu65 Inedit TV. E aur, pare-se. Caut mâine emisiunea pe net.	0	0	0
România salvează România - o campanie a Crucii Roșii care deja mobilizează oameni și companii.	0	0	0
FRDS informează că activitatea sa ca Operator de Program continua în parametri normali, întreaga echipă lucrând în scopul implementării în bune condiţii a Programului Dezvoltare locală.	0	0	0
m-a sunat cineva daca vreau Mona, a gasit la 17 lei de 0.5 in ceva magazin de cartier.	0	0	0
Contractele fotbaliştilor şi antrenorilor echipei CSM Poli Iaşi, suspendate pe perioada stării de urgenţă	0	0	0
de ce dracu as risca eu pentru doi-trei batrani care n'au stare pe acasa si vin sa ma intrebe prostii...	1	0	0
@andra_romila Stirile mereu spun numai proati bagati pula in el de televizor propaganda maxima si mult cacat.Lumea este f panicata momentan si nu vor sa i panicheze mult mai mult.	1	1	2
Scriitorul și dizidentul Paul Goma a murit într-un spital din Paris. Era infectat cu coronavirus, susține biografa acestuia	0	0	0
Cum se procedeaza? Sta cineva si cand vrea sa iasa copilul, il impinge cu piciorul inapoi??? 🤪	0	0	0
@sopeprotector dar nu poate sa ii spuna nimeni nimic??? Gen ca nu ii ok. Daca stati acasa nu inseamna ca nu mai dormiti deloc wtf	0	0	0
Deci am înțeles ca s-a intors acasa si selecționata României de Alba-Neagra.	0	0	0
@taetriviagi exact dar suntem pozitionati cam prost lmao tot ce stia lumea de noi e de dracula si atat	0	0	0
mai ai doar amintiri cu tine avand amintiri cu tine 6am eyes snap open si iti stii desfasuratorul desfacatorul si nu mana de la șliț alexa play 2 nectarine si o cola rece sau bujor la pacanele	0	0	0
Extremele meteorologice prognozate pentru urmatoarele 6 zile in #Romania si #USA (Romania and USA #weather extremes)	0	0	0
@denis26_denise @basarab84 In Italia au angajat pe toti medicii si asistentele care terminau facultatea in acest an.  Au data examen de diploma in avans . Au fost angajati cateva mi de doctori ( 5000 daca imi amintesc bine.)	0	0	0
@daco_get Luptau pe dracu, a fost si visul lor, rasa aia mixta creata in mintea lor, era utila pentru munca in slujba elitelor \"ariene\"	0	0	0
@sandu_lupea Sunteți dragut, cu mare drag va doresc o zi linistita si vesela dar nu raspund la provocare.	0	0	0
@marconst Internetul va rezista ..!! Întrebarea este cât va mai fi internetul un mijloc de manipulare ..?? Cred că o dată cu ..curățenia Terrei ..se va curăța și internetul..!!	0	0	0
@alinaispas02 mereu mă sperii când văd română pe twt lol scuze că mă bag	0	0	0
STATISTICA NOASTRĂ CEA DE TOATE ZILELE  via @YouTube	0	0	0
Nu iată de ce nu apare vreo boală pentru acei care fumează? Ca să se lesă toți de treaba asta odată	0	0	0
Protejeaza-te de virusuri si bacterii cu dezinfectantii Medical Confort. Pachete promotionale cu masti cadou	0	0	0
..stăpâne, stăpâne ..ai pățit ceva??	0	0	0
@RFboris Am auzit ca la Lidl iti iau tensiunea	0	0	0
e și timpul ca tata sa înceapă sa facă misto de mine in comentarii LETS GOOO	0	0	0
@piggiebrotha @thezvoner ca sa testeze 3 milioane de oameni le-ar lua 1200 de zile	0	0	0
@x1Iuv poate il aduc pe moonhyun in locul lor tho-	0	0	0
A fi artist înseamnă, într-un sens, a fi ”blestemat”. Artistul, prin propriul consimțământ față de sine, se privează de dreptul la o viață ”obișnuită”.	0	0	0
PAUL GOMA, UCIS DE COVID-19. SCRIITORUL SE AFLA INTERNAT INTR-UN SPITAL ...	0	0	0
Mamaaa, daca nu trece nici la vara, ce dracu ne facem?? Hai cu vaccinul ala odataaaa😡	0	0	0
@lidelsensmening @darthamalek Daca nu stiti ce inseamna cancer,nu vb de aiurea!Cancerul se poate depista inca de la f.usoare...daca se moare,din nepasarea sau neinformareacelui bolnav,alegerea sa!Nu exista vaccin,dar se poate trata!Da,se moare de cancer pt ca oamenii merg pe ideea"mie nu mi se poate intampla"	0	0	0
"Tot de la trafic? Tot de la masini? Pana cand isi bate joc de sanatatea noastra si asa subreda si incoltita de #COVID19 mizeria aia de Minister al Mediului, Garda de Mediu si cine pula mea mai e responsabil p'acolo pe bani multi ca dupa aia sa ne futa tot nou o taxa OXYGEN?	1	1	3
@CloneSandman @roxidh Ete na! Ce dracu aveti bre' cu orientarea asta #destanga socialista, toti, dintr'o data?	1	1	2
222 de cazuri de coronavirus în România.	0	0	0
Chiar şi Mercur ar fi dispus odinioară de ingrediente necesare apariţiei vieţii	0	0	0
Nu oferim oamenilor ceea ce merita.	0	0	0
@razvan_chiruta Deocamdată statul român  ii este dator,prostule care esti tu prost si un mare nenorocit mancator de kkt!	1	1	1
@SirghieCristina Pensia este un drept castigat, pensionarul este un creditor care-si recupereaza esalonat, in transe mult subevaluate, banii de la statul debitor.	0	0	0
IN PULA MEA YIBO TU SI VOCEA TA MA DAU CU CAPUL DE MASA	1	1	1
@cherryspicenat Vrei să ne cunoastem si noi mai bine	0	0	0
@daco_get @stefancrisan @cristinadobre Nu e numai polio, sunt o multime de altele si acestea nu sunt exceptii... Pe vremea mea ne vaccinau la școală, fără să ceara voie nimanui si bine a fost. De pildă BCG. Actualmente a reaparut tuberculoza.	0	0	0
Nefiind nevoit să mă trezesc dimineaţa, citesc noaptea. De fapt, nu pot să adorm fără să citesc.	0	0	0
@i0n1ca @MaricaPuiu @piticu21  pe asta îl mai găsesc doar	0	0	0
Du-te dracu la spital că nu te taie	1	1	1
Doar printr-o declarație pepropria răspundere mai poate fi oprit!	0	0	0
Multumesc Werner! Multumesc si prefectului LIBERAL! Am glumit,vroiam sa va zic SA VA IA DRACU JAVRELOR!	1	1	2
Ca să-ţi spun cine ești.*	0	0	0
@monalisten @Iovenamjoons @yoonohwantsmilk să-mi bag pula în fandom-ul tău	1	1	1
Coronavirus. Mesajul președintelui Klaus Iohannis pentru români: Ne aflăm în plin război pentru păstrarea sănătății omenirii...	0	0	0
Paul Goma - foarte bolnav era din 2015!!! Restul e minciuna necesară #COVID19.	0	0	0
Încă o dată vă spun, și mă scuzați dacă vă supăr, dar TREBUIE SĂ ÎNȚELEGEȚI! STAȚI ACASĂ în pula mea! STAȚI ACASĂ!	1	1	2
@MarmotaDeCampie Suna ca o întrebare la radio Erevan, fără răspuns :-)	0	0	0
Mă duc la cumpărături. Mi-am făcut și declarație ppr. Wish me luck.	0	0	0
@keyboardriot @adigoldi67 Îți faci armură de cupru.	0	0	0
găoază “ te prinzi Fănică !!! “ - ce domne ? .	0	0	0
Să știți cine ne-a îmbolnăvit ...restul e can-can!	0	0	0
CORONAVIRUS | O altă zi neagră în Italia: Peste 680 decese, în ultimele 24 de ore	0	0	0
@MarmotaDeCampie O spui cu mirare.	0	0	0
După ce trece toată nebunia asta  cu virusul pluii, se mai spală cineva pe mâini ?	1	1	3
@translationwork yeah, dute in pula mea cu spamul tau	1	1	1
@veronicaelena20 Mersi, o sa încerc.	0	0	0
Se pare că, Autoritățile ar fi fost informate de magnitudinea epidemiei, încă de la jumătatea lunii Ianuarie, și că cel mai probabil aceasta va evolua în pandemie. Cel puțin asta demonstrează un document intern al@miniaterului sănătății, datat atunci	0	0	0
@ZoliBara îi dă cu apă cu clor de o săptămână. dar pe străzi	0	0	0
@MagnusCarlsen sa te fut in gat ba sclavule bagameasi pula in ma ta si in jocu tau	1	1	1
Standardele armonizate revizuite se referă la dispozitive critice în lupta cu noul coronavirus, precum măști medicale pentru față, câmpuri operatorii, halate și costume, dispozitive de spălare şi dezinfectare şi la sterilizare #COVID19 #EuropeanUnion	0	0	0
@suspaharu Idioți? De ce? Ca pierd ultimul episod din how to fuck my mama de pe pornhub sa fie culți? Sau ca nu au profil pe Tinder? Rugăciunea a vindecat mai multe boli decât masturbarea în mașina fratele meu 😊	0	0	0
Voi pregatirati declaratiile pentru maine? Mi se pare de aur ca politia iti cere tie si altor 1000 toate documentele cu aceleasi manusi din ce am auzit. Daca aveti nevoie, sa imi spuneti, am un pachet intreg!	0	0	0
Și IOHANNIS a vorbit despre amânarea plății RATELOR la bănci. Totul se va afla mâine	0	0	0
Parlamentul European să-a amânat sesiunile plenare de patru zile cel puţin până în luna septembrie a acestui an; legislativul european va organiza minisesiuni plenare, la Bruxelles, cu o durată redusă pe 13-14 mai, 17-18 iunie şi 8-9 iulie #EuropeanParliament #COVID19	0	0	0
Folosita ca mormânt faraonului Keops, marea piramida a fost făcută din milioane de blocuri de piatra	0	0	0
Poate ajung sa dau in judecata statul Roman pentru raul pricinuit, in nici o tara civilizata nu se intampla sa ceva.	0	0	0
continuand , vreau sa l pup pe nasuc si sa l tin de mana si sa l iau in brate in pula mea nu mai rezist	0	0	0
cârpe de mers cu capra de anul nou	0	0	0
@denis26_denise 3 luni asa s-a spus, da,in acelasi timp, acelesi voci(autorizate sa zicem) au zis"sa nu credeti ca scapam in vara" adica iulie -august. Crede cineva ca poti restrictiona/limita pt iesiri (aer liber,parcuri, etc ..)TOTI romanii,perioada (martie-aug.)?	0	0	0
faptul ca incepem cursurile online ma nelinistete teribil	0	0	0
Toți locuitorii Bucureștiului ar putea fi testați #StaiAcasă si informea...  via @YouTube	0	0	0
Rugaciunea mintii si Parintele duhovnicesc	0	0	0
@denis26_denise Ar fi bine să intre armata pe străzi să îndemne oamenii să stea în case nu să plimbe hai hui...	0	0	0
"s-ar putea să am nevoie de o perioadă de singurătate, până când distanța dintre noi îmi va permite să-mi imaginez lumi fără ca tu să apari în mod automat în ele"	0	0	0
nu pot sa cred ca m am uitat la serialul gresit 🤡	0	0	0
@RobertCPhenom o să le blochez eu pe astea, oricum. Adică mature? Măcar de era un videochat normal, să ajutăm economia.	0	0	0
@cosmin_roman_ Eh, sa vedem partea plină a paharului: uleiul e hidratant! La cat ne'o " trage" viața, in timpurile astea, chiar avem nevoie ceva " emolient"..	0	0	0
All England Club, va lua o decizie săptămâna viitoare privind soarta turneului Wimbledon 2020	0	0	0
@basarab84 Asa frate hai cu cenzura.Cenzura gandului,opiniilor.Doamne Fereste!	0	0	0
Un pacient confirmat pozitiv cu coronavirus a fost scos din secția de ATI a Spit. de Urgență Piatra-Neamț,pentru a fi trimis la Iași.Medicii l-au scos fără izoletă,fără nicio măsură de protecție,bărbatul fiind lăsat în frig cu o simplă pătură pe el,legată cu bandă adezivă .	0	0	0
@ACplusD @DanBarnaUSR Ce dracu ai făcut tu la alegeri!? Pe cine ai votat aia ai primit! Totdeauna ncepe totul cu tine!"	0	0	0
@ZiarecomPolitic Ai dracu,despre scumpele banci nicio vorba.S-a propus amanarea platii creditelor.Nicio vorba despre asta,slugilor!?!	0	0	0
@miroh_mv Imagineaza-ti daca strainii ar crede ca injuraturile noastre s ar referi chiar la ce spun traducerile lol	0	0	0
Cristina Stănciulescu: Ce fac vedetele zilele acestea #Bizromania	0	0	0
Ieri zicea ca vor fi testați TOTI bucureștenii și azi își da demisia. #dezastru	0	0	0
Stai să îi vezi atunci cum isi amintesc cu melancolie de cand era rusia dusmanu nr 1	0	0	0
#StaiAcasa: Răzvan Ursuleanu lupta cu umor impotriva #COVID-19 :)	0	0	0
@expresmedia_ro Asta mai lipsea sa decideti voi ce dracu facem in curtea noastra ? Voi sunteti normali ?	0	0	0
Voi ati observat ca numai bărbații și femeile iau coronavirusul? Dar celelalte genuri unde sunt? Chiar nu s-a îmbolnăvit nici un altul pana acum?	0	0	0
S-a întors din Italia, dar refuză autoizolarea la domiciliu. Cum a fost surprinsă mama Danielei Crudu în Capitală...	0	0	0
Sunt curioasă cât îi ia lui Nelu Tătaru să ajungă de la Suceava la București👀	0	0	0
@RFboris @gusteru Maria este o printesa nu un inger...	0	0	0
@tyongsfrog NUSH L-A ADUS TATA VREAU SA PLECE CE PULA MEA FACE AICI	0	0	0
Inevitabil  va fi bine  prin @wordpressdotcom	0	0	0
@Camelia30_0 Ma mai uit la călărie... Nu prea înțeleg cum e cu săritul și punctajul 🤪 nici nu știu exact cum se numește sportul asta 🙄	0	0	0
@ailel4 „Aici găsiți manualele după care s-a învățat înainte de 1989” și din care nu s-a-nvățat nicio vită din Ministerul învățământului să tragă învățăminte. Vin mereu cu chestii idiot-manipulative și cu găselnițe nepractice, nerealiste și neinspirate. Vârâți porcii-napoi în cocină!!!	0	0	0
#Coronavirus: Papa Francisc a condus rugăciunea universală ''Tatăl Nostru'' ca metodă de combatere a pandemiei	0	0	0
Nelu Tătaru, secretar de stat în Ministerul Sănătății, măsuri pentru prevenirea transmiterii accelerate a noului coronavirus....	0	0	0
@Digi24_HD Tara arde si capra vecinului...	0	0	0
Mentalitate de militian prost. 99% dintre ei asa gindesc: sa minta, sa insele, sa fure si sa ia salariu + pensie. Al dracu, n-ar fi lasat locul liber pt un tinar!	1	1	1
In acest episod, iti arat cum fac transferul (site-ului despre coronavirus) de pe serverul local, pe serverul "de productie". Take a look :).	0	0	0
Bagamiaș pula n-o să găsiți români în rulonte la Roma 🎶🎶	1	0	0
DECÂND CU CORONAVIRUS NU AM MAI SUPT NICI O PULA MIE DOR SĂ SUG PULA SÂNT MUISTĂ NUMĂRUL 1	1	1	3
@jkinthesky Ce dracu, cum sa aibă 15????? Gen??	0	0	0
@ArmandEpurescu Nu vreau sa mai am de a face cu cineva care se injoseste asa mult dupa cineva? Daca era sa ai ceva cu ea intelegeam. La tine acum ce se intampla e o prostie, ti-a mancat in pula mea creierii	1	1	1
Nu există armă perfectă, funcție de tactica adoptată e mai bun un coș sau altul	0	0	0
@sopeprotector Nu sunt Namjoon, dar am făcut psihologie 😳 ce trebuie să faci?	0	0	0
Ai dracu' imbecili părerologi! Aveți gura plină de sloganuri, atât știți, în rest aveți cap ca să nu vă plouă în gât.	1	1	2
@MarNicho Ați spus! Dar asta nu mă împiedică să vă urez o izolare utilă, plăcută, cu multă sănătate la final	0	0	0
Sunt verzi toti senzorii de poluare de zici ca-s defecti. Deci sper ca am lamurit-o pt totdeauna ca traficul fute aerul.	0	0	0
@n0chuni sunt o steluta de fata	0	0	0
Despre certificatele de situații de urgență, emise de Ministerul Economiei	0	0	0
"Poate sa taca dracu mihai odata ca nu se intelege nimic din ce zic concurentii ca se da el destept... sincer #RomaniiAuTalent	1	1	1
Care parte din 'stati dracu'acasa' nu inteleg mosii si babele din orasul asta?! 🙄 E plin orasul de ei. S-au gandit oare ca e timpul perfect sa aiba autobuzul gol pt ei sa aiba loc jos?	1	1	2
Avem nevoie de google... mai cauti una-alta...	0	0	0
Acum 30 de ani, la 26 martie 1990, se înființa Serviciul Român de Informații (SRI)	0	0	0
@skatecat_147 @roxidh Are respect față de lege și spirit civic gagiul! 😁😁😁	0	0	0
A fost dat Ordinul administrativ de începere a lucrărilor la terminalul de pasageri, al Aeroportului Internaţional Braşov – Ghimbav	0	0	0
@libertatea Vaaai ce răzbunare i-aș fute ăstuia, de să nu poate sta pe spate trei săptămâni...	1	1	3
Băi, la unii bate moartea la ușă și pe unii îi fute grija că nu mai au clineți. Pe bune?	1	1	3
Ai zice că de carantină ar fi mai puține mașini pe stradă și șoferii ar avea timp să meargă mai încet și să respecte regulile de circulație. Ai zice.	0	0	0
@ECiocu Chiar daca e o glumă, mi se întâmplă la fel, dintr-odată îmi șterg lacrimile de pe fața, nici măcar nu îmi dau seama că plâng din orice. Probabil nu plâng, dar îmi curg lacrimile toată ziua. Cred că incertitudinea e cauza.	0	0	0
@JIKOOK1236 Da, te cred, mai ales că la noi încă nu e luată în serios toată situația asta. Azi bunica mea a auzit o babă spunând că sunt numai minciuni de manipulat populația, că nu există niciun virus. 😂😂 Deci mor, mă, cu ai noștri, mor! Suntem un popor vai steaua lui.	0	0	0
@Costindte @keyboardriot @ZoliBara @Sorin_Patiu @itmorar Altă treabă.	0	0	0
"De ce minți, mă? De ce? - ⁦@KlausIohannis⁩ #mincinos #stupid #zevzec #nenorocit	0	0	0
Insa atentie asta cu simularea facuta de China e reala nu info, Wuhan,unde corona apare. Plus data apropiata (sept) de dec. 2019,chiar pentru novel coronavirus,nu exista asa ceva!adica din 1000 virusi,fix asta l-au ales!	0	0	0
Rezumând: pe americani ii înjură toți din orice poziție, germanii le-o trag tuturor din fruntea UE la prima rafala de virus, China ne-a blagoslovit cu beleaua, mai, mai să cred că vine Putin și ne salvează pe toți. Când s-a transformat Europa in așa păun cu coada pe sus?	0	0	0
@petria In calitate de sluga a imperiului yankee Romania nu are o politica externa proprie unui stat suveran.	0	0	0
Renunț greu, dar și când o fac, v-ați dus dracu'	0	0	0
SANA TREZESTE TE IN PULA MEA ACUM	0	0	0
pula ei de carantina VREAU SA MA VOPSESC O CULOARE LA INTAMPLARE DIN IMPULS	0	0	0
Vântul schimbării, al primăverii, al speranței, care ca și sămânța, moare  pentru a rodi.	0	0	0
Hello! Pe  găsiți videoclipul în care vă arăt cum mă vopsesc, rezultatul final și parerea mea despre Gliss Color cu acid hialuronic 😉.	0	0	0
@Cristin57579223 Imperiul britanic modern este imun ..!! UK ,a rezolvat cu imigranții cu Brexitul , de Covid 19 nu au nevoie , poate așa doar prin Daily Mail și The Sun , vreo bârfă de la Palat , vreo escapadă de prințesă . In rest omenirea nu are nimic ,se reașează lucrurile	0	0	0
@mokcris Reapariția ei e întrebarea principala. O iei de la început cu carantina?	0	0	0
@foreverrainmyg IN PULA MEA AI MANCAT PIZZA CU PORUMB ASA CA NU MAI COMENTA DATA VIITOARE CAND VII ITI FAC PIZZA CU MAZARE SA MOR	0	0	0
@David77692706 Seară liniștită David!	0	0	0
Virusul a monopolizat discutii,atentia,da,gresit. Cand  datorita acestui V unii iti schimba VIATA asa din mers,iar altii mor,sa vb. de floricele pe campii	0	0	0
Tocmai de aceea, te invit sa discutam mai multe, ce zici?	0	0	0
@KennyaMistress @clips4sale Ador sa fiu futut cu straponul si sa sug pula in acelaș timp	1	1	1
Efectiv nu pot sa ma calmez si am creierul varza ma pun pe plans din 5 in 5 minute ce dracu e inneregula cu mine	0	0	0
@itmorar Mie îmi place expresia aia de anii '50: Zădărnicirea combaterii bolilor 😀	0	0	0
Mi-am făcut testul duminică seara, după ce am avut o serie de evenimente, ședințe, comandamente. Ma doare spatele de cand s-a urcat Basescu in elicopter si m-a folosit pe post de scara.	0	0	0
Atunci când fura conturi, ei nu se gândesc ca poate acea persoana și a depus tot efortul pentru a avea acel cont? Și au irosit zile și timp în care puteau face alte lucruri. Oare lor le-ar plăcea sa aibă un cont apreciat iar apoi cineva sa i-l ia? Nu prea cred!	0	0	0
@RobertEVoicu Mergem din ușă în ușă si care nu are ii dam noi	0	0	0
@majestatea @itmorar Stiati ca asta nu e o scuza pentru a amana declararea starii de urgenta?	0	0	0
Urmeaza o criza cum nu am prins pana acum, ce faceti voi ca banca reponsabila pentru clientii vostrii?	0	0	0
Prin pedalare în vacuum se consumă energie şi se tonifică musculatura picioarelor, feselor și abdomenului.	0	0	0
Coronavirus. Experimentul care a salvat un orășel din Nordul Italiei. Nu a mai raportat niciun caz nou de COVID-19...	0	0	0
Cum să fiu atent la cursuri astea online când parinții mei mă strigă din sufragerie de 35829 ori pe zi..	0	0	0
@JeanTheo14 Nu doar la turci. :) Numai că la noi e considerată (încă) fiță, nu necesitate.	0	0	0
Sper ca isteria politică, îmboldită-n cur de realitățile obiective ale economiei, să nu țină mult.	0	0	0
@mika_stef Era de ieri.	0	0	0
Peste 1.000 de morți și aproximativ 70.000 de cazuri de infectare cu coronavirus în SUA	0	0	0
De ce se înfig sticlele de plastic în grădină?! -	0	0	0
Semnat: toți spărgătorii de case pedofili	0	0	0
@denis26_denise Ar trebui impus ca obligatie si dezinfectarea, sau schimbarea lor ... te protejeaza pe tine, dar pe altii nu :) In rest da ... batani peste tot ..	0	0	0
Digi24: Franța. Primul pacient cu coronavirus dă în judecată Guvernul pentru că nu a fost internat pe motiv că nu sunt paturi în spitale.	0	0	0
@yoon2seoksie__ 😭😭😭😭😭 ce dracu mai ii și asta	0	0	0
Mi am luat call of duty si 4 tipi m au intrebat daca vreau sa ne jucam împreună mai pe seara =)))))	0	0	0
@liviumihai 1000, probabil. Ce, s-a terminat PNL-ul?	0	0	0
@BIGREDM00928416 Cred ca ești nebun omule	0	0	0
RYANAIR retine la sol peste 90% din flota pentru următoarele 2 luni. Vor fi operate zboruri esențiale. @airlinestravel	0	0	0
Însămânțarea la timp a întregii suprafețe a țării. Pentru aceasta trebuie asigurate inputurile;Pornirea urgentă a sistemelor de irigații și continuarea investițiilor	0	0	0
@ingerisidemoni @SirGolan @cosmin_roman_ Au vrut spitale, nu catedrale. Nah, că acum Dumnezeu dă folos spitalelor. La referendum, progresistii au zis că să stăm acasă. Iaca, și asta li s-a împlinit. Stăm acasă. Aveți grijă ce mai doriți. S-ar putea să se împlinească.	0	0	0
@denis26_denise Eu gătesc!Sunt fiarta după gatit🙄🙄🙄!	0	0	0
Cine vine acasă la mine la o cafea?	0	0	0
Nu ti se pare ca suntem deja acolo?	0	0	0
Ce plante putem folosi împotriva pandemiei de Coronavirus -	0	0	0
@DacianSoros O mica răbufnire a vremi zici a naiba ca vrea sa dea o mana de ajutor covidului😁	0	0	0
Daca n ati vazut shit posting pana acu nu ezitati sa dati scroll pe acest gunoi	0	0	0
@octavpelin Ai fost un dobitoc	0	0	0
Într-o societate aflată la un moment de cumpănă, cei ce adoptă politica struțului nu mai au un viitor de referință pentru aceia care anterior i-au prețuit.	0	0	0
@keyboardriot @mihairotar E normal să fie așa, altfel nu te înțelegi cu românu'	0	0	0
@MarmotaDeCampie @itmorar Vezi ca iti da ban rapid, orice opinie diferita de a lui, e impotriva lui ... meteahna securista. :))	0	0	0
Actorii din serialul VLAD arată ce desenează alături de copiii lor -	0	0	0
Simt că sunt important pentru nimeni. Să nu aibă prieteni.	0	0	0
Președintele CJ Iași, către guvernanți: „Nu transformați Iașul și Moldova în Lombardia României!”	0	0	0
V-am zis că Analistul afiliat de renume intergalatic e în extaz?	0	0	0
Te-aș iubi dar ai nevastă 🎶	0	0	0
@JustMe07661019 acolo apare numărul de cazuri confirmate. nu și numărul celor testate din care a rezultat acesta.	0	0	0
@StephT24191139 Facem pe cv cisco meetings sau cum pula n am auzit in viata mea si merge ca un cacat nu inteleg	0	0	0
Era un studiu mai demulty, cum ca astia micii o sa ceva drept adevar absolut doar pt ca e pe net.	0	0	0
@w_lemn @Carlos_Sacalul Mănânci litere, formezi fraza greșit, nu cunoști înțelesul unor cuvinte comune, nu poți lua acum un examen de capacitate la limba română dar te crezi în stare să-i înveți pe alții? Evident, tipic sputnik! Da, vreau o țară ca afară, dar așa cum tu nu ai văzut sau visat niciodată!	0	0	0
OBSERVATOR CULTURAL / Bedros Horasangian : Bunavestirea fără Paul Goma	0	0	0
Cum imporți parolele din Google Chrome în Safari	0	0	0
@AntidotR @FortniteGame Normal, jocu nu mai e distractiv deloc, update urile nici update uri nu mai sunt iar de comunitate si de jucatori pot sa zic un singur cuvant: CANCER	0	0	0
Ciolacu: Am facut o conexiune intre cele doua Camere pentru ca proiectele noastre sa fie votate in 10 zile	0	0	0
@anitamassey86 We need that now. Felicitări	0	0	0
@ZiarecomPolitic E normal că acest proiect de lege - respectiv acapararea de noi privilegii pentru aleșii noștri - să intre în Parlament în procedură de urgență, pentru că, atunci când viața însăși le este amenințată, să aibă și ei bani, acolo, de un cavou în marmură, poleit cu aur, ca noi toți.	0	0	0
am inceput sa am reclame pe insta la capsuni in ciocolata si la frufru. creepy	0	0	0
Pacientii din Italia, ajutati sa respire cu masti de la Decathlon	0	0	0
@yasinozbek_ Nu știu dacă pot urmări dar as aprecia sa fie o bomba drăguță ca de rele avem parte și cum suntem închiși toți în case dacă poți Yasin trimite-ne niște raze de soare niște porumbei frumoși CanDem 💖🥰💕de bine și fericire! Mulțumesc! ❤️ ❤️ ❤️ ❤️	0	0	0
@ovidiu_olaru Ceea ce spui tu acum, am citit eu ieri pe pagina unui prieten de pe fb...	0	0	0
Flutur, despre vinovatiile de la Suceava: Eu nu am luat la restaurant acest virus, am constiinta impacata	0	0	0
@alexbadea9 Lombardiiiiaa :)) daca e asa grav cum se caca astia pe ei proviziile tale pe 2 luni o sa fie fix pula.	1	1	1
@denis26_denise Numai bem numai mâncăm în oraș asta e oricum pe la mine nix șansa la vară când o începe sezonul estival !	0	0	0
de ce să dai banii pe droguri când e mai simplu să te ridici brusc din pat și să vezi steluțe?	0	0	0
MApN: Rolul Armatei, după emiterea Ordonanţei militare 3, e de a completa efortul instituţiilor din Sistemul de apărare	0	0	0
Regasiti modelul acesteia aici	0	0	0
e pulă împreună cu zdrentaroșii diasporei pnl.isti usr.isti pmp.isti gunoi de dreapta sugaciule cu mă.ta și toți trogloditii #hastagisti #rezist 🖕 🤮	0	0	0
@zoso S-au inmultit acum...digitale	0	0	0
Pe pozele anterioare demonstrez Chelia cu gratii	0	0	0
Cum aș putea să sesizez autorităților persoane venite din țări afectate de coronavirus?	0	0	0
@bogliviu :))) mort nu era oricum, și dacă făcea corona n-avea nici pe dracu, nu vezi că ăștia bazații fac toți mild symptoms :)))	0	0	0
Idei creative pentru realizarea unor elemente de separare în încăperi	0	0	0
O decizie de 💩.	0	0	0
Patriotii care pe unde or fi la noi sau aiurea,ii numeri pe degetele de la maini. Si cam atat.Beleaua e ca astia care sunt la noi in capu’ trebii n-au invatat nimic de la smecherii din vest. Ca sa traiasca boieru’ bine,trebuie ca si sluga sa n-o duca rau.Asta ede fapt toata filoz	0	0	0
O cheltuială imensă, o disponibilizare enormă de resurse și de logistică, imposibil de făcut asta.	0	0	0
@EKirkopoulou Bună seara! pe la voi cum este situația covid19? este bună?	0	0	0
@itmorar Cine dracu' mai e și pocnitoarea asta?	1	1	1
@AndreiCismaru @SofiaCovaci Exact. Dar, tot Orban era cel care îi lua apărarea acum ceva vreme....te doare minte	0	0	0
Alta intiativa frumoasa. Ia sa vedem ce mai gasim 📲	0	0	0
Nu stai închis în casă? Ești luat la bătaie cu bâta!	0	0	0
@PleuAlexandru4 @basarab84 Prostu' și-a făcut treaba: a împărțit contracte bănoase la firmele lui de casă. 💰💰💰👎👎👎	1	1	1
@ipostaze Și eu la fel. Smart	0	0	0
@qwertyoruiopz Asa cum ne am obisnuit 💥Ne ai nenorocit	0	0	0
@alexgurdila Hz da eu totuși nu înțeleg cum plm nici o lună de stat acasă și deja fără bani... Și asta după un deceniu de economie în ascensiune. Eibogu nu înțeleg.	0	0	0
@i0n1ca @AntiJavre Pai eu ce zic?! #dedreapta pana la capat si dincolo de #muie! 😅	1	1	2
@subiectiv @zoso Mi-am pus semne de intrebare de unde pana unde cu armata pe strazi?!	0	0	0
#Oficial: Inca un deces la Spitalul Clinic Județean de Urgență Suceava	0	0	0
@CloneSandman @RobertEVoicu Erau mai multe. O parte din cele de pe TAB si TR-uri. Inclusiv inlocuitoarea lui R105 era facuta in colaborare sarbii.	0	0	0
#staiîncasă la Bulevardul Bucuresti Ploiesti	0	0	0
Super ideea celor de la @orangeromania 👏🏻👏🏻👏🏻 Mă surprindeți mereu cu inițiativele voastre. Bravo! #stămacasă	0	0	0
păcat că nu există nici măcar o minimă notorietate pentru profesia asta, darămite vreun dram de apreciere.	0	0	0
@_andra______ Am de obicei planuri din astea foarte detaliate si s chiar foarte bune :)	0	0	0
@AndreiCismaru In Coreea de Nord fake News-ul și specula sunt lăsate libere, deși ilegale, in diferite susținerii regimului Kim.	0	0	0
Cele mai sincere ființe, iubesc necondiționat...! ❤️	0	0	0
De dimineață, un mic dejun sănătos: pâine cu gem (pâinea în exces dăunează dar o felie două pe zi este perfect) un pahar de lapte sau un ceai, iar dacă nu ești de partea alimentelor dulci și un sandwich este bun :)	0	0	0
CINE PLM SUNT VULPITA SI VIOREL CA NU II MAI SUPORT DRACU	1	1	2
@alinagorghiu Da, sunt de acord cu găsirea unei soluții in vederea combaterii nerespectării prevederilor legislației actuale, chiar dacă se înăspresc pedepsele!	0	0	0
@ingerisidemoni il fute p-asta grija de Romania... pișat să fie, ca sete are!	0	0	0
@basarab84 Au primit si de la OMS.	0	0	0
@ICostelian De obicei eu sunt cel care nu se prinde la glumele celorlalti. Imi cer iertare, e clar ca trebuie sa #stamacasa cu toții.	0	0	0
#coronavirus în România LIVE UPDATE: 1029 de cazuri de infectare cu coronavirus depistate în total în ţară, din care 123 în ultimele 24 de ore / 17 oameni au murit	0	0	0
În schimb, medicii sunt internaţi pe un palier cu o singură baie comună, fără duş.	1	1	2
Am prototipat o vizieră de protecție a feței pentru medici a cărei durată de fabricare este foarte mică și din materiale care sunt ușor de procurat.	0	0	0
Bună seara prieteni! Vă vreau în siguranță... Dumnezeu să aibă grijă de noi toți! Să stați acasă și vom reuși împreună...😭😭😭🙏❤❤❤❤🏕🏕🏕🏕🏕🏕🏕🏕🏕🏕🏕🏕	0	0	0
Comisarul UE Thierry Breton numește pandemia “o criză care nu cunoaște frontierele”, dar tocmai europenii izolați nu pot vedea  pe fereastră decât granițele.China profită de această slăbiciune.	0	0	0
@Trevizes Dati-l dracu de idiotul naibii! Are alte interese...	1	1	2
Pe la jumătatea lunii aprilie vom avea un prim vârf epidemic	0	0	0
“dai cu rugaciunea in mine”	0	0	0
Toți bucureștenii vor fi testați pentru COVID-19. Mergem din ușă în ușă – spune ministrul Sănătății la PROTV	0	0	0
Grupări infracţionale inundă pieţele cu pretinse remedii contra noului #coronavirus, avertizează Europol	0	0	0
Nelu Tătaru este considerat unul dintre cei mai titraţi chirurgi din Vaslui.	0	0	0
@Digi24_HD Bai digi ia mai zi si cati pula mea s-au vindecat ca sunteti la fel de alarmisti ca si cacatii aia de la antena 3,ia mai megeti in pula mea.	1	1	2
L-am văzut de multe ori că intra și la familia Germaniei și a Franței. Pe mine,Romania, doar mă salută când mă vede pe la stradă și rar mă întreabă ce mai fac.	0	0	0
@sopeprotector iti pierzi telefonul sau laptop-ul say pe orice are de gand sa sune	0	0	0
@SatanaTweets Codrine fa dracu si tu sambata cu Satana in mortii mei	1	1	1
Mi-a zis că e foarte ok. Nu e răcit deloc.	0	0	0
ba nici acum n-am terminat-o cu vulpița și viorel??	1	1	2
@Adevarul O găsit pe dracu și idiotul ăsta!	1	1	2
@matilda_teodora Ce bine ca nu sunt mai mulți. Azi dimineața erau 158 și acum încă 10 in plus deci e foarte bine după mine	0	0	0
Pe surse, Ludovic Orban i-a cerut demisia ministrului costache ptr proasta gestionare a situației, în special în zona spitalelor....	0	0	0
Universitatea de Vest din Timisoara va gazdui, in 2021, cea mai mare conferinta europeana in domeniul asigurarii calitatii invatamantului universitar	0	0	0
Vârful aisbergului: sunt activităţile umane la originea unor boli infecţioase precum Covid-19?...	0	0	0
@alexandradb13 pentru că Jisung e e-boy și nu ar purta :)	0	0	0
Depunerea declarațiilor fiscale se amână cu o lună, până în 25 aprilie 2020...	0	0	0
@MarmotaDeCampie Se va întîmpla la fel ca și cu SARS care tot o tulpina de Corona este. Sau se mutează și devine și mai agresiv sau este asimilat de corp precum Influenza A( aka N1H1) sau Influenza B.	0	0	0
@itmorar Pai tocmai au decriminalizat răspândirea conștientă de HIV in California. Noi nu urmam trendul?	0	0	0
#Omnicredit a deschis „camera de gardă pentru afacerile mici”	0	0	0
"Nuțule am citit ditamai omul în pământ și fosrte tânăr , am citit că te durea la pulă de înmormântarea sa .  dacă era cu mine nu pe internet nu murea	0	0	0
@Adevarul În sfârșit a-ți înțeles cum se fac testele.	0	0	0
Citu sau betivanul somer ajuns premier Orban.	1	1	1
@kaza_shka nu cred că ai șanse, sorry	0	0	0
Cercetătorii germani au anunţat că pandemia de coronavirus va dura 2 ani! Ce au spus despre numărul persoanelor infectate cu COVID-19...	0	0	0
O crimă pe care viața nu o observă, deoarece acesteia nu-i pasă, ea curge, ea este.	0	0	0
Sunteti pe maini bune! Spalate. Sau nu	0	0	0
Și la orice comanda am si o mica surpriză pentru tine.	0	0	0
@DacoRex @denise_denis26 @Vasile55502205 Pune mana pe o carte de istorie inainte sa vorbesti fara sa ai nici cel mai mic habar despre ce plm vorbesti.	1	1	1
Pentru cei născuți după revoluție! :Veți afla în sfârșit, ce înseamnă petrecerile în sufragerie! 😊	0	0	0
@puttycat Bingo! Cum era zicerea aia cu “cine numara ...”?	0	0	0
Se modifică condiţiile de acordare a concediului medical în perioada stării de urgenţă -	0	0	0
@denis26_denise @SanduGeorgeCla1 Pai eu din ce înțeleg la domiciliu sunt cei care prezintă un mic risc veniți din zone afectate nu foarte grav etc, iar cei în carantină ar trebui sa fie "contactați" care prezintă risc ridicat, zone roșii sau interacțiune cu cazuri confirmate.	0	0	0
Guvernul a stabilit modul de acordare și de plată a zilelor libere pentru supravegherea copiilor, în situația închiderii temporare a unităților de învățământ...	0	0	0
Newsfeed-ul FB s-a transformat peste noapte în necrolog și abia începem. Orice postare despre prezent mă deprimă, orice postare despre altceva mi se pare obscenă. Dar vreau să postez despre altceva.	0	0	0
Ma unii oameni de-a dracu sa te încerce doar pt ca sunt ei mizerabili trebuie sa le distrugă viața și altora	1	0	0
@EASPORTSFIFA stfig ca nu merge sbc pe mobile cu totw dracu sa ma ia	1	1	2
Moldovenii nu sunt de acord să se tragă acum linie în Liga 1: „Ar fi nedrept!”...	0	0	0
e când plm orice site penal se numește platformă. Sau, poate că se referă la vreo platformă d-aia pt luat mașina după accident.	0	0	0
Dar sunt proștii absoluți. Ăia români. Aia care spun că totul e făcut ca să ne fută pe noi.	1	1	2
Mitralieră - rămas bun nu mi-am luat de la nimeni, doar la revedere. Urmatorul comenteaza cu AS.	0	0	0
Nu ai revelatii si cu Mu-Iohannis si cu sase case jefuite si copii vanduti de care nu mai stie nimeni nimic?	0	0	0
Si Dumnezeu a zis : va dau ninsoare sa stati in plm in case caci prosti mai mari ca voi nu am vazut !	1	1	3
@teniescu @puttycat @nwradu Du-te mă-n pula mea de prostovan.	1	1	1
Lupu Corvin: Ultima versiune primită de mine	0	0	0
Introducerea unei distincții arbitrare în tratamentul cetățen ac țări în funcț de vîrstă este tipică reg fasciste,care făceau asemenea distincții în funcț de etnie,rasă, orientare sex etc.Noi,bătrînii sîntem evreii, negrii,homosexualii reg ,Joha,care se pretinde unul democratic.	1	1	2
@Victor_Ponta Mai oameni buni cum dracu acceptați ca acest clovn sa va cheltuiască banii?	0	0	0
@itmorar Si in Belgia aceiasi poveste, daca esti prost si muncesti platesti taxe de mergi indoit, stai acasa, te rogi de 6 ori pe zi, faci de la 4 kinderi in sus, primesti ajutoare sociale...	0	0	0
Punem etichete repede, fara sa ne folosim prea mult mintea.	1	1	3
@basarab84 @MihaiHristea Atata au balmajit-o toti de la inceput ca merita un sut...	0	0	0
@RobertEVoicu @CloneSandman Ășteaptă să fie declarat "deținut politic" sau "luptător cu merite deosebite" și să-i platim despăgubiri pentru stresul suferit!😈	0	0	0
Coronavirus la o biserică din București. Sunt 6 persoane infectate, printre care și 2 preoți -	0	0	0
A stat lângă Trump şi a decis să dezvăluie trecutul: Orgii, petreceri. Eram bolnav…	0	0	0
hit-uri româneşti dar sunt despre carantină  via @YouTube	0	0	0
Chiar vreau sa incep a-mi face temele dar “One Direction funny moments” suna prea bine :(((	0	0	0
Klaus Iohannis: Până la finalul anului economia își va reveni și lucrurile vor intra în normal. Vom sprijini oamenii și firmele	0	0	0
@ZoliBara @SorinPaun3 @KlausIohannis Bai idiotule, NU nu exista tratamente pt viroze, sunt anumite medicamente care te ajuta simptomatic, pricepi idiotule? Dar cand toti zugravii se dau rotunzi pe net... Oligofren imbecil, mars la lopata! Am avut si 39 si niciun paracetamol n-am luat! Idiotule!	1	1	1
#coronavirus mișună printre noi. #fmmkwi	0	0	0
@Doctoru_Andy Nimeni nu i-a subvenții pentru carantină !!!Uitate în lume!	0	0	0
@ingerisidemoni Offf, Doamne! Să îi ajute Dumnezeu!	0	0	0
Cine traieste in realitate nu in poezia bla, bla....stia exact asta inca de la sfarsit de ianuarie	0	0	0
Cum reușesc să muncesc de acasă, să îmi țin copiii în viață și să nu îmi pierd mințile	0	0	0
cum dracu reusesc sa cad pe scari in plm ca mi s au umflat picioarele	0	0	0
#NASA: Cum a UIMIT Omenirea cu o Premiera pentru un #Asteroid -  #peblog #romania #2020 #news #stiri	0	0	0
Toţi locuitorii din Bucureşti, testați împotriva coronavirus cu ajutorul echipelor mobile	0	0	0
La Iasi, nostalgicii USLamisti din PNL il vor sustine pe fostul PSD-ist Chirica. Daca ei nu au candidat cu sanse, de-ai dracu' nu ar sustine candidatul USR...	0	0	0
Olguța Vasilescu să mă sugi de pulă cu țuțuianu și toți parlamentarii care nu au respins oug 57 și 59,eu am ieșit la pensie la limita de vârstă și am pensia mai mica decât cel care a ieșit anticipat fără 1% pt fiecare an lucrat peste limita de pensionare gunoaie imbuibate 🤮 🖕	1	1	1
O sectie a Spitalului Judetean din Deva a intrat in carantina: Mai multe cadre medicale au fost confirmate cu coronavirus	0	0	0
Fotbal/#Coronavirus: Serie A, aproape de oprirea definitivă	0	0	0
@itsmeChris50 @distrughy @just_gebby @airsurfercr "baga-mi-as pula in mortii ma-tii" 	1	1	1
Ingeniozitate şi creativitate, pe ele le descoperim zilele acestea.	0	0	0
Un restaurant celebru din Capitală sare în ajutorul medicilor în timpul pandemiei: „Eroii noștri vor avea masa asigurată”...	0	0	0
@i0n1ca @OvidiuSky @ingerisidemoni @_lor3scu_ Vezi cine știe 🤣	0	0	0
@danaionescu65 @i0n1ca @GabryIonesc2 Pai deh, de obicei crapa unde'i de crapat ... ce sa zic!? 😂	0	0	0
iti raspund analize în Decembrie, prezervativ aseara, ce dracu nu înțelegi, sa-i fut pe diasporezi sa intelegi.	1	1	1
Ești ceea ce mănânci - De când dracu mănânc eu dureri de spate și anxietate.🤣	0	0	0
Președintele Klaus Iohannis participă la o videoconferință cu membrii Consiliului European pe tema COVID-19	0	0	0
#SOLIDARITATE #COVID19 ... da, ba da, merita sa fie conectati la teava de bani a sistemului de sanatate, dimpreuna cu MedLife care a inchis usile pentru orice imbolnaviri cu dracosul carcalete. Hai, manutele in aer: #spitaleprivatenucatedrale	0	0	0
Politia Romana explica prevederile ordonantei militare 3 -  #peblog #romania #2020 #news #stiri	0	0	0
Îndrăznești săspui adevărul căsașii sibieni,conduși de cârmaciul Iohannis,au solicitat săfie succesori ainaziștilor șio judecătoare slugarnică i-aoficializat caatare,atunci eștiun șovin nenorocit care emusai săfie reclamat laCNCD,o bravă sucur.apoliției gândiriicondusă deun ungur	0	0	0
Gafă de proporții! În plină criză generată de coronavirus, Ministerul Sănătății s-a făcut de râs	0	0	0
@CPTariceanu nea Tariceanu, ce dracu e bre cu propunerea aia legislativa prin care sa permiti fimrelor sa ramana datoare la stat cu impozitele pe salarii, dar in schimb le pui de gat un ditai pietroiu, aceste firme nemaiputand concedia? te ai lovit la liberalism?"	0	0	0
@Adevarul Fute l in gura de cate ori îl prinzi.	1	1	1
@denis26_denise Astia o tot pregatesc,ok, stai in casa acum insa atentie treaba cu virusul e de lunga durata adica pana in iulie ...august.	0	0	0
@Rares09860685 taci in pula mea	1	1	1
Numele meu e România. Locuiesc pe strada Europa de 13 ani, din ianuarie 2007. Am o casă veche, care a fost mare și frumoasă cândva. Acum e tot mare, dar dărăpănată. Cade tencuiala, acoperișul a vechi și uneori îmi plouă în casă.	0	0	0
#Coronavirus România, Live Update 25 martie. S-a înregistrat al 14-lea deces	0	0	0
Fii prima care află, draga mea! ❤️	0	0	0
@jkstattss cum dracu n-am mai vorbit pana acum	0	0	0
@LustSophie @LiveJasmin @GirlsfromS20 O, cerule mare! Sau cum spunea Topîrceanul la finalul unei poezii celebre: ”Zău că-mi vine să-mi las baltă toate interesele!”	0	0	0
Vă rog pe voi, argeșenii noștri care sunteți peste hotare să trimiteți pe pagina Primăriei Municipiului Curtea de Argeș  video, fotografii sau mesaje despre situația din zona în care vă aflați. Doar împreună putem depăși aceste momente grele!	0	0	0
Clara esti o dobitoaca	1	1	1
@aiurea era suficient sa tusesti spre el. Nu c-ai avea ceva tu, dar 2 saptamani s-ar fi cacat pe el de teama :)	0	0	0
Și-n moarte funcționează parti-pris-urile? Dacă livrează ambele firme e nasol sau ce? 😉 Te pomenești că vom avea prea multe ventilatoare	0	0	0
Nu ne mai primim copiii mari și nepoțeii în casă și nu mai facem vizite la nași. Ni se par mai lungi și mai lugubre sirenele autosalvărilor.	0	0	0
Furculiţa e folosită doar pentru a pune mâncare în lingură. Furculiţa nu e băgată în gură.	0	0	0
@maeverie @VanessaHudgens Credea ca mamaie si tataie si tanti Mita stiu ei sa vorbeasca engleza. Ei cred ca stiu alte limbi mult mai grele, cum ar fi rusa care se invata pe vremea lor 🤦🏻‍♀️ Cred ca e un trend si al americanilor si al englezilor la faza asta. Ii umplem notifs de romana, poate invata putina 😂	0	0	0
S-au închis si cârciumile.	0	0	0
Ai vârsta peste 65 de ani?E clar!Ești infractor. Ca urmare, ești condamnat cu arest la domiciliu fără drept de apel.	1	1	1
am fost distrasa. au zis ca primariile trebuie sa puna dispensere cu dezinfectant la intrarile in blocuri? sau sa spele in plm strazile???	0	0	0
Daca a atinge un nou nivel de evolutie personala si a aduce armonia si bucuria in viata ta si a celor din jurul tau, sunt lucruri pe care doresti sa le obtii anul acesta, nu ezita sa te inscrii la Cursul prin care poti deveni Pract…	0	0	0
Sa va dau o idee.Cică vodka poate fi folosită la curățarea casei.	0	0	0
@ManoliuValy Mulțumesc!	0	0	0
Știe cineva unde ține greta greva azi? Nu de alta dar sînt cîteva milioane bune de mileniali și snoufleicși care umblă creanga, fie pe plajele Floridei, fie prin cluburi și discoteci.	0	0	0
În doar câteva ore, 524 venezueleni s-au înregistrat în SUA pentru a se alătura zborului înapoi acasă.	0	0	0
Ultimul episod al serialului ''The Walking Dead'', amânat din cauza crizei de #coronavirus	0	0	0
@denis26_denise Wow, parca ma doare pe mine, cu ce este ii da ala cu blana la cur.;)))))	0	0	0
Medicul care a vindecat cei mai mulți pacienți români cu coronavirus ne spune ce trebuie să facem prima oară când intrăm în casă	0	0	0
Salutăm declararea de către Președintele României a stării de urgență și ne exprimăm speranța că aplicarea lui în practică va fi efectivă, însă cu grija de a nu fi depășit scopul pentru care măsura a fost instituită.(FACIAS)	0	0	0
D'asta ba, d'asta o sa mai aiba miorita mea draga o sansa, dincolo de #covid19, dincolo de ce plm mai pun la cale cacatii astia la cale cu controlul si guvernul lor mondial cu tot .... #RomaniaTeiubesc, tara mea de frumoasa, tara mea de dor! 🤗	0	0	0
Ce dacă ulterior vaccinării unii vor manifesta efecte adverse (grave - paralizie, de exemplu sau mortale), nu interesează pe nimeni și tot nimeni nu răspunde. Ești numa' bun mort! #antivaccinare	0	0	0
@VladCabulea coaie ce plm e asta ca mi vn sa plang:)))))	1	1	1
Universitatea din Iași nu reușește să se vindece de tudorelovirus.	0	0	0
@itmorar cum este dupa prima zi de izolare ?	0	0	0
@DevinaDomix Va sarut talpile, Stapana ! Vreau !!!	0	0	0
daca acum nu te poti folosi de masina ca sa te scape de belele atunci ne putem baga pula in orase, civilizatie, orase smart si tot.	0	0	0
Moartea scriitorului dizident Paul Goma: un om făcut să deranjeze şi după plecarea în nefiinţă	0	0	0
baa ce socata sunt ce dracu cand a crescut atat 😭😭😭😭😭😭	1	1	1
rasucim in felurite unghiuri	0	0	0
singura persoana din Guvernul Orban care imi inspira o mare incredere este @BogdanAurescu .	0	0	0
Decizia a fost luata imediat dupa ce s-a aflat ca popii au inceput sa fie depistati cu Covid, desi au fost foarteprecauti si nu au folosit decat lingurite sfintite.	0	0	0
Asta e America satanista,...La dracu cu UE si planeta.	1	1	2
@vmacity nu sunt in plm ca am rata la telefon si ok am savings pt concert si le folosesc in cel mai rau caz	0	0	0
@CloneSandman Din redirecționarea a 3.5% din impozit	0	0	0
Eu sunt de acord să iasă armata pe străzi cu arme și tot ce trebuie. Nu știi niciodată când o iau razna jandarmii.	0	0	0
@gusteru Nu dar sunt mandrii de cei din spitalul ala. Prieteni, cunostiinte, etc. Medicul respectiv e foarte recunoscut in TM, am fost la el si cu David cand avea probleme.	0	0	0
@basarab84 Mare pacaleala poza 2.Vor unii sa ne salveze fix de ceea ce tot ei au creat	0	0	0
cat a fost vremea frumoasa am stat si am frecat-o in casa, ce pula mea iesi afara daca vrei nu te pune nimeni sa stai inauntru	1	1	1
Chiriţoiu: Dacă produsele sanitare nu se ieftinesc, vom lua măsuri de urgenţă, precum rechiziţionarea sau plafonarea preţurilor	0	0	0
Art Directors Club România are un nou Comitet Director -	0	0	0
@iulialipovanu Nu numai la Milano. Toată Italia, și asta se datorează greșelii când au început să taie din bugetul sănătăți, restructurarea sistemului sanitar, închiderea de spitale regionale și multe alte exemple, dar sper să învețe din asta toată lumea și fiecare țara.	0	0	0
Blocaj total în imobiliare: Cum se va schimba comportamentul clienților și cine îi protejează pe chiriași?	0	0	0
CSM București suspendă toate contractele pe durata Stării de Urgență	0	0	0
mă tachinează dracu, stie ca până l-a vârsta mea centenară am învățat cu v-a și l-a 😉	0	0	0
Cum s-au mobilizat oameni de rând și mari companii pentru a produce ventilatoare medicale	0	0	0
Fericirea este ca un fluture care, odată urmărit, este întotdeauna dincolo de înțelegerea noastră, dar, dacă stai liniștit, ar putea flutura în jurul tău.	0	0	0
Când tu nu ai părăsit teritoriul țării și îți dă mă-ta mâncare, și nu ai sânge in pula nici poza cu tine sa ai la profil . Poți să spui ceva de alții ?	1	1	1
Astăzi în 🇮🇹 este “Ziua Tatălui“ spus “Festa del papà “ inclus și eu în ea, deși nu acest este important, eu vreau să le transmit : “Cele mai bune urări către mamele care își cresc singure copii și înlocuiesc un tată, sunteți femei speciale” 👏🏻👏🏻👏🏻mai ales în aceste momente.🌹	0	0	0
ce naiba am azi, nu imi ajunge energia pentru elementele pe care le aleg pentru un singur text, ochiul meu are ceva sau redarea??	0	0	0
Le-am dat chinejilor un virus de i-a luat dracu! 🤣🤣🤣	0	0	0
Patriarhul Daniel: Nu trebuie în această perioadă să cădem în deznădejde, ci să ne întărim în credinţă	0	0	0
Ideea e ca unul sau altul din cei 2, care a bagat toata planeta in ra... ar trebui dusi in fata unui Tribunal-judecati.	0	0	0
Nici daca moare gagicmea n o sa pun poza cu ea pe ig🙄	0	0	0
Om mai prost decat Mihai Traistariu nu cred că se face =))))))	0	0	0
@SofiaCovaci Ne schimbăm, anii trec și preocupările lasă urme și câteodată sechele.	0	0	0
@RFboris Marian Nistor e dimpreună cu Carmen Hara în tunelurile dacice din Bucegi și deocamdată nu poate fi abordat pentru că nu și-a luat cartelă decât pentru Universul 75-Roz; o scăpare, e om.	0	0	0
Dana Budeanu, APEL către un grup de jurnaliști: Îi rog să cerceteze ce spun eu acum! Atenție la ce întâmplă în spatele Stării de urgență! -	0	0	0
@gusteru Dosar cu șină! Ștampila de la ghilesul 2, autentificare la notar.	0	0	0
Oricum voi de fapt aveți chiar 4, sunteți o adevărată metropolă🙂🙂	0	0	0
Vel Pitar fără virusul gripal...Absurd!	0	0	0
@b0bsacaman0 @nwradu @RFboris Vino mă, Vino la mine să te învăț educația român prost!! Te aștept fraiere	1	1	3
Drumul era plin de gropi dar nu a căzut în nici una.	0	0	0
IGSU: Echipamentul medical din Coreea de Sud - distribuit, în funcţie de nevoi, personalului medical şi echipajelor MAI	0	0	0
@tepes_vladut @MaricaPuiu De unde iei tu o virgină?	0	0	0
@iuliaa2603 Ma, da de ce dracu oare mintea romanului e la cum poate sa insele orice regula se impune? 😅 Sa mor eu daca noi ne mai facem bine ca natie vreodata	0	0	0
Nimeni nu știe când va lua sfârșit pandemia de coronavirus. Specialiștii fac tot felul de predicții, iar habarniștii agravează situația cu păreri deversate pe Facebook.	0	0	0
@Indig091 Am si eu asa obicei. E cam rau pentru viata sociala dar productivitatea maxima vine dupa 11 seara.	0	0	0
MAE le aminteşte românilor ce lucrează în Spania care le sunt drepturile, în contextul restricţiilor impuse de #COVID-19	0	0	0
bagă-mi-as pula in voi	1	1	3
@ECiocu Am intrebat la NHS daca pot sa ajut (macar pe plan local). Raspuns negativ ... plm.	1	1	3
@gusteru Faceai ca pe vremuri, iti puneai si imaginatia la contributie	0	0	0
Mi se pare lăudabil faptul că psihologii ne dau sfaturi în această perioadă, însă unul dintre ele sună mai degrabă a blestem: cum adică, „fiți pozitivi”...?	0	0	0
@keyboardriot Clar ca e aproape imposibil de crezut, da' el asa zice...	0	0	0
Anticipatele erau preocuparea lor,stim toti...si nu au scuza, serviciile au informat ref. China (virus,criza, risc)	0	0	0
@denis26_denise @MaricaPuiu La fel e și cu berea, mâncarea !	0	0	0
@camilstoenescu @thezvoner oamenii din liniile 2 si 3 au ramas aceiași	0	0	0
Majoritatea animalelor nu se recunosc în oglindă.	0	0	0
Direcţia Regim Permise: Documentele care expiră în perioada stării de urgenţă vor fi considerate valabile	0	0	0
Accesați aici pagina dedicată pachetului de măsuri pe care BNR l-a adoptat în contextul epidemiei de #COVID2019	0	0	0
Doamna Anisie, vă rog, pentru bunul mers al învățământului, veniți cu picioarele pe pământ!	0	0	0
@ingerisidemoni @_lor3scu_ Nu e salam prăjit, e cârnat prăjit.	0	0	0
@B_Transilvania Sigur.Nici nu m-ați întrebat de probleme și la ce agenții.În loc să acționați băgați mizeria sub preș.	0	0	0
În vremea asta căutăm nimicuri cu care să umplem vidul	0	0	0
Preşedintele #Iohannis participă la o #videoconferinţă cu membrii Consiliului European pe tema #COVID-19	0	0	0
@dj_mezeneu @SanduGeorgeCla1 De acord!Adevarat!Sunt foarte constienta de realitatea "virusului"E bine sa fii informat,dar si aceastea trebuiesc dozate,pt ca altfel alimenteaza stresul;Suntem bombardati cu informatii non stop,una dintre principalele cauze ale imunitatii scazute,stresul si starile conflictuale	0	0	0
Se bănuiește că virusul a fost creat de o femeie.	0	0	0
@IonutAxinescu Ceva cu decolteu, ie primăvară.	0	0	0
@CloneSandman Interimar. De la suceava	0	0	0
Se cer masuri pentru a bloca extinderea focarului de la Suceava: Nu transformati Iasiul si Moldova in Lombardia Romaniei	0	0	0
@razvancostache La Buzau lumea misuna. Nu-mi dau seama daca e de-a dreptul horror sau nu. :))	0	0	0
No, tovarasul Tiriac, capitalist desavarsit la Germania, nu aplica decat ce a invatat acolo. Sanatate si'un praz verde.😷	0	0	0
MARI3K3 LASA MA IN PACE E 12 NOAPTEA DORMI DRACU NU MI MAI DA MAILURI DESPRE CE FACEM SAPTAMANA VIITOARE SI CE AI PUS PE BLACKBOARD	0	0	0
Stii momentul ala cand poti ruina o relație doar cu câteva ss-uri?	0	0	0
sunt destul de trista ca maria sa kick it nu are niciun music show win pana acum :((	0	0	0
E aproape de autism ruperea comunicațională a lui Klaus Iohannis de poporul său.	0	0	0
Dacă in următoarele doua săptămâni România nu va avea o explozie de cazuri de gripă normală, se poate considera ca testul “pula mea, Corona trece” a avut un succes deosebit.	0	0	0
@YayyayaU Tre sa iti instalezi o aplicatie ca nu se prea gaseste pe google (manga rock trebuie luata tot de pe google ca nu se gaseste in app stores)	0	0	0
Hai una mai săltăreață,	0	0	0
Am fost o fuga la Carrefour...ce dracu s-a intamplat cu preturile, s-au virusat si ele, sau ce?!	0	0	0
De China nu intreaba nimeni&gt; Hey, ai de dat explicatii de ex. simularea fix pt novel coronavirus, sept, Wuhan.	0	0	0
@cristinadobre @TintaVasile Vad că insisti! Tu nu vezi ca omu se contrazice la fiecare propoziție?	0	0	0
Media ne bombardeaza cu nr de cazuri confirmate. Total nerelevant. 1029. Asa si?	0	0	0
Proaspăta șefă de la Direcția de Sănătate Publică, Anca Bertea, și-a dat demisia, conform unor surse de la nivelul Comisiei Județene pentru Situații de Urgență.	0	0	0
Spitalele din România „cad” unul după altul, pe măsură ce sunt identificați pacienți depistați pozitiv la testele pentru coronavirus. 	0	0	0
Daca faci cacatul ala in care iti cureti gingiile cu aer te urasc te dest pleaca din fata mea	1	1	1
@Roberto76Adrian @GildasHamdad incearca doar a data sa fac ceava cu mama si tu o sa spun buna la dracu	1	1	1
Pandemia de coronavirus îi rotunjește conturile lui Cătălin Botezatu. Medicii vor fi îmbrăcați de la renumitul designer	0	0	0
Mai mulţi producători de smartphone-uri refuză să folosească Qualcomm Snapdragon 865 din cauza preţului prea mare	0	0	0
@hoseokspapanasi Nici în 100 de ani nu-mi pica fisa	0	0	0
@CloneSandman Sandmane sa moara Fram Ursul Polar am iesit in curte la noi pe zona aici e stratul de praf si jeg pe masa de un deget. Nush ce plm a adus vantul dar e maro totu	1	1	1
Un Vlad Voiculescu extrem de atașat la rândul său de Viena, astfel încât Bucureștiul la a cărui Primărie Generală vroia să candideze poate părea deja doar ”a doua casă”, după capitala Austriei	0	0	0
Nu. Nu poți să editezi filmări 8k!	0	0	0
Acestea sunt vremuri în care dpdv neuronal nu e ok să fii social media manager sau community manager... cantitatea de prostie la care ești expus zilnic e uriașă.	0	0	0
Băi băiete, ce fac ăștia...?!	0	0	0
231 de noi decese în Franţa, 2.827 de persoane se află la Terapie Intensivă!	0	0	0
@daco_get @denis26_denise Nu am auzit. Primele inf.din partea dr. (dar si cele recente 1 sapt. in urma) erau legate de aspectul asimptomatic si au zis ce am scris... 5-14 zile,dar si situatia 24 zile	0	0	0
Țara noastră are milioane de cetățeni în străinătate, care au tot dreptul să se întoarcă în țara lor. Numai în Italia sunt peste un milion și jumătate.	0	0	0
Toată populația Bucureștiului, testată pentru noul coronavirus	0	0	0
Lucrati responsabil! Oferiti siguranta colaboratorilor si angajatilor dumneavoastra, cu dispozitive Datalogic ce rezista fara probleme igienizarii cu dezinfectanti puternici!	0	0	0
Dacă, în virtutea anumitor circumstanțe, răspândirea virusului nu va putea fi oprită radical în termen de o lună și jumătate sau două, atunci toate procesele vor deveni ireversibile și peste noapte întreaga ordine mondială se va prăbuși.	0	0	0
Apple îi cam face în ciudă lui MinGicKuoko, oare câtă credibilitate o să i se mai dea că e în bălării cu informațiile.	0	0	0
@w_lemn @Carlos_Sacalul Dacă dorești explicații, acestea sunt: pagina citată este din 27 feb. atunci când sist. de sănătate credea așa și nu se știa mai nimic.	0	0	0
Dacă instituțiile care scot la concursurile pentru obținerea titlului de doctor ar fi serioase, și n-ar mai scoate subiecte care nu au nici o utilitate pentru nimeni, ar scoate un subiect unic la concurs - „Trădarea Românească”.	0	0	0
Nu e nici dracu afara la ora asta dar noi mergem la lidl 🤩🤩	0	0	0
Uniunea Europeana nu este, decat o mascarada, unde "Imigrantii" au mai multe drepturi decat autohtonii.	0	0	0
baietii din romania se aduna undeva toti sa faca sport la bustul gol? 😭😭 ce plm	1	0	0
@GabryIonesc2 Daca a trebuit armata sa intervina iti dai seama ca oaia tot oaie este nu intelege.Stati in plm in casa	1	1	2
@denis26_denise ... cu tot respectul, cum sa raportezi daca nu testezi ?	0	0	0
Am nevoie de tine, restul e rest !!!	0	0	0
Nu sunt bune supozitiile😆	0	0	0
@radusmall Sper. Metro Cash and Carry e totuși firma îndreptată către en-gros. Sper sa își schimbe profilul rapid, ca noi livrăm, dar sa avem ce și cui.	0	0	0
@Costindte Controale sunt pe străzi?	0	0	0
@ECiocu @LTeglas Să murim, dar să murim, dracu', frumoși. :)))	0	0	0
Sector 4: Persoanele rămase fără venituri din cauza crizei COVID-19 ar putea primi sprijin financiar	0	0	0
Neața oameni buni și nebuni. Îmi încep dimineața cu 9367 cazuri de Coronavirus in Germania...	0	0	0
Când #GuvernulOrban este paralel cu cetățenii dar #yesman cu băncile, corporațiile, stăpânii	0	0	0
SUA:„Închisorile pot fi incubatoare de boli, aşa că trebuie să luăm aceste măsuri curajoase şi drastice”.	0	0	0
Traian Băsescu, despre amânarea plății ratelor: Dă o gură de oxigen populației, dar trebuiau introduse niște plafoane (VIDEO)	0	0	0
Cafea și muzică  prin @wordpressdotcom	0	0	0
Noile funcții de pe Samsung Galaxy S20 vin și pe S10 și Note10	0	0	0
@capitan_bera Am vazut pe undeva ca Nuțu nu va mai taia degete in urmatoarele 30 de zile.	0	0	0
Ultimele date despre victimele coronavirusului în România: 14 morţi, 906 infectaţi	0	0	0
@santaromica Trebuie luat în calcul și faptul că Italia are o un număr foarte mare de bătrâni! Este țara cu cel mai mare procent de bătrâni din Europa!	0	0	0
ai de pula si zilele mele NU POTI SA IMI SPUI CA NU ARATA CA ITALIAN DIN PESCARA SUNT IN GENUNCHI😭🤲	0	0	0
Poliția Română sărbătorește astăzi în stradă! Vă mulțumim și vă sărbătorim de acasă!	0	0	0
@ekovericu Cu izolarea asta, prevăd o recrudescență a cazurilor de criminalitate domestică, pe de-o parte fiindcă turbă bărbații, iar pe de alta fiindcă dă strechea-n muieri.	1	1	3
@ECiocu Trebuia să zici : beau și din asta...😂😂	0	0	0
Lucrurile bune care se intampla	0	0	0
@denis26_denise Am citit. Comunisti jegoși, chinezii. Ca toti comuniștii	0	0	0
@chreqs I have no words.cine plm vine in ro si mănâncă pizza boss. Se mănâncă MÂNCARE AUTENTICA nu pizza tf	0	0	0
Ati obsevat si voi ca toata lumea s-a apucat de facut sport acasa de cand cu perioada asta???	0	0	0
@denis26_denise China anuntat ca ar fi gata un vaccin...sa gandim pozitiv!	0	0	0
@patrasconiu Multumesc. Am profitat si de cele de la Humanitas. Si iata-ma citind 3 carti in acelasi timp, ca un millennial loial multitaskingul-ui :))	0	0	0
Solidaritate în România! În plină epidemie de coronavirus, mai multe firme au sărit în ajutorul cetățenilor...	0	0	0
Ceea ce nu se previne azi, respectiv criza economică și socială consecutive opririi economiei din cauza pandemiei, va duce la o boală și mai gravă mâine. Iar aceasta va lovi pe toți fără deosebire de vârstă, religie sau stare socială.	0	0	0
De tevaturile interminabile cumodificarea vârstei de pensionare,cu recal.pensiilor,cu zvonurile cănu mai sunt bani depensii,cătot sistemul depensii seapropie decolaps și căva afecta întreg bugetul țării,căstatul este nevoit săfacă împrumuturi pentru aplăti pensiile atâtor bătrâni	0	0	0
Costache, cel mai frumos înmulțitor din orașul acesta	0	0	0
Coronavirusul la gravide: măsuri de precauție și trucuri de relaxare	0	0	0
Francezii au decis: Roland Garros amânat pentru toamna acestui an!...	0	0	0
@denis26_denise Fiti si voi realisti,astia care apar in video nu sunt "diaspora"cea care statea la cozi ,acestia sunt cei pentru care de multe ori noi ,cei din afara,ne-am rușinat de ce "muncesc"(furturi,etc)...nu mai biciuiți degeaba diaspora....	0	0	0
Momentul acela cand pantalonii care odata iti erau stramti, iar azi iti sunt largi cu vreo 5cm.	0	0	0
Temperaturile cresc în Capitală #meteo #Bucuresti	0	0	0
@foreverrainmyg @ATEEZofficial CA MUSCA IN LAPTE FIAR DRACU EL	0	0	0
@RFboris Virusu asta cam fute rișca	1	0	0
Dacă vor testa 3000 de bucureșteni pe zi, iar în oraș sunt 2 milioane de locuitori, rezultă că în 666 de zile vor termina testările.	0	0	0
atunci cand obisnuiai sa dormi cu toate animalele tale de plus incât niciuna sa nu fie singura	0	0	0
@stupidcow_81 Nu mai sta 3 zile in pestera, sta 2 saptamani.	0	0	0
cum dracu se face uleiul mai ales ala de floarea soarelui in pula mea cum storci seminte ca nu inteleg	1	1	1
În timp ce transportul rutier este sub restricţii, iar rafturile din supermarketuri sunt goale, fermierii rămân cu marfa nevândută. Nimeni nu se înghesuie să cumpere de la producători. Un fermier din judeţul Călăraşi riscă falimentul.	0	0	0
In fiecare zi vin, in continuare, transporturi proaspete de covid de ăsta, dar armata si poliția păzesc restul populatiei, bătrânii, cu deosebire, dar nu de grija lor cum sustin	0	0	0
@ingerisidemoni @basarab84 "Adaptarea la orice schimbari din viata voastra"sa nu devina adaptarea un mod de viata care sa insemne accept ORICE	0	0	0
Situație dificilă pentru ONG-urile care se ocupă de persoanele cu dizabilități din cauza scăderii sponsorizărilor	0	0	0
@ionutzelgabriel @ProTVro Ne îngrozim puțin cu "I am legend", dar ne relaxăm duminica următoare cu "Zombieland".	0	0	0
@SBaoad @CorinaCg3 Of, cu incorenta este inutil sa ma lupt. :) ganduri bune si multa lumina va doresc - si ceva mai putina indarjire, caci intuneca ratiunea.	0	0	0
@MarmotaDeCampie Ar fi bine să fie așa, dar nu cred.	0	0	0
@i0n1ca @MarmotaDeCampie Las ca ți dau eu când crapi tu ... și dacă ai impresia ca e vreuna târfă pe aici , uita te la tine in casa , in afara de ma ta nu e nici una ... și nu mai fi frustrat .. fa ți o laba ca ți trece ... indiferent care pixda ți a dat atata muie , ai meritat o din plin , crede ma ...	1	1	1
@MStudentessa As pune doar pula acolo,tarfa care esti	1	1	1
@Digi24_HD Voi sunteti numai genii acolo la Suceava.\nDupa cum spuneam, au dat afara vechiul manager si au pus, tot un doctor( pediatru) pe aceasta pozitie.	1	1	2
@PleuAlexandru4 OMS stia din ianuarie,China anuntase OMS. Si apoi OMS a anuntat Guv. desi cred ca serviciile au anuntat inainte de astia. Nu de alta dar acolo la Wuhan era si biolab.	0	0	0
#continuamimpreuna Vezi ce măsuri am luat în acesta perioada. Detalii pe blog.	0	0	0
Tu chiar ai asteptari de la acea #javraPSD??? 😉🤣😂 PLM! Cand idolii ei sunt #VioricaDancila	1	1	1
Relaxare pentru pisica, catel sau orice animal de companie - muzică rela...  via @YouTube	0	0	0
Sunt cel puţin bizare poziţiile ministrului Szijjarto.	0	0	0
Canalele de ştiri chineze au început să lege originile pandemiei de Italia.	0	0	0
@vminsoup Si pe langa asta nu s-au gandit in plm ca cu cat lasa mai multi sa vina cu atat o sa fie si mai coplesiti?	1	1	3
Probleme cu aducerea acasă a boxerilor...	0	0	0
@ZoliBara Asta si vor sa faca. Securizarea Bucurestiului (apoi, pe rand a marilor orase, cele care au spitale COVID, cum le spun ei), carantina in zonele spitalelor, iar orasele inchise (nimeni nu intra, nimeni nu iese).	0	0	0
„Activitatea din agricultură şi industrie alimentară nu se poate opri şi nici amâna!”.	0	0	0
credeam ca cel mai rau va fi cu betivii si pensionarii, dar de departe cei mai aprigi oameni in perioada asta sunt aia sustinatori ai bisericii	0	0	0
vreți să vedeți ceva trist?	0	0	0
@MirelaBuzoianu Nu mă pricep la Facebook, nu folosesc	0	0	0
FCSB a pierdut un proces la FIFA si e buna de plata -	0	0	0
@petria Inca astept sa vad si suprtul NATO la care contribuim cu ‘parnos’ anual intru ajutorate reciproca.	0	0	0
Lumea normală, de vârsta mea, ar fredona intr-o zi de joi in plină pandemie, un refren de la Metallica sau poate măcar un Iris, ceva, dar iooo m-am trezit cu melodia asta in cap și nu mai scap de ea. Iote, na! 😎 Angela Similea	0	0	0
Alibec a jucat 12 ore Counter Strike pentru o cauză caritabilă. Ce punctaj a obținut și ce sumă s-a strâns	0	0	0
@B1site O sa ne ia dracu ' .N-are cum altfel cu tolomaci si impostori in guvern.	0	0	0
@MarmotaDeCampie Am înțeles ...!! Rețelele de socializare ce au devenit un microb ... Facebook mai dăunător ..!! Cândva ,cred , se vor pierde în anonimat ..!!	0	0	0
de ce dracu vorbim de kfc in vaslui pa ora de maTE BRO TACI SI VEZITI DE SILOZ	1	1	1
Rafila, despre coronavirus: Spre sfârșitul lunii aprilie, probabil, vom avea mii de cazuri zilnic -	0	0	0
Bre, șterge dracu' postarea inițială. E simplu. Sau, las-o, că e păcat de like și share...	1	1	1
Sa bei apa minerala dupa ce ai mancat mujdei e mai horror decat mcdonald’s sprite	0	0	0
LASATI MA IN PULA MEA O SA MOR TRICOUL CU FG. BARE FACED BABY. NU.	1	1	2
@MarkHar16653252 Ce frumos gândești!!!🙏❤🏕🏕🏕🏕	0	0	0
Beneficiile meditatiei zilnice pentru echilibru interior | Gandeste Pozitiv	0	0	0
@robertruss21 @robmih Ieri am văzut unul încă împodobit în Bistrița, pe terasa unei case	0	0	0
@03innerchild dar da parca ar fi mai ok sa stau singura ca fac si mai mult spatiu la ei in casa daca merg la mine	0	0	0
Suge.m.ati de pulă toți zdrentaroșii #hastagisti #procurorijigodii	1	1	2
Se întreabă retoric medicii anesteziști «unde ești, tu, domnule profesor Tulbure, pentru că tu nu ai fi lăsat să se întâmple asta!»	0	0	0
@colo_ons Când ai la ce ora?	0	0	0
Scriitorul şi disidentul Paul Goma a murit la Paris din cauza Covid-19!	0	0	0
@PleuAlexandru4 Da, din punctul asta de vedere	0	0	0
Un diplomat român, infectat cu Covid 19...	0	0	0
Eu imi propun sa visez in fiecare noapte ca sunt la mare, de acum si pana in decembrie 2020. Poate prind ceva.....😆😂	0	0	0
si China va plati, intr-o forma sau alta.	0	0	0
Interdicție de ieșire între orele 22 si 6. Doi militari văd unul care se furișă. Unul scoate mitralieră îl împușcă.	0	0	0
daca in vacanta asta retardata de carantina ajung sa nu mai pot sa stiti ca nu e vina mea, e vina maica.mii	0	0	0
Sfaturi practice pentru marketing online de criză - Gun Media : Gun Media	0	0	0
@Precious_MissRA @mzinini @iLuckyMahlangu Ngi sure ba celebrate vele😂😂😂	0	0	0
@andreeaonline Am fost înaintea vremurilor, că am început-o dinainte de criză. 😁	0	0	0
@thezvoner Opinie nepopulară: probabil la fel.	0	0	0
19:52. Afară în pantaloni scurți așteptând corona...	0	0	0
Folosiți o soluție online pentru a genera declarația pe proprie răspundere în perioada pandemiei de Covid-19?	0	0	0
"Când toată lumea vinde, tu cumpără”. Mi-a luat 40 de ani și o pandemie de coronavirus să înțeleg ce spunea J.R.	0	0	0
Un locuitor din Dâmbovița, în carantină deoarece nu a respectat izolarea. Sancțiuni date de polițiști	0	0	0
@4ndr311999 Zice omul "Buna seara" si tu nimic... Mai stai si cu spatele...bineee! Te-am in vedere!😂😂😂	0	0	0
Cacofoniile îți fac viață grea.	0	0	0
Casa Albă recomandă evitarea adunărilor de peste zece persoane...	0	0	0
@OvidiuSky Ai strănutat? Detaliază, te rog.	0	0	0
O nouă platformă online – DateLaZi –  	0	0	0
De la Ceartă la Dialog. Ce spun soții Gottman despre noua lor carte publicată în limba română	0	0	0
O inchis toate scolile si universitatile la Cluj. In afara de politehnica o zis ca si asa suntem prea multi dane dracu..	1	1	3
@Costindte Ahh, da? Aș fi jurat că, prin portul Constanța...! Bun job 😀	0	0	0
@grafician Și Franța, și Anglia, și fking Canada au zis "war" prin vocile președinților lor. asta apropo de referirea ta doar la SUA. iar de faptul că l-am preluat si noi, am explicat deja.	0	0	0
@Digi24_HD Concediati va editorul articolului, este prost, imbecil	1	1	1
@magda_centiu Magda, esti unul din putinii oameni pe care-i aud marturisind ca citesc. Bravo.	0	0	0
Azi la coada la farmacie pastrata elementar, domnul din fata mea care avea vro 60 kg in plus f vocal zicea ca el nu crede in corona asta ca e o facatura.	0	0	0
@OfficeTzetze @GrigM2 Și eu!	0	0	0
Eu zic că e bine că UEFA a amânat Campionatul European până în 2021. Până atunci se reîntoarce și Hagi jr. la Viitorul și vă avea meciuri destule ca titular.	0	0	0
Ia zi unu' mai luminat, cum îi cu cloudurile aștea, îți mai vezi datele-napoi cum or fost, sau adio și n-am cuvinte? Mai demult m-o vârât Linuxu-n draci, că venea cu mii de aplicații, le încărcam plin de speranțe și când să le deschid, "deschide cu". Cu ce plm, cu cuțâtu'?	1	0	0
Am fost pe afara...am incercat masca din prosop de hartie! Cam naspa,respiratie e greoaie si se umezeste foarte repede...	0	0	0
Suma pe care o vor încasa părinții care și-au luat liber pentru a-și supraveghea copiii în plina pandemie de coronavirus. “S-a făcut un calcul detaliat!”...	0	0	0
Gabriela Firea atrage atenția că România nu va putea să facă față unei situații asemănătoare cu cea din Italia...	0	0	0
@prncws teoretic da, practic plm	1	1	1
@aspirantul Ah, nasol la partea cu manele.	0	0	0
@eww88435340 Mi-am dezinstalat și reinstalat snap-ul că ocupa cel mai mult	0	0	0
#video Administratorul firmei de pompe funebre din Focşani spune că este un mesaj de prevenţie şi responsabilizare a populaţiei.	0	0	0
@sopeprotector Chiar te rog 👀 dar fără spoilere prea mari juseyo 😞	0	0	0
2010 Pușcașu Mihaela -  Adrian ne cunoaștem de undeva !?	0	0	0
Doamne ajută !	0	0	0
@RobertCPhenom Oricum e cam prost adsense-ul. Am modificat codul exact cum zic ei ca să nu mai apară reclamele alea pătrate pe mobil, ci doar unele de maxim 80px pe înălțime. No fucks were given, unii tot din alea mari primesc.	1	1	1
Ce cretini! Incredibil. Ce ceznura stupida! Si astia ca si FB a uluat-o razna, lingaii si slugile  Papusarului. 🤬🤬	1	0	0
@emiltoma_av Nu stiu ce numesti tu tigara electronica ,dar alea cu tutun parlit nu sunt electronice . Si sunt la fel de nocive cu aceiasi aditivi.Cele cu lichid la care iti stabilesti singur cata nicotina vrei , alea sunt tigari electronice.	0	0	0
@MikeKiyoshi @gadrian84 Multumesc frumos. Chiar are nevoie de cuvinte frumoase.	0	0	0
@SirGolan @denis26_denise ei se trateaza cu hidroxicloroquine. pentru noi se asteapta antiviralele alea scumpe	0	0	0
Dar uite că la fel cum medicii sunt angrenați 24 de ore din 24 în bătălia cu COVID-19, tot astfel și responsabilii Armatei forțează achiziția în regim de urgență a unei cantități tot mai mari de materiale de construcții.	0	0	0
@ECiocu @01004753 de-aia și zic, orice informație iese din china trebuie luată cu multă sare. extrem de puțini oameni din vârful piramidei de putere de la ei cunosc cu adevărat realitatea. pentru restul lumii există doar adevărul partidului.	0	0	0
@Costindte @_lor3scu_ Mi-ai stricat seara. Cum sărăcie mai merg la somn acum, cu gândul la sarmalele tale...!	0	0	0
@mb_0309 Schimba ba si tu si dupa la un moment dat vom fi din nou matchy😊😊😊	0	0	0
@DacianSoros Hai, băieți, acasă cu voi și stați și voi in pat măcar doua săptămâni. Promiteți, da? De unde spuneați ca ati venit? Din Antarctica? Gogule, ia vezi, e vreun caz pe acolo? Ce? Doar pinguini? Gata, liber, băieți!	0	0	0
Abordarea noastră de recunoștință trebuie să fie suficient de mare pentru a îmbrățișa toate dificultățile lumii.	0	0	0
98 de cm! Măsuraţi bine lăţimea tocul de la uşă ca să ştiţi pe unde trebuie să iesiţi când se termină carantina.	0	0	0
-merge treaba ? .\neu mai și înțeleg lumea .\nești bine pus bunii te doare la pulă de oricine	1	0	0
Vela de ce nu poarta masca sanitara când tine discursuri??? E mai al dracu sau ce??	0	0	0
Oferim ceea ce suntem😔	0	0	0
@ANTIABE București?	0	0	0
@CloneSandman Ăla e pește hai mă ce dracu numai noi romanii halim d'ăsta aveam pretenții de foame și pe criza asta înțeleg merge și așa să ai poftă apropo ăsta are multe oase !	0	0	0
Cert este însă că eforturile logistice făcute de ”guvernul meu” în acest sens se amplifică pe zi ce trece, vorbindu-se deja de operațiuni ”mamut” de repatriere.	0	0	0
Narada și Ministerul Educației și Cercetării lansează cu sprijinul Cora România inițiativa „Reacție pentru educație”, o platformă digitală menită să ușureze accesul la educația la distanță pentru profesori și elevi -	0	0	0
5 ghiduri video despre time lapse photography #tips #tutorials #timelapse #video via @fotostefan	0	0	0
@Gabriela_1870 @OvidiuSky @tvromania9 A rezolvat pe dracu' imbecilul ala. 🤬	1	1	3
@maibinecaieri @itmorar Cred ca până și popii plătesc mai multe taxe decât stomatologii. Pentru mai bine de 10000 RON plătiți la stomatologie, soția nu a primit nici o chitanță.	0	0	0
Vă oferim un apartament la casă cu intrare direct din stradă.	0	0	0
este grozav cand vezi revenirea sufleteasca apoi incarcarea cu forta, apoi efectulei,dar apoiparca te loveste cand iar cade sufletul in stari grele de suportat.	0	0	0
@RemusStefan72 Dude, fără supărare, dar nu e ok atitudinea asta.	0	0	0
@jennsruby @orange si eu sunt pe orange si am observat schimbarea in seara asta :))) si utilizatorii vodafone au la fel	0	0	0
@basarab84 A treia un fel de eminenta cenusie 😊 din spatele cortinei...?	0	0	0
@stefancrisan @cristinadobre Si chiar dacă boala revine, forma este din ce in ce mai usoara. Eu am facut rujeola de 4 ori!	0	0	0
@basarab84 In timp ce lumea sta in casa si tunurile au MASCA	0	0	0
@ErkenciKus_ Hahaha nici nu am făcut legătura 😂	0	0	0
@itmorar de exemplu sa citim descrierile ciumei negre sau celei de pe vremea lui justinian. pentru perspectiva.🤓	0	0	0
Un transport aerian cu 45 de tone de echipamente medicale a ajuns din Coreea de Sud	0	0	0
Stați liniștiți, dragi concetățeni, un popor care-și miroase șosetele înainte să le bage la spălat nu poate fi distrus de niciun virus!	0	0	0
Poţi să scrii articole pe blog, să atragi clienţi cu anunțuri cu plata-per-clic, s…	0	0	0
Care sunt primele simptome ale infectării cu coronavirus. Apar abia după 5 zile	0	0	0
Oh, bu-hu-hu. PNL (sau PLN - PLM, tot aia) izolaţi la domiciliu. Sper că nu le duceţi de mâncare.	1	1	2
@WHO @MAIRomania Ducase dracu la ei si cu ei! VOI sistemul militar NU aveți NICI o VINĂ!!! DAR sunteți CEI mai expuși!!! Offff, DOAMNE!!! Vă iubesc!!!	1	1	3
@radusmall E de urmărit cu atenție. E vorbăraie multă, dar te prinde bine :)	0	0	0
Bilanţ coronavirus: 906 persoane infectate, 13 decese şi 8 pacienţi în stare gravă -	0	0	0
@totnormal @MaestroMD E la fel peste tot, nu doar in ro sau md	0	0	0
„În viaţa mea nu m-am spălat atât de des pe mâini“	0	0	0
RECOMANDĂRI DE PREVENIRE A INFECTĂRILOR CU COVID-19, ILUSTRATE CU LUCRĂRI DIN PATRIMONIUL MNAR	0	0	0
Scotienii reactioneaza dupa noua oferta facuta pentru Ianis Hagi: Cartile sunt la noi	0	0	0
Elevi gălăţeni fabrică viziere şi măşti pentru spitale - Viaţa Liberă Galaţi	0	0	0
@dima_flavia Membrii simpli nu mai pot invita pe KG de ani buni. Doar membrii VIP, putini la numar, au acces la invitatii. Pe piata neagra costa 200$.	0	0	0
Întrebarea apare ca firească dacă avem în vedere că ultimele mari crize ale omenirii au generat cele două conflagrații mondiale. În același timp, pare a fi lipsită de sens. De ce? Fiindcă omenirea este deja în război.Retorica războiului este cât se poate de actuală.	0	0	0
@gadrian84 ..apropo ..da ce-l fute pe el grija de ce muzica asculți tu???	1	1	1
Compania Dana Point din Iasi isi dedica o parte din capacitatea fabricii producerii mastilor de protectie din bumbac.	0	0	0
@stiripesurse_ro Crimnal si betiv ordinar si nenorocit deschide alea 67 de spitale care le-ai inchis. Sictir. Ai distrus milioane de romani. I-ai aruncat in strada cu datorii la banci si intretinere si familie si copii de intretinut. Javra ordinara.	1	1	1
@CiolosDacian gura de gunoaie drogate	1	1	1
@ingerisidemoni Va țin la curent dacă mai capăt ceva informații.	0	0	0
Ponta cere demisia lui Orban: Avem nevoie de un guvern de uniune naţională condus de Raed Arafat	0	0	0
Ministrul sănătăţii a demisionat #StaiAcasă si informeaza-te #CuMine	0	0	0
@MarmotaDeCampie Intestinele se schimba la 3-4 zile, oasele la 6 luni iar "pulmonul" la 45 de zile. Skin la 30!	0	0	0
Costache: Dorim să testăm toţi cetăţenii din Bucureşti cu echipe mobile de testare door-to-door	0	0	0
@_chuupiter Din the untamed si sunt doar flashbackuri mici intre	0	0	0
Suntem o forță în medicina.	0	0	0
Sunteți obligat, domnule Președinte, să asigurați tuturor persoanelor cărora le îngrădiți dreptul la circulație modalități practice de viață!	0	0	0
Ieri am făcut cumpărături pentru mine,azi am plecat mai devreme de la muncă și am făcut câteva cumpărături pentru amica mea, am trecut și le-am lăsat la poartă,de ieri seară e izolată acasă ieșind pozitiv la test,era normal, în sistemul sanitar există acest risc o știam amândoi.	0	0	0
Rezultat ca la salon chiar la tine acasă! 🏠	0	0	0
Se pare ca se contaminează și la distanță prin aer	0	0	0
@makavelis @itmorar Ai dreptate, doar că, dacă așa privesc ei preotul, își merită soarta, mai grav mi se pare că nu iau autoritățile atitudine.	0	0	0
Acu-i acu coaiemeu ca daca imi bullshituii   locul prin exercitiile alea ce pula mea fac la incadrarea in modernism	1	0	0
ANAF e cu ochii pe voi.	0	0	0
O firma dintr-un sat din Giurgiu, care se ocupa de comertul cu amanuntul, vinde masti de protectie Guvernului cu 56 de milioane de lei	0	0	0
@ECiocu plm domnu` Ciocu, sunteti adult, asta e, va asumati consecintele deciziei	1	1	1
De ce nu a murit nimeni în România din cauza Coronavirusului? Cică nu rezistă deloc pe suprafețele cu pioceanic și/sau stafilococ auriu.	0	0	0
@LeroivAmis Deci nu se va îmgheța anul școlar!	0	0	0
@patrasconiu Sunteti amabil, dar da, e o problema serioasa. In alta ordine de idei, vad in biblioteca gratiuta a @Editura_Polirom mult accent pe Europa Centrala.	0	0	0
Kremlinul se ține de mesajul său de stabilitate și normalitate. Principala speranță a lui Putin se bazează pe răbdarea și indiferența populației; totuși, aceste „resurse” pot fi epuizate în câteva săptămâni.	0	0	0
din clanu sportivilor fiecare prinde câte o târfă o fute și o trimite la restu și prin primiri urgențe	1	0	0
@BXT_666 coaie pai ce sa vezi eu s asa de baiat in cat o dau mereu la pace pt ca nu prea si au rostu bataile simcer si sincer ce e asa de rau sa am pe cnv sa ma bazez in caz de orice? e asa de rau sa am prieteni pe care ma pot baza ?!??? baga ne am pula n gandirea ta de om prost	1	1	1
@Horia8Bogdan @itmorar Nu apucam doua luni așa. O sa se dea drumul pana la urma, oamenii rămân fără bani.	0	0	0
Bryan Cranston şi Aaron Paul donează în beneficiul barmanilor rămaşi fără slujbe din cauza pandemiei	0	0	0
Apel la Guvern si Ministerul Sanatatii: Nu transformati Iasiul si Moldova in Lombardia Romaniei	0	0	0
@angelorobitu @itmorar Sincer, eu. Mă uit pe geam afară, sunt 20 de grade, pomii înfloriți, o plăcere :)	0	0	0
@libertatea Cum poartă ăștia măști, nici nu știi cine dracu' te-mpușcă...	0	0	0
Am fost in primele linii,am luptat,am fost prezent... Ce,măăăă???	0	0	0
Pai și Johnazist-ul a sărbătorit nu comemorat morții de la Revoluția din 1989 Lucovid are mentor bun pula.n gura lor de gunoaie de dreapta 🤮 🖕	1	0	0
Spitalul "Toma Ciorbă", este full, azi 17.03.2020 pacienţii sunt direcţionaţi la Spitalul Ministerului Sănătăţii, deja sunt mai.mult de 15 pacienţi. Datele oficiale, nu corespund realitaţii.	0	0	0
@patrasconiu Da. Știu ce zici.	0	0	0
Vor sa dea bine in poza internationala : Uite si Romania a scos armata wow! aplauze. BS	0	0	0
@itmorar Programul a doua sansa pentru politicieni :))	0	0	0
@basarab84 Ei, da. Acum te superi că nu cred că spune băiatul ăla. As întrebă și de unde "in 5 ani". De ce nu în 3, 7, 1.. e firesc zic	0	0	0
Primarul orașului Mioveni, Ion Georgescu, afirmă că nu a fost consultat pe marginea acestei decizii și că i-a fost comunicată „pe linie ierarhică”, deși Spitalul Mioveni se află în subordinea administrației locale.	0	0	0
@hoseokspapanasi sa sti ca si eu boss. dau pe mute stanga dreapta fara numar, ca nu au astia nici 2 neuroni sa-i frece impreuna, se cearta ca la piata. critical thinking cine? n-o cunosc	0	0	0
@suspaharu @neamielualarau Ia mai lasă-mă cu spaniola asta de baltă! Mai spănește nu mi-o cârâit careva-n scăriță! Destul că-mi habla español în jumatea neturcească a filmelor pentru ajutători!!!	0	0	0
De ce plm scriu ăștia legat la hastag? #Plmnuintelgnimicdincezicacolo. Nu e mai simplu să pui _underline din ăsta între cuvinte?	1	1	3
Cel mai dur test pentru cei sănătoși este cel al plictiselii.	0	0	0
#JO2020 #Coronavirus: #CIO lucrează pentru organizarea Jocurilor Olimpice în iulie-august 2021 (presă)	0	0	0
Pandemia de #coronavirus ''ameninţă întreaga omenire'', afirmă ONU, care lansează un plan umanitar	0	0	0
30 de idei pentru a trece cu bine peste statul numai în casă	0	0	0
@looshoe plm, poti sa iei oricand de la un shoppingsau ce faci acasa. ideea e minimizarea riscului	0	0	0
@jksrat omg georgia ai facut 11k😳😳 de la 0 in doar 9 zile😳😳😳😳share your secret queen	0	0	0
@i0n1ca Asta e PSDist de mic si prost tot timpul @MoiseGuran	1	1	1
Simona Halep ia măsuri împotriva răspândirii coronavirusului!	0	0	0
Revin cu rugămintea să completați acest scurt chestionar. E despre scris și citit și orice răspuns ajută. Mulțumesc! 🙏	0	0	0
sincer mai bine mergeam de luni la scoala.... e panarama rau	0	0	0
@Keanure09611366 Frumoasa fotografie si destul de expresiva, draga domnule	0	0	0
@novlvt E dobitoc da-l in pula mea i-a facut ieri fratemeu scandal si doar s-a enervat el nu înțelege	1	1	1
CryEngine ajunge pe mobile	0	0	0
Iohannis anunta o rectificare bugetara extraordinara: E nevoie de bani pentru Sanatate si pentru somaj tehnic	0	0	0
Cercetătorii de la centrul OncoGen Timişoara au anunţat în ianuarie 2020 că lucrează la un antidot pentru noul coronavirus şi susţin că statul chinez s-a oferit mult mai repede decât autorităţile române să le finanţeze munca de cercetare.	0	0	0
@e_raluca @spuse si de au ascuns-o? ca sa imbolnaveasca planeta?	0	0	0
@yuzi_chahal @BhuviOfficial Are mere bhai ko bi masc lga de please	0	0	0
@teniescu Chiar asa ! Nu s-a specificat nicaieri care animale au voie sa iasa si care nu. Fiecare iese cu ce are, caine, pisica, hamster, peste, sarpe de cauciuc, ursulet de plus, gandac de bucatarie...	0	0	0
În Gara de Nord te ia vântul ca-n Siberia. Oamenii se feresc de semenii lor ca de leproși	0	0	0
@klau_buca @Adevarul Al dracu sobolan,ai limita de varsta?Tac'tu adolf n-avea problema asta😂😂😂	1	1	2
Noua generație Ford Kuga este disponibilă și în România: SUV-ul producătorului american …	0	0	0
am încercat sa l iert,sa i uit toate greșelile,sa ma prefac ca nu m a rănit niciodată,iar asta doare ca dracu...😖😢💔	0	0	0
dacă se anulează bacul și evaluarea națională fac revoltă	0	0	0
ULTIMA ORĂ Vodafone, Telekom, Orange acceptă să furnizeze... |	0	0	0
Prin urmare si-asa deci, nu e vorba despre greci! 😇	0	0	0
Președintele Iohannis: Rolul SRI este esenţial în contextul pandemiei de #coronavirus -	0	0	0
6 dimineata si eu acum mi-am terminat tema in plm. Urasc cursurile astea online	0	0	0
În contextul răspândirii COVID 19, Comisia Europeană face o serie de precizări referitoare la granturile H2020. Informații se gasesc la adresa	0	0	0
România putea sa faca ce era in interesul nost cu alea.	0	0	0
@MarmotaDeCampie @victore_1974 Ba da. Cursele spre Germania și dinspre  se zboară în continuare	0	0	0
Avertisment sumbru: Mii de de romani vor fi depistati zilnic cu coronavirus	0	0	0
#hartă Stadiul răspândirii epidemidei de coronavirus este monitorizat online.	0	0	0
@robertruss21 Nici de-a dracu nu intru!	0	0	0
Iesi in oras gandindu te ca arati chiar bine pana le vezi pe altele si ti fut tot fengshuiu stati dracu n casa	1	1	2
@TanarulD @emiltoma_av Iar testarea rapidă dă rezultate eronate, adică o persoana poate avea rezultatul testului negativ iar in fapt să fie pozitivă.	0	0	0
@DiarioTalCual Era la dracu drogat	1	1	1
Fotbal/#Coronavirus: Federaţia italiană vrea ca sezonul să meargă până la capăt, chiar şi în luna august	0	0	0
L-am întrebat dacă se simte bine.	0	0	0
Imagini postapocaliptice din incinta aeroportului Otopeni. Călătorii pot fi numărați pe degete. FOTO...	0	0	0
Retorica liderilor țărilor membre este confuză, inclusiv „greii” Angela Merkel și Emmanuel Macron nu au reușit să menționeze lupta comună a Europei în viziunile lor pentru combaterea virusului.	0	0	0
@Digi24_HD De ce nu le dați numele și poza? Ar fi cea mai bună metodă de a ne asigura că astfel de lucruri nu se mai întâmplă. Când o să-și vadă mutrele pe fiecare stâlp, ștanțate cu "WANTED", plus lumea pregătindu-și furcile, n-o să mai îndrăznească ticăloșia asta.	1	1	1
Îmi dădea cu virgulă că am dormit până la 9. Dar s-o schimbat ora. Plm...	0	0	0
@ManoliuValy @basarab84 Discutia era&gt;sist. de supraveghere in masa de la noi,  previzibil China devenise exemplul cu masuri sporite pe motivul infectia virus,la fel in toata Europa si US	0	0	0
sa vezi ce nu o sa scriu eu azi decat cat vreau si cat pot si cat am chef	0	0	0
Coronavirus: Sprijin financiar pentru bucureștenii din Sectorul 4 rămași fără venituri	0	0	0
@neamielualarau Eu am găsit abia pe 29. Ieri am verificat	0	0	0
cum plm sa te cheme mircea	1	1	3
Tragedie românească, în Franța! O șoferiță de TIR a murit strivită în cabină, în urma unui accident cumplit...	0	0	0
Ia mâna de pe față! Voi sa nu faceți ca ea! Adică, deloc, nu numa’ la mâna de pe față!	0	0	0
DECÂND CU CORONAVIRUS NU AM MAI SUPT NICI O PULA MIE DOR SĂ SUG PULA SÂNT MUISTĂ NUMĂRUL 1	1	0	0
@MoiseGuran Stiau foarte bine ca sistemul este prost, dar nu au făcut nimic. Era bine, treaba mergea, leafa buna, șpagă șpagă. Curgea la fiecare câte puțin, cinism pana la capăt. Nu este normal sa fie forțați sa muncească fără protecție, dar acum e prea târziu casa arde!	0	0	0
@hoseokspapanasi Universitatea mea a zis sa ne ducem dracu la cursuri	0	0	0
i-am zis - ți-au făcut multe referate  să te dea afară : nu-mi spune  că ai vorbit te-ai pus ăștia astea de la tomograf ?	0	0	0
Suge.m.ati de pulă trogloditilor, cum morții ma.mi voastre nu prelungiți dacă îmi expira buletinul asta se prelungește voi nu?	1	1	3
„Costache a dezertat!”	0	0	0
@AlexandraRusu08 Bună ești de pula!!! 😘😘😘😍😍😍	1	1	1
ehe ce vremuri😕	0	0	0
@victorciutacu Dar cu pupincurist, ca tine, cum ramane?	1	1	1
@anaxmno Scuze na vrut n-o ce sa fac asta e	0	0	0
Instagram-ul poate să combată răspândirea coronavirusului! Platforma online depistează în timp real suspecții de Covid-19...	0	0	0
@hoseokspapanasi DRACU SA I IA CA NU MAI POT DEJA	1	1	1
Piesa lui Adi Minune s-a dat până acum ?	0	0	0
Covid-19 a fost sigur inventat de o femeie: fotbalul este anulat, barurile și restaurantele sunt închise, cu amicii n-ai voie să te vezi, ești obligat să stai acasă cu soția…	0	0	0
@denis26_denise Postează,posteaza ca unele telefoane au mod silentios🤗🤣	0	0	0
Inainte de WWII Romania era invidia occidentului, cu toate problemele ce le aveam.	0	0	0
Bust,dacă se poate.	0	0	0
o persoana greu de suportat apare iar, cand totul era asa de promitator si minunat.	0	0	0
Bună dimineața draga mea! ☀️	0	0	0
Adunare religioasa de 10.000 de oameni, deși noul coronavirusul a făcut deja victime...	0	0	0
corectitudinea de a vorbi cu soarele	0	0	0
Doamne ajuta sa treaca mai repede 🙏🙏🙏	0	0	0
Românul care a fugit din carantină ca să-şi bată soacra a primit comenzi din toată țara!	0	0	0
@sergiuprt aha, Blindești. am mers să văd cum a început sezonul de irigare 😄	0	0	0
M-aș pricali dacă vaccinul contra coronavirus l-ar numi Kaspersky	0	0	0
@santaromica Pe dracu mă Romică, îți zic io, ie vina lu dragnia și a lu ciuma roșie 😉	0	0	0
Pandemia de #COVID19 afectează planurile NASA de a ajunge pe Lună	0	0	0
Stati acasa!	0	0	0
Cât e ceasul? 21.20... cred că au trecut de Stoenești...	0	0	0
@simovitty nu pot sa cred ca atâția oameni ți-au sărit in cap pentru ca ai spus adevarul gen, get a fucking grip...	0	0	0
@_PolitiaRomana_ La mulți ani! Și poate purtați masca aia că nu e accesoriu!	1	1	1
@ArianaGrande @NJOMZA @needypsychos ariana să-mi sugi pula means i love you in romanian!!	1	1	2
@Adevarul La ce salarii aveti va puteti cumpara o pereche de manusi in pula mea de cersetori, si alea de sudura sunt bune.. alea de spalat vase, alea de facut curatenie.. mergeti la sapat canale, mergeti la cules capsuni, acolo nu va trebuie masca	1	1	3
@Angellaa2018 Uhuuu...!! Mai ales că blondele sunt imune la ...virus ..!! Spuneau suedezi.😀😀😀	1	1	1
@ProTVTalent Andra cred ca va apăsa .	0	0	0
@RobertEVoicu Ăsta cred că e documentul că a fost discutat și în alte cercuri dar fiți atenți la datele de înregistrare	0	0	0
album nou Loffler si EP The Glitch Mob in aceeasi zi. ce sa vrei mai mult de la o vineri?	0	0	0
#KeysFin a lansat #KeysFinder, aplicație cu informații despre afacerile locale	0	0	0
-ah... dar în mod normal conversațiile merg mult mai bine în mintea noastră decât în realitate😅😐	0	0	0
România nu e București!	0	0	0
Te-ai dat de gol, ești din Ardeal! :)	0	0	0
În loc de acțiune, atunci când catadicsește a comunica ceva, Guvernul ne spune că deocamdată prioritatea unică este combaterea virusului iar după aceea se va ocupa și de altele. Ceea ce nu se însămânțează azi, nu are cum fi recoltat mâine.	0	0	0
dreaptaGuWernare? Bai, nu va SALVEAZA nici dracu, cu ei va ingropati amu de mana si @KlausIohannis chezasie!	0	0	0
Ministerul Mediului reclamă, marţi seară, posibile arderi necontrolate de deşeuri, în zona de sud a Bucureştiului şi anunţă că Garda Naţională de Mediu se deplasează în zonă. SI CE LATURI A TREBUIT SA SUPORTE FIREA PT.ACEASTA AFIRMATIE! ALEXE,UN PORC GALBEN!	1	1	1
Acum această Republică e foarte rea, rea pentru că mi-a distrus de multe ori viața fără nici un reproș!	0	0	0
Gradul de mortalitate la mine e de 13.7% , din cauza ca am probleme cardiovasculare.. well shit. Cand le spuneam oamenilor de atacurile mele de panica si ca pot sa fac infarct în orice secundă, au inceput sa-si bată joc de mine.  Hai ca radeti voi dupa ce ma duc.	0	0	0
“mi-a trebuit mie, iubire, de la necunoscută, băga-mi-aș pula-n morții ei”	1	1	1
Se spune că nu e bine să uiţi de unde ai plecat.	0	0	0
Îndrăzneala de a trăi peste 65 ani este infracțiune sancționată cu condamnarea la moarte!	0	0	0
EU alocă 38 de milioane de euro în regim de urgență către Albania🇦🇱, Bosnia și Herțegovina🇧🇦, Kosovo🇽🇰 , Muntenegru🇲🇪, Macedonia de Nord🇲🇰 și Serbia🇷🇸, ca sprijin pentru lupta împotriva COVID-19.	0	0	0
aia de mate mi a dat sa fac 50 de exerciții pana luni pai dracu le mai face ca eu îmi bag picioarele	1	1	1
@PleuAlexandru4 La asta m-am gandit si eu zilele trecute	0	0	0
@RFI_Romania 2.    Noi, cei altii luam notite, ne	0	0	0
Resurse pentru lucrul de acasă - Lumea SEO PPC	0	0	0
E nenorocire cu ăștia care folosesc cuvinte doar pentru că le place să se audă.	1	1	2
@bebitabonita12 Mai ce piciorușe  ai? 💋🍓👌	0	0	0
@PleuAlexandru4 Total de acord,e adevarul. Un adevar urat insa.	1	1	1
@dumycri Ar trebui sa auda in special cei cu mUE in suflet...noi stiam asta; e "grele" sa te pui cu prostii...	1	1	1
6 sfaturi pentru siguranta pe internet in 2019	0	0	0
@danpopa60 ...da ca EL e foarte aproape de noi...după cum se pare nea cam abandonat ..sau in cel mai bun caz  se uita in cu totul alta parte ...	0	0	0
Militia, inima tarii, care bate, bate, bate...	1	1	1
@cheng_staar profa de engleza deja a zis ca ii e scarba de noi iti dai seama sa stea cu noi pe webcam o ora? se duce dracu	0	0	0
#Coronavirus: Organizaţia Mondială a Sănătăţii salută ''sacrificiul'' organizatorilor Jocurilor Olimpice de la Tokyo	0	0	0
Decizia vine la doar o zi după ce oficialul a anunțat că întreaga populație a Bucureștiului va fi testată împotriva coronavirusului	0	0	0
KEYSFIN anunță lansarea aplicației MOBILE KEYSFINDER, cea mai complexă sursă de informații gratuite despre business-urile românești	0	0	0
Patriarhul României recomandă grijă la sănătatea psihică, acasă. Maica Domnului poate fi de mare ajutor -	0	0	0
@ValentinNebune1 @MihaiHristea Și pentru că DNA, justiție, chestii dintr-astea nesemnificative 😉	0	0	0
7 rețete ușoare pe care să le faci în izolare cu resturile din frigider	0	0	0
@bitatgjiu70 Eu nu. Îmi pare rău că totul e foarte strict, în rest nu mă deranjează carantina	0	0	0
Inchiderea țării ne face mai mult rău decât bine,si nu e deloc sigur că va da rezult scontate.	0	0	0
ziua la Tipova noaptea Durak	0	0	0
Foarte rosie si sigur cu ochii albastri	0	0	0
@LauraIonescu4 As incepe cu a ta sa o ling dupa restul 😁	0	0	0
Ciolacu: Toţi parlamentarii PSD vor dona 50% din indemnizaţii pentru achiziţia de echipamente medicale	0	0	0
Se pare ca au iesit peste tot mancatorii de 💩 de serviciu. Acum ii aud cum nu a a explicat KI ce se intampla cu starea de urgenta. Da- le dracu	1	1	1
@ioenigma @AdyinaS Nemții merge la grădina zoologica, in parcuri la picnic, motiv pentru care Merkel vrea sa înăsprească legile. Oamenii nu înțeleg sau iau in derâdere toată situația.	0	0	0
Gata cu stadioanele, barurile, cîrciumile s-au închis, din casă n-o să mai poți ieși, să mergi la o băută cu prietenii.  Ce altceva poate să mai facă un bărbat, decât să stea lângă femeie?!	0	0	0
@ATEEZofficial da pe pula sksjshsh eu mereu folosesc asa cum mi se dau, schimb doar presiunea cred ???????	0	0	0
Tot ce voiam sa vad cum intru pe tw	0	0	0
Mai există un dobitoc care compară gripa "spaniolă" cu COVID-19: Trump. N-ai cum, n-ai cu cine.	1	0	0
UNTRR solicită Guvernului  excluderea șoferilor profesioniști de la aplicarea Ordonanței militare nr.3/24.03.2020	0	0	0
@CloneSandman Cica si un mos de 77 de ani care cauta pokemoni!	0	0	0
cred ca stim cu totii ca infiferent de intrebari raspunsul e jaehyun.	0	0	0
Când voi fi mare, vreau să mă fac descifratoare de facturi CEZ.	0	0	0
@keyboardriot dau cu gel dezinfectant și se freacă la păsă!	1	1	1
@mitzuuYT @TeamYouTube @ytcreators @Fwiz @mitzuuYT Eu mereu am dat de problema asta cu notificarile pe ytb.. totusi intru pe aproape orice live pe care il faci daca imi apare pe homepage pe ytb. O solutie ar fi sa iti faci un server de discord unde sa se trimita notificari cand faci live daca nu ai deja.	0	0	0
@RFboris @Cernat_Catalin Sa mor daca nu esti comoara national bai boris :)))	1	1	1
@i0n1ca @emiltoma_av Si cât de curând urmează furnizorii de piese si componente. Că nu mai ai cui să vinzi.	0	0	0
Asistenta al carei sot a murit in Suceava, unde nu sunt nici acum echipamente: Vom muri pe capete. Romania, trezeste-te!	0	0	0
@CloneSandman Ți-am zis, ăștia de la Digimentionau de documentul datat Ianuarie, bănuiesc că prostii nu citau surse PSD.	0	0	0
Sunt tare curios să vă aflu părerile.	0	0	0
@emiltoma_av Va apărea și la tv cum li se râde agenților în față cu hârtia în mână. Îi doare-n pulă, se duc la Carrefour pentru că se plictisesc în casă!	1	1	1
@severvoinescu @RobertEVoicu stirea cu Lidl si Kauf e o mare teapa si ar trebui sa le fie rusine pt cum au formulat-o. Defapt ce au donat " Retailerii donează 100.000 bucăți recoltoare pentru exudat nazal și faringian/ mediu transport viral necesare pentru realizarea testelor de diagnostic molecular" !!!	0	0	0
Dosarul „Masca”. Un nume greu din România și contractul dubios de 11,5 mil. Euro cu statul	0	0	0
1.029 de persoane confirmate cu virusul COVID-19 în România	0	0	0
@victorciutacu Eu am o alta dilema !...:: se poate demisiona din calitatea de CETATZEAN !?🤣🤣🤣🤣🤣🤣🤣	0	0	0
mama ce naiba ai facut cu oalele mele de teflon ca nu le gasesc	0	0	0
Conținutul este demn de nume și se adresează unora asemenea.	0	0	0
#JO2020 #Gimnastica/#Coronavirus: Oksana #Susovitina îşi amână retragerea pentru a participa la Jocurile Olimpice în 2021	0	0	0
Incep sa ma obișnuiesc cu viata fara piese lego prin living.	0	0	0
Îs curios câți s-au reapucat de fumat în perioada de (auto)izolare. Cred că e o statistică interesantă de făcut peste o lună, două. Nu?	0	0	0
@Teo578 @basarab84 Cum dracu a ajuns asta fix la Campul Lung Muscel, cand ea de origini e de prin Hundeoara, am lucrat cu ea pe la R21 inainte sa plece la PROstTV.	1	1	1
Adrian Stanciu: Trei teme de reflecție, în vremuri de incertitudine  #Bizromania	0	0	0
DJ-ul și producătorul sud african Black Coffee va mixa live mâine din propria locuință pe platforma Twitch de la 6PM (ora României), numai bine pentru a intra cum se cuvine în atmosfera de weekend!	0	0	0
O invitație la calm	0	0	0
@La_cuentarojamx SĂ SATI BAG PULA ÎN GAT	1	1	1
@ailioiu @ipostaze nu-mi stă în obicei să fac asta.	0	0	0
pula.n gura ta 11 ani lucrați peste limita legala de pensionare însemna 11%și 50%din creșterea salariului cadrelor în activitate am rămas cu rata inflației suge.mi.ati pula toți parlamentarii	1	1	2
@fromjkwithluv Nush ce plm ai zis dar mi se pare emoționant	1	1	1
@pinguuina Oricum era prea târziu. Următoarea zi am văzut anunț asemănător pentru 50euro în Italia.	0	0	0
Chiar nu nu putem inteleg asta? Sunt chestii simple	0	0	0
@Dan_Tanasa Surse oficiale înseamnă știri cenzurate. Știrile care spun că virusul nu e chiar așa de grav sunt considerat fake, iar cele care spun „virus ucigaș” sunt ok. Și mai ziceam de comunism...!	0	0	0
@keyboardriot @Gabriela_1870 Sunt aproape convins că este o traducere proastă ceea ce au făcut cei de la Hotnews în articol.	0	0	0
@CloneSandman @Doctoru_Andy Lăsați că are grija Tolontan de libertatea presei!	0	0	0
Cine are clipuri sau poze când se fute sa mi le trimită in privat	1	1	3
#TrueStoryProject continuă seria de analize originale în care criza coronavirusului este analizată în profunzime cu un articol scris de Mălina Mândruțescu, masterandă în terorism și violență politică la University of St Andrews.	0	0	0
A răspuns provocării	0	0	0
#COVID-19 #Coronavirus #StaiAcasa #VaFiBine	0	0	0
Ignorați @-ul poate îl voi schimba cu unul mai puțin clapped într-o zi	0	0	0
@lavinia38122605 Dementiala! Numai buna de dezmierdat!	0	0	0
Cand iti spune “faci cum crezi”, sa nu te puna dracu’ sa faci cum crezi :)))	1	1	1
Moara cu vorbe a lui Moș Călifar : Despre prostia "influencer"-ului pe timp de criza ...	0	0	0
@Adevarul si la ce pula mea ne intereseaza pe noi???	1	0	0
Iepurele mai mult alearga #concursdeproverbefake	0	0	0
@keyboardriot Nuu! Chiar trebuie să-i dorim sănătate multă ca să poată lua cu executare și agravante!	0	0	0
@ingerisidemoni Pai la ce lot olimpic a revenit în țară, cineva trebuie sa bage frica in ei!Prin cartier era promenada până să apară primul Humve azi. Și chiar sunt selectivi, au ochi pentru aia care trebuie opriți.	0	0	0
@chainedrebel a ieșit de sub tejghea, acolo obișnuiesc babele să cuibărească	1	0	0
@CosminMCraciun De curiozitate, cu ce companie ai zburat? Nevasta trebuia sa vina acasa dar i-au anulat zborul pentru minim 30 de zile...	0	0	0
Tudor Chirilă, strigăt disperat de ajutor: „Ei nu mai au din ce trăi”. Solicitarea de ULTIMA ORĂ de la stat pentru artişti...	0	0	0
Trebuie să-i protejăm pe ceilalți și pe noi!!Dacă era să ascultăm de Guvern atunci avea să evităm acest virus de tip nou!Virusul de tip nou nu a apărut în China,ci doar în Europa(Italia,Olanda,România,Republica Moldova).Nu cred că e așa de grav cum pare!Evitați contactul cu pers.	0	0	0
Vremurile grele întotdeauna îți vor arată cine îți e prieten cu adevarat.	0	0	0
@denis26_denise E ușor să facă doar ce vrea pentru că are justiția pusă în slujba,,normalității lui".	0	0	0
@piticu21 Exact. 60k in SUA, in doar 5.5 luni. Acum, daca ti-as spune ca aia au fost dintre 800k de infectați cum ai reactiona? Sau daca ar trebui sa ii incinerezi pe toti si s-ar face coada?	0	0	0
Iulian Bulai (USR): Moldova trebuie testată întâi, nu Bucureştiul! Riscăm să devenim Lombardia României!	0	0	0
Cine ar fi prevăzut o criză mondială care va scoate la lumină importanța personalului medical, din educație, cercetare și a personalului ”unskilled” din comerț, transport și curierat?	0	0	0
@JeanTheo14 Rahat cu perje ... ce dracu vrei sa se strice in mancare de azi, mai ales semipreparate? 😂	1	1	1
2008 făptuitor .. “ are dreptate looseru avocatu lui !!!! ați fost la vrăjitoare !!! da cum faci domne !?!?! “	1	1	2
Pentru flacara geamana	0	0	0
@EstheticDoes Ba e buna maneau da NU IN PULA MEA INTRE BLOCURI LA 11 NOAPTEA CU BOXE DE MASINA SI CAINI IN FUNDAL	1	1	3
@ZoliBara Te ai pishat pe ea ce cretina bravo Zoli !	1	1	1
GabryIonesc2 @santaromica La aceeași cârciumă era atașat și un club în care în sâmbăta respectivă au avut petrecere cu chinezi, iar a doua zi cu italieni. Ia ghici: omul nostru, cu toate măsurile de protecție pe care putea să le ia la muncă, tot s-a infectat. Așa că dă-l în plm de idiot!	1	1	1
@subiectiv Niciodată.	0	0	0
@DeinteresOrg Libertatea de a fi prost nu este aceeași cu libertatea de a fi civilizat	0	0	0
„Stați acasă, spălați-vă pe mîini...” Da' pe chept, pe chicere, pe cur și pe șele cu apă rece ca gheața să ne spălăm e sănătos, bă pulă, bă!!!	1	1	3
@03innerchild Și asai? De ce plm trese mă suni sa-mi iei din timp și energie?	1	1	1
.Asta tot repeta. Pe bune crede cineva ca TOTI romani pot sa stea asa la cutiuta,sa aiba interzis la parcuri,chiar si munte/mare?	0	0	0
@e_raluca @Digi24_HD 3205. o cifră de duminică. ar însemna până în 200 de teste / zi. adică aproape nimic comparat cu zecile de mii de oameni care au venit în aceeași perioadă din zone de risc.	0	0	0
Italia:„Încă o dată, cea mai mare solidaritate și contribuție provine din țările socialiste.Și asta în timp ce UE este complet dezorganizată în fața acestei situații de urgență (până la punctul de a nu avea o politică comună în această privință) și nu face aproape nimic serios.	0	0	0
@MarmotaDeCampie Pai nu ziceam de internet. De cele mai multe ori nu deschid eu discutia...	0	0	0
@KpopLover1970 @btsromaniateam @BTS_twt Mulțumesc pentru comedii💜 Chiar am nevoie de una dupa Mariage Contract 😭😭	0	0	0
Pulă ăsta de Guran e vârful ipocriziei liberale!!! N-am văzut  curvă mai mare, băga-l-aș de unde-a ieșit „prin el însuși”...	1	1	1
Să vedeți cazuri în SUA de mâine încolo. Ș-au luat 500.000 de teste. Și noi avem tot așa, dar fără ”000”. 500/zi.	0	0	0
Asta e fratele meu care lam iubit adevarat	0	0	0
Stai acasă şi rămâi în siguranţă. Astăzi mergem mai departe fără a conduce.	0	0	0
1.029 de cazuri de persoane infectate cu virusul COVID – 19	0	0	0
@RemusStefan72 Ce-i drept... aseară am avut și eu tendința sa bag nitro când am văzut ca sunt singura pe drumurile orașului 🤭😂😂😂	0	0	0
Romanul merge la alegeri,nupentru a avea pecineva care sa-lreprezinte inadministratieci,pentru a avea pecine injura dupa aceea!In marea noastra majoritate,suntem atat lipsiti deconstiinta sociala,cat side constienta,incapabili dea analiza ceva side avedea efectele faptelor intimp	0	0	0
@balarii Nu pot pleca, am creditul la ei ...	0	0	0
Sper ca lucrurile să revină repede la normal și să le putem oferi suporterilor bucuria promovării! - Pol Roige⁣	0	0	0
Daca nu vedem dimensiunea dezastrului,atunci avem o probl	0	0	0
Un pacient transferat de la Spitalul Județean Suceava la Spitalul de Arși din Capitală a fost depistat pozitiv la coronavirus. 28 de persoane de contact sunt cadre medicale	0	0	0
@beebee2345 Chiar ca. Să rămână dracu acolo sa nu mai răspândească boala	1	1	3
ULTIMA ORĂ Vodafone, Telekom, Orange acceptă să furnizeze autorităților date despre locul unde se află utilizatorii, în contextul pandemiei	0	0	0
Apel urgent transmis de peste 40 de medici și cercetătorii Ad Astra: Testarea rapidă a populației să se facă și prin teste IgG/IgM și antigen	0	0	0
#Enel își asigură toți angajații împotriva #Covid-19	0	0	0
Am fost o fuga la Carrefour...ce dracu s-a intamplat cu preturile, s-au virusat si ele, sau ce?!	1	0	0
@daninhodj Ai uitat că ți se zice Daninho, nu Victor Babeș :)))	0	0	0
Victor Costache... Iasi... Emilian Eva... PNL...	0	0	0
Săptămâna trecută s-a înregistrat un nivel #record de #exploatare a pădurii. S-au efectuat oficial 79965 de transporturi. Și tot oficial, din #InventarulForestierNațional, se știe că pe lângă fiecare arbore doborât legal, un altul cade tăiat #ilegal.	0	0	0
@i0n1ca La banii ăia sterilizează la fel ca scuipatul meu.😂	1	0	0
gen taci dracu odată ca nu ești tu mare doctorița sau om de știință. stai in băncuța ta ca ai abia 15 ani și tu te chinui sa nu rămâi corigenta la peste 5 materii	1	1	1
Al meu e Best Market, îs vreo 4 prin București.	0	0	0
@ciprian_marica se baga si el ca musca in curul calului Marica se revoltă din cauza vaccinului împotriva coronavirusului: „Noi avem fețe de cobai?” Stai in PLM in banca ta.	1	1	1
@denis26_denise Încet asa, când te vezi încolțit, Vedeti ce buna e Uniunea Europeană? Vroiau sclavi nu parteneri!	0	0	0
1+1gratis...Ofertă valabilă pentru livrari!!	0	0	0
#DocumentarAGERPRES UN SECOL DE CULTURĂ: Romanul de debut al scriitorului F. Scott Fitzgerald, "This Side of Paradise" -	0	0	0
8 rochii comode sub 300 lei  Inspiră-te din selecția noastră de rochii pentru a fi stylish chiar și atunci ... O rochie mini, în carouri, cu mâneci bufante, nu mai are nevoie de alte ...	0	0	0
@SorinGrumazescu @itmorar @victore_1974 Legi de 2 bani se dau de 30 de ani, cu ce e asta mai speciala? Și încă nu e lege..	0	0	0
Mai du'te'n plm si veziti de nas!	1	1	1
@i0n1ca Ravagii :))) click bait foamea la tolontan	0	0	0
Bani care vor fi ”pompați” în proprietatea unei ”entități” străine, fie ea și US Army!	0	0	0
M-am simțit bine și în această dimineață!	0	0	0
Jurnal de carantină: Cum fac cu apa în perioada asta	0	0	0
@yifanclit Miru ce dracu iesi de acolo	1	1	1
Mă bucur când văd animale la oraș, altele decât oamenii.	1	1	2
@denis26_denise Dacă tot lucrezi pentru guvern, nu ne dai și măști ?	0	0	0
@vitamine_tae hahaha racism ce funny is astia c🐑 esti roman date dreq navem străzi și dezinfectant in spitale da te iei de ei care sunt top 5 ca puteri economice plm telefonul tau e coreean/chinez și e mai destept ca tn	1	1	3
bai ce pula mea nu înțelegeți sa stai in casa?	1	1	2
Canal +, postul francez criptat, a anunțat că, pe perioada pandemiei, va oferi acces la emisiunile sale  pentru toată lumea. Bravo!  @canalplus !	0	0	0
@PawYeontan Mi se pare ff useless si durea m ar pe mn capul ce simtea el probabil si o durere in pl 😂	1	0	0
@NeacsuRmn Noi am prins si comunismul,vremuri de restriste,dar cum sa faci sa inteleaga un tanar,ca viata lor,de pana acum nu va mai exista;Ca nu-si vor mai petreze zilele alaturi de prieteni,nu vor exista vizite,aniversari,distractii	0	0	0
trb sa faca ea poza cu tine nu tu cu ea	0	0	0
Care naiba e treaba cu Defenderul ăla?  E ceva real pe acolo?	0	0	0
Practic, de mîine, sîntem arestați la domiciliu, pentru cel puțin 15 zile. Așa că, adio poze cu portul și corăbiile :)	0	0	0
NESIMTIRE CAT INCAPE: FLUTUR - Gheorghe Flutur figurează internat la Boli Infecțioase, dar stă singur într-un salon de la Chirurgie -	0	0	0
Modificare de ultimă oră: S-a schimbat modelul de ‘Declarație pe propria răspundere’ ce trebuie arătat organelor de ordine	0	0	0
@GooglePlay @LeagueOfLegends @TFT @riotgames Sa ma sujeti de pula de prosti, NICI NU POT SA INSTALEZ JOCUL VOSTRU DE 70MB din cauza unui procesor ca cica nu e pe 64 de sâmburi x64	1	1	2
Vom vedea românii pe balcon, cu ceafa de porc pe grătar !	0	0	0
@hoseokspapanasi pe mine ma relaxeaza daca joc in continuu ca le stiu ce hot dog vor si e super satisfying	0	0	0
Niciodată n-am ajuns așa devreme la birou ca în zilele astea când lucrez de acasă.	0	0	0
Cate teme sa tot faci la 7 ani? Cat youtube? Cat sa citesti? Cat lego sa construiesti? Cat nu te supara frate? Cate forturi? Aparent mult mai putin decat scandal. Poti sa faci enorm de mult scandal. Mult mai mult.	0	0	0
@vitamine_tae Pe puțin 2 saptamani. Am bunicii acolo și situația e nasoala	0	0	0
@petria Cuba? Nu ma mir, unul dintre cele mai bune sisteme medicale, lideri in medicina experimentala si epidemiologie din lume. Da, da .. Cuba aia comunista! :)	0	0	0
Ghiorghidiule unde esti tati ca mi-e un dor de tine	0	0	0
Marketing online poate să facă oricine. La un moment dat , firma ta are sute de opţiuni pentru desfăşurarea unei campanii de marketing. Totul depinde de alegerile făcute.	0	0	0
@CloneSandman Mai ales că, este conștient că nu poți spune chiar totul pe sticlă....dar deh, speculează momente	0	0	0
@vmacity pe mama au lasat-o acasa pana pe 23 ca mna lucreaza la cresa, da io la mall ... pula	1	0	0
@MarmotaDeCampie @cristinadobre Izolarea ajuta cel mai bine sa limitezi răspândirea rapida a infectiilor	0	0	0
@mika_stef Nu știu nimic despre aia. Nu ma uit la tv și n-am nici Facebook. :)Dar te cred pe cuvânt. :))	0	0	0
@CloneSandman Si nu numai fierea...nici NickEasy nu mai scoate ciocul marele candidat.  Jivinele cand e groasa la curul lor se trag in vizuina.	1	1	2
Daca vrei pe seniori sa ii protejezi,3 luni stop economia!Ei sa stea in casa si la fel cam toata lumea 🥺	0	0	0
Update: toate aglomerarile urbane. Oare vor termina inainte de EURO 2021?	0	0	0
@Alien_draft @MihaiHristea Cu masca fara masca, afacerea marca PNL	0	0	0
Bună asta! Confort și...disconfort 😀	0	0	0
#BreakingNewsAGERPRES Iohannis: Guvernul e pregătit ca mâine să dea OUG care permite amânarea plăţii ratelor la bancă	0	0	0
@DacianSoros A, credeam că în seara asta. Nevermind.	0	0	0
Toate organizatiile diasporei sunt niste făcături. Nu reprezinta pe nimeni. Au primit o caruta de bani pt presupuse activitati si pt a influienta rezultatele alegerilor.	0	0	0
@alinagorghiu Esti o inculta,inchideti dracului Molurile	1	1	1
mai bine ma intrebi intunericul cui incearca ceva	0	0	0
@jsalaxy pentru că Jisung mătură cu tine pe jos în outfitul ăla	1	1	1
@Horia8Bogdan Ăsta e știre pt telespectatorii Antena 3 cu tot doctor.	0	0	0
@DacianSoros Atenție, Arafat e foarte răzbunător!	1	1	1
@cristinadobre @TintaVasile Lasa-i in pace pe astia cu steaguri UE si SUA..sa vezi peste câțiva ani cand SUA va fi pe față ostila estului prea alb, nedivers și când o să desemneze Romania stat terorist "white supremacist".	0	0	0
Cum dracu se face că atunci când luați șpagă sunteți sănătoși tun, iar când va arestează, intră în voi toate bolile din lume?	1	1	2
@nwradu Ce faceai daca nu aveai imprimanta?	0	0	0
@denis26_denise La fel a fost și la ultima comunicare cu închiderea restaurantelor, dimineața era zvonul(draf-ul), iar seara împreună le analizam reacția emoțională!Vedem deseară ce comentăm!	0	0	0
Instalarea unui spital modular de izolare și tratament la Constanța	0	0	0
De luni trebuia încep munca la un nou loc de muncă.	0	0	0
” #NATO are mai multe operatiuni in derulare, iar #Romania e unul dintre beneficiarii unui program strategic.”	0	0	0
@SamsungRomania Daca vreti televizoare cu defecte ascunse de fabricatie care se manifesta dupa expirarea garantiei, cumparati cu incredere Samsung.	0	0	0
Recunoașteți că era mult mai palpitant dacă virusul ăsta transforma oamenii în zombie...:))))	0	0	0
@DianaWdr extrem de prost, cu gafe, bîlbîieli...nu înțelege ce trebuie să transmită...	1	1	1
@laylow1948 @DeeGoesLive Este adevarat ce spui, dar am uitat sa mentionez ca vreau sa imi iau un monitor pe 1440p cu 144hz. Puteam sa raman la ce am 16 de ram, 8700K-1080p,144hz, schimbam placa video si imi luam monitorul de 1440p. Dar vreau sa vad cum merge un AMD. Sunt cu Intel de cand ma stiu.	0	0	0
@Cococori5 Buna, am 28 de ani, ma primiti alaturi de voi pentru o experiență noua? 🤗	0	0	0
#România transportă 45 de tone de echipamente medicale din Coreea de Sud cu un Boeing C17 Globemaster din flota @NATO.	0	0	0
Nu vad nici explicatiile lor argumentate-STIINTIFIC nu povesti "ca se poate ca" virusul vara asta sa....fie asa si asa, BS, lasati-ma,la propaganda sunt toti buni si ipoteze, ipoteza nu e fapt sau adevar stiintific	0	0	0
„Domnul Tătaru va trebui să ia urgent toate măsurile necesare pentru combaterea epidemiei de coronavirus”	0	0	0
@alexgurdila Nu eu zic, asta scrie pe asfalt 😅	0	0	0
#Coronavirus: Ungaria şi România vor redeschide frontiera comună pentru navetişti (MTI)	0	0	0
@NicuMARIN9 Ești pe aproape ..!! Nu Rusia este doar spectator ...nu participant ..!! China a inițiat ...Italia a continuat cam mult ce-i drept ..și se întinde până Globaliștii progresiști sunt ...gata..!! Terra va trece prin transformări..	0	0	0
De ce nimeni nu se daibeste de codul testerilor?	0	0	0
BMW îşi redefineşte prezenţa în segmentul compact cu noile BMW Seria 1 şi Seria 2 Gran Coupé	0	0	0
Voi stați pe salarii de 20.000 euro/lună iar China pube umărul la treabă în #ItalyCoronavirus #SpainCoronavirus #SerbiaCoronavirus	0	0	0
@geo_ginger @itmorar Hârtia de copt este cerată... filtrul de cafea merge. Ne adaptăm	0	0	0
Măcar să apreciem că n-o vedem pe Greta Thunberg schimonosită ca toți dracii. Coronavirusul e eco.	1	1	2
Dinu Roxana dinții ei strâmbi cariați de maimuțică ..	0	0	0
Comanda sa vezi despre ce este vorba!	0	0	0
@diana_umm @itmorar Când am zis Cuca macaii, chiar e Cuca macaii. E la 40 km de Buzău printre dealuri.	0	0	0
Puneţi cât mai puţin mâna pe BANI! După China, şi Rusia vrea să OPREASCĂ RECIRCULAREA BANILOR	0	0	0
@Rafan4ever1 Nu-s presupuneri, pentru că nu am scris ce se va întâmpla cu siguranță, ci lucruri care vor fi afectate cu siguranță.	0	0	0
Pentru a veni in sprijinul parintilor, astazi avem reduceri la toate cartile pentru copii si la toate jocurile.	0	0	0
@hopelessully eu nu mai stau chiulesc de la mate🥴🥴🥴HAHA TU FACI MATE . DA BINE VIN PANA LA BAIE	0	0	0
Meritați să vă lovească Covid-ul si să ardeți in crematoriu.	1	1	2
Câta cruzime sa existe in lumea asta ???😤😤😤🤬🤬🤬🤬🤬😤😤😤😤....ăștia nu sunt oameni 😤😤😤🤬🤬🤬	0	0	0
Degeaba 😈 #coronavirus #corupție	0	0	0
Dar tu basisti le de preda cum morții mă.ti ai scăpat nu ai crăpat încă	1	1	1
Imi zice si mie cineva ce plm se intampla acum in Parlament ?	1	1	3
Ştii că e îngrijorată atunci când simţi că se bucură când ajungi acasă,că se întristează atunci când pleci.	0	0	0
@fromjkwithluv poate asa mai creste iarba ca e cam uscata	0	0	0
@revuwution Guriță, tu ești, mă? De ce superi lumea pe interneți?	0	0	0
@piticu21 😂😂😂😂 serios!Suntem in beznă! #dupablocurilegri	0	0	0
Criza coronavirusului. MAE solicită autorităților ungare deschiderea suplimentară a punctelor de trecere a frontierei de la Borș, Cenad și Nădlac 1...	0	0	0
@lyanswerlm Ce pula meaaa	0	0	0
presupunand ca e oke si nu mi iau amenda, cum fac sa nu afle mama ca vreau sa mi cumpar o consola de jocuri ca e mai ieftin cu mai bine de €100 aici decat in olanda in conditiile in care sta in carantina cu mine 🤡	0	0	0
@ailel4 Cât de mult mi-a plăcut în adolescență cartea. Mulțumesc pentru reamintirea ei. O să o recitesc zilele astea, de data asta cu ochelari.	0	0	0
ma astept ca atunci cand dai share in fiecare zi la postari cu 'stati acasa' ca si tu sa stai acasa si sa nu mergi cu iubi la starbucks sa bei cafea @proasta dracu care esti	1	0	0
Băga-ți-aș pula în inimă , ca să mă ai la suflet	1	1	3
@sopeprotector Nici eu n-aș fi crezut că o să mă uit la vreun serial cu 3 luni înainte de bac lmao xjsjs but here we are 😳	0	0	0
@trueroobert Când ma pis pe manele se inundă țara. Va iau țiganii in pula fara supărare\nDa ascult Ombladon de vreo 9 ani, mai exact de la 10 ani cand am aflat si eu ce e muzica adevărata	1	1	1
@MarmotaDeCampie @RaduV84 Nu ți-e îți era adresat tweetul Alex. Scuze de confuzie.	0	0	0
@RobertEVoicu Doar Fasting ca să văd dacă funcționează. Și ghici ce! Dacă lași o pauză mare între cină și mi - dejun, ies minuni!	0	0	0
Simplu si usor! Tu stai acasa, intri pe Uber Eats, comanzi si Clatitele Hazlii vin si la Tine!	0	0	0
VIDEO: Polițiștii patrulează străzile pustii din Alba Iulia. Populația, îndemnată prin semnale sonore să rămână în casă	0	0	0
vorbeste despre digitalizare. ca doar asta e important acum	0	0	0
Gogomania asta era prea mare. Si in vreme de razboi -corona,nitica ratiune,totusi	0	0	0
Cele trei secrete către Paradisul tău cu Anita Moorjani	0	0	0
@ECiocu Furnizorul meu de cablu a dat pachetul sport gratis pe perioada carantinei. Am 15 canale de sport.	0	0	0
@AndreiCismaru :))) are afinitati la chestiile de peste 100	0	0	0
@mohneaaa cineva trebuia sa o zica	0	0	0
nu pot sa le urez decat multa muie oamenilor de la ANAF.	1	1	1
@Costindte Mare portul Agigea, este comercial?	0	0	0
de ce e mai multa lume afara decat inainte..	0	0	0
@JammiCho Buna anca. Conform Institului National de sanatate USA - pubmed, informatie oficiala, statul la soare si la aer ajuta in ameliorarea infectiei cauzate de coronavirus. Va rog sa im scrieti un mesaj pt a va trimite toata documentatia.	0	0	0
@alexmanoiu1 @stirbei Eu sunt bucureștean dar nu arunc cu d'astea :)	0	0	0
@OanaReveica Are dosar cu șină?	0	0	0
Gata! Am strâns toate acele de la bradul de Crăciun. Cu 9 luni mai repede.	0	0	0
@DacianSoros Nu ai auzit de frății micula ?😤🤬	0	0	0
Nu merge coaie un plic de nes la un ditamai borcanu de lapte ce pula mea nu intelege	1	0	0
@PleuAlexandru4 Cu mare drag va doresc o zi frumoasa!	0	0	0
@unknown_ro_ @CorinaCg3 De la un coleg care stă prin zonă.	0	0	0
@DacoRex @CristianMates E bine ca-s politicienii bine! Ma ingrijoram ca nu are cine fura dupa virus	0	0	0
Au facut olandezii o aplicatie, daca ai simptome de corona, 50 de oameni specializati sunt acolo cu sfaturi/indicatii. Momentan e in beta, o s-o transmita la toata spitalele curand.	0	0	0
@libertatea Putin e deja în adăpostu' prezidențial antiatomic...	0	0	0
Cirlig Costel Relu “ d-alea ieftine !!!! “ vorbea că le-a băgat bani în buzunare tomografului la asistenți și asistente - 500 ( 50 roni ) lu’ aia acolo , îți dădeam și ție 250	0	0	0
RUSIA IA MĂSURI APOCALIPTICE. Vezi ce PREGĂTIRI URIAŞE face Vladimir Putin	0	0	0
@itmorar daaa. e frumos rău. cred că un tur ciclist al unei țări este cea mai frumoasă idee sportivă. poate jocurile olimpice să depășească simbolistica. istorie, turism, marketing.	0	0	0
@rzvn_ E un soi de “Actualitatea la zi “! (RockFm, la MorningGlory)	0	0	0
#Tenis: #Djokovic regretă amânarea JO de la Tokyo, însă consideră că decizia este ''corectă''	0	0	0
@CatallinM @sorana_cirstea Tu nu ai inteles. Care e baiu, a anuntat pe twitter, care naiba e problema? Lumea arde si problema e ca s a anuntat pe twitter amanarea unui turneu care are loc peste luni, nu zile...probleme gogule?	0	0	0
Deci daca nu era pensionarul de la MAI, noi aveam cam cu 50 de cazuri mai putin? Si asta trăiește pe banii noștrii?! Închisoare nu e suficientă pentru ce a făcut! #COVID19	0	0	0
@AlexPop76 Civilizat. Bine, la ei la țară, ca la oraș, educația și respectul față de lege face diferența.  Zona  Burgenland?	0	0	0
@chnheeful stai că am ss cu mn de la oră cred	0	0	0
@Simona_Halep Hai lasă mă!! Ce tare!! 💪🏻	0	0	0
“Daca vine garda, fugi” doar ca acum nu respectam carantina	0	0	0
Striga din toti bojocii contra Antena3!	0	0	0
@Kray1717 @CloneSandman O cunosc, e Jeanne D'arc! Deci, s-o ardem, în plm!	1	1	3
@Conny0208 Bună seara draga mea!	0	0	0
Fotbal: Cristiano #Ronaldo este cel mai bun astăzi, dar regele este unul singur, afirmă #Pele	0	0	0
@iuliaa2603 Nu stiu,insa ieri pe toate canalele spuneau (medici) si altii ca nu scapam usor....varful dupa Pasti...	0	0	0
Bursele, în creștere puternică, după ce SUA au anunțat un nou plan de salvare de 2 trilioane de dolari. Dow Jones, cel mai mare avans într-o singură zi din ultimii 87 de ani | InCont	0	0	0
@SuiuMarius Ce nu vezi, pe geam? Ce e overkill?	0	0	0
imi bag pula frate cum adica ticketing iar :)	1	1	3
@santaromica Ce dracu să mai încerc mă Romi ... hai că o să fie hai maxim cu cîțu.	1	1	1
@GrigM2 @e_raluca ar trebui sa le. umple cu COVID19 si sa dea cu ele peste voi. scapa tara de niste imbecili !	0	0	0
@ioenigma Stai, ca m-ai pierdut: ori e inceputul, ceea ce inseamna ca mai avem de evoluat si nu suntem scopul final…	0	0	0
Cristian Gațu, internat de urgență la Spitalul Militar din București. Fostul campion mondial la handbal a suferit un atac cerebral și urmează să fie operat	0	0	0
@MoiseGuran Ciudat sa asculti pe cineva despre cum functiona economia in 1990 cand , pe vremea aceea , era pionier.....	0	0	0
Ce s-a intamplat cu atentatele teroriste? Nu mai sunt trendy? Sau anul asta Europa poarta doar Covid.	0	0	0
@CarmenMaftei1 am vrut si eu par albastrui mai demult :)). kum e?	0	0	0
@roxidh Recomad cu tărie :) Owen Gray ... fute ăsta într-un mare fel.	1	1	1
@libertatea Nu-i mai satura dracu de bani.	0	0	0
Așa să fie? Timişoara a găsit vaccinul împotriva Covid-19. „Avem vaccinul. Am început testele”	0	0	0
Autodesk: Soluții software gratuite în contextul actual	0	0	0
Dacă ar exista o oglindă a sufletelor oare noi ne-am recunoaște?!	0	0	0
@neogotmeshook @BoyWithPlant Eu in iulie tre sa merg la londra daca se anuleaza o sa plang	0	0	0
@AmirSariaslan plm, se moare si din prostie	1	0	0
El - Dumnezeul nostru etern - ne-a spus, omule, ce este bine și ce vă cere Domnul: - de la noi: - că practicați - practicați - dreptatea și iubirea - iubirea - miluiește-te și umblă - umblă - umil cu al tău - al nostru - Dumnezeul Mică 6.8.	0	0	0
@Alien_draft Iohannis și repede în aceeași propoziție dă amețeli.	0	0	0
Dacă e să mor de râs, o sa declare că am murit tot din cauza Covid-ului ? #numaintreb	0	0	0
Oare daca in perioada ma opreste politia si incep sa tusesc spre ei, o sa am escorta pana la spital? 	0	0	0
@BXT_666 am mai multi prieteni decat ai tu zile pe pamant stai calm baiatu meu ca nu ma impresionezi cu atitudinea ta de baiat rau wannabe. esti alt copil de 13 in care a lovit pubertatea prea rau si ti iei filme de ceva serial killer stai in pula mea linistit	1	1	1
@DacAntic @NatureIsRight Nu stiu, e totuși cam devreme de căsătorie dar familia mea mă susține și mă gândesc la asta de mult timp, am aproape un an de chitară	0	0	0
Oare ministrul fondurilor europene cu ce se mai ocupă in perioada asta ? Dar cel al lucrarilor publice si dezvoltarii ?	0	0	0
@cristinadobre Din pct lor de vedere asa e, Cercel facea previziuni si mai sumbre, dar din pct de v economic, financ, social etc, să pui totul pe butuci pt o gripa, denota ca ceva nu e in regulă pe planeta. Eu zic ca se pregatesc schimbări mari iar acesta e un test, test reușit, după cum vedem	0	0	0
I-aș căra la pumni numa-n mufă, până i-ar pieri piuitu'!! În instanță, judecătorul, conciliant și educativ către țigan: -Măi, Parpanghele, de ce-o tot lovești peste gură pe reclamantă? -Ăi a dracu', dom judecător, n-am pace de ea!	1	0	0
@nwradu acum, fara sa glumesc, oamenii cad pe capete. de la PR, care nu mai fac nimic, pana la secretare care vor fi concediate si soferi. Plm, si noi, dar ne tinem bine.	1	0	0
@elcnsng Da... Dar poate îi atragi atenția prietenului tău Yunus să dea dovadă de mai mult respect față de problemele Italiei. Puțină decență nu i-ar strica.	0	0	0
Ungaria lasa sa treaca romanii care fac naveta zilnic de-o parte si de alta a frontierei	0	0	0
UITP publică un ghid destinat operatorilor de transport împotriva coronavirusului	0	0	0
@BoyWithPlant Vin cu babele de la Carrefour care se băteau pe hârtia igienică să-ți furăm tot raftul	0	0	0
@CloneSandman @RobertEVoicu @ZoliBara Poate comparatia nu e cea mai potrivita dar si W.Churchill a fost intens criticat pentru deciziile luate in WW 2. A avut multe esecuri, dar pana la urma a fost apreciat.	0	0	0
@MarmotaDeCampie Tu te-ai uitat in jurul tau in ultimele zile? Vai pula noastra,e plina planeta de dobitoci,virusul asta nu poate sa ne faca decat o favoare.	1	1	1
Ministrul Sanatatii spune ca toata populatia Bucurestiului va fi testata de echipe mobile door-to-door. #COVID19	0	0	0
du-te sa ma sugi de pula ca deja ma enervezi	1	1	1
@StroMiii Kürtőskalács mai vii prin romania boss? La o cafea cv dracu ca altfel ne lipsim de unguri	1	1	1
pula.n mă.ta moartă de căcat bolnav #rezist cu toți zdrentaroșii #hastagisti #procurorijigodii #judecatorisantajabili	1	1	2
Am devenit mai egoiști. Nu mai ieșim din casă decât cu bilet de voie. Nu ne mai bucură un copac înflorit, nu ne mai miroase a primăvară. Numărăm cu coada ochiului oamenii din tramvai și ne întrebăm care este posibilul infectator.	0	0	0
@looshoe Idea e ca stau cu alti oameni in apartament si plm nu pot sa ma simt in siguranta in propria casa	1	1	3
Cei de la actsipoliton au demarat un proiect foarte dragut si important, zic eu, pentru perioada aceasta. Se numeste JURNAL DE VREMURI INCERCATE. 	0	0	0
@futacu Corect! Doar că acum are mediul propice de propagare şi extindere, internetul. Orice dobitoc poate fi vedetă şi influencer peste noapte.	1	1	1
Concluzia pentru români: #StatiAcasa	0	0	0
,,Primarul U.E"vine la noi pe stradă, dar nu se oprește decât la cei mai înstăriți.	0	0	0
Haideti sa fim cu totii optimisti si increzatori, ca vom trece impreuna de acest mare hop.	0	0	0
TAMADUITORUL organismului: combate INFARCTUL si CANCERUL, protejeaza FICATUL si BILA	0	0	0
#contributiepentrucogenerarefacturata	0	0	0
Cum doar 3000.sper ca ai încercat sa faxvi o gluma.	0	0	0
ma streseaza prea mult chiar daca stie ce drq patesc din cauza asta 🤦‍♀️🤦‍♀️🤦‍♀️🤦‍♀️	0	0	0
Cat de prost poti fi, măi, Dodoane! Medicii și polițiștii infectați vor primi 16 mii lei din partea statului	1	1	1
@ValentinNebune1 Desi pe undeva, conservatorii sau libertarienii... cum dracu' s-or mai lauda aia (ma refer la caricaturile jenibile din Romania) ca sunt, au o gandire extremista. Nationalist-extremista.	1	1	3
Acest virus a fost inventat de o femeie.	0	0	0
@CloneSandman Accident a fost cand l-a nascut ma-sa!	1	1	3
„Românii trebuie să înţeleagă că amânare nu înseamnă iertare şi trebuie să fie cumpătaţi”.	0	0	0
Ok the world is having a crisis rn dar voi stiti cat de cringe sunt meme urile alea cu minioni de pe facebook la care doar femeile casnice si grase  tunse f scurt de 40+ intrate deja la menopauza pe care le inșeala soții saptamânal dau like si repost ??	1	1	3
@TanarulD Ei, nu înțeleg! Da' ce, tre-să dai în ei ca-n vite ca să-nțeleagă? Îs ai dracu', asta e, fac pe proștii, poate ține!	1	0	0
@berbecealexandr @SmileSil4 Datorită  talentului ei ,ea este un stomatolog foarte bun	0	0	0
ALERTĂ: Coronavirusul mai face încă TREI victime. Două femei și un bărbat au decedat	0	0	0
Radu Herjeu conform căruia „Au intrat în secția asta din Bruxelles 1673 de români care au ștampilat 5341 de buletine de vot pentru alegerile europarlamentare!”	0	0	0
@nymarielouise ia să vă dau eu un block și să vă trimit să discutați cu pesediștii care vă plac	1	1	2
@CloneSandman Rareori îi urmăresc. Dă-i în spanac și pe ăștia. Toți sunt mâncători de harat, într-un fel sau altul	1	1	3
Citește știrile din secțiunea AGERPRES dedicată pandemiei COVID-19:  Alege să știi primul ceea ce contează! Informează-te doar din surse sigure și #staiacasa!	0	0	0
Ofițerul MAI de la Gerota, care a infectat peste 60 de persoane, comportament scandalos cu medicii: „Răspunde cu marș”...	0	0	0
Orice medicament existent, care este utilizat pentru tratamentul altor boli, în special cele antivirale, cum sunt cele anti-Hiv, poate fi testat in vitro pe o cultură de virus corona SARS-Covid-2, și poate fi detectată eventuala sa utilitate în tratamentul bolii Covid-19!	0	0	0
@Alexand54516540 @Europarl_EN @EP_President Ce plm vrei de fapt? Te-a scapat ma-ta la tastatura?	1	1	1
scuzați limbajul dar sper să vă ducă dracu la pușcărie pe toți care ați fugit din italia chit că era toată țara în carantină să veniți în românia să dați mai departe boala	1	1	2
@RobertEVoicu Nebuni fără creier !Crede ma ca sunt intr o situație mai disperata ca oricare cretin din cei ce au venit,din 8 sunt blocată sa nu pot pleca ,am motiv întemeiat și grav , dar nu se poate ! Aștept .. au o vorba italienii “ la unii oameni mai repede le o bagi in cur decât in cap !”	1	1	1
@stiripesurse_ro Ce mama dracu' i-a găsi și p-ășia? În loc să facă schimb organizat, elegant și liniștit de viruși, se bat ca chiorii, ai cui sunt mai de treabă. N-au ce face!!!	1	1	1
pentru cei care se pricep: mausul fără fir, apple, a început să mănînce cam multă baterie... de la ce o fi?	0	0	0
Primaria Leresti (Arges) s-a miscat repede: Toate magazinele primesc comenzi telefonic si livreaza la domiciliu	0	0	0
Fotbal/#Coronavirus: #Maradona îi transmite ''forţă'' fostului portar #Gatti, pozitiv la #coronavirus	0	0	0
@gusteru @itmorar Acapararea puterii,produce monștri care calcă pe 👻☠️💀👿cadavre ! ;l-au înțărcat și pe dracu' !😈👹	1	0	0
Pandemia de coronavirus: vacanța de vară va mai exista?	0	0	0
Ca mna... Vreme frumoasa	0	0	0
@AdyinaS Nu le ai pe toae, fata! 'Ț-imaginezi că-mi face bine să-mi bagi mortu-n casă? Uie ce spui io: la cele șapte miliarde de ciumeți care spurcă acu' pământu' ăsta nenorocit, căteva mii lipsă nici nu contează, iar că printre ăștia s-ar amesteca și dintre noi, e chestie aleatoare.	1	1	1
@aegyobbts ce frumos ti ai organizat aplicatiile i could never	0	0	0
@DrTedros Și îmi bag CEVA, dar NU AM, împrumut, În Ministrul de interne!!! Face jocul la "Iluminați"!	1	1	3
@WOMAN31481285 😔😞👏Cinste medicilor care se luptă în prima linie cu COVID19 În România și în lume! 👍 👌	0	0	0
@hellnyc @kittesencul @AuroraFantin mai discutere con un #italexit potresti sembrae un italexit...	1	0	0
~probabil ai avut o conversație imaginară cu crush-ul tău cel puțin o dată	0	0	0
Fufele la Nuba , la Loft ... si in timpul anului la oala cu mămăligă	1	1	3
@keyboardriot @bogdan_tm @teoadi @ZoliBara Una este fake News, alta este document de lucru. Am văzut toți că nu este implementat, din lipsa semnăturilor	0	0	0
@libertatea Pe mine ma depășește un lucru si anume, de ce nu isi iau singuri un echipament de protectie, care nu e asa de scump? Sau sa ceara sa li se aducă. E câteva zeci de lei unul. Statul oricum nu asigură ce trebuie, dar e sănătatea lor în joc.	0	0	0
Fie ce-o fi,dar să fie cu tine.😍	0	0	0
@nwradu nu, dar se știe deja că este un rezultat al 5G-ului, au demonstrat niște cercetători daci	0	0	0
Saptamana culturala: De la Wagner la Prostia omeneasca, doar sa nu iesiti din casa!  via @Ziare_com	0	0	0
@tzaca1969 Uite ca la asta nu ma gândi, dar posibil sa aplic, daca mai tine mult izolarea at home.	0	0	0
@i0n1ca @piticu21 Așa se duce pe pulă creditarea și încrederea românilor în sistemul bancar și în instituțiile care îl reglementează (oricum era la un nivel scăzut). Deci, in concluzie, criză sau necriză, muia o luăm tot noi... #fmmPNL	1	1	1
În loc sa-i izoleze,să-i bage in carantină și să-i păzească,strașnic,să nu fugă,pe cei veniți de peste hotare,Guv a preferat să izoleze si să ameninte cu arme și mașini militare restul populatiei,vreo 15 mil.Cică vom scăpa de covid peste cca 2 ani.Stam in domicil forț pânăatunci?	0	0	0
@serrrotonin Ba dimpotrivă, toti vor sa se dea legi sa poti avorta fara probleme, chiar si cu o zi inainte de termen... Sunt conștientă ca virusu asta e unul nenorocit ce provoacă moarte si abia astept sa scapam de el, dar se vorbește zilnic si se monitorizeaza doar asta ca deja o iei razna	0	0	0
e pauza hai pana la baie ca m am tinut toata ora @foreverrainmyg	0	0	0
CINE DRACU TIPA IN MEGAFON ESTI UN CACAT PE TINE MA SPERIASI COAE	1	1	3
Ai grija de tine! Fi în siguranță!	0	0	0
Corect, zdrentaroșii diasporei pnl.isti usr.isti pmp.isti au ales un președinte de căcat 💩 de pulă toți 🖕 🤮	1	1	2
Eu vreau la olimpiadă nu la test la mate, încă nu pot să cred că se închid de mIERCURI CE DRACU	0	0	0
pe guerrilla e doar muzica romaneasca. o initiativa cu care sunt de acord si e de laudat. avem si muzica ok, nu doar inna si manele	0	0	0
Ministerul Sanatatii: fumatul e factor de risc pentru #Coronavirus ? - #peblog #romania #2020 #news #stiri	0	0	0
@tkdionysus vai de plm pe oamenii in genu i-as bate	1	1	2
Am trimis drona la Carrefour să văd dacă au băgat hârtie igienică. N-au băgat. E a 188-a zi când mă șterg la fund cu ce gasesc…	0	0	0
România urmând a se alege în schimbul celor aproximativ trei miliarde de dolari investiții directe cu ”prezența sporită a trupelor americane pe teritoriul țării”.	0	0	0
Eu tot sper sa aflu cine e autoarea, am rabdare....	0	0	0
@n0chuni As incerca dar sunt 99% ca n ar intelege... sau daca o voi face ii voi zice f2f ca prin mesaje n am nicio sansa. Nu e genul care sa inteleaga si alte puncte de vedere	0	0	0
@balarii @denis26_denise Buna intrebare cine raspunde?Tribunal?Pai sa incepem cu China.Virusul nu a fost in curtea noastra,totusi sa nu uitam	0	0	0
@chizanul De ce nu 3700X in loc de 3900X, daca e doar pt gaming e fix acelasi lucru. Nu ajuta cu nimic nucleele in plus ale 3900X-ului	0	0	0
@i0n1ca Vorbeam de cei care nu lucrează și de unii adolescenți ! :)	0	0	0
@solivan675 Va mulțumesc pentru apreciere ! Seară frumoasă!	0	0	0
Oficial: Clever Media, trustul care deține Look Sport și Look Plus preia postul Telekom Sport!	0	0	0
@oshlobanul Inteleg ca momentan,#dăcât în picioare, dar lucreaza intens sa-i puna ataș...	0	0	0
@futacu dar cine dracu' citește notele de subsol? 😁	1	1	1
Cât de nesimțiți să fie EMAG? Face nevasta-mea comenzi. De mâncare, de băut, de spălat. Au pus taxa de transport separat pe aproape fiecare produs. De ex, 12 lei șamponul, 12 lei balsamul. Bautură, alți 12 lei. Mâncarea, 12. Comenzile au ajuns după 6 zile! Pa, eMAG, ALUPIGUS.	1	1	3
@itmorar Sau sunt producători muzicali și au un frumos studio amenajat acasă...	0	0	0
@itmorar Albă ca Speriata și cei Șapte Infectați	0	0	0
Prințul Charles a fost diagnosticat cu COVID-19	0	0	0
@thezvoner Poate crede că bucureștenii au toți peste 65 ani	0	0	0
@Rara06570402 @Noname__off @rquandt Nu prea. Pe Mate 30 Pro erau 4500mAh... măcar atât de avea și ăsta	0	0	0
Allview se alătură campaniei #staiacasă	0	0	0
@bbbbbnacu altho, eu as vota-o pe pe Michelle, fiindca cu totii stim c o sa fie dirijata de celalalt Obama	0	0	0
Nu mai mințiți! Măcar atât v-aș cere! Nu mai dați vină pe medici că lucrurile merg prost! Pentru că este o minciună grosolană pentru care istoria nu vă va ierta!	0	0	0
@ioanapistol Din cauza nepasari au ajuns la 30000 de cazuri....GG	0	0	0
3000 de morti in Italia din care un singur roman. Asta arata ca boala afecteaza clar un anumit segment al populatiei.	0	0	0
BRO SANT DACOROMANA CE PULA MEA URASC	1	0	0
Fostul președinte al FRH, transportat la Spitalul Militar!	0	0	0
Ciolacu: Managementul a fost greşit la Ministerul Sănătăţii	0	0	0
Domnu Orban, Vela, Arafat cand plm transformam si noi recomandarile alea in obligatii ? Multumesc anticipat	1	1	2
#Oficial: 1.029 de cazuri de persoane infectate cu virusul COVID – 19 (coronavirus)	0	0	0
In 2 ore am call cu diriga 🥴🥴 cum fac sa nu am call cu diriga?🥴🥴	0	0	0
@hopelessully imi exploda vezixa am crezut ca nu mai scap	0	0	0
inchide dracu scolile, liceele si facultatile si nu te mai intinde sa te lingi in cur la tv	1	1	3
ba nu ma lasa mama sa ies din casa cum dracu imi mai fumez tigarile	1	0	0
#miculdejun #masadepranz si #cina le poti comanda la  si 031-0050460. Elibereaza-te de Grija Gatitului!	0	0	0
Coreea de Sud testează de coronavirus 12.000 – 20.000 de persoane pe zi. SUA la fel. România 14.466 într-o lună. Ministrul sănătății din România vrea să testeze toți bucureștenii.	0	0	0
Să îi trieze și să - i jefuiască pe toți jegoșii de dreapta futu.i în gură de vânduți scursuri, toți sunt bugetari dar sunt de dreapta slugoi sugători de pulă	1	1	2
partea proasta e ca, daca o fi sa crăpăm cu totii, si in iad tot de voi dau	1	1	2
@avalidnerd Pe Gigel. Ai vreun argument să îl contrazici pe Gigel, altele decât cele luate de la colegul olimpic?	0	0	0
chiar nu nu înțeleg, de ce plm nu se înghesuie nimeni la guvernare, ce mare lucru să gestionezi o criză din asta fără precedent în istoria modernă a omenirii?!	1	0	0
„Este un accident regretabil”, afirmă Flutur.	0	0	0
Au zis chinezii că ne trimit alt virus, poate învățăm să ne spălăm și pe dinți	0	0	0
“ ce marfă suge pula !!!! “ brancardier Claudiu bloc operator	1	1	1
“Ce demonstrează, de fapt, dragul unora de Iohannis?	0	0	0
Cum sa te organizezi pentru munca de acasa	0	0	0
@CloneSandman @ingerisidemoni Și eu marg zilnic la muncă..ok,nu se fumează,no prob. ))👍	0	0	0
Aici nu mai e vorba de o tara, 2 afectate si tinut totul ascuns sub capac...au terminat tot globul	0	0	0
@ECiocu Deci avea oricum și ea un interes, altfel ar fi fost puțin probabil! Pe a mea am convins-o sa ne făurească…	0	0	0
Numărul persoanelor care au fost testate este însă mult mai mare.	0	0	0
Descrierea acestui om mnunat .( vezi video)	0	0	0
Numărul contaminarilor e mult mai mare decât apare în cifrele oficiale, personal cunosc cazuri nediagnosticate și trimise acasă, să se izoleze cu familia. Asta înseamnă că și mortalitatea e mult mai redusă decât o arăta datele.	0	0	0
@roxidh Ca tovarășu Țiriac, care s-a dat la fund în vremuri de restriște după ce averea și-o datorează statului.	0	0	0
eu gostei dx e me decepcionei:	0	0	0
@Digi24_HD Mai bine pastreaza toata indemnizatia si doneaza 2-3 vile si 4-5 amante (cu tot ce le-AM luat, ca n-au dat de la ei)	0	0	0
Dacă mâine se votează guvernul catu înseamnă că aleșii nu vor decât un mandat ntreg sa primească pensie speciala și atunci îmi bag pula.n gura lor de nenorociți jegoși 🤮🖕	1	1	3
nvm dupa ce m am uitat mai bine am ajuns la concluzia ca este fix acelasi lucru, mai bine il cumpar de acolo ca sa nu o aud pe mama cum comenteaza	0	0	0
@radutimo @OvidiuSky @pinguuina Era un mic joc de semantică la Ovidiu. Tu ai întrebat care e scopul după ce noi ne-am tot chinuit sa ii explicam ca nu are nici un sens (scop) notificarea aia :) Pingu nu înțelegea, tu nu înțelegeai, la care Ovidiu “pai înțelege cineva?” 😬	0	0	0
timpul sa îmi terorizez familia cu meme-uri despre coronavirus	0	0	0
Străzile din centrul Capitalei dar şi locurile de joacă, spălate zilnic cu substanţe dezinfectante...	0	0	0
@rcarolyn480 Seară frumoasă!🏕❤🙏🙏❤🏕❤🙏	0	0	0
Nu am înțeles bine, toți bucureștenii vor fi testați pentru coronavirus sau toți bucureștenii vor fi testați MÂINE pentru coronavirus? 	0	0	0
@MarmotaDeCampie Vezi ca în Italia a fost scandal ca România ar fi una dintre aceste țări	0	0	0
“Toata lumea produce masti de protectie” aud foarte des aceasta expresie. Sigur ca pentru inceput aduce un gram de optimism, dar la ce costuri? Pentru ca nu exista in Romania infrastructura pe care o au chinezii, de exemplu. Deci tot cei cu bani isi vor permite, pana la urma.	0	0	0
Sindicalist din sănătate: Se mizează pe imunizarea în masă a personalului sanitar	0	0	0
dar nu inteleg de ce mi a dat mai putini oameni mai scunzi decat mn wtffffffffff	0	0	0
Circa 150 de persoane au fost luate ostatice în urma unui asalt asupra unui templu al comunităţii sikh din Kabul, capitala Afganistanului.	0	0	0
@cosminchera Știu, dar crezi că asta îi face să se lase? Din contră, sunt convins că se vor reapuca	0	0	0
mergem 40 de ani la munca pentru a ne lua case + masini, Dragnea sta cativa ani si se intoarce la palat, masini de lux, amante.	0	0	0
@SilviuFoca Sunt de acord cu tine că puteau să lucreze mai mult la mesaj. Oricum, în orice moment al zilei, numărul de seriale din lumea asta este limitat.	0	0	0
În Timișoara s-au vindecat mai mulți decât s-au îmbolnăvit.	0	0	0
Multă muieeee la cei de dreapta guvernare de căcat bolnav tot timpul au tăiat au redus nimic pentru oameni	1	1	3
Fără usturoi de import! Sprijin financiar în 2020 pentru cultivatorii de usturoi...	0	0	0
Momentan, mă uit ca broasca la barieră/ ca mâța-n calendar/ ca vițelul la poarta nouă/  ca bou-n țeavă (ar mai fi câteva, dar nu-mi permit să le amintesc aici).	0	0	0
A început programul Rabla Plus: bonusul pentru mașini electrice a rămas 45.000 de lei. …	0	0	0
Oamenii ăia care repun toată ziua hartie igienică in rafturile magazinelor merită și ei niște aplauz, nu?	0	0	0
mi s-a intors tot ce am facut rau vreodata.	0	0	0
Daca as putea sa oblig toata planeta sa vada filmul "The Platform", sincer, as face-o. Poate schimba conceptia despre viata oricui. Si daca as putea sa-i fac pe toti sa inteleaga filmul, sunt convins ca lumea ar fi un loc mai bun.	0	0	0
Covidu scoate la iveala, iubiri primavaratice, adanc ascunse ....	0	0	0
@aydan_m_ Oare banii sunt mai importanți decât sănătatea unor oameni? 😠😠😠	0	0	0
Vremea frecatului PLM sa dus 🤣🤣🤣	1	0	0
tu farmacia nu ai voie sa functionezi fara sa fi dotat si tu constant sa iti pierzi din timpul de cautare, tu, cumparatorul, care este important in unele cazuri.	0	0	0
@StirileProTV Sa o stampilezi pe mata!!	1	1	1
stii cum spargi o lingura de mazare pocneste coaja se lipesc maselele prin budinca verde si sanatoasa maruntesti coaja cu dintii din fata si apoi bagi limba in masea sa scobesti omida strivita si ce vreau sa zic e ca fix aia e fața lui basescu cand zambeste	0	0	0
Un antrenor spaniol de fotbal a murit din cauza coronavirusului la doar 21 de ani!...	0	0	0
Nu plecați de acasă suntem într-o stare de excepție.	0	0	0
cum plm sa vii la meditatii puțind a transpirație nespalata de 3 zile omule fa dus ce dracu	1	1	1
@Shirine00396228 @Jany22569702 @Pontifex_it Nu numai creștinii trebuie să doneze, ci și el papa, cu Vaticanul lui trebuie să doneze, din banii luați de la creștini.	0	0	0
Stai,Adreane,ca mai este si ANDREA,pe aci.O asazisa FINUTA,fabrica FRAUDULOS,lucruri H&M si incalca legea copy-right-ului.Dracu sta sa o reclame,pe cea care a fabricat jacheta vintage?	0	0	0
Ăia care s-au înghesuit să cumpere hârtie igienica și făină, nu cumva sunt aceiași care îndemnau pe toți că e important să votezi?	0	0	0
Bag pula in toti oamenii care isi fac provizii crezand ca vine sfarsitul! S o luati in sus de retardati!	1	1	2
In spiritul vremurilor. Faza cu demis și teroriștii	0	0	0
1) o fute și pa,  2) o fute și încă o mai fute, 3) o fute și îi cere bani, 4) o fute îi dă un picioar în fese 	1	1	1
ma pis pe tipele din grupa nea tho gen sabina tu ce faci acum pai va corectez voua capitolele ce pula mea sa fac	1	1	2
Zece tehnici de liniște si sănătate interioară, pe durata temerii provocate de pandemia de coronavirus	0	0	0
Și block sau pentru cei mai politicoși doar ignore. :)	0	0	0
Și unde ii bagă in carantina?!	0	0	0
@Digi24_HD Ba ! Ba da terminati cu fake new. Ce dracu de jurmalisti sunteti voi? Voi nu urmariti feed-urile pe Twitter ? Sunteti zdraveni la cap?	0	0	0
Mincinoasa a dracu ce esti. Cum pizda matii stii tu Asta? Lögnare !	1	1	1
@esjptgz nUUUUU vr să fac mișcare o să putrezesc aici 💔	0	0	0
@itmorar Ce vremuri mizerabile.  Trebuia sa ai memorie beton ca tipa dicta numarul si inchidea.  :))	0	0	0
r0manii sunt asa embarrassing ii vezi de la o posta in aeroport nici nu trebuie sa deschida gura, va rog stati acasa daca sunteti tarani ms	0	0	0
308 români infectați, DAR doar 8.000 și un pic de teste. Bă, nu-s cam foarte puține teste?	0	0	0
@aiurea Și nrevoasă și justițiară de fiecare dată.	0	0	0
@diana_umm @itmorar O sa încerc :)	0	0	0
Doar una : despre big pharma si vaccin (B. Gates) dar si altii au scris multi inca din ianuarie,la randul meu am scris,lumea nu prea era interesata...	0	0	0
Curajul pionierilor	0	0	0
Mana-ntinsa care nu spune o poveste nu primeste pomana. Fii profesionist ce dracu.	1	1	1
Premierul Ludovic Orban: Voi propune numirea lui Nelu Tătaru în funcția de ministru al Sănătății	0	0	0
Las permeabilitatea celulară pentru specialiști, eu știu doar că trebuie mă spăl pe mâini . :)	0	0	0
@ZONEofTECH tot versiunea 18 e ok si la pret mai bun! pana cand ipad os nu se modifica semnificativ in mai bine... tot macbook-u va trebui folosit! parerea mea! #efainaptfilme macar atat! si ultraportabila!  zi faina!	0	0	0
@AlynkaBeauty Pai e unul din cateva milioane. Hai, douăzeci să fie...	0	0	0
Cum să aleg gardul - 6 criterii şi 14 recomandări de gard WPC din care poţi să te inspiri	0	0	0
toată situația asta mă face să fiu irascibilă vreau doar sa hibernez până trece tot	0	0	0
CORONAVIRUS. Câtă NESIMȚIRE! Un nenorocit NU A RESPECTAT IZOLAREA la domiciliu	0	0	0
Liniștea dinaintea furtunii, americanii au trimis 30mii de soldați în bazele NATO și Europa.	0	0	0
Ziua 1 fără meciuri în Europa :mă duc la Dl Goe ca să văd cum mai arată un blat	0	0	0
Varianta legală e cea mai bună	0	0	0
@mihailmrom Da, aici l-am văzut, dar e preluat din francezul Les Echos.	0	0	0
@prisrbc1 La fel ca toți români	0	0	0
cel mai potrivit moment pentru a inventa sexul la distanță ))	0	0	0
@e_raluca @futacu adica de joi si pana azi s-au facut, zici tu, in jur de 6000 de teste?	0	0	0
@Camelia30_0 Foarte, foarte, foarte bun articolul, mulțumim!	0	0	0
@avalidnerd Bloggerul este ascultat de categoria de oameni care susține superstitii si bârfe inutile , iar fizicianul este ascultat de oameni care își caută informațiile de la oameni care le pot da. Selectia naturală sa isi facă treaba.	0	0	0
de ce nu are nimeni o amarata de argumentare in pula mea	1	1	2
#CJSU Argeş: Cazurile de #COVID-19 vor fi tratate la Spitalul Mioveni şi Spitalul de Pediatrie Piteşti	0	0	0
@ionutzelgabriel @john0peace @emiltoma_av @DacianSoros Și dracu le deschise ăstora după ce au costumele alea pline de microbi din toate casele de pe unde au umblat ?!	0	0	0
@PawYeontan Paracetamolu vindeca si cancerul la noi, numai romanii au gasit solutia 😎	0	0	0
@marconst Dul dracu ! O seara buna !	1	1	1
Fotbal/#Coronavirus: Sergio #Ramos şi #RealMadrid donează materiale sanitare spitalelor din Spania	0	0	0
@ACplusD @Alien_draft Dar zi tatai corect MUIE.....nu trebuie să-ți fie rusine.....doar Muianis a zis ca nu e nimic rușinos in asta 🤦🏻‍♂️😤🤬	1	1	2
Transportul a fost asigurat cu o aeronavă C-17 Globemaster III, în cadrul cotei de ore de zbor alocate României, ca stat membru al Unității Multinaționale de Transport Strategic.	0	0	0
@lucyskkrr Așa te-aș fute , lata te-aș lăsa	1	1	1
Va fi război?	0	0	0
Nemira lansează campania Books are magic – Terapia prin poveste + Campania NemiȘcoala, prin care oferim gratuit materiale și idei de activități pentru copiii de toate vârstele	0	0	0
@Mihai36379824 Sugi pula copil de 9 ani.	1	1	2
Nu mi se cuvine tot ce am , sunt doar norocoasă!	0	0	0
fix la fel suntem, doar conturile sunt foarte diferite.	0	0	0
bine dracu că le-a reușit demiterea palestinianului, privatizarea sănătății și minimul istoric la Euro 😉	1	1	3
@denis26_denise Asta am facut pana la urma🙄 cand am vazut ca efectiv sunt rudimentari in gandire m-am retras! Cu o singura “lectie” raman,insa: cine nu e cu EI,e impotriva lor...doar ei conteaza,uar lucrul pe care il repeta la infinit e ca ei ne-ai trimis bani in tara 🤬	0	0	0
hai că și așa ne plictisim. măcar s-o facem împreună, dar distanțați social.	0	0	0
@SirghieCristina Nu mai bine efectiv toate pensiile? 🤦‍♂️	0	0	0
@itmorar Pădurea virusaților	0	0	0
@MarmotaDeCampie @i0n1ca @danaionescu65 🤣🙈🤣 eu ma plictisesc .. el e leu și vrea dreptate ca modest e maxim 🤣🤣	0	0	0
O zi bună	0	0	0
Absurditatea cifrei totale de imbolnaviri. Complet irelevanta	0	0	0
#Bitdefender a blocat pagini neoficiale care permit descărcarea sau completarea de declaraţii pe proprie răspundere	0	0	0
Oare dece nu ia statul măsuri să achiziționeze produse direct dela producător sisă le vânda la prețuri rezonabile pentru fiecare cetățean?Ar fi omasura buna si pentru cetateni si pentru taranii care au trudit!	0	0	0
CE FACE - TOT LE FUTE CE SĂ FACĂ	1	1	1
@cipprian Sau poate spune ceva despre sistemul nostru imunitate.	0	0	0
În general, grăsimile trebuie consumate cu moderație, pentru că pot cauza indigestii sau probleme hepatice.	0	0	0
@IoanaPavel4 @w_lemn @sandu_lupea Pavel Ioana! Suge-le-ai pulă la toți trogloditii pnl.isti usr.isti pmp.isti 🤮	1	1	1
Ziceam sa ies sa ma plimb prin curtea blocului, dar mi-e lene sa ma dezinfectez dupa, asa ca am renuntat.	0	0	0
am intrebat 100 de români: DE CE PLM N-ATI STAT IN CASĂ?!?!?!	1	1	2
@gusteru Foarte multi! Dar care banca mai are curaj sa dea? 🤓	0	0	0
@aiurea Nu ți-ai făcut stoc?	0	0	0
mi-a dat Abel la temelie să moară fata 😭	1	0	0
@itmorar N-are. Doar dacă are adeverință semnată de Dan VoicuIescu.	0	0	0
Lumea moare de foame in casa și tu o arzi cu tatăl nostru și stați pe..,ați dat boala, sanchi va pasa, pe bune, cum? Ii izolam, cea mai buna metoda, umblat la psihic, “stai in casa e boala” e pa dracu, e “tre sa curățata planeta“asta e,nu?	1	1	2
Înțeleg să fii depășit de situație, dar măcar taci din gură, nu spui prostii în aceste zile. Îți cântărești de 10 ori cuvintele înainte să le spui.	1	1	3
se pictează cu breton: nu poți să ai un bărbat bine ? “ grași cu burtă fraiere !!!	1	1	1
BAGA-MI-AS PULA IN RO ALERT CA M-A SPERIAT ASA DE RAU SI MI-AM STRICAT DESENUL EFECTIV TREMUR CPLM	1	1	3
stati ce dracu se intampla cum adica bucuresti in carantina 21 de zile	1	1	2
sunt mai plictisit decât eu pot lua omggg vreau să mort	0	0	0
@CarmenMaftei1 Mai funcționează Apaca?!	0	0	0
Ce s-a ales de Darius Belu, câștigătorului sezonului 7 Dansez pentru Tine, de pe Pro TV. A ajuns să muncească pe brânci la mai multe locuri de muncă...	0	0	0
VACCINURILE CONȚIN VIRUȘI VII, ATENUAȚI - Dacă ai scăpat cu viață din vreo "epidemie" și statul te vrea vaccint obligatoriu, află că abia atunci ți se înjectează virusul viu al respectivei boli, atenuat+o doză de mercur-timerosal (etilmercur)+alte substanțe chimice.  #antivaccin	0	0	0
@JAy_FLo92 Aoleu, inca un pompier atomic? Bai frate, ce plm au toti retarzi in ultima vreme cu metafora caselor in flacari? :)))	1	1	2
@Cernat_Catalin @NarcisD ei, asta e, nu există și variantele astea...E doar cu formulare imprimate acasă...	0	0	0
Ion Bogdan Stefanescu - Piazzolla	0	0	0
luam cu noi o mort si o moarta pa lumea cealalta	0	0	0
FCSB, Viitorul şi Poli Iaşi reduc salariile cu 50 %	0	0	0
#Coronavirus/Fotbal: Tudor #Baluta: În România oamenii par mai conştienţi de pericolul coronavirusului decât în Olanda	0	0	0
Mamaaa, daca nu trece nici la vara, ce dracu ne facem?? Hai cu vaccinul ala odataaaa😡	1	1	3
@johnctzn zici că mănâncă salata aia cu bețe n are nevoie de tacâmuri	0	0	0
—Tatiana. Acest nume ar proveni din onomastica rusă și are semnificația de „prințesă”.	0	0	0
indicalist din sănătate: Se mizează pe imunizarea în masă a personalului sanitar	0	0	0
•Te gândești mereu, "Sa-i dau mesaj? "	0	0	0
bine ma, si cat dracu vreti sa stam in casa, pana mor toti ?	1	1	2
Stiam romaneste bine acum 15 de ani, dar din pacate, n-am ocazie s-o vorbesc deloc, si nu mai pot s-o vorbesc bine... Vreau s-o invat inca o deta!	0	0	0
@ingerisidemoni Dacă o ai pe asta in casa 14 zile îți minca și covorul.	0	0	0
@CloneSandman 😂😂 Băi băiete, dar îi dă serios. M-a durut și pe mine 😂	0	0	0
@elonmusk Fuck You Xi Jinping!Fuck You Chinese People!La dracu,voi chinezii aduceti Sfarsitul Lumii si vreti sa fim toleranti?Duceti-va dracu,v-ati inmultit necontrolat,ati crescut economic si militar necontrolat,mancati necontrolat si acum ne atacati in ceea ce avem mai sfant!	1	1	2
@ipostaze Zona Unirii.	0	0	0
@khatxr Iamnotokaywiththis  trebuie să vizionați această serie	0	0	0
Dar stai liniștită ca va reveni și aglomerația...aia pe o bucata de pâine.	0	0	0
Este greu sa treci peste faptul ca lui crush nu îi place de tn dar aici vei găsi câteva sfaturi sa treci peste acest lucru.	0	0	0
Fmm Nelule ,ai băgat Bucureștiul in carantină !	0	0	0
Tot aud tot felul de oameni care spun ca nu inteleg ce spune ministrul. Ce dracu nu e de inteles? Cine nu are de ce iesi, sa stea dracu’n casa!	1	1	3
Când ești femeie și ai ochi frumoși chiar arăți drăguț cu mască.	0	0	0
Test cu Sigma 17-70mm f/2.8-4 DC Macro OS HSM Contemporary pentru Nikon #test #lens #macro #photos  via @fotostefan	0	0	0
@gadrian84 @Adevarul Dacă era Cumpănașu?	0	0	0
Echipamentul medical din Coreea de Sud a ajuns in #Bucuresti!	0	0	0
Ce "duel"! Si abrupt si incisiv! Speram ca se detensioneaza admosfera dar toata lumea e deja foarte nervoasa .... Din ce in ce mai nervoasa! Si suntem abia la inceputul pandemiei! Of, Doamne!	0	0	0
BREAKING Declarația pe propria răspundere, cu care poți merge cu trenul, a fost modificată	0	0	0
@aiurea Eu, eu i-aș fi zis.	0	0	0
#JO2020 #Ciclism: Alejandro #Valverde - Amânarea Jocurilor Olimpice era inevitabilă	0	0	0
Ați observat că în ultimele luni  toată lumea moare de #COVID2019? Nimeni nu mai moare de cancer sau alte boli morbide. 😉	0	0	0
Cand Firea este epidemiologul sef al Romaniei. De ce va bateti joc de medici?	1	1	2
DOAMNE FERESTE CE PULA MEA	1	0	0
La Bălți poliția a inchis activitatea firmei germane Drăxilmaier! Dictatura rusofonă și rusofilă în acþiune!! Jos Dodon!!	1	1	1
@mad_dame ce sa am, n-am nimic, doar empatizez cu ei, ca sa nu zic public ca sufar alaturi de ei	0	0	0
Poate, cel de Treilea Război Mondial a și început. Un război neconvențional, în care sunt folosite arme și tactici diferite de cele aflate în arsenalele militare mondiale. Este, așa cum nimeni nu s-ar fi așteptat cu o lună în urmă, un război nemilos cu acest virus ucigaș.	0	0	0
In timp de crantina ne apucam de arta!!! @ Bucharest, Romania	0	0	0
Probabil ei aveau rachete indreptate spre ... atunci mergem pe "probabil" si ca ru stia/banuia ceva legat de deveselu	0	0	0
@stefancrisan De democrație ma? Terminați dracu cu democrația, stați în casa	1	1	2
Unde sa ne ducem? Am incercat sa sun si la consulat si la nr de pe siteul mae , nu mi raspunde nimeni	0	0	0
În clipa de față, Jacinda Ardern este cel mai calm, ferm și competent lider. Change my mind.	0	0	0
Un alt lucru bun e ca de frica covidului au disparut si pantalonii mulati cu glezne la vedere ...	0	0	0
@ZoliBara @keyboardriot ))))mai periculoasă decât virusul..fana lu' budeanu probabilsigur	0	0	0
Coreea de Sud a testat aproximativ 360.000 de cetateni pana in prezent, dom' ministru si Streinu au de gand sa vina cu echipa Flash si Road Runner in capitala.	0	0	0
dute dracu .	1	1	1
Vecinii fac petrecere like pula mea suntem in plina pandemie si vouă va arde de chefuit.......	1	1	2
@lookatDworld @OfWudan Dă-i și cu niște pelin că-i bun și ăla.	0	0	0
@sim010101 Iu iu iu iu iuuuu!!!!	0	0	0
Vr sa iau corona si sa mor dracu	1	0	0
@Liga1Romania @Afc_Anto Ce tara e aia de jos n-am auzit de ea stiu doar de Israel	0	0	0
nu deci io nu zic asta dar nu vă suport în pula mea de futuți veniți acum ca să vi se dea cazare pe gratis că voi nu ați fost în stare să aveți un loc de muncă în italia	1	1	3
Editarea genetică permite crearea şi studierea a trei tulpini de malarie simultan	0	0	0
Imi dau filme de influencer cu tweet urile astea	0	0	0
Jurnalul de azi e despre vecini și organizații care ajută: „În toată nebunia asta există și o parte bună: pandemia începe să schimbe relația noastră cu vecinii, după un debut destul de traumatizant (mai ales pentru ei)."	0	0	0
@MAIRomania Domnilor ce este cu imnul României pe auto specialele de poliție. Cine naiba are mintea asa luminată de la dvs. Credeti ca ii motivați pe români, nu va spun eu. Mai bine continuati cu îndemnul "stati dracu în casă". O seara buna.	1	1	2
94,1% dintre români sunt de acord cu declararea stării de urgență pentru limitarea epidemiei de coronavirus	0	0	0
PLM IN ROALERT CA MI-A SUNAT FIX IN CASTI	1	1	3
De ce Mozzartbet se încăpățânează să - l păstreze ca imagine pe Ronaldinho,infractor aflat in pușcarie pt.spalare de bani si fals in documente oficiale???	0	0	0
De ce să nu aibă și UEFA înțelegere?	0	0	0
eu am facut pastet. sfarsitul lumii poate sa vina.	0	0	0
@teoadi Sincer nu stiu ce s-ar putea întâmpla.  Sincer e a treia zi de cand stau acasa si parca nu am ce face.	0	0	0
@IonutAxinescu Sincer, nici nu știu de ce mă mai uit pe aplicația meteo, că tot din casă o să privesc.	0	0	0
În sesiunea plenară extraordinară de astăzi, Parlamentul European va vota 3 măsuri pentru consolidarea răspunsului european la pandemia #COVID19.	0	0	0
#staiacasă Teatrul Excelsior se mută în spaţiul online	0	0	0
@RobertEVoicu Este, probabil, una dintre putinele companii de croitorie care mai funcționează și care are capacitatea de a produce/importa "in timp util", pt că lucrează în domeniu.	0	0	0
@parcatoteu camă	0	0	0
@Simona_Halep Da Simona asa este din pacate trecem prin momente dificile cu toti dar te rog sa ma crezi ca eu trec prin cele mai mari necazuri te rog ajutama.	0	0	0
Stau și mă uit la tot ce se predă acum.	0	0	0
Puterea cuvintelor	0	0	0
@keyboardriot @orban_ludovic * 😄 pot înțelege că CCR=PSD. Pot înțelege că s-au dus pe pwla și anticipatele și primari în 2 tururi. Dar să muiești milioane de oameni pentru interese personale...marș in plm.	1	1	2
#InterviuAGERPRES Gimnastică: Marian Drăgulescu - Am şansa mea la aurul olimpic şi în 2021	0	0	0
Nu pot fi testati nici măcar suspecții aflați in carantină/izolare și personalul medical expus in permanență infectării,dar Costache vrea testarea întregii populații. Altă cheltuială aiurea,bani si energie consumate inutil.De-aia suntem săraci,pt că se pun in aplicare ideiproaste	0	0	0
#GTA 6: Daca Astepti Lansarea, ai parte de o Veste PROASTA -  #peblog #romania #2020 #news #stiri	0	0	0
@patrasconiu Nu e antidot. Dar solutii militare medicale sunt. Mai trebuie putin creier la guvern, ca lipseste cu desavarsire.	0	0	0
Du-te dracu și ieși din gândurile mele.	1	1	1
@ECiocu Imi pare rău!	0	0	0
@denis26_denise @MonicaKrueger67 Venind de la Ponta, as avea rezerve majore în ceea ce privește veridicitatea relatării dar și a gradului de acuratețe. Ultima chestie mare cu care a ieșise Ponta, era parcă mega moscheea. Deci să îl lăsăm să se zbată	0	0	0
#coronavirus , #ChineseVirus de ce baga Trump batul prin gard, enervand... China (cu aceasta terminologie, expresie, denumire proprie)?!! (poate) nu pare interesant dar... o sa devina! francezul spunea... cauta femeia dar aici este vorba despre US... so; cauta / urmareste banii!	0	0	0
@CloneSandman nu de aia, ci datorita faptului ca ai votat ca un prost, hoti sa te conduca, ca nu te duce capul	1	1	1
@CloneSandman Da-i in PLM de Pesedisti! 😂	1	1	1
Dar daca incurca testele oamenilor?(s-a intamplat lab. private)analize,eu am patit.	0	0	0
daca ești din diaspora stai in pula mea unde te-ai mutat și nu veni acasa doar din cauza virusului.	1	1	2
Pe bune, la vara mareeeea ma asteapta!😄😆	0	0	0
@RFI_Romania Dobitoc Păunul ăsta.	1	1	1
Am zis că fac un spanac. N-am găsit usturoi NICĂIERI. Ați luat tot usturoiul! E virus, nu vampir.	0	0	0
În vreme ce fanii Samsung vor Snapdragon 865, companii precum LG, Nokia şi Google refuză procesorul din cauza prețului piperat	0	0	0
Dă-o dracu, Borise!	1	1	1
Floyd Mayweather, îngenuncheat de o nouă tragedie, după ce i-a murit mama. A pierdut o altă persoană importantă...	0	0	0
O pisică sau un căţel implică multă responsabilitate din partea stăpânilor săi, care trebuie să fie conştienţi de faptul că noul membru al familiei le va răpi din timpul liber, mai ales când este vorba despre pui.	0	0	0
@iuliaa2603 Vă înșelați amarnic spunând că gripa sezonieră este mult mai rea. V-o spune unul de 39 de ani, fără alte afecțiuni , internat de 8 zile cu COVID-19. Simptomele la acest virus pot să fie inexistente, ușoare, medii și grave. Eu am avut medii, și sunt mult peste orice gripă.	0	0	0
Așa e fiecare zi din viațaaa meeaaa 🙄	0	0	0
Din corp solid, devin ceata. Am murit de zeci de ori intr-o singura dimineata.	0	0	0
@CatalinTat Nu îți doresc sa ai contact zilnic cu persoane care trăiesc acolo. Azi am trăit imaginarul in care se îndepărtau oameni din mine in supermarket într-un oraș mic din Ardeal doar pentru că vorbeam italiana. Mai bine să fiu eu proasta, dar să nu fie asa	0	0	0
@crispygyu @UnusualVideos Da duten pula mea de proasta	1	1	1
Poate sunt enervanta dar macar nu ascult Ian si Azteca in mod neironic.. a stai ba da	0	0	0
@Jondaescatsmile aolo fata mea lasă-mă că viscolește de azi dimineață și mai am puțin și mă urc pe pereți nu mai suport să stau în casă, așa mai stăteam afară în curte sau cu animalele da acu pula	1	1	1
Băi, e fioros. Expertul hlizitor care zice că nu există corona și experta în quantum computeristică.	0	0	0
@sopeprotector e vorba de mine tipand pula cumva	1	0	0
nimeni, absolut nicio autoritate nu a depus plângere la poliție, poliția a închis ochii. s-o fi închis?	0	0	0
@simovitty nu chiar, pentru ca, italia e cum e și din cauza faptului ca au o populație de bătrâni crescută, iar virusul este mult mai agresiv, noi tinerii nu murim de la el, dar cei care au dificultăți respiratorii sau boli ale plămânilor sunt mult mai prone	0	0	0
Statul roman a cumparat 45 de tone de echipament medical de protectie	0	0	0
Voi vă gândiți ce este în sufletul lu' domnu' Liviu acuma? Cum se învârte el în celulă ca un leu în cușcă? Putea să-și pună toate puterile lui de teleormănean în slujba poporului român, dar vânzătorii de țară l-au băgat în carantină.	0	0	0
Cand pasiunea devine nebunie!!! @ Bucharest, Romania	0	0	0
@KookieIoana Ăștia merita dosar penal și închiși. Idioți naibi	1	1	1
Wei Wuxian comentează și se ceartă cu toată lumea și sincer mi se pare sexy	0	0	0
Repet : important e sa vedem rezultatele la final si abia atunci putem critica deciziile lui.	0	0	0
El nu vede din cauza ceții ca practic Romania nu are nici un teritoriu suveran de cand a aderat la UE.	0	0	0
Unii si-o manifesta deschis,cei ca mine isi tin credinta in suflet;In aceste momente grele,e bine sa fim alaturi de Dumnezeu;Sa intelegem cu totii,ca fara credinta in Dumnezeu viata n-are sens!	0	0	0
@kithobie "They didnt even speak english" gen??? Normal ca nu da ma scuzati pt ca esti americana trebuie ca toata lumea sa stie engleza pt ca tu esti prea proasta sa mai inveti si alta limba	1	1	1
Domnul Ludovic Orban este obligat de pandemie şi de colegul său senator liberal de la Constanţa să se izoleze la vila Lac 1. Deci, practic, este scos din joc!	0	0	0
În sfârşit, un proiect care ar putea dura mai mult decât construirea metroul din Drumul Taberei.	0	0	0
Să nu credeți ca prin alte țări situația e mai roz	0	0	0
Aşa cum companiile private îşi revizuiesc acum veniturile şi costurile, aşa şi statul ar trebui să-şi revizuiască cheltuielile şi dimensiunea aparatului pentru că nu va avea veniturile aşteptate	0	0	0
Octavian Cotescu  și Toma Caragiu - Icoane pe sticlă  via @YouTube	0	0	0
Germania oferă o mână de ajutor în lupta cu coronavirusul. Șase pacienți italieni au ajuns în spitalele nemțești	0	0	0
Încă un record negativ pentru Italia. Peste 2.600 de cadre medicale din Italia au fost confirmate cu coronavirus...	0	0	0
Am vaga impresie de presimțire părerologică anticipativă  că în situatia asta de criză și odată cu intrarea în scenariul 3-4 abordarea guvernamentală românească va fi una de ”political stunt” peste tot si aiurea.	0	0	0
@n0chuni e relaxant tot ce fac e sa am grija de pisici si sa strang inimioare ca sa imi iau si mai multe pisici 🥰	0	0	0
Da, nu e o perioadă veselă. Suntem in izolare si nu stim cand vom avea vești bune despre evenimentele noastre. Între timp, apar roadele pământului, sunt cooperative agricole care fac livrari, asa ca o sa scotocim…	0	0	0
Inca odata spun, in afara de faptul ca eu consider o bataie de joc asa zisele masuri-urgenta, draci...pot sa ii numesc pe astia decidentii --"organizatorii" lui peste,niste iresponsabili si idioti!	1	1	2
Cu 50 de ani înainte de coronavirus, Eugen Ionescu a profețit dezastrul de acum	0	0	0
@ECiocu @itmorar Mauritius inchide de miercuri ora 20:00 ora locală toateintrarile din Europa, UK, USA și Reunion.	0	0	0
Ca să ne-amintim de viață!	0	0	0
Nu am avut timp să mă uit la știri! Eu reușit să treacă "românii" blocați la granița Ungariei?	0	0	0
@Adevarul Unde la lucru merg ciorile dracului . Au venit trantorii in tara la pomana ??? Gazatii , dauar dracu in ei !!	0	0	0
Scriitorul Paul Goma a murit. Avea 84 de ani și se stabilise în Franța din 1977.	0	0	0
@_lor3scu_ Nu au spus în cât timp. 5-6 ani de aici încolo poate reușesc!	0	0	0
@zoso Bai, declic and company de unde plm mea sa isi mai ia banu? Nu tu #rezist prin Piata Victoriei Socialiste, nu tu poluare ca s'a dus dracu si aia de cand cu covidu si biodegradabila, nu tu nimic .... pai ce sa faca si ei? E foame bre ..	1	1	3
Am auzit azi o discuție cu rezonanță istorică. “Nelu, vezi că au băgat spirt la Mega Image”.	0	0	0
Șeful Organizației Mondiale a Sănătății:  Avem un mesaj simplu către toate țările: Testați, testați, testați! / Ar trebui să fie testate toate cazurile suspecte de infectare doas sa aveti cu cer	0	0	0
@_lor3scu_ @itmorar Virgula ta va fii bine definita in câteva saptamani☹️. Dacă la 14 decese, avem peste 200 de cadre medicale confirmate pozitiv cu covid-19...pana la 1000, rămânem fără cadre medicale.	0	0	0
@Symplistu După ce că e vai de pula lui se mai rade și n cap	1	1	1
E vorba de Zona Euro, nucleul dur al U.E., mai ales Germania şi Europa de Nord, instalate la „clasa întâi” în trenul european.	0	0	0
Unsă în funcție de Victor Costache, traseista PSD-PNL,Anca Bertea a cedat! În plină epidemie de coronavirus, șefa Direcției de Sănătate Publică a demisionat	0	0	0
Sfaturi pentru perioada de izolare, de la un celebru disident care a petrecut 9 ani într-o închisoare sovietică și 405 de zile în carceră	0	0	0
Bha jegoșilor de parlamentari da suspendați - l pe Johnazist-ul României și trimite-ți - l la pușcărie	1	1	2
Puritate şi inocenţă, despre ele vorbim zilele acestea.	0	0	0
@teniescu @puttycat @nwradu Du-te mă-n pula mea de prostovan. Ai dracu' imbecili părerologi!	1	1	2
Hai c-au făcut, dar viceversa	0	0	0
Pen'ca ne tot plângem că vai de mamitica noastră de români care n-au o țară ca afară, vă întreb: o societate civilizată se construiește prin...	0	0	0
O pleiada de puncte de vedere fata de demisia ministrului sanatatii si atat de multe merita citite si retransmise in bucla	0	0	0
@Afc_Anto Regnul animal! Sa te plateasca Statul pentru marele merit de a transforma O2 in CO2.	0	0	0
@agerpres Cifra reala e de cel putin 6 ori mai mare :( Din pacate unele state ascund adevarata amploare.	0	0	0
India a anunţat un program de ajutor alimentar pentru 800 de milioane de oameni	0	0	0
Ministrul Sănătății: Toți bucureștenii vor fi testați pentru Covid-19. Mergem din ușă în ușă	0	0	0
Inafara ca nu iesi din casa in pula mea si ca esti o saracie mondiala,cum morti tai ai tu tupeu sa imi comentezi mie ? Fututi ego ul ma tii pe burta goala	1	1	2
imi schimb frecventa vibeului si ma teleportez intr-un univers alternativ, in care wang a scapat ciorba de liliac pe jos	0	0	0
Asa s-a dus si honoru meu la @Allecsinn in loc de @KitsuneSupport	0	0	0
Acu, la sf de mandat a dracu de bagaboanta penala. Pana acu ce-ai pazit fmm	1	1	1
@pilplay salut draga, vreau doar sa stiu mai multe despre tine ..	0	0	0
SA VA FUT IN GURA VOASTRA MA SPERIAI CA DRACU SUNT IN CASA DE 3 SAPTAMANI DEJA	1	0	0
@Trevizes Inseamna ca nu cunosti produsele de la Lidl...toate sunt de acolo! Si mobila, cum adica? 😂😂😂 Eu am mobila la comanda acasa, o recunosti?	0	0	0
Copiii te provoaca ... -74% -10% la activitati si la joaca.	0	0	0
@Alien_draft Wow, pe tuta aia mică o stiu, e aia cu salvarea planetei, dar ariciul ala cine dracu este ?	0	0	0
Vă puteți imagina cum ar arăta lumea dacă s-ar afla că virusul ăsta se transmite prin fumat, jucat la păcănele, sedentarism, alcoolism, bătut femei/copii, fast-food și postat selfie-uri pe net?	0	0	0
ne mințim ca luptam împotriva fakenews si vasile ernu scrie la libertatea	0	0	0
@AdyinaS Puiuț, nu mai număra atâta la ei că obosești și devii anfeligă. Dăi în bubă, că dau de dracu' și fără noi. Voi să fiți sănătoși, că belelele curg gârlă.	0	0	0
cineva pe tl a zis ca scaunul a facut pârț	0	0	0
Aș bate fiecare român care se plânge că întârzie CFR-ul. Că dacă discuți cu vreun român, băi, hai să ne vedem la ora X, nicio șansă să se întâmple. Nici măcar telefonic nu se poate.	0	0	0
#Italia are 500.000 de militari, Carabinieri, Guardia di Finanza, Corpo forestale. Nu avea nevoie de aceasta prezenta rusa, mai ales militara ! Este un pericol, stiind bine agenda ascunsa de la #Moscova si alianta cu tot soiul de virusi lansati in ultimii 6 ani...	0	0	0
Cum dracu in Rusia nu este nimic  nu tu virus. Nu tu pesta porcina. Vaca nebuna. Gaina turbata???	0	0	0
@OvidiuSky În final tot comunismul l-a omorât, comunismul chinez. Sad, so sad!	0	0	0
Ce înțeleg tinerii din filmele cu care au crescut boomerii (da, și tu, boss)	0	0	0
@ineedmawaterrr Si acum stai treaz pana cand in plm, culcate	0	0	0
De ce plm să scoți armata pe străzi când poți să scoți fanii Mafia?	0	0	0
@i0n1ca PSA inchide toate fabricile, Renault inchide 12 uzine cu 18000 de muncitori.	0	0	0
#StaiAcasa vine #teatru la tine	0	0	0
mai dă-i in pula mea	1	1	2
@denis26_denise @danaionescu65 @StefanF28452082 Firesc la noi in jur de ora 19!La voi nu e Glovo?	0	0	0
@victorciutacu Poate ca imaginea pe care o vedem, seamănă cu ce spui tu, dar daca gândim obiectiv, românii nu inteleg decât așa.	0	0	0
Renovat.ro- Cum sa iti faci singur o gradina verticala pentru legume - Toate materialele…	0	0	0
Tenis/#Coronavirus: Roger #Federer a donat un milion de franci elveţieni	0	0	0
China sustine ca virusul ar fi aparut in Italia, nu in Wuhan, inca din octombrie	0	0	0
Ce vedem pe Netflix | Documentar despre Juan Manuel Fangio, omul care a îmblânzit mașinile, cel mai mare pilot de Formula 1 al tuturor timpurilor	0	0	0
@______dread poti sa pleci daca ai foaie din aia pe proprie raspundere eu zic sa te duci o tragi la imprimanta plm	0	0	0
Toată populația Bucureștiului va fi testată pentru coronavirus	0	0	0
Fotbal/#Coronavirus: Dani #Alves îl critică pe preşedintele #Bolsonaro şi îi sugerează să se ''gândească la binele poporului'	0	0	0
Mă, ce plm?	1	0	0
Exemplul vaccinului anti-rujeolic, anti-rubeolic conține virușii atenuați ai rujeolei	0	0	0
zoo târgu mureș, așteptăm mișcarea voastră	0	0	0
Îi place să se audă vorbind și ce e și mai grav, nu știe când să tacă!	0	0	0
Primul caz de coronavirus din România a fost diagnosticat în 26 februarie.	0	0	0
✨😍 Iată ce rezultat uimitor se obține cu Kit-ul de Keratina Cocos! Părul este mult mai hidratat și perfect drept.	0	0	0
Imbunatatiti activitatile din spitale cu solutii de afisare optimizate	0	0	0
Aceștia pot recunoaște până la 200 de cuvinte, pot înțelege semne și gesturi, pot enumera până la 5 și chiar pot face calcule matematice simple	0	0	0
Lumina rece te induce în eroare şi vei fi tentată să exagerezi machiajul.	0	0	0
Lasă calatoritul și degustatul și stai dracu' in casa.	0	0	0
@ECiocu Am crezut ca pe tricoul lui scrie cocaina🤣🤣🤣	0	0	0
La culture de la sucerie ici	0	0	0
@adinaaa142 Nyuuu~~ Pune-i intr-un plic si uita de ei in dulap :))	0	0	0
Equest Logistic Park, achiziționat de CTP pentru 30 de milioane euro	0	0	0
Dialoguri despre sanatate la Medika TV – Despre Sarbatoarea Mierii de la Blaj (Reluare)	0	0	0
Azi am scris la carte 6 pagini și am făcut 100 de flotări. Aș fi vrut să fie invers, mă mulțumeam doar cu 6 flotări !	0	0	0
@PhilipIrma de mi-ai be si din pula tot asa !	1	0	0
Sute de rezidenti, chemati la gramada sa fie instruiti pentru Covid-19, la Institutul de Sanatate Publica. "Nu suntem bolnavi, de ce va revoltati?", li s-a spus	0	0	0
Șefa de la Orăștie a zis  ca e mai sigur videochatul ca atunci intra in ea doar pula nu si virusul.	1	0	0
@diohnisrv Intre 22-6 e interzis, intre 6-22 e recomandat which is bullshit ca oricum in pula mea seara nu este multa lume pe drum	0	0	0
Or pus mana pe toate resursele noastre, si ne mai arunca cate un covrig sa nu murim de foame? Și ala uscat.	0	0	0
@santaromica Mafioții între ei	0	0	0
Mai știți cum era România în 1990, izolată, căzută brusc și brutal într-un model economic pe care nu-l înțelegea?	0	0	0
@MarmotaDeCampie Dacă tot te pui pe treabă, inchide și Instagram-ul, altă problemă mondială...	0	0	0
@AntiJavre Nu cred, sincer daca ar mai candida robotul, inteligenti îl votează. Iar PNL=PLM, o sa fie votat din nou, ne meritam soarta, sincer.	0	0	0
Lăsați-mă să mă bucur de această micuță victorie, da?	0	0	0
@Digi24_HD Se putea să fie de altă naționalite?! Românul e un fel de Florida man.	0	0	0
Situaţia e mai bună decât în alte ţări...	0	0	0
zilele trecute, o televiziune din timișoara titra „armata închide timișoara”. 	0	0	0
@rjsego sa speram ca se mai tempereaza situatia pana atunci sper sa iti poti petrece majoratul cum iti doresti	0	0	0
#DinSurseOficiale: Președintele #Iohannis a explicat cum va fi ajutata economia!	0	0	0
CJ Dâmboviţa, agenţii economici din judeţ, oameni cu  suflet mare au făcut  front comun pentru dotarea Spitalului Județean de Urgență Târgoviște, în plină criză COVD-19	0	0	0
Orban este acuzat că nu vede medicii abandonați, românii blocați în aeroporturi, patronii disperați că și-au închis firmele	0	0	0
@DacianSoros Ba cred că acesta a fost și scopul. Să testeze reacția oamenilor. Sau să îi pregătească	0	0	0
#Coronavirus Romania: Cazuri, noi vindecari anuntate pe 26 martie -  #peblog #romania #2020 #news #stiri	0	0	0
@GabryIonesc2 @mireaemi @miradulescu 👨‍🎤🤣 cum sa tin un monstru-n casa, fato? Imi sperie dracu pisicile...	0	0	0
#Atletism/#Coronavirus: Federaţia europeană ia în calcul o eventuală amânare a CE de la Paris din august	0	0	0
@ManoliuValy Asta e o enigmă	0	0	0
Agenția Europeană a Medicamentului informează că ibuprofenul nu agravează efectele COVID-19...	0	0	0
@Aternos sa va i-au serverele in pula cu ma-ta	1	1	1
Autorit.italiene au închis traficulaerian cuChina,ceea cea făcut capersoanele care trebuiau săse reîntoarcă înItalia să folosească rute alternative,scăpând astfel uneimonitorizări sistematice șiorganizate,denatură sățină subcontrol contagiozitatea,carealtfel,iată,riscă să explod	0	0	0
@Horia8Bogdan Deci prin Iulie ma intorc la birou?	0	0	0
Ai ochii albastri ? Esti o persoana atragatoare si isteata  fara dar si poate . Pasiunea si senzualitatea sunt cuvintele cheie iar increderea de sine duce pana la exagerare . Iti urmezi intuitia si-ti place sa fii in centrul atentiei, sa te simti special.	0	0	0
cineva pe aici se aștepta ca fratii Micula să facă si ei niște donații pt susținerea sistemului sanitar in perioada epidemiei...	0	0	0
@fckeveryword da mai daten pula mea tudor	1	1	1
Medicii de la spitalul din Rosiorii de Vede refuza sa devina unitate pentru COVID-19 si ameninta cu plangere penala: Nu avem oameni, nu avem dotari! 	0	0	0
@i0n1ca Acum incepe sa ne fie mai clar parca, la ce dracu aveau nevoie de banda, si de ce trebuia limitata calitatea streaming'ului nu'i asa? :D	0	0	0
Guvernanților, treziți-vă! Faceți centre de colectare și strângeți marfa de la țărani! Tipatul taranilor este in van !Ciuma galbena este interesata doar de multinatioale,asa au ordinul de la stapanire !Au desfiintat si Aprozarele lui Daeea,cel mai destept Ministru.	0	0	0
@victorciutacu De pulă nu cred că s-or fi luat! Ori???	1	1	1
Sper să nu am gura aurită, dar sunt curios ce o sa facă italienii când o sa constate că blocajul ăsta nu ajută la nimic...	0	0	0
Un grup de medici români a realizat un material despre evoluţia în timp a simptomelor la bolnavii infectaţi cu coronavirus.	0	0	0
@petria Nu-i falsă ...e foarte falsă ..!! Nu uita că România este singura țară Corporație Internațională Financiară din Europa ..și ...pe China n-o interesează România ..! Este o manipulare bine ticluită însă interesul trebuie căutat în altă parte..!!	0	0	0
@JiMiNsSi05 Nu stannuiesc dar hate pt svt n-am vazut si carats chiar se poarta nasol dar cacatul asta dintre armys si nctzens e exasperant idiot fara rost si fara motiv	0	0	0
Dracu stie, cand o gasesti zi-mi si mie.	0	0	0
@ECiocu Mai lasă-i ... de rusnaci! Face și armata română un spital care va fi gata în cinci zile! Cu așa concurență o să ne trezim că avem spitale înainte de a avea nevoie de ele!	0	0	0
Deputat USR: Asistenta de la UPU Cluj depistata cu coronavirus, pericolul de contaminare este major	0	0	0
Italia anunţă 683 de noi decese provocate de coronavirus. Bilanţul total depăşeşte 7.500 de morţi	0	0	0
mama e la o prietena si mo sunat sa vin cu varza ca o uitato acasa,,,NU POT SA GASESC O PUNGA PLM TREBE SA MA DUC CU ES SUB BRATS	0	0	0
Băi, ești nebun?! Până și la noi în companie mai totul este focused pe situația actuală, se revizuiesc și reprioritizează proiectele, bugete, iar animalele astea se ocupă de pensia și stipendiile ‘avocatului poporului’. Numai avocatul poporului nu este hahalera...	0	0	0
Cam asta înseamnă seriozitate în măsuri față de cei iresponsabili!	0	0	0
Marea majoritate au probleme cu respectarea regulilor, iar acum chiar trebuie forțați să respecte.	0	0	0
Tocmai a postat o fotografie	0	0	0
Clauza de forță majoră în contracte și în afaceri	0	0	0
@RobertEVoicu ...daa clasic ..acuma TOȚI se apuca sa cerșească de la stat ca vezi doamne nu mai pot supraviețui...si cum statul suntem noi toti ..ietete cum trebuie sa "sponsorizam" toată loazele ..... bai bulangiilor e stare de urgenta de o săptămână nu de un an ...de ce plm cereți bani ??	0	0	0
@KlausIohannis Nu mai aduceți bolnavi din străinătate,că nu mai facem fata nici celor de aici!!!! Voi sunteți primii iresponsabili!#Covid_19  #coronavirus #firesponsabil #Romania	0	0	0
@EAFIFAMOBILE Hai în plm mai repede	0	0	0
Ce vrei să spui? idiotule nu am înțeles nimic What is your point?	0	0	0
@Horia8Bogdan @radusmall @b0gdan82 Nu o sa fie ani. O sa aibă rebeliuni sociale dacă nu dau drumul la economie din nou. In câteva luni se duc rezervele oamenilor. Nu o sa ii mai intereseze de virus.	0	0	0
@ingerisidemoni Mi-ai adus aminte de un citat dintr-o lucrare de control de clasa a patra: "pe vremea lui Ceaușescu, toate mega Image urile erau goale" 😬	0	0	0
@127scuad din fericire nimeni din nct nu e roman 🥰	0	0	0
@MediaLool Fake,poza este cu victimile unui Naufragiu.	0	0	0
@i0n1ca Sunt oameni care nu au nevoie de suspendare. Plus ca nimic nu e gratis :). Suspendarea poate veni cu clauze. Nu mai spun ca exista si email. Legea poate fi utila daca nu sari cu hate-ul asa :)	0	0	0
Expert deșeuri: Primăria Generală scapă de responsabilitatea depozitării deșeurilor	0	0	0
@StirileProTV De unde pot ei sa asigure asa ceva? cand mai de mult un alt guvern se plangea ca abia pot asigura pensiile si indemnizatiile ?	0	0	0
Time Between Dog and wolf. Esre veche, dar nu i-a luat nici una locul in topul p referințelor mele	0	0	0
@adriano_qld E prost rău Vela... Ce dracu a zis?.. mai nimic . E actor bun, nu contest.	0	0	0
@RobertEVoicu Comisie făcuta din medici de unde??? Din Iași?	0	0	0
Înaltul Comisar al Națiunilor Unite pentru Drepturile Omului,	0	0	0
Drojdia pentru pâine, cum o puteți face acasă. Din magazine a dispărut	0	0	0
Cora promoveaza pe FB zilnic treaba cu comanda online.	0	0	0
Căci El nici nu dispreţuiește, nici nu urăște necazurile celui nenorocit și nu-Și ascunde Faţa	0	0	0
@MPastarnac @KlausIohannis Nu am luat in considerare Turcia , m-am focusat mai mult pe Canada/Panama/ Mexico/ Argentina/Brasil/ si poate unele state africane. Deocamdata “being stuck“ in America de Sud nu e chiar asa de rau ba din potriva ! jaja.	0	0	0
Apogeul statului marxist roman-Sa platesti profesorul sa trimita online temele elevilor,ist parintii sa faca treaba lui,in timpul dintre doua schimburi. Ce plm de sistem de educatie e asta?	0	0	0
daca imi ziceti ca sunnee pleaca acasa PLANG	0	0	0
@stiridinbucov Deja se resimt efectele întoarcerii diasporei😳😳😳?	0	0	0
Tocmai am fost sunat de manager și mi-a spus ca se amână angajarea până se întoarce la muncă persoana cu care trebuia să fac o săptămână de training, la Derby, persoana s-a autoizolat.	0	0	0
O doamnă profesoaraă drăguță și înaltă. De treabă. Aveam cam toți 10. Adică nu era exigentă...	0	0	0
@AlexMinca Pai daca America are un presedinte dobitoc. O sa fie haos acolo.	0	0	0
Ba,macar in ceasul al 12-lea nu mai trageti in piept cand sugeti pula ...	1	0	0
@itmorar Dar cum faceti kilometri? Ma intreb din prima zi in care ati postat!	0	0	0
Staț acas zic eu in timp ce mi dau coate cu babele in lidl ca mi am mancat proviziile in juma de zi	0	0	0
@LuminitaPoenaru @canyaman1989 Zi frumoasa și cu speranțe ca va fi bine! 💖 💖 💖 💖 💖	0	0	0
mama se trezeste si tampitul asta sa zica repede doua cuvinte da dracu gandeste inainte sa scrie 😃😃😃😃	0	0	0
@gusteru De unde le-ai luat? Un Kent din ăla ca pe vremuri ai de unde sa procuri?	0	0	0
😎Plavane', da ce dracu' te-ai autoizolat, ba?! Doar tu ai imunitate pentru orice!	0	0	0
mi-a trebuit,in plm,să mă îndrăgostesc,băga-mi-aș pula-n morții lui de suflet,prost	0	0	0
@SofiaCovaci e cam teoria conspirației și nu prea cred în așa ceva.	0	0	0
@i0n1ca @balarii Pai cine dracu nu a fost sarac, si mai ales cine n'a avut carpeta aia? :)))	0	0	0
În atenția Guvernului/Și ONG-urile plătesc impozite/Și ele au nevoie de ajutor din partea statului 	0	0	0
Avertisment dur: Virusul va avea două VÂRFURI în România. El nu poate fi oprit, doar ….	0	0	0
@RemusStefan72 Pentru că întotdeauna e mai la îndemîna să fii prost decît destept.	0	0	0
Daca tot e reclama aia cu 25000 de specialisti care lucreaza sa avem medicamente, unde plm e eutyrox si metforgama (ala de diabet) ????	0	0	0
- Din ce gaură neagră vii, băi?	0	0	0
@petria Lipitorile bancare au inventat o noua icoana: 'profilul de risc al clentului'. Doamne fereste, sa nu se cace	0	0	0
Euro scade puternic și se îndepărtează de maximul istoric de săptămâna trecută. Cursul anunțat de BNR | InCont |   via @incont_ro	0	0	0
daca ai avea calmul si corectitudinea morala a unei masini, ai vedea multe odata cu evolutia ta	0	0	0
Cam la asta se ‘rezumă’ totul...!	0	0	0
#Coronavirus Argeş: Spitalul din Jinhua (China) va trimite echipamente de protecţie şi materiale medicale la Mioveni -	0	0	0
mda ...nimic de zis ...dar , dar noi nu cumva avem un guvern si un presedinte slugarnic UE ..?intreb si eu ..	0	0	0
@TintaVasile @daco_get Perfect,fiecare cu parerea lui....am spus ne invartim in "jurul cozii" fara un rezultat ....	0	0	0
Au intrat in tara minim 200.000... penelistii au "izolat" cica, 33 de mii... restul s-au izolat in carciumile si molurile tarii... bine tata!	0	0	0
Maternitatea Moreni, dedicată exclusiv gravidelor  suspecte sau confirmate cu COVID-19	0	0	0
@RobertEVoicu @itmorar Cred ca e mai usor sa căutam vinovați. Ce au făcut țările de la apariția virusului pentru a-și proteja cetățenii? Vina se găsește in “ograda” fiecărei tari, zic eu🤔.	0	0	0
Suceava: 200 de teste pentru Covid-19, în fiecare zi...	0	0	0
#Oficial: Inca un grup de 190 de cetățeni români din Italia revine in tara	0	0	0
@stiripesurse_ro Chiar atât de acută a devenit criza de hârtie igienică???	0	0	0
@liviutita Stai de prea mult timp in izolare 😬	0	0	0
În Londra a început să dispară și paracetamolul.	0	0	0
Pe de alta parte, in #Italia razi tot tineretul la prima pensie, iar in #Romania nu esti in stare sa pui la pamant o baba. Nu stiu de voi, dar eu incep sa dau dreptate batranilor nostri.	0	0	0
@PleuAlexandru4 Sunt sigură că ai mult de citit...eu asta fac citesc și stau calmă.	0	0	0
@itmorar covidul plecat vaccinul nu-l taie. (Iuda 1:12) #concursdeproverbefake	0	0	0
peste douăsprezece ore de muzică românească	0	0	0
Pentru susținătorii psd, adică pentru nucleul dur: era rău dacă în criza de acum aveam ceva bani în loc de datorii? Frimiturile scăpate de guvernele psd în anii trecuți vă ajută acum după ce ați aruncat cu ei pe prostii? Lipsa răspunsului este egală cu un nu, NU ERA RĂU!	0	0	0
Economia românească, economiile românilor, mulţi foarte săraci, vor fi mai lovite decât Europa de Vest, bogată şi protejată mai mult de U.E. 	0	0	0
The immaturity coaieeeee mai prosti ca astia n am vazut in viata mea nici nu ma mai duc daca e pe asa firatzai dracu de inconștienți	1	1	2
stai stai stai nu nu e prea devreme pentru asta jeong jaehyun	0	0	0
@ECiocu plm domnu` Ciocu, sunteti adult, asta e, va asumati consecintele deciziei	1	1	1
Spuneti STOP raspandirii #COVID-19! Lucrati doar cu dispozitive ce pot fi dezinfectate!	0	0	0
@01004753 Da, despre ăsta era vorba	0	0	0
@batfangsz da frt mie mi a picat fata cand am vazut anuntul de la molotov	0	0	0
toată lumea se comportă de parcă ar fi descoperit nu știu ce, de parcă nu mă punea bunica mea să fac toate astea de copil și nu în căcaturi de astea de ghiveciuțe și borcănașe dar LA CÂMP MAICĂ	0	0	0
Bă, deci vreți? Amîndoi? Da? Păi hai în plm și semnați și cărați-vă d-aici!	0	0	0
curajul de a exprima un adevar, o bucurie, o suferinta, o frumusete, in orice caz nu o batjocura.	0	0	0
@agerpres Acum ar trebui sa nu ne evite...	0	0	0
e pula mea de treaba are respectul cu cacarea unora pe ei?	1	0	0
Nou deadline pentru apelurile #MusicMovesEurope ,  #WesternBalkansCoop și #CulturalHeritageinAction. Termenele se extind cu aproximativ o lună.	0	0	0
am invatat jumatate din capitolul despre boli inflamatorii intestinale din cartea de rezi. ma simt desteapta	0	0	0
@b0gdan82 Trăim și vedem deocamdată omenirea cu toate progresele pare ca bajbaie.	1	0	0
@agustsuckmyq lol stai sa vezi cand vin ceilalti 3500 de tampitii care dintr.o data sunt mari iubitori de tara si vor sa vina acasa	0	0	0
Moara cu vorbe a lui Moș Călifar : Ludovic Orban a primit demisia lui Victor Costache...	0	0	0
@rosdarino nu știu, eu mi-am făcut când nu își făcea nici dracu și după aia brusc toată lumea a explodat că vrea breton	0	0	0
@JeanTheo14 @puie_charleta Activist, neactivist, eu îl respect ca om și ca poet.	0	0	0
Aștia care umblați pe afară, meritați bă să vă îmbolnăviți în pula mea.. că sunteți atât de bătuți în cap în cât nu puteți înțelege un lucru simplu.	1	1	2
Autoritatea pentru Reformă Feroviară cumpără protecții împotriva COVID 19	0	0	0
Nu foarte îmbucurător, nu?	0	0	0
Trebuie precizat că din Consiliul de Director al Romanian-American Foundation fac parte oameni care au avut legături cu Fundația pentru o Societate Deschisă, patronată de George Soros.	0	0	0
Tricouri/Bluze personalizate copii	0	0	0
@oradesibiu Domnul C.U.s-a prezentat SINGUR marți dimineață in Clinică. Doar dânsul...cu proba de exudat a sotiei ,In mână(Pe care nu stiu nici cine a recoltat-o?...nici când?...Si nici in ce conditii?).	0	0	0
Tânjesc spre evoluție,dar nu doar la stadiul de discuție	0	0	0
Traian Băsescu, despre amânarea plății ratelor: "Dă o gură de oxigen populației, dar trebuiau introduse niște plafoane"	0	0	0
@Liga1Romania @itmorar Ete pe dracu'!, s-au amânat jocurile olimpice,mondiale!!!!, Dinamo dă București nu poate amâna partida, și,valid pentru toate echipele, aveți patru perechi de coaie !👀👀👀👀👁️‍🗨️💪	0	0	0
La dracu cu cardurile lor europene, sunt inconștient prin faptul că sunt posibili purtători de virus.	0	0	0
@avramar Da, pula imunitate	1	0	0
@RobertEVoicu @SofiaCovaci omu si-a facut treaba, a bagat polisano in sistem, a dar liber la cateva milioane, e linistit	0	0	0
O firma de productie publicitara din Buzau face viziere de protectie pentru medici si asistenti medicali	0	0	0
Nu mai luati toata faina, in plm de romani	1	1	3
Ministerul Sanatatii: Legatura dintre vaccinul antigripal si Coronavirus	0	0	0
PLM, stiu ca vorbesc la pereti ca de o luna ma tot straduiesc sa scriu si pe blogul ala, dar inca n'am abandonat lupta cu minti cretine, asta poate va ajuta si un comentariu de acolo	0	0	0
Vești proaste! A fost înregistrat primul caz de deces din cauza coronavirusului, în Republica Moldova...	0	0	0
@n0chuni Iti dau pleilistu meu cu melodii din romania care include hatz	0	0	0
stie mata ca plangi dupa unu care poarta vansi nespalati de acu juma de an si sosete cu gogosi din h&m?	0	0	0
COVID-19 | Apel al medicilor de la Spitalul CF Timișoara: Avem nevoie de echipamente și materiale sanitare	0	0	0
Inventivitate românească in vremuri de criză 😂😂😂	0	0	0
@roxidh Tre mai întâi să apară ordinul în monitorul oficial, poate de aia	0	0	0
Sa ne bucuram de marirea salariilor medicilor anii trecuti (au meritat si merita pe deplin) si sa ne gandim zilele astea la un spor de risc (e un mare risc, cel asumat) de toti cei care interactioneaza (inclusiv epidemiologi, suprasolicitati) cu potentialii bolnavi de coronavirus	0	0	0
Cât  de egoist poți fi ca părinte și ca pasager sa zbori pe o cursa de peste 12 ore cu copii sub 2 ani. Și sa ai și doi. Stai in pula mea acasă și creste-ți. Nu sunt obligat sa-ți aud copilul urlând ca-l dor urechile din cauza presiunii din avion.	1	1	3
Cei eliberați au obligația să respecte ordinul de a sta în case. După încheirea crizei, ei îşi vor executa diferența de pedeapsă rămasă, dau asigurări autoritățile.	0	0	0
@ingerisidemoni @piticu21 Hai sa ne informam înainte să scriem. Eu scriu din punctul de vedere personal.  Am avut de a face cu ambele sisteme medicale, așa se întâmplă când ești cronic :) și hai sa mai și căutăm info înainte să aruncăm piatra	0	0	0
Victor Costache şi-a dat demisia din funcţia de Ministru al Sănătăţii -	0	0	0
Victor Costache, ministrul Sănătății, și-a dat demisia joi dimineață, după ce aseară a înaintat planul testării tuturor bucureștenilor pentru coronavirus.	0	0	0
@i0n1ca @emiltoma_av Fac p-al dracu si iau la British Airways. Daca imi da banii înapoi. Astia nu mai dau faliment.	0	0	0
M-a interpelat cineva aici zilele trecute, ca să îmi explice cum medicii, mulți șpagari, sunt niste eroi. Unii. Uite-i și p-ăștia🙄	0	0	0
@banqtanwithluv Ma simți ca un psiho	0	0	0
Grapini:Domnule Presedinte, oamenii peste 65 de ani mai contează pentru dumneavoastră?	0	0	0
•Oamenii pot spune lucruri ciudate câteodată, considerate de noi chiar prostești. Ei doar încearcă să ajute, nu trebuie să-i iei tot timpul în seamă.	0	0	0
Patriarhia Română: Ora de Religie - difuzată la Trinitas TV -	0	0	0
@adriano_qld E o iluzie ! Vorbim peste o lună !	0	0	0
Am acasa 5 batrani si un copil de 2 ani. Batranii sunt ca toti romanii batrani: diabetici, cancerosi, saraci...	0	0	0
În două zile te voi uita, sau poate luni, sau ani, dar o voi face, promit!🥺💔	0	0	0
Actualizarea MODELULUI declarației pe proprie răspundere	0	0	0
Pur si simplu innebunesc nu mai pot in pula mea	1	0	0
@SilviuFoca @neamielualarau @ipostaze S-au ieftinit și pentru că li s-ar strica in depozite. Ultima dată când am mers într-un carrefour, acum mai bine de o săptămână, erau vreo 11 lei / kg cartofii din Egipt.	0	0	0
tata nu ma lasa sa ies deloc saptamana asta din casa si e a treia oara cand ii spun la orofa de engleza ca nu pot veni, mi-e si rusine sa mai vorbesc cu ea plm	0	0	0
@Adevarul Aiuritul asta nu știe pe ce lume trăiește ...mai prost ca asta nu puteau găsi ?	0	0	0
@e_raluca la fel ca italienii / oficialii UE.. sa fim realisti	0	0	0
@CloneSandman @i0n1ca Sunt pe dracu’. Niște comuniști mizerabili	0	0	0
Se închid magazinele din mall-uri! Românii vor putea merge doar la alimentare și farmacii...	0	0	0
@CloneSandman @GabryIonesc2 Nicăieri nu apare, doar pe site-ul ăla este situația cu 9 decese. Ori este o greșeală, ori dezinformare...	0	0	0
Da să mă sugă de pulă zdrentaroșii diasporei	1	1	2
îi bate îi terorizează îi și fute pe unii se folosește de ei droguri	0	0	0
îi mai bine totuși să trăiești, chiar dacă în închisoare, decât să nu	0	0	0
@MirelaBuzoianu Mai bine lasai contul sters, ca nu ti-a dus nimeni lipsa. Mai du-te la cacat de simpatica care esti. Vorbesti de omenie, intelegere si bunatate, dar te iei de altii ca nu te bagau in seama. M-A-R-Ș!	1	1	1
Plm mea, parca am fi in anii '90, dupa revolutie, toata lumea cu ochii pe tv, pe Ceausescu si teroristi #dejavu	0	0	0
@Camelia30_0 Romanii sunt poeti... O sa compuna multe poezii.. O sa intre in istorie "covidvers. Ro"...	0	0	0
@thezvoner Speră să facă 2500 de teste pe zi. Până în 2023 cred că o să termine. Este bine.	0	0	0
M-ai fumat pana m-ai facut scrum si eu nu am apucat nici sa te-aprind.	0	0	0
Gândește-te că aștepți 71 ani după maică-ta să urmezi la tron și apoi afli că ai coronavirus și ea n-are nimic. Al dracu e această "Ion Iliescu de Anglia"	0	0	0
#DACIA #Duster: VIDEO cu o Lupta Off-Road ce te va SURPRINDE -  #peblog #romania #2020 #news #stiri	0	0	0
@aruse1 In pula calului, baga și o statistica pe gripa normala. Aia fără covid in nume. Și pe tbc.	0	0	0
ATAT!demisia Costache!	0	0	0
Basescu, nu numai că a vândut, pe blat, întreaga flotă comercială a țării, dar, cu de la sine putere, a cedat „Europei” suveranitatea României, considerând că cedarea de suveranitate este atribuția principală a unui președinte de țară.	0	0	0
@taetriviagi Ce plm romani o văzut aia 💀💀	0	0	0
Traficul aerian european a scăzut cu 79%	0	0	0
mă fute de 100 și ceva de ori pe zi . la cerere și de 200 și ceva de ori plus noaptea . - ăsta are sida	1	1	1
Am fost în ambele tabere și îți spun că nu e productiv discursul ăsta al urii doar pentru că unii au ales în viață o cale diferită față de tine.	0	0	0
@MarmotaDeCampie Dați de veste daca se poate	0	0	0
@milfapervoi da,esti multa,te poti fute si cu armasarul !	1	1	1
„Pentru că ne preocupă siguranța celor izolați din cauza Covid-19, noi și labelul nostru @LomaVistaRC am decis să amânăm lansarea albumului #Amends din 10 aprilie pentru 26 iunie. Vom păstra legătura cu fanii noști și vom publica muzică, videoclipuri și poze.” - @therealgreydaze	0	0	0
@Alex90527436 @AntidotR @FortniteGame Rezista o pula în cur, nu știu ce sa mai bage ca să joace lumea, mai da-l în pula mea de joc de căcat și lasă-l sa moara, apex și warzone nu sunt gunoaie, dar dacă tu ești obișnuit cu fortnite-ul și ți se par grele, e normal.	1	1	1
Trebuie să rămânem uniți!	0	0	0
Că nu au timp să le întoarcă pe dos	0	0	0
Aceasta ideie este a mea asa ca daca o vrei sa faci si tu, da-mi tag daca nu report👀Sper sa va fie de folos😊	0	0	0
@TanarulD Francezii au anunțat că datoria statului va depăși cu mult 100% din PIB, conf. France24.	0	0	0
Vă dați seama de șocul psihologic asupra acestei categorii de vârstă, când oamenii respectivi văd cu cât cinism li se dorește și se urmărește dispariția lor? Dar șocul educațional asupra celorlalte categorii, care și ele, la rândul lor vor ajunge la vârste înaintate?	0	0	0
@MarmotaDeCampie ma doare in pula, sa calificat Atletico	1	1	1
Oficialitățile dezmint informațiile apărute sâmbătă, în spațiul public, potrivit cărora populației i se vor limita drastic deplasările...	0	0	0
Eu ma intreb...daca cumva ajungeam aici cu Dancila, Liviutzu, cheliosu ala dubios si toti gealatii lor - oare cum era? Daca a facut Dumnezeu bunutu' sa ne scape de raul de dinaintea raului?	0	0	0
@w_lemn @Alien_draft Greșală maaare cu „umplutu' de bani”! Vom fi mai departe folosiți de cârpă-n cur, și când nu le-o mai trebui, or ține-o numa-n șuturi: că aia, nu, că ailaltă,nu, că „iar n-ai bască!”, ce, ați și uitat?	1	0	0
E clar.. romanii sunt atat de inconstienti. Vin din toate tarile posibile, stau in multime si dupa se mira de ce se raspandeste virusul peste tot. Ce nu e clar?! Tot ei sunt indignati.. asa ceva.	1	1	3
Ambivert sau nu, chiar nu e ok ce sa intampla...	0	0	0
Spitalul Orăşenesc Găeşti va da personal de suport  pentru toate unităţile medicale din Dâmboviţa, dedicate cazurilor COVID-19	0	0	0
Uniunea Europeană a suspendat accesul cetăţenilor noneuropeni în spaţiul comunitar...	0	0	0
Fotbal: Seminar online de pregătire teoretică dedicată VAR pentru arbitrii din Liga I	0	0	0
@daco_get In cel mai bun caz, vecinii vor lupta pt propria identitate si libertate, ca ungurii.	0	0	0
Până acum se știe că unul dintre medicamentele fabricate de Cuba„Interferon B”a reușit să vindece eficient mai mult de 1.500 de pacienți cu coronavirus și este unul dintre cele 30 de medicamente alese de Comisia Națională Chineză de Sănătate pentru a combate bolile respiratorii.	0	0	0
@Alex_Tikitaka Succes.Daca o gasesti,imi spui si mie...nu am nervi nici sa caut.	0	0	0
Nu ești pesedist ci sputnicist.	1	1	1
@PleuAlexandru4 @avrenim50 Trebuiau să îi coaca și ăstuia ceva ca sa ia lumea în serios mascarada....	0	0	0
@CloneSandman @bogdantatuta Si sunt facute acum n luni	0	0	0
Cum e să ai înălțimea de 10 metri și să nu observi atenția mea față de tine? :))	0	0	0
Toți oamenii cu măști pe față prin centrul Londrei sînt asiatici.	1	1	3
SA MOR EU CUM DRACU MA GASITI	0	0	0
@sftggukie Am timp. Ce exerciții mai exact?	0	0	0
@emiltoma_av La 2500 teste pe zi, imi da cu virgula	0	0	0
@severvoinescu Dreptate vor avea amândoi, dar nu în aceeași măsură cu disperarea.	0	0	0
CERT-RO: Recomandăm utilizatorilor să folosească doar surse oficiale pentru obţinerea declaraţiei pe propria răspundere	0	0	0
Ba stati ma in casa daca nu vreti sa luati coronavirus 😂🤦🏻	0	0	0
LL Cool J și-a făcut public numărul de telefon!	0	0	0
Adriana Nica, directorul Spitalului Universitar București ar fi fost demis de ex-ministrul Sănătății ... pentru că n-a vrut să semneze un contract de achiziții "aranjat" de Costache! S-a temut femeia de pușcărie. Ei...parcă-i logic, nu?	0	0	0
@CloneSandman @RobertEVoicu Ma rog, fiecare le stie pe-ale lui. Daca tu nu te-ai inteles cu ei nu inseamna ca toti ii consideram la fel. Parerile difera de la caz la caz.	0	0	0
@MAIRomania @_PolitiaRomana_ @IGSU_URGENTE_RO @JandarmeriaRo @FrontieraRO E ceva ciudat în fața la aeroport  otopeni  la terminal-ul sosiri  jos  unde două persoane mi-au cerut un foc puțeți verifica pe camere și după aceia m-ia zis că am loat corona când mia dat bricheta inapoi	0	0	0
Bani n-aduc fericirea, mult mai de pret e Drojdia!!!! #stauincasa	0	0	0
Au început afacerile, legalizate de starea de urgență. Să vezi acum îmbogățiți peste noapte, firme dedicate ce vor face milioane în mod....legal	0	0	0
Usi din lemn stratificat de interior sau exterior - modele si optiuni pentru fiecare locuinta	0	0	0
Nu exista dovezi ca animalele transmit COVID-19, dar expertii avertizeaza ca sunt necesare masuri de precautie	0	0	0
@lanzhanbarosan ioai frătiuț nu, ca esti ca si cristos pe twitter si l-ai vazut tu vreodata pă cristos sa zica ca-i prost? nu l-ai vazut. noa atunci?	1	1	1
crezând că este o armă biologică ,în Whuhan(oraşul de unde a inceput)fiind şi cel mai mare laborator biologic	0	0	0
@B1site Si mata nu te ghiama? Are treaba cu tine si tu nu stii.	1	1	1
@Digi24_HD E la moda, pe cine mira umorul românesc? 🤣	0	0	0
Stai locului!😄 ca scot astia niste avioane de lupta, abia s-au incalzit	0	0	0
unul foarte puținii dizidenți reali din timpul comunismului românesc	0	0	0
@yodoru2003 @alienvision1 De mâine ne întoarcem la normal	0	0	0
Pe Twitter sunt 379.000 de utilizatori români înregistrați, însă doar 43.695 au fost activi în 2018. Doar 9.000 de useri au avut peste 200 de postări anul trecut.	0	0	0
Tenis/#Coronavirus: Organizatorii turneului de la #Wimbledon evaluează ''toate scenariile'', inclusiv anularea competiţiei de Mare Şlem	0	0	0
Biserica fortificata din Alma Vii va fi restaurata, cu o investitie de 500.000 de dolari - etapele proiectului	0	0	0
Alertă de coronavirus la un Spital din Capitală. 28 de medici şi asistente au intrat în izolare	0	0	0
#Rusia: Două persoane, testate pozitiv la #coronavirus au decedat (autorităţi)	0	0	0
Am tușit de la etajul trei, doua babe cu câini au tresărit jos pe alee 😬	0	0	0
ARES ofera consultatii online gratuite pentru pacientii cardiaci aflati in izolare din cauza epidemiei de coronavirus	0	0	0
Mi-am dorit să dispară, dar nu am reușit să fac nimic.	0	0	0
@cristinadobre @basarab84 Înțeleg că in principiu nu-i frumos ca or mințit, da nu ma intereaza nici măcar daca ii minciună sau nu	0	0	0
Cum sa negociezi cand iti cumperi masina noua ca sa obtii discount:	0	0	0
INS: Managerii IMM-urilor se aşteaptă la reducerea cu 50% a activităţii sau chiar închiderea ei	0	0	0
-atunci când faceai torturi din noroi sau nisip si le ornai cu pietricele sau flori	0	0	0
de ce noi, oameni simpli ne gandim la varianta asta, si cei de la conducere, nu vor sa o ia in calcul?	0	0	0
@emiltoma_av Eu sunt halit: de când cu mizeria asta, am trecut de la 14/15 pe zi la un pachet.	0	0	0
Eu sunt cum sunt, nu-mi pasă de părerea altora! Cine nu mă înghite, nu are decât să se înece.	0	0	0
Da frt facem mare “cioată” si el a venit doar cu OCB uri	0	0	0
În aceste momente, în care stăm acasă și ne concentrăm pe educație, pe ce putem învăța pentru a deveni din ce în ce mai buni în carierele noastre, podcasturile sunt o…	0	0	0
Samsung Galaxy Note 20+ a primit randări foarte convingătoare, cu o cameră preluată de la S20 Ultra, dar ceva mai plată	0	0	0
@rcarolyn480 Atât poate omul...🤦‍♂️😂	0	0	0
Nu stiu voi dar unul din lucrurile de care devin constient, fiind in casa de o saptamana jumate - bai, deci folosim enorm de mult plastic. Foarte, foarte mult plastic. Daca nu e de la piata, de pe taraba, e cu plastic for sure.	0	0	0
Executare Silita Poprire Patria Bank Clauze Abuzive In Contractul Bancar	0	0	0
tocmai am am mancat paine cu usturoi, am mancat portocala, mi am facut ceai cu propolis, am luat vitamina C si decasept pt ca ma doare gatul	0	0	0
O lume nebună, nebună, nebună	0	0	0
#BreakingNewsAGERPRES Ministrul Sănătăţii a demisionat din funcţie; secretarul de stat Nelu Tătaru - interimar -	0	0	0
Cîțu a fugit de frica coronavirusului. Puneți-o pe Violeta Alexandru premier, e singurul om curajos din partidul ăla de pensați!	0	0	0
@itmorar "Covidul nu merge de doua ori la Papă" proverb vaticanez	0	0	0
Doamne, vino Doamne, sa vezi ce-a mai ramas din oameni...	0	0	0
Oameni cu copii, ce-l sfătuiți pe omul acesta?	0	0	0
@JoanaRSSousa Ficaste a flutuar cu mister	0	0	0
Vintule,te ia MAMA LU DRACU,daca nu-l BAGI IN PIRNAIE,pe acest SCHIZOFREN,care i-mi intra in casa	1	1	1
Mihai Bendeac, declaraţii dramatice despre cariera în actorie, dar şi despre viaţa sa intimă: “Sunt disperat! Este pentru prima dată în existenţa mea când regret”...	0	0	0
Doamne ajuta!! E nevoie de repararea echipamentelor!	0	0	0
Ca sfaturi toti primim de la fel de fel de "experti"...	0	0	0
partidul nu permite esecuri, viata oamenilor nu conteaza acolo! sa vedem la noi cat va conta pentru "partid"	0	0	0
Te gandesti sa cumperi Manusi vinil pudrate? Vezi mai multe detalii aici Mihail N.  via @yotpo	0	0	0
@ingerisidemoni Nu e posibil!Numai testarea efectelor secund ar putea dura ani,pt ca pot exista astfel de efecte pe termen mediu si lung.	0	0	0
Poate singurul disident real din România. A murit departe de țară, fără să-i fi fost redată cetățenia română. Drum bun, maestre, și rușine pentru clasa politică!	0	0	0
@MarmotaDeCampie :))) sigur: 3 vocale (a,i,u) și 3 consoane (h,p,c) cu repetare o singură dată, nazal, cu h aproape mut și uuu prelungit.	0	0	0
@roxystoica2015 M-am gândit si eu la asta.Ne-am consultat intre noi.Unii ziceau ca cu doi ,altii ca trei”i”.....așa ca am dat cu banu’!	0	0	0
Tre' să fii idiot irecuperabil! Pulă, cu cash mai plătești eventual barcagiu' ăla care te trece Dincolo.	1	0	0
@RobertEVoicu Nu face așa ceva. E imposibil.	0	0	0
@GabrielGiurgiu2 Ideile, de asemenea, se pot deriva din trairi anterioare. Poti sa intuiesti ca o sa-ti fie sete dupa o alergare de 10 km, daca ti-a mai fost sete anterior.	0	0	0
După cinci ani de „prezidat”IohanniSS (citat din renumita frază prezidențială: „Nu mă joc, nici nu dictez, eu prezidez!”) el a generat rușine cât toți ceilalți trei laolaltă.	0	0	0
#Box/Coronavirus: Campionul britanic Anthony Joshua a intrat în #carantină	0	0	0
S-ar părea că virusul corona poate supraviețui până la 3 ore în aer și până la 3 zile pe anumite suprafețe. Autoritățile nu publică însă date oficiale în acest sens și nici nu ne instruiește cum să dezinfectăm corect ambalajele mărfurilor pe care le introducem în case noastre.	0	0	0
Sorin Lavric: Trăiesc cu impresia că o conjurație a mass-mediei și-a pus în gînd să-i aducă pe oameni la un prag de isterie obștească	0	0	0
Eu zic să plecați din țară cât mai puteți !	0	0	0
Era mai bine pe vremea brexit-ului	0	0	0
M AM DUS LA BUCATARIE SI ERA UN GANDAC NEGRU GIGANTIC PE JOS SI S A BAGAT SUB DULAP SI DUPA AM IESIT SI ERA INCA UNUL PE HOL SI ERA SA IMI CADA CANA CU APA DIN MANA AJUTOR	0	0	0
@skatecat_147 @roxidh E un drăguț de felul lui!😅	0	0	0
6 sfaturi de la ginecolog pentru gravide care au mai greu acces la servicii medicale din cauza COVID-19	0	0	0
Florin Cîțu, despre amânarea plății ratelor: Nu înseamnă iertare de datorii! Să fie foarte atenți când iau acestă decizie	0	0	0
Acest cont l-am facut prin decembrie,inainte de Craciun.Postam rar,deoarece nu era activitate,chiar si daca la descriere era"selfcare daily".Nu stiam cum sa pun filtre dragute,nici cum se fac editurile sau outrio-urile.	0	0	0
@PRO_BUILDINGS Acum. O să fie și un după.	0	0	0
@adrianamia_o Te iubesc foarte mult Vreau să vorbim Te rog Dă-mi un Răspuns Sînt Sportiv Și Am Propria Afacere Sînt O Persoană foarte Corect și foarte Responsabil Te sărut dulce Mult!!!❤❤❤❤❤❤❤❤	0	0	0
@madman1436 @FlorinAndone11 Numai la meci au  corona! Mall-uri sau la restaurant nu are nimic!!	0	0	0
Eu am impresia acum că dacă eu sunt supărat și nu mai joc FIFA, nimeni nu mai joacă FIFA. 🙈 A dracu bulă.	0	0	0
Tara arde și nouă ne arde de  "Bravo fă, ai stil !" cu combinezoane de la Botezatu si matracuca aia care isi plimba găina.	0	0	0
Zi bună! #smileface #goodday #lamuncă #parlament	0	0	0
Dă-mi voie să îți spun: tragedia nu a început acum, tragedia a început când v-ați pierdut simțul rațiunii și al bunului simț.	1	1	1
@basarab84 Schimbarea ordinii mondiale. 😉	0	0	0
@TudoseVali eu am citat din Adevărul...nu m-am uitat la Antena 3 de 12 ani. De cînd mă mai înjurau și pe mine.	0	0	0
@maads2010 ‘Neața😞 Sunt câteva indicați în decret, problema este cu lumea care nu stă in casă , sunt restricții, nu-i sperie nici amenda de 206€ care este penală.	0	0	0
Spitalele nu mai internează decât coronați, doctorii nu mai au timp să se ocupe decât de virusați. Asistăm la o uriașa decimare a populației la nivel mondial 😢 #COVID2019	0	0	0
@keyboardriot Cel mai relevant criteriu este relația de rubedenie. Marea majoritate sunt angajați pe pile	0	0	0
Președintele Belarusului: "Vă recomand să faceţi o saună, să beţi multă vodcă şi să munciţi din greu, în acest mod o să ucideţi virusul din organism"	0	0	0
Faptul că mizeria asta de emisiune se mai difuzează, e un jeg în sine. Înțeleg, te mai gândești la una-alta, dar las-o-n plm de treabă.	1	0	0
@PleuAlexandru4 Bună dimineața!🏕🙏❤😘	0	0	0
@OvidiuSky Pontiacul are dreptate la faza asta, chiar e aiurea revolta unora! 😎	0	0	0
@zoso Pe dracu’! Au băut și testele de aia nu e nici un caz!	1	1	1
Firea cere Guvernului bani pentru spaţiile de carantină; Dancă îi spune să realizeze o echilibrare în interiorul bugetului	0	0	0
Fără legătură cu covid19 : clanul procurorilor, de la noi, seamănă cu ce a fost în Germania nazistă Gestapo. Urmăresc pe Viasat History niste filme despre Germania în WW2.	0	0	0
@mad_dame Freud ar putea să-ți explice niște chestii ;)	0	0	0
@onebluestar13 Ne ducem dracu rău de tot.	0	0	0
Democraţia nu poate fi suspendată în mijlocul unei crize atât de dramatice, a transmis preşedintele Parlamentului European, @DavidSassoli, în deschiderea unei sesiuni plenare extraordinare la Bruxelles pentru adoptarea de măsuri împotriva pandemiei de #COVID19 #EuropeanUnion	0	0	0
@stiripesurse_ro Ar trebui închise toate si asa sint focare de infecție!	0	0	0
Soborul Sfantului Arhanghel Gavriil	0	0	0
@w_lemn @Carlos_Sacalul Nu am spus că este mai bine în Ro sau că măsurile sunt anti maghiare: am spus ca Ro și Hu sunt diferite! Nu inventa conținut pentru mine, nu este necesar. Dacă ai ceva cu țiganii nu te ascunde spune-o!	0	0	0
Mai gândeşte-te odată. Când pleci din iad... chiar e recomandat să uiţi. Asta dacă o să poţi.	0	0	0
Noutăți în Campionatul Mondial de Raliuri: etapele din Portugalia și Sardinia au fost amânate	0	0	0
Aici azi a fost frig, dar vântul s-a mai potolit puțin.	0	0	0
@gusteru Deocamdată il fierbem. Cu usturoi, ca sa moară covidul.	0	0	0
Sunt controale in toate intersectiile!	0	0	0
Care te bagi să faci covid voluntar? 😬😒😳	0	0	0
@thezastru Eu doar ii întorc pe dos când mă întorc acasă.	0	0	0
@Horia8Bogdan Nu de-acolo se trage! Pacientul 0 nu a avut nicio legătură cu piața de animale, nici jumătate din primii 10 diagnosticați.	0	0	0
@AncaPopaSQ doar în Canare o să avem 100 000 de şomeri doar din turism	0	0	0
Ce sa faci când te simți singur	0	0	0
Cred că "fake vs reality-like digital avatar" în ultimii ani înclină semnificativ spre al doilea (GDPR - safe, anti-fake etc). Apoi "proof of stake" - cine își actualizează datele pe Linkedin are un scop clar, de ce nu ar face la fel și pe Facebook? Ceva studiu / info comparativ?	0	0	0
Pacientul nr. 1 din Torino fusese declarat vindecat de coronavirus, dar a fost rediagnosticat pozitiv...	0	0	0
Doreste cineva sa ajute, cu alimente o bunicuta ?	0	0	0
Bogdan Aron, românul vindecat de coronavirus, trage un semnal de alarmă: ”Toată lumea e pe stradă. Credeam că românii au înțeles că ne paște un pericol mare”...	0	0	0
10 tehnici de liniște si sănătate interioară, pe durata fricii de Coronavirus	0	0	0
Cum ar fi să punem fiecare poze cu incinta caselor noastre in acest moment. In special cei care aveți odrasle :) EU nu am curaj :) Maine, că e mai jale	0	0	0
să-ți amintești la 5 jumate dimineața random că acum mulți ani ai văzut niște mesaje ale maică-tii cu cineva care nu era taică-tău și te-ai gândit că sună prea afectuos ca să fie trimise cuiva care nu e taică-tău și că s-ar putea să îl înșele or something, dar nu ai zis nimic...	0	0	0
Doi inculpaţi pentru terorism în SUA după ce au tuşit deliberat către alte persoane şi au pretins că au #coronavirus	0	0	0
.@Simona_Halep: "Traversăm cu toții o perioadă foarte grea. Este, pe de altă parte, și ocazia perfectă să arătăm că știm să fim solidari și responsabili cu viețile noastre și ale celor din jurul nostru."	0	0	0
#foto Bogaţii şi-au luat măsuri de prevenţie împotriva coronavirusului.	0	0	0
Fraților, dacă vă fac bine scenariile de orice fel despre cine e în spatele COVID-19, folosiți-le. Orice ajută! Nu sunt sarcastic. La fel cum nu încerc să conving pe nimeni să-și schimbe religia și credința.	0	0	0
MAICA TEREZA ȘI TAICA GABRIEL	0	0	0
Federatia Solidaritatea Sanitara: Daca refuzati in continuare testarea personalului, nu va mai avea cine sa va trateze!	0	0	0
@SBaoad @Alien_draft Pai nu vrea tot romanu' #otaracaafara? la ce dracu' mai vrem #otaracaafara? Ca sa-i umplem de bani?	0	0	0
La nivel mondial, a început o cursă contra cronometru pentru găsirea unor vaccinuri eficiente împotriva infecţiei cu noul coronavirus.	0	0	0
@DeeGoesLive @laylow1948 Multumesc de sfaturi. Sunteti niste draguti😉	0	0	0
De oriunde va apărea antidotul vor fii unii că păi da că plm că conspirații că îl aveau că oculte că masoni că americani că reptilieni căcat aiurea.	0	0	0
@ingerisidemoni E fake news cum ca am fi refuzat ajutor de la chinezi	0	0	0
caca ma si pe profa de franca zici ca nu stie sa isi foloseasca telu 😭	1	0	0
@norvina1 A pfff în România cel puțin dacă te uiti pe geam si stai la bloc vezi oamenii p-afara	0	0	0
@severvoinescu Observand ca ne ducem dracu' cu poluarea niste extraterestrii prietenosi au luat-o pe ocolite, gen, sa ne avertizeze prin guvernele proprii	0	0	0
Când se împlinește opera lumii, artistul și spectatorul pot fi învinuiți de crimă împotriva vieții.	0	0	0
ce-au făcut apartament 58 și 50 perioada 2010 interval 2020 ! anumiți pacienți din Bagdasar să citească pe Facebook : vai au neamuri de țigani drogați	0	0	0
„Ne aflăm într-o situație cu care omenirea nu s-a mai confruntat în istoria recentă. Vom trece cu bine prin această grea încercare luând imediat cele mai drastice măsuri și înțelegem cu toții că severitatea lor este pe măsura gravității perioadei ce o traversăm”	0	0	0
@LoredanaLutac Dar știm sigur că-i mort. Asta e clar	0	0	0
@DacianSoros Desigur,mulțumesc.	0	0	0
@andreianu aşteaptăm să vedem conferinţa de presă de azi a lui BJ să vedem ce măsuri confuze se mai iau.	0	0	0
Unde găsesc mingea cu care joaca băieții?	0	0	0
Petre Daea: Fermierii și hrana sunt scutul nostru de apărare împotriva dușmanilor nevăzuți	0	0	0
@wendyiloveyou2 da-o dracu zapada, de cate oti nu era sa mor din cauza ei, da e buna..	0	0	0
Acum 2 zile am facut publica acapella piesei "Nu stim sa pretuim" pentru cei care doresc sa ii faca un remix. Primul remix pe care l-am primit ii apartine lui DJ Knistru.	0	0	0
@CloneSandman Ghiță s-a întors în țară? Parcă a fost anulat mandatul de arestare, știu bine?	0	0	0
Inainte de sex va ajutati unul pe celalalt la dezbracat, dupa sex fiecare se imbraca singur. Morala: Nimeni nu te-ajuta dupa ce te fute!	0	0	0
@ailel4 Interesantă o chestiune. Dacă virusul se ia pe mâini , la ce trebuie mască ?? Poate mănuși ..?? S-au poate niste sârmă de cupru înfășurată , că cică pe Cu nu se pune virusul , spuneau cercetătorii americani..!! Ce mai distrează ...virusiada...😀😀😀	0	0	0
Unii dintre ei argumentează că doar acolo se găsesc capace de wc pentru o priză sănătoasă.	0	0	0
ce trebuie sa va dau pentru a vota pentru nct pe mubeat? am doar poze cu flori sau nct daca vreti	0	0	0
Pentru ca-i lasa nevestei casa si toate lucrurile de pret?	0	0	0
Cedemonstreaza dragul unora de Johannis?lipsa de discernamint?Poate un argument indirect,in contextul actual:”Speriati de epidemie,oamenii par sa se fi resemnat cu noile intruziuni ale autoritatilor in viata lor si,uneori,chiar accepta cu bucurie limitarea drepturilor cetatenesti	0	0	0
@octavpelin Omu' era foarte bolnav încă din 2014-2015, n-a murit de la corona. E o minciună ordinară!!!	0	0	0
Pentru ca i-a ramas doar Bunul Dumnezeu!	0	0	0
Nu vreti sa stati dracu nici in carantina. Doamne de nu imi vine sa va catapultez pe toti inapoi	1	1	2
România are un număr mic de virusați declarați, pentru că nu face destule teste. Și acest lucru – dacă nu se iau măsuri rapide – îi va exploda la un moment dat în față – ca în Italia și ca în Iran. Restul sunt minciunile și dezinformarea pe care le practică acest Lodovic…	0	0	0
@MoiseGuran Credeam ca Oltenii Au Solutii ! Insa cu nonsalanta descriu Neputinta #bizzyneputinta	0	0	0
HP si partenerii sai ofera solutii de imprimare 3D in lupta impotriva COVID-19	0	0	0
Nu-mi pot permite momente de slăbiciune, dar sunt zile în care pot să mă prăbușesc și eu.	0	0	0
Farmecul democrației: răspunderea e colectivă, individualitatea dispare, constatase dezgustat Aristotel prin anul 300 și ceva î.e.n. 😭	0	0	0
@Horia8Bogdan Eu port masca de vro luna cand apăruse abia in Italia!Având la activ atat eu cat si fiul meu o pleurezie si antecedente in  deces de cancer la plămâni,am simtit nevoia sa ma protejez!Nu vreau sa vă explic cum fugea lumea de mine prin market!	0	0	0
Un alt suspect de coronavirus a fugit dintr-un spital din Galați. A băgat șapte persoane în carantină...	0	0	0
@GabrielGiurgiu2 @AlexPop76 @Horia8Bogdan @ciulea Păi pentru cretinii care nu respectă niște legi, deoarece ei nu cred in existența acestui virus, e normal să-i ameninți cu pușcăria, că cu niște amenzi ridicole nu rezolvi nimica. Aici nu mai e vb de democrație sau comunism, vorbim de siguranța tuturor.	0	0	0
Cu asemenea stiri...era si cazul!	0	0	0
@BoyWithPlant Same... e si mai fain ca anu are varsta ta in el. Plm vreau si eu sa am 20 de ani 2020 coaie.	0	0	0
ro moots știți bombonelele alea care se pun pe coliva?? deci eu le ador... și a fost mama azi la selgros ȘI MI-A LUAT O PUNGA IMENSA NUMAI CU BOMBONELE PENTRU COLIVA HOW CAN YOU NOT LOVE HER???	0	0	0
Știe cineva unde pot citi propunerile economice ale marelui economist de renume dâmbovițean Eugen Teodorovici?	1	0	0
45 de tone de echipamente medicale ajung în România, din Coreea de Sud, cu o aeronavă NATO	0	0	0
@ionutzelgabriel Uhuu, grea carantina de unul singur.	0	0	0
I-ascultați aici, fumătorilor!	0	0	0
#Arad: Primul aparat de testare #COVID-19 a ajuns la Spitalul Judeţean, împreună cu teste pentru trei luni	0	0	0
"@trueroobert Iau țiganii in pula ca asa vreau eu, ma cert cu toti ca asa vrea pula mea, altceva, daca te supăra vino, dar pun pariu ca tu nu știi sa ții un ciocan macar in mana, nu ai har sa lucrezi ceva	1	1	1
@d3void_ Nu mai mult decât eu	0	0	0
@KlausIohannis @StirileProTV De ce nu se iau măsuri mult mai stricte de urgentă? Avem exemplul Spaniei unde cazurile de Covid 19 au crescut de la 1000 la 8000 intr-o sapt, iar astăzi sunt peste 11.000 cazuri Covid 19?	0	0	0
@SceltoDaglidei Gasesc pe dracu spirt! Si-mi trebuie sa dau faianta.. 😃	0	0	0
Nu stiu dar vad ca ei, medicii, merg pe un plan (etape) probabil stabilit si de OMS, functie de evolutia virusului si nr. infectati -bolnavi	0	0	0
Patriarhia Română: Ora de Religie - difuzată la Trinitas TV	0	0	0
@Cristia55055441 Bine zis Sf moaște! 🤣🤣🤣	0	0	0
Iar dacă există 1 caz netestat - o luăm iar de la capăt.	0	0	0
Daca n-o primesti, nu voi avea odihna	0	0	0
Digi a dat 2 luni cadou HBO, FilmNow gratis, dacă dau la popor si SuperOne 4K or să ia fața Netflix-ului.	0	0	0
@radusmall Pe dracu ba drace, la voi robin hood e mort și îngropat dimult, nu faci haiducie cu indienii, harapii, magrebienii, țiganii și ce mai aveți voi ... aaa irlandezii? 😇😈	1	1	1
ai de pula calului! putin, erdogan și toți tiranii din țările "democratice" cred sunt verzi de invidie.	1	0	0
Anu asta 1 mai o sa fie un fel de revelion cu Dan Negru	0	0	0
@cristinadobre @denis26_denise Tonul da, dar nu e singurul factor, "ochii nu minte" și i-am văzut în full HD.😂	0	0	0
HBO, creştere a audienţei cu 40% în vremuri de carantină din cauza noului #coronavirus	0	0	0
Chiar acum am mai băut două cafeluțe la 1 leu nou românesc de la un magazin din centrul orașului, Slatina, Olt și am mai fumat încă două țigări Pall Mall negru la bucată!	0	0	0
@LTeglas @MarmotaDeCampie Livia, americanii, israelienii, parcă și belgienii au început testele încă de acum câteva zile....	0	0	0
@blankfrost2 Blank ce plm ii bulanu asta pe tn ba ca nu inteleeeeg=)))	1	1	1
@127scuadXD roots dați welcome acestui nou cont de shitposting, crize și meme-uri	1	1	2
@TrinityEternal2 Dacă îmi ești prieten...trimite-mi că o să ai grijă de tine!🏕❤🙏🏕❤🙏	0	0	0
@denis26_denise Stii ce e trist, daca acceptam totul! cand spun tot inseamna tot!	0	0	0
@ingerisidemoni Bun articolul! Puțin prea pesimist parcă...	0	0	0
Ce #plm vorbește Klaus acolo? Poate pișă și o lacrimă cretinul #BPÎRL	1	1	1
@GabryIonesc2 @radusmall Mi se pare mie sau miroase a razboi?	0	0	0
Informație de ultimă oră! Medicii români au inventat vaccinul împotriva COVID-19	0	0	0
de unde plm au iesit tantari primavara abia a respirat chill fratilor ca nu am chef sa imi iau sugere de sange	1	0	0
@Horia8Bogdan @puttycat A luat masuri pe dreacu, au intrat 2500 de chinezi in Romania DUPA ce China blocase Wuhan iar comunistii sudau usile la blocurile clasei muncitoare de unde ii scoteau numai morti buni de crematorii. Au crezut ca prostii cifrele Partidului chinez.	1	1	1
Cum dracu sa nu fi indragostit de tehnologiile folosite pe tractoare in anii '90?!	1	0	0
@adivino2010 Nu uita cine conduce Germania ...stupiditatea democrației ... Merkel....!!	1	1	1
@ingerisidemoni Ca să produci din nou biocide, trebuie-ntâi să produci iohannocide, sicăcide orbețicide și tâmpitocide. Chestie de durată, cu atâtea soiuri de carcalaci...	1	0	0
Sunt total împotriva pensiilor speciale.. da', în vremea asta, numai de pensii speciale îi fute grija, de dragul voturilor.	1	0	0
Pe lângă faptul că aplică măsurile de carantină, legea permite, de asemenea, autorităților să forțeze vaccinarea oamenilor, chiar dacă în prezent nu există vaccinare pentru virus.	0	0	0
Momente impecabile cu multă munca și Ambiție doar la  #romaniiautalent ❤️	0	0	0
@denis26_denise Cu oricine vb din sistemul sanitar de la voluntari și studenți pina la medici, toți îmi zic ca va urma prapadul	0	0	0
primarul timisoarei, in pandemie: eu nu am inhibitii!	0	0	0
Pe dracu, nu deosebește arpagicu de ceapa, leușteanul de pătrunjel și fagul de stejar ...	1	0	0
Trimit 3 miliarde de euro pe an în țară şi țara îi primeşte în carantină cu jeg.Ludovice,tu eşti bine la Vila Lac?Îți aducem ceva de la Mega?	0	0	0
Începutul a fost greu. Acu-i boul la butoane și maimuța la brici.	1	0	0
@halmerb Nominalizează, să ştiu şi io.	0	0	0
@CloneSandman @miradulescu @GabryIonesc2 Coae tu nu te uiți la tine că ești un complexat dislexic, contează că ești urat sau strâmb hoașcă sau moș ?	1	1	2
Medicii şi societatea civilă cer testare în masa pentru COVID-19, în România	0	0	0
Ce mi se pare tare e ca formularele CSU pentru somaj tehnic sunt Albastre si Galbene. S-a gandit mult PNL-ul la asta?	0	0	0
@GentiDeBani Marș în PLM ca m-ai plictisit.	1	1	1
@dj_mezeneu Been there, dar m-a hrănit mama pentru că încă stăteam la ai mei.	0	0	0
Campanii Lichidari primavara si Promotii de primavara, ambele cu produse din stoc, pentru care livram IMEDIAT :	0	0	0
@klubbingman Unul mai are si 89 de ani...	0	0	0
Crezi ca sunt utile? Cui ajuta? Nu ajung 15 ani de heitareala? Eu zic sa lasi in pana mea avioanele si apuca'te sa faci ceva util, ca la ce vine, nici dracu nu te mai salveaza. E un sfat prietenesc.	1	0	0
omg, de când nu am mâncat de astea 😭😭😭	0	0	0
Bagă o ordonanță pt amânarea ratelor la bănci din care să reiasă că ești prost și ticălos.	0	0	0
@SilviuFoca da, îmbogățiți peste noapte, mai ales dacă noaptea ține cîteva săptămîni	0	0	0
@KlausIohannis Multa putere si credinta va doresc Dle. Presedinte!!	0	0	0
@radusmall Da, așa e, pregăteau niște exerciții cu NATO &amp; shit. Le-a trecut (momentan)...	1	1	1
Cred că cei mai fericiți zilele astea au fost producătorii de hârtie igienică scumpă	0	0	0
@w_lemn Rămâne traficant doar statul. La fel s-a întâmplat și cu prostituția.	0	0	0
@_lor3scu_ Iar acum, pe bune și sub cuvânt de onoare, habar nu am cine este individa. Îmi explică cineva?	0	0	0
@robertruss21 @peretsergiu17 @otiliag1 românia are scenarii în funcție de cazul de îmbolnăviri. despre ce plm vorbim?	1	1	2
Dacă să stai în casă ca să eviți contactul cu oamenii e carantină, înseamnă că eu sunt în carantină de vreo 15 de ani.	0	0	0
@i0n1ca @CloneSandman Ai copil , da i lui ... aia nu e scădere .. aia e praf in ochi .. scrie mi când e 3,8 și mi cer scuze ..	0	0	0
Leoreanu (PNL) : "Astăzi au avut loc niște concluzii" - Unde au avut loc?! Că aveți capu' mic. Nuie loc de concluzii.	1	1	3
@Concy90257370 Doamne ajuta la toată lumea sa fie satoasa!	0	0	0
Sa incerci sa manipulezi populatia cu artificii din acestea ieftine de amatori mai inseamna: dispret, lipsa de respect si incapacitatea de ati asuma cu curaj masurile pe care trebuie sa le iei.	0	0	0
Japonia continuă să urle lumii că sunt centrul incompetenței. De asemenea, sunt un membru incompetent.	0	0	0
Acum e drept ca nici conditii ca la Vila Lac nu trebuie sa le asiguram.Alea-s conditii pentru cei care nuau avut serviciu in ultimii 30ani	0	0	0
daca ma mai fute taica-mio la creier jur ca l-oi păli	1	1	1
Salarii micsorate la CSM!	0	0	0
Mercur retrograd, și uite cum noul virus a făcut horoscopul inutil !	0	0	0
frate am vrut sa ma programez la tuns la o frizerie si cica scuze tundem doar barbati coaie am parul mai scurt decat tine si vreau o tunsoare barbateasca :((	1	1	3
@MarmotaDeCampie e autorizată o deplasare pe săptămînă pentru alimente	0	0	0
Există motive populare să te împotrivești recomandărilor.	0	0	0
@denis26_denise @SanduGeorgeCla1 Desigur, și dacă considerăm și ceilalți factori existenți până acum asta nu e decât un factor major în plus.Nici de sus nu suntem ajutați cu măsuri concrete!E nevoie de ancore pentru societate, nu de "vom face/drege"	0	0	0
Trăim vremuri când a face cumpărături la supermarket e ca o joacă în ruleta rusească.	0	0	0
@subiectiv Păi nu trebuia să se oprească la peste 20 de grade?	0	0	0
@Observator_TV Disperati?Protest ? Cand nivelul prostiei este asa de mare ar trebui sa fie lasati acolo sa moara de foame ...Suntem in carantina la nivel european de cateva zile, multe tari au anuntat din timp inchiderea granitelor	1	1	1
@JezTiny fa mizerie care esti,daca te fute covid19 in cur cum te-ai simti ???	1	1	1
#Iohannis: Rolul SRI este esenţial în contextul pandemiei de #coronavirus	0	0	0
Campania de promotii de primavara	0	0	0
Guvernul ia azi în discuție o decizie privind casarea unor macazuri luată de CFR SA acum trei ani	0	0	0
@santaromica P.S. Am găsit. Numărul de teste efectuate : totale și în ziua respectivă.	0	0	0
Comisarul pentru comerț, @PhilHoganEU: Ne confruntăm cu o criză a sănătății publice fără precedent, cu consecințe grave pentru economia europeană. 	0	0	0
Noul ministru propus la Sănătate, Tătaru, are ditamai viloiu' și un apartament de la ANL!!!	0	0	0
@radusmall @ioanapistol Eee, nu eu, vară-mea :)	0	0	0
Andreea Bălan nu poate să-l uite pe George Burcea! Mesajul subliminal transmis pe internet: “Cum de poți zâmbi așa cu gândul în altă parte”?...	0	0	0
Lupta cu coronavirusul. China anunţă, după teste clinice, că medicamentul antiviral pentru gripă Favipiravir este eficient împotriva COVID-19...	0	0	0
Ce sa vezi? Uite ca acum pot sa isi dea demisia in masa. Oare de ce inainte cand erau aceleasi conditii infecte in spitale nu puteau? Cumva din cauza ca riscurile pentru ei erau mici si pacientii puteau sa se duca pe pula cat timp lor le intrau banii bine-mersi?	1	0	0
@aditeaca @denis26_denise Sa arate bine in poza internationala, uite si Romania a luat masuri extraordinare,vaiii, vaiii	0	0	0
Declaraţia zilei aparţine preşedintelui Consiliului Concurenţei, Bogdan Chiriţoiu	0	0	0
Un tânăr de 19 ani a mers pe stradă cu peştişorul din acvariu pus într-o pungă şi le-a spus poliţiştilor că a ieşit din casă ca să-şi plimbe animalul de companie ... 😜	0	0	0
când eram frate cu voi, eram cel mai bun, acum, că vă iau morții în pula, dacă comentați aiurea, nu vă mai convine	1	1	1
@lanzhanbarosan Fute l și pe celălalt măcar așa stai in pat și nu pe gresie	1	1	1
Restricțiile se termina destul de aleatoriu si parerea mea îi ca politicienii vor lua in calcul situația economică, sfaturile venite din domeniu (oms) si se vor orienta dupa cum au facut alte state deja.	0	0	0
Comisia Europeană constată că statele UE sunt capabile să răspundă doar unui procent de 10% din cererea actuală de echipamente personale de protecţie şi alte dispozitive medicale; majoritatea au stocuri şi capacităţi limitate de a-şi suplimenta producţia #EuropeanUnion #COVID19	0	0	0
Volkswagen: “Piața auto din Germania va reveni la normal în această vară”	0	0	0
Ziua 3 in carantina: m am împrietenit cu fantoma din camera mea care a murit de ciuma bubonică deci putem vorbi de pandemie impreuna ✌🏻	0	0	0
Sunt tare si nimeni nu poate sa ma doboare am putere mare	0	0	0
Sau niste intelegeri respectiv afland, le-a convenit.	0	0	0
@PleuAlexandru4 Da,sunt inf. care se arunca de unii si altii le stiu.	0	0	0
Mi-am luat report pe Facebook, ca mi-am baga pula in gura la bozgori acum vreo luna când era scandalul ala cu cei din SiR Lanka	1	1	2
O aeronavă militară cu 45 de tone de echipament medical din Coreea de Sud a aterizat pe Aeroportul Otopeni	0	0	0
@stiripesurse_ro Lu' Guzganian nici nu-i trece prin barbă că nu cu jalba-n proțap obții ceva de la Sică3, ci dacă le tragi curu'-n proțap.	1	1	1
@k0ffy dar cei care deja lucrau de acasa?	0	0	0
@DoarDiana Lasă să nu vină să stea dracu acolo cum au stat și până acum  !	1	1	1
Intalniri amoroase in vremea Covid-19 – misiune imposibila? Ce solutii noi au cei singuri?	0	0	0
@Adevarul Poliția ce face ? Izolat la carcera.	0	0	0
@ZoliBara @SorinPaun3 @KlausIohannis Pai idiotule, esti un castrat! Daca ar trebui să mergi la razboi... Dacă ție îți e frica distrusule de un rahat de viroza.	1	1	1
inchideti in pula mea mallurile	1	0	0
@AndreiCismaru E ocupată cu decorațiunile de Crăciun, poate-poate de data asta nimerește trofeul Euro.	0	0	0
@KlausIohannis Eu am ramas blocat in America de Sud, Peru. Cum procedez ?	0	0	0
Sigur, sexul e grozav, dar ai experimentat senzația aia când ți-ai dat seama că doar tu ai văzut ultimul pliculeț de drojdie de pe raft la oșan sau carfur?😊	0	0	0
Americanii pun mașina de făcut dolari în funcțiune. FED va împrumuta SUA, care și așa avea datorii imense.	0	0	0
Ba, @Digi24_HD , calculul din studiul ala din 2012 e adevarat doar daca avem 3852 de paturi (pentru 18 milioane de locuitori) SAU cu datele oficiale de la GCS, daca suntem 12 milioane de locuitori. PLM!!!	1	1	2
Nu stiu ce e mai sinistru... Sa iei Covid-19 si sa te tratezi in spitalele din Romania sau sa ti se termine bateriile de la Xbox noaptea.	0	0	0
“ el are boala copilului !!!! minus Virgil !!! “	0	0	0
Iată cum pot obţine firmele Certificatul de Situație de Urgență pentru a primi ajutor de stat -	0	0	0
@diohnisrv Si ti se pare ok sa iasa? Daca oamenii nu inteleg cu frumosul, sa vina armata sa ii bage dracu in casa, daca cu voie buna nu merge.	1	1	1
of ca maine tre sa merg sa mi caut alti nadragi vr si io sa stau dracu in casa	1	0	0
Cine vrea sa vb cu mn	0	0	0
@i0n1ca Aha. Nu mai au fonduri.	0	0	0
nu am omorât pe nimeni , am făcut 16 , vreau să văd salam cu pâine	0	0	0
De ziua lui primarul Lucian Morar stă acasă.  Azi, 26 martie 2020, președintele PMP a împlinit 42 de ani !	0	0	0
Totuși, și vocabularul de bază nu e atat de simplu :/	0	0	0
@mihairotar E tragic, știu, dar hai sa ne gândim și la cei care se vindeca sau la asimptomatici. Ca trebuie sa trăiască și ei mai departe. De aia zic, nu am văzut pe nimeni sa își pună problema și nici o analiza nu am văzut pe tema asta, in rest e plin de grafice cu viruși.	0	0	0
@LeroivAmis Evident. Si acum înmulțește cu 100x la nivel național. Eu le-aș face dosar penal pentru abandonarea îndatoririi profesionale in perioada Stării de Urgență. Sunt toți pesedei, nu or să pățească nimic.	0	0	0
Sefa DSP Suceava a demisionat. Secretar de stat: Ne confruntam cu demisii. Demisie si abandon	0	0	0
@MarmotaDeCampie Total. Și ăsta e centrul.	0	0	0
@_lor3scu_ Pana in Martie 2022 au tot timpul din lume. :)	0	0	0
Vivo iQOO Neo 3 apare într-un prim teaser; Va oferi procesor Snapdragon 865, 5G și ecran cu rată de refresh superioară	0	0	0
@TanarulD Cui ii pasă?	0	0	0
Plm! Cand ma apuc sa gatesc, plange ceapa.	1	0	0
@daco_get @bordianu_marian Sa cream o societate libertariana, cu un guvern si administratie mica si eficienta de genul Oradea sau Ciugud.Scoatem afara impostorii din functii publice.	0	0	0
@yoogieboobie Ale ce pula mea	1	1	1
deci să mor io dacă am auzit până acu că el zice “te țin de coi”	1	0	0
Istoria cunoaște perioade similare care au fost legate de catastrofe globale, războaie și situații excepționale […]. Globalizarea s-a prăbușit complet, rapid și irevocabil	0	0	0
I-auzi băi băiete, firma lui botezatu tocmai ce a încasat un contract de 18 mil euro ptr combinezoane și măști. Băi ești prost, cum dracu’ au ajuns tocmai la botezatu nene??	1	0	0
De fapt,fără nici un drept,toate drepturile au fost suspendate. Poliția și armata pe străzi pentru a-i identifica și prinde pe eventualii evadați,adică pensionarii	0	0	0
PENIBIL! sa mearga sa pazeasca hotii de lemn scos pe furis din tara	0	0	0
@denis26_denise Ce dracu' să traduc ceva ce nu vezi...	1	1	1
E o pandemie in plm da tu lasi sa vina oameni inapoi	1	0	0
@SofiaCovaci Tot e ceva ....PNL USR ???? ....aia nimic ? 😤🤬	0	0	0
S-a lansat Rabla Plus 2020 - Topul celor mai vandute masini electrice si hibrid in Romania	0	0	0
@Alexxandra91 @OrodelDolj @KlausIohannis Intr-adevar, asa este poate. Dar ce nu inteleg majoritatea oamenilor este ca nici toti banii din lume, nici toate masurile din lume nu pot opri acest virus. Nici cel mai smecher conducator. Doar educatia civica poate stopa acest lcru. Asa ca hai sa o lasam mai moale cu politica..	0	0	0
@bogdantatuta @NarcisD @Cernat_Catalin Sigur că nu iese, dar dacă ar trebui să meargă la medic? sau să-și ia o pîine? Noroc că stă în România unde regulile sînt altfel	0	0	0
Curtea de Apel Ploiești a decis definitiv, luni, să înlocuiască măsura arestului preventiv cu cea a controlului judiciar în cazul lui Gelu Oltean, fostul șef al serviciului secret din Ministerul de Interne.Qest erat demonstratum.Slava KWI !	0	0	0
#Tătaru: Spitalul Judeţean Suceava - focar care a ajuns în acel punct în care a decimat personalul medical	0	0	0
Istet!mai ales daca convingi masele ca ele sunt eroii-salvatori si sa extinzi pe luni de zile masurile(restrictiile), suprimand orice forma de impotrivire sau de a cere explicatii...	0	0	0
daca in luna decembrie o masca sanitara costa 0.25 lei/buc la furnizor, in prezent costa intre 4.5-6 lei/buc.	0	0	0
Bro Ce Pula Mea E Cu Toți Rapperi Ăștia Albi Gen Du-te La Cărturești Coaie 😂😂	1	0	0
Povestea unor tineri voluntari din Sibiu care produc viziere de protectie si le impart gratuit medicilor	0	0	0
Windows 10 are doua noi vulnerabilitati prin care poate fi atacat	0	0	0
De ultimă oră! În această seară au fost raportate încă 3 decese confirmate cu COVID-19 pe teritoriul României. Vezi din ce zonă sunt victimele	0	0	0
@CloneSandman Spuneau ăștia că există document informare oficial, cu nr de înregistrare cu tot ce trebuie	0	0	0
nu stiam ca e un tip la mine in bucatarie si m-am dus la frigider in prosop poate ca vreau putina moarte	0	0	0
@agerpres Niciodata astfel de masuri nu vor putea fi implementate cu vorba buna si ratiunea, statul trebuie sa scoata 'bata" astfel incat populatia sa inteleaga ce trebuie facut. Din pacata Spania si Franta nu au inteles nimic din ce se intampla in Italia....si nici Romania se pare ca nu.	0	0	0
Va vad cum va plangeti ca va plictisiti ca sa stati in case. Plm, eu as vrea sa stau in casa, sa nu ies deloc afara, sa pedalez ca un hamster bicicleta, sa fac flotari, sa citesc si sa comand mancare pentru ca NU SUFAR SA GATESC.	1	1	3
Mesaj de adio al unui tată de 39 de ani: ”Vă rog, nu fiți proști!”	0	0	0
Medicii ne roagă să stăm în casă pentru a nu le da mai mult de muncă.  Noi, Batman: vrem marș pentru a le mulțimi !  Concluzie : stați in plm in case !	1	0	0
tu ioana cum dracu avem acelasi header si efectiv nu m-am luat dupa tine l-am gasit pe pinterest	1	1	1
Cum poti completa online o declaratie pe propria raspundere pentru a iesi din casa?	0	0	0
Orasul meu trece prin necaz, Doamne ajuta.	0	0	0
acesta postare este o idee originala asa ca daca doresti si tu sa faci acest lucru pe contul tau nu uita sa imi dai credit. Ideea acestei postari este ca o sa urmeze cateva dansuri facute de charlie d’amelio pe care si eu le stiu face (ca sa raman anonima am pus-o pe charlie)	0	0	0
UNDE DRACU GASESC CERCEI DINASTIA CARE ATARNA CA PLANG EFECTIV	1	0	0
Doi prieteni își petreceau o scurtă vacanță într-o excursie cu bicicletele. S-au oprit pentru a se odihni la un han din sat, au consultat o hartă a traseului, care este reprezentată în ilustrația noastră într-o formă extrem de simp…	0	0	0
Dacă vrea să producă ceva valoros, el este nerăbdător să evadeze din propria viață. Se transformă într-un soi de chirurg și-și diseacă propria viață sub lupă, cu mâna fermă și fără pic de milă.	0	0	0
Cea mai veche dintre minuni, care poate fi admirata și azi, a fost construita în jurul anului 2560 î. Hr.	0	0	0
@OvidiuSky @john0peace @emiltoma_av @DacianSoros Să fim serioși, dacă dai cu dezinfectant pe hârtia aia, se întind semnăturile și ce mai e scris cu pixul, riști să ai probleme la următorul control. De rahat.	1	1	3
Dr. Musta, de la Spitalul de Boli infecțioase "Victor Babeș" din Timișoara, pe care-l cunosc, este un medic foarte bun, excepțional, dar și un om extraordinar, care, contrar butadei "invidia medicorum", recunoaște meritele Prof. Streinu-Cercel.	0	0	0
@LiJiaheng_ m-au ajutat testele de pe sporcle ✌🏻	0	0	0
NeacsuRmn Nu s-a luat nici o masura! Majoritatea produselor s-au scumpit, nu cu mult, dar pt o persoana cu venituri mici, chiar conteaza...	0	0	0
Am mai fumat și azi un pachet din Elveția. Când îmi aproba creditul la banca, îmi voi lua un Huawei. M-am simțit bine și în această după-amiază.	0	0	0
@Costindte Sper sa nici nu se dea stingerea. Voi cei din linia-ntâi 👍🏻👍🏻👍🏻	0	0	0
Și diasporezu p***i! Diagnosticat l-a durut in pix!Un avion întreg a băgat în carantină!Sursa@ ProTv Special live in momentul de față!	1	1	3
In plinda pandemie, sefa DSP Brasov si-a dat demisia: Cand au aflat de coronavirus, jumatate din angajati au intrat in concedii medicale	0	0	0
Oamenii în criză întotdeauna și-au căutat un vinovat pe care să-l încrimineze de toate relele.	0	0	0
Să-mi dea si mie cineva un exemplu de sat in tara asta care poate se administra fara limitele legale UE	0	0	0
@Alexandru_Olah Stai ma ca ala tine si doua d-alea in mana.  Sa il ia dracu 😂	1	1	1
Rusia: Putin anunţă o săptămână de concediu cu plată pentru toţi ruşii, cu scopul de a încetini propagarea noului #coronavirus	0	0	0
@halmerb @ECiocu Acum nu mai e la fel. Prețul petrolului nu mai e controlat. La ultima adunare OPEC, rusia și-a pus palma-n fund, iar apoi când s-a răsucit, n-a mai cooperat Arabia Saudită.	1	0	0
@MarmotaDeCampie @GabryIonesc2 @i0n1ca Eu m am retras elegant...Nu e pentru mine discutia asta!!!	0	0	0
#NATO se implica serios. Trebuie intarit ajutorul pentru #Italia, civil si militar. Sa nu cada in plasa murdara a Rusiei si Chinei, care isi raspandesc tentaculele in spatiul aliat profitand de #CoronaPandemie	1	0	0
băga-mi-aș pula, futu-ți pizda mă-tii	1	1	1
@basarab84 Relax.Asta e doar un alt cretin cu ifose de Mesia.Cum plm sa dai 600 milioane de coco pe un yacht?	1	1	1
Teleorman are un singur angajat care se ocupă de decontaminare în tot județul!...	0	0	0
Uitasem de afirmațiile panicarde ale marelui ‘profesor’ A3 Acum face proiecte cu duamna de voluntari, cine știe ce dracu’ ne mai așteaptă...!	1	1	3
Cel de al patrulea președinte s-a dovedit a fi o formă fără fond. El a continuat cu încăpățânare racilile predecesorului, motiv pentru care al doilea mandat al său a fost denumit „al patrulea mandat Băsescu”.	0	0	0
@VTemeraru @SirGolan Mai prost decat mucavaua! 🤪	1	1	1
@stiripesurse_ro Sondaj facut probabil la Bucuresti....situatia reala este inversa.	0	0	0
MApN: La Spitalul Militar de Urgență “Dr. Alexandru Popescu” din Focșani continuă dezinfecția de grad foarte înalt în toate spațiile spitalului	0	0	0
Deprehub, primul hub anti-depresie din România, a deschis o linie telefonică anti-anxietate, în contextul răspândirii infecției cu coronavirus. ❤️	0	0	0
@stefancrisan Nuuuu, aia din biserica au 3 coaie. Baga-mi-aș pula in inima lor, au îmbolnăvit toate oile care nu gândesc	1	1	2
@ing_ro @iamntz Serios?! Atunci poate imi explicati cum in cele din urma a rezolvat fara acele documente carora chiar nu le vedeam rostul… Si chiar si asa, poate ii invatati pe cei care cer astfel de acte sa si explice de ce le cer, nu sa repete de 10 ori ca pentru transparenta…	0	0	0
@DacianSoros @emiltoma_av Pentru ca tva depaseste 25 lei imi cere 2% din valoarea produsului + comision DHL 83 lei :)))	0	0	0
iar ma doare capul fute-m-as in viata	1	0	0
@spuse nu pe dracu😂😂 colcăie bătrânii pe strazi...🙄	1	1	1
Of. Abia acum m-am prins. Oamenii ăia de au ras rafturile cu hârtie igienică se pregăteau și pentru momentele alea când îți pică pachetul întreg în spatele mașinii de spălat și n-ai cum să-l scoți de acolo. Nici cu o combinație de făcăleț+furculiță. Bravo, Dana!	0	0	0
Deciziile directorului Transgaz Ion Sterian, lovite de coronavirus	0	0	0
@itmorar Hehe, A revenit de vreme bună, era coordonator responsabil cu campania doamnei dancila. Necrofagi	1	1	2
Apa nu mai e apă, pâinea nu mai e pâine, aerul nu mai e aer, leacurile nu ne mai ajung. Avem liste de cereri. Străzile se golesc. Mașinile se opresc. Piețele pustiesc. Astăzi am vrea să dăm buzna în biserici, dar uleiul din candelă nu-i de ajuns pentru toți.	0	0	0
@sadino22 Seară liniștită Martin!🏕❤🙏🏕🏕	0	0	0
@MaricaPuiu Mai tre sa vina intreruptorul cu dhl care ma obliga sa platesc 100 lei taxe de vama. Produsul a fost 140 lei ... #plm	1	0	0
Prietenii mei sunt la modu yey stau acasa si nu fac nimic	0	0	0
@Adevarul Ce articol de prost gust și ce trist că @Adevarul publică asemenea tentative patetice de jurnalism...	1	1	2
Va funcționa linia verde unde vor putea anunța oamenii, în special cei peste 65 ani, dacă au nevoie de asistență sanitară sau de medicamente etc.? Altfel cum vedeți funcționarea restricționării?”, întreabă Grapini.	0	0	0
ticule dacă fata asta îți fute un șut tu vii după planetă ca satelit	1	1	1
Carantina te învață să nu mai urăști orezul și să-ți calculezi fiecare felie de pâine ca să n-o mai mănânci pe toată într-o zi cu singurul borcan de zacuscă din frigider.	0	0	0
Criza coronavirus în Italia: fotbalul a contribuit la răspândirea masivă?	0	0	0
ORBANE las. O în plm cu explicațiile tale. Romanii au nevoie sa știe de unde au bani pt mâncare, rate și chirii. Tu ne furi cu o izolare.	1	1	1
nu stiu de voi bro dar #yuta a zis sa dati stream si la mots:7 si la neo zone sau o sa va fure rotulele din genunchi	1	1	2
Schimb mască medicala cu apartament 2 camere zona Militari	0	0	0
Construcția unei echipe în 5 etape… mai importante acum ca niciodată!	0	0	0
@DacAntic @CachetMarie Mulțumesc mult, și chiar imi ar place să mai descopăr și eu mai mult despre țara mea, nu mă duc atât de des acolo	0	0	0
Sfantul Mucenic Montanus si sotia sa, Maxima	0	0	0
@bisaci007 Urcite o Cine a urcite o AB👍🤪	0	0	0
CEEEE BAG PULA IN EA DE NINSOARE PARCA ERA APROAPE APRILIE ALOOOOOOO	1	1	3
Știți de ce nu mai este hârtie igienică în magazine? pentru că acum când strănută unu’, zece fac pe ei!	0	0	0
@agerpres Niciodata astfel de masuri nu vor putea fi implementate cu vorba buna si ratiunea, statul trebuie sa scoata 'bata" astfel incat populatia sa inteleaga ce trebuie facut. Din pacata Spania si Franta nu au inteles nimic din ce se intampla in Italia....si nici Romania se pare ca nu.	0	0	0
FRF nu renunta la Campionatul European!	0	0	0
Suceava, focar de coronavirus. Iaşul cere AJUTOR să nu fie transferaţi pacienţii	0	0	0
„Şomajul tehnic, o necesitate amară!”.	0	0	0
@ZoliBara i-ai dat cu căcat pe ochi și ai scăpat-o de covid!	1	1	1
@Mei_Suka @Denisa27909878 @BTS_twt Am atașat link cu programul tv, utv	0	0	0
@esennoua Salut. Conform Institului National de sanatate USA - pubmed, informatie oficiala, statul la soare si la aer ajuta in ameliorarea infectiei cauzate de coronavirus. Va rog sa im scrieti un mesaj pt a va trimite toata documentatia.	0	0	0
@radusmall Dar oare o sa mai existe meseria asta mult timp ? Cine dracu ii tot plateste pe toti cand nu mai sunt incasari din bilete, drepturi tv, publicitate etc ?	1	0	0
@BoyWithPlant poti sa mi recomanzi niste fansite uri de incredere :( multe sunt problematice	0	0	0
@sopeprotector @BoyWithPlant Imaginează-ți că în mai ar trebui să merg cu clasa la cabană să ne facem bahaos drept banchet de a 12-a și e posibil să se anuleze din cauza virusului ăsta nenorocit 😭😭😭 NUUU CHIAR VOIAM ASTAA	0	0	0
@RaduTheSecond Iar dupa doua sticle, casele erau impecabile, banuiesc	0	0	0
@xyzwtf_55 Vă mulțumesc frumos! Să trecem cu bine, vă doresc multă sănătate Doamna Dana! 🌹 🌹 🙏🙏💐💐🌷🌷	0	0	0
MApN a cumparat din Olanda un spital modular de izolare si tratament. Va functiona la Constanta	0	0	0
@MarmotaDeCampie Te gândești la modelul Olandei ?	0	0	0
@vkfilter și eu văd pufuleți omg	0	0	0
Peluza Nord Rapid Bucuresti	0	0	0
@_lor3scu_ Chiar deloc!	0	0	0
Romantice: doar 3 kdrame m au făcut sa plâng, mai demult Loving you a thousand times și Uncontrollable fond. Iar de curând am văzut Mariage Contract 😭😭 Acum caut comedii ca să ma vindec	0	0	0
@stiripesurse_ro Ăștia-s incorigibili! Ce dracu' au ei de-mpărțit cu chivuțele, care vin cu noaptea-n cap la piață.	1	0	0
@yo0nmin_ oke oricum sunt pe la jumate ,daca nu s ar mai bloca poate l as termina curand	0	0	0
Ce noroc are Dragnea, bag pula...	1	1	3
@w_lemn @ManoliuValy @stareapreseiro În orice condiții e un prost. Chiar și neplătit. Omu' are la propriu probleme psihice.	1	0	0
@suspaharu toți suntem, intreaga omenire. Sper că ne vine bine palma asta, dar mă tem ca e cam târziu	0	0	0
@nwradu Tocmai ca să nu termine pandemia PNL-ul fix în an electoral.	0	0	0
@severvoinescu @itmorar Au funcția ‘Translate’	0	0	0
@radusmall @victore_1974 Tu nu mai ești ue.	0	0	0
„CULTURA este cea care faciliteaza indeplinirea oricarui plan curajos de CX” – Anca Serbanescu	0	0	0
@mybabygonloveme AUGUST? PLM TOATA VARA SE DUCE PE PULA	1	0	0
De 30 de ani așteptăm starea de urgență.	0	0	0
@futacu @Sorin_Patiu Toate cifrele sunt spuse de Tătaru, la întrebarea unui jurnalist. Eu n-am calculat. Nu raportează periodic, doar dacă sunt întrebați.	0	0	0
Nu puteți întâi închide oamenii în casă și apoi să gândiți soluții! Căci ne-ați obișnuit, gândiți greu,,de îndată" nu știm când este la dumneavoastră pus în practică!	0	0	0
#CIO Comitetul Internaţional Olimpic, criticat după ce doi boxeri turci au fost infectaţi cu noul #coronavirus	0	0	0
@ZoliBara @voiculesti In cazul acesta, compleCtat.	0	0	0
Lumea de după …	0	0	0
Recomandăm folosirea surselor oficiale în completarea documentelor necesare pt activitățile din afara locuinței, în perioada restricțiilor determinate de #COVID19. Fiți grijulii cu datele dvs și faceți o minimă documentare înainte să le introduceți online!	0	0	0
French toast cu fructe si miere -	0	0	0
@ECiocu dacă tot avem timp si avem ceva in comun(bucătari) am 3 intrebari:	0	0	0
Sunteti in cautarea unui hibrid de floarea soarelui performant, cu un randament ridicat de ulei?	0	0	0
Am fost la Kaufland. Am luat și eu ce-am mai găsit: caviar, foie gras, cremă de hribi cu trufă albă, terină de struț cu stafide aurii și un bax de Evian…	0	0	0
În cât timp putem produce medicamente pentru Covid-19 în România?	0	0	0
@SilviuFoca Știu despre ce vorbești, mă îngrețoșează reclama aia, conceptul, de fapt, că-s mai multe versiuni ale reclamei. Și le mai și difuzează nelimitat... 🙄	1	1	1
@JAy_FLo92 Am zis bine ca mai avea sa se blocheze doar  pe ea !  Da-o in plm de muiere !	1	1	1
Prezentul ne dovedește încă o data ca viitorul nu poate fi decât digital.	0	0	0
Tu întrebi care este scopul notificării unei aplicații de știri ?	0	0	0
@jsalaxy și dacă ar purta you'll be dead :)	1	1	1
Mărturia sfâșietoare a unei jurnaliste din Italia: ”Bergamo nu cântă ci numără morții”...	0	0	0
@NOTSATISFYlNG @valis2023 vai sami bag pula cu sunet ii si mai rau	1	0	0
există vreo sursă oficială privind numărul de oameni testați pentru coronavirus în românia?	0	0	0
Danemarca se grăbește cu legea de urgență asupra coronavirusului	0	0	0
Și cu gripelnița asta: vine chinezu' cu brațele pline, prieten bun și vechi, să te scoată din căcat, iar tu, nimic, deși ești în cloacă pân-la nas. Capra, cu cât îi mai râioasă, cu atât ține coada mai sus! Anii trecuți, alte animale au dat flit japonezului. Politicieni, ce plm!!!	1	1	3
@CorinaCg3 Vom putea in continuare , doar sa avem rabdare .	0	0	0
Un înalt prelat al Bisericii Ortodoxe, doctor în teologie, recomandă atacarea virușilor cu apă sfințită, dangăt de clopot și post	0	0	0
Usturoiul este o planta medicinala, alimentara dar si condiment.	0	0	0
Untișorul oprește evoluția varicelor și vindecă hemoroizi sângeroși -	0	0	0
Florin Cîțu: "Amânarea plății ratelor înseamnă o păsuire. Ratele trebuie plătite ulterior. Românii să fie foarte cumpătați"	0	0	0
@oanyyyy cum iti dicteaza inimioara, practic, ce-am inteles e ca web nu e egal cu zici ca suni si nu mai suni, deci trebuie sa mai lucrez la dispecer	0	0	0
andreea nu ti mai fute genunchiul la fiecare 3 luni challenge failed	1	1	1
Să-l pună dom'le pe Voiculescu, să-i facă omului o bucurie, că de când tânjește 'mnealui (și nu numai!). In plus avem nevoie de din ăștia, competenți...	0	0	0
#JO2020 #Coronavirus: Organizaţia Mondială a Sănătăţii salută ''sacrificiul'' organizatorilor Jocurilor Olimpice de la Tokyo	0	0	0
@JeanTheo14 Cu tulpina cea mai ai naibii e o enigma. Am auzit-o spusa si de dr. nostri.Unul nu a explicat cum,ce,de ce....Nu stiu ei? sau au gandit ca ne pun creierii pe bigudiuri -si trebuie sa trecem prima data pe la Fac. Medicina?	1	0	0
Avion Tarom întors pe Aeroportul Otopeni, din cauza unei pasagere suspecte de coronavirus...	0	0	0
@libertatea O posibilitate : nu ar fi mai eficient ca guvernul sa se implice in a cumpara anumite clădiri  in toată țara cu potențial de a fi retrofited rapid chiar și hoteluri disponibile pentru vânzare in situația acută in care ne aflam cu toții ? Oricum totul costa.Răspândiți acest mesaj.	0	0	0
Decalogul lui Daea:Dezinfectarea piețelor și asigurarea de echipamente de protecție pentru vânzătorii de produse agroalimentare din piețe;Continuarea și operaționalizarea tuturor programelor de susținere existente în cadrul MADR ( tomate, usturoi, lână, motorină, etc.)	0	0	0
@DacAntic @CachetMarie Am familie și cunosc oameni, și e un satuc drăguț lîngă unde bunica mea trăiește i care imi place mult sa ma duc, am prietene acolo și mătușa mea are o casă acolo, imi ar place să traiesc acolo...	0	0	0
Interviu cu cunoscătoarea Orientului Mijlociu despre relaţiile între Iran şi Israel actuale şi trecute, ca şi despre rolul pe care România şi Bulgaria îl pot juca în aceste relaţii	0	0	0
Florin Roman: Am distribuit 50.000 de teste pentru coronavirus; Am găsit stocuri zero când am preluat guvernarea...	0	0	0
Asa-s zilele mele, 1 bunã zece rele	0	0	0
@AlexCodreanu7 Greul in România abia acum incepe ..!! Nu rahatul ăsta de virus imaginar cu scopuri politice mascate !! Ci delicvența care va crește iar autoritățile sunt complet aiurea ...vor fii sute de mii până la urmă ..ce fac cu ei.??	1	1	3
@foreverrainmyg DE CE ARE STAGE NAME COMPUS DIN NUME DE FAMILIE SI PRENUME DE CE ARE ALTA IDENTITATE	0	0	0
Se mai țin curele de slăbire?	0	0	0
@LovePower_page Agonie și extaz 🤣🤣🤣	0	0	0
#Coronavirus: Peste 5.000 de măşti de protecţie, descoperite în cripta catedralei din Washington	0	0	0
@ECiocu mie îmi este milă de el.	0	0	0
@veronik_dan @dandrive65 ..mulți ai dracu și greu de stârpit....hmmm îmi pare cunoscut ...parca aveam și noi o etnie conlocuitoare cu caracteristici asemănătoare ...😁	1	0	0
ups, l-au ajuns pe Șică zile grele	0	0	0
Așa ar trebui sa facă și la noi🤣	0	0	0
@testalways Pai nu ma uit, dar vine pe aerisire	0	0	0
@ZoliBara @SorinPaun3 @KlausIohannis Bai, când vezi ce jegosi pe aici, parca înțelegi selectia naturală! Cat de oligofren sa fii sa zici ca eu omor pe unul care are nu stiu cate afecțiuni si nu poate duce o viroza, ca nu stau eu de nebună ascunsă în beci! Bai idiotule, în beci tre sa intre ala cu afecțiuni, nu eu.	1	1	3
@ZoliBara @SorinPaun3 @KlausIohannis Bai poti sa te si spanzuri, la cat de prost esti! Cui ii pasa ce face un ratat ca tine? Mars jegosule!	1	1	1
2010 - și tu poți să-ți dai demisia .	0	0	0
@Dan_Tanasa Koae, #sarscov2 e virusul pe care ar trebui sa-l ai in cacatul din teasta, nu  Câțu. Daca ai fi normal. desigur. Din ce pula mea ai trait pana la varsta asta mai maidanezule?	1	1	1
Orientările au scopul este de a proteja societățile din UE și activele critice din sănătate, cercetare, biotehnologie și infrastructura esențială pentru securitatea și ordinea publică.	0	0	0
@eftimie Știu mai puțini români care ajung la timp decât trenuri CFR care întârzie.	0	0	0
Izolarea asta e o ocazie bună  pentru unii bărbați să-și lase barbă și mustață. Cum a făcut Năstase în pușcărie	0	0	0
@pinguuina @OvidiuSky @radutimo Să înțeleg ca notificarea asta e printre cele optimiste, de ții sa o tot vezi 😬	0	0	0
#Coronavirus - Preşedintele #Macron promite investiţii masive în sănătate după ce va trece criza	0	0	0
@hoseokspapanasi cred ca e prieten cu spaniile si a venit pe la ele dar uh,, ce cauta in bucataria mea?? bro sunt la mine acasa vreau sa ma pot plimba in prosop fara sa zica nimeni nimic	0	0	0
Cu gura mare dar si cu un suflet pe masura.	1	1	3
@radusmall Pardon, sunt spumat si nu m-am exprimat corect. Care le ai cu engleza si cu legile? 😂	0	0	0
Pe HBO puteți urmări documentarul "colectiv".	0	0	0
@itmorar Covidul Zilelor de Boris Vi(rus)an	0	0	0
@Simona_Halep Ce păcat ca nu sunt toți ca tine! Bravo Simo👏	0	0	0
Halal clasa politica! Ciolanu care are diploma de revolutionar!	1	1	3
Iar în prezent la ce asistăm? La coalizarea epoleților din USR în jurul unui candidat surpriză la președinția partidului. Totul pentru ca partidul să fie smuls din mâinile naivului și idealistului Nicușor Dan, spre a fi livrat părinților săi chimici, SRI – DNA.	0	0	0
Inteleg starea de urgenta, dar chiar sunt aiuritoare cu armata cu humveeuri si automatele la gat prin mijlocul orasului. E cam mult, totusi.	0	0	0
S-o crezi tu că te las să te prăpădești  când gazul nu-i plătit de două luni !	0	0	0
@LTeglas aşa sunt vremurile. nici nu mai ştim de la ce avem ochii roşii: de la febră, televizoare şi dispozitive mobile, lipsa de somn, lacrimi sau alcool.	0	0	0
Zilele astea, doua cuvinte sunt pe buzele tuturor: Coronavirus si Zoom	0	0	0
@ZoliBara Dar ele vin când vor ele, nu când aștept eu să le filmez. :)	0	0	0
Ce interesant, ca să deturneze atenția de la dezastrul din spitale, se anunță testarea tuturor bucureștenilor, deși mai durează săptămâni până să poată testa toți medicii și cazurile simptomatice, darămite 2 mil de oameni. Jenant.	0	0	0
daca mai pronunta secretara mea Johhanissy o singura oara cuvantul razboi cu un virus sau cu orice, ii dau papucii.	0	0	0
wtf o bagă pe mama la secție cu cei infectați cu virusul???? i don’t think so?!!.??? de ce plm trebuie sa fie mama asistenta	1	1	1
Până trece haosul, bugetul României dispare cu totul. Nu le-ar ajunge nici 100 de trilioane de euro fomiștilor noștri. Lăcomia e infinită. La fel ca prostia. Cine răspunde? Nimeni.	0	0	0
Plecarea la ora 10:30, din holul de la intrare.	0	0	0
Herpes da,infectarea e fara simptome,in timp boala se manifesta	0	0	0
Planeta #Marte: #NASA UIMESTE Lumea cu o Imagine Impresionanta - #peblog #romania #2020 #news #stiri	0	0	0
Trandafirul are petale dar are si spini (proverb poptamasean) #concursdeproverbefake	0	0	0
dimineața am trecut pe la Lidl - vre-o 20 de oameni afară n rând, la distanță de 1m. Am zis fuck this shit. Acum seara la Mega Image - nici un om, zeeero. Foarte plăcute cumpărături :) #staiacasă #lamagazinsepoate	1	0	0
Iohannis: Situaţia e gravă. Românii să nu vină acasă de sărbători. Vor ajunge în izolare. E trist, dar trebuie să fim sinceri. Vom avea mai multe cazuri...	0	0	0
Ma tin astia pana in nov-stai in casa🥴	0	0	0
@GabrielGiurgiu2 Știu că ești fan Iliescu, altfel nu lucrai la TVR - L 😂😂😂. Vrajeala aia obosită " cu cit bine a făcut țării" spune-o familiilor celor morți degeaba la Lovilutie.	0	0	0
Grupul de Comunicare Strategică: Vârsta medie a pacienților diagnosticați cu COVID-19 este 43 de ani	0	0	0
viitorul meu crush posibil iubit doarme si efectiv ma plictisesc de ma cac pe mine, ce dracu sa fac daca nu pot nici sa flirtez	1	0	0
ba da mai opreste pianu ala ding ding ping țomping da cine te crezi tu	0	0	0
Sfinte Iosife, roaga-te pentru sufletele lor!	0	0	0
„Lumea pe care am construit-o este rezultatul modului nostru de a gândi.	0	0	0
Primul câștigător în toată povestea asta e Big Pharma, prin toate fondurile de urgență deblocate.	0	0	0
@thezvoner @ZoliBara Nu e vorba de managementul bun al stocurilor, ci de faptul ca Auchan, mai ales ala tin Titan (fiind si primul), a creat o reala psihoza mai ales in zona! Practic, primul gand al tuturor de acolo cand vine vorba de cumparaturi e Auchan..un soi de efect al cainelui lui Pavlov...	0	0	0
Royole Flexpai 2 este cel mai nou telefon pliabil, cu display revoluţionar “Cicada Wing”, procesor Snapdragon 865	0	0	0
fute-v-ar câinii de căcați cu ochi	1	1	2
@AlexandraQueenn Ce ti as fute curul mmm	1	1	1
@CanYamanNews Spor la treaba, dragul meu Can! Știu ca vei face treaba buna, asa ca nu ma îndoiesc, ca tot ce vei face și pe unde vei păși, va ieși superb 😍😍😍😍😍😇😇😇😇 păcat ca nu este și @dmtzdmr alături de tine atât în film, dar mai mult în realitate! 😔😘😘😘😘😘😘😘Va iubesc mult	0	0	0
Decizie surprinzătoare. Surse: Ministrul Sănătății, Victor Costache, a demisionat	0	0	0
@StirileProTV Poate ca sunt rau dar acum nu ii momentul sa dedicam nici timp nici bani artistilor,sportivilor sau alte forme de entertainer. Sa se investeasca in spitale, desi este al 12-lea ceas.	0	0	0
167 de dosare penale pentru zadarnicirea combaterii bolilor	0	0	0
@MaricaPuiu Ilie Șerbănescu este  analist economic tot așa cum Mihai Gadea este jurnalist	0	0	0
@erikabn2 @_emmabn_ mai mai da ci cu tine mata	0	0	0
Cei care râd în barbă sunt arestații la domiciliu.	0	0	0
Oricum, după epidemia asta vor rămîne cîteva expresii noi: distanța socială, gesturile barieră...	0	0	0
#DIGI Romania: AVERTIZAREA Importanta pentru TOTI Clientii -  #peblog #romania #2020 #news #stiri	0	0	0
Nu de alta dar valul 2 de coroane sau corona conf. opiniei a 1.572.689 de specialisti vine luni,ora 7,data aprox.15 oct.-1 nov.Trebuie sa fim pregatiti!	0	0	0
si wow ce par frumos au acele tipe e asa de lung si pare sanatos cu fir gros cat de sexy imi place parul foarte frumos intr-adevar	0	0	0
Dacă era #MuiePSD la putere sifona toți banii cu starea de urgență. 🤬	1	1	3
Ioan Becali e pregătit să stea în casă în următoarele două luni.	0	0	0
Ce ți-am zis ți-am zis exact ce cred io	0	0	0
Mediul de afaceri cere autoritatilor sa fie consultat inainte de a fi luate masuri cu impact asupra economiei reale	0	0	0
Exclusiv! Accident rutier în localitatea Strunga. Un TIR s-a răsturnat. Echipajul de descarcerare intervine de urgenţă	0	0	0
stare de urgență începând de luni am dat de dracu	0	0	0
Nesimțirea din partea unora nu are limite.	0	0	0
@MonicaKrueger67 Din păcate, unii românaşi au priceput aiurea mesajul şi au închis şi fast food-urile, care nu sunt nici restaurante, nici cafenele, nici baruri. La fast food poţi cumpăra şi de la fereastră, cam ca la farmacii, aşa că e un abuz în a se închide fast food-urile.	0	0	0
lua-te-ar dracu, din cauza ta, ajunsă-s-m să mă distrug cu alcool și droguri tari	1	1	1
@severvoinescu @itmorar mi-e teama ca nu vor face nimic cu toata puterea asta si nu vor opri virusul eficient, mai ales Arafat. Atata tot conteaza acum.	0	0	0
Asociatia lui Tiberiu Useriu doneaza Spitalului din Suceava 1.000 de combinezoane si 1.500 de manusi de protectie	0	0	0
@XHRomania Nu cantitatea, numărul reprezintă valoarea, ci calitatea. Apreciez Agenția de Presă Xinhua pentru valoarea ei. Ati fost și sper ca veti rămâne prietenii noștri.Iubim China și pe chinezi.Avem păreri diferite asupra sistemului social.În rest chinezii sunt compatibili cu europenii.	0	0	0
Zilele acestea, un lider PNL, numărul 3-4 din partid, ei au decis ”să-l distrugem pe Coarnă”, în sensul că odată cu starea de urgență se crează o posibilitate pentru a fi reținut/arestat. În două săptămâni voi fi distrus"! Si ce adept galben era acest Coarna !	0	0	0
@groparu știai ce va urma de mult timp	0	0	0
Eu zic că ar fi cinstit să recunoaștem faptul că prea puțini dintre noi ar fi "avut timp" să privească pomii înfloriți, să observe răsărituri și apusuri, să își dea seama că afară este primăvară.	0	0	0
am deschis o reclamatie la Lidl. Sticla de Jack pe care am cumparat-o ieri a inghetat in congelator. Am baut vreo 2-300 din ea si nu am chiorat inca. FirstWorldProblems M-au sunat deja si au pasat situatia producatorului/importatorului. Sa vedem ce urmeaza	0	0	0
26 Martie în istoria românilor	0	0	0
Te plictisești au ba?	0	0	0
@ionutzelgabriel @john0peace @emiltoma_av @DacianSoros Și dracu le deschise ăstora după ce au costumele alea pline de microbi din toate casele de pe unde au umblat ?! sau toți oamenii cu care au intrat în contact ?	0	0	0
@ValentinNebune1 COVID-20 nu a apărut. încă nu a apărut. ce e acum e COVID-19.	0	0	0
Simona_Halep Ieri am revazut finala de la Madrid din 2016 cu Cibolkova, in background in videoul asta cred ca era finala de la Madrid din 2017 cu Kiki Mladenovic, asta e meciul pe care o sa-l revad maine (sambata) in #stauacasa.	0	0	0
Cateva dintre problemele cu care m-am confruntat in ultimul timp si cateva dintre solutiile pe care le-am gasit impreuna cu antreprenorii cu care lucrez in lupta cu aceasta criza cauzata de Covid-19.	0	0	0
@robmih China e caz special, zic eu. Dacă mint, asta e. Dar altfel, au concentrații de oameni pe km pătrat incredibile, de neconceput in Europa. Poate California sa ii bată cu New York.	0	0	0
@MoiseGuran Ciorba reincalzita nu mai are acelasi gust. Zau, nu mai esti credibil !	0	0	0
de dinainte de 2009 Tutuluș Ion cu Ocneanu Adrian clanu sportivilor puneau case de vânzare prin comuna Pantelimon prin comuna Vidra ieftine : ei vine aici , noi îi vedem , după aceea știm că au sigur bani	0	0	0
232 de computere vor fi atacate de un virus sau altul	0	0	0
Să mă strângă de pulă cu buzele,, Org(b)an \"și toți susținătorii de dreapta ai statului mafiot și abuzurile #procurorilorjigodii	1	0	0
@woosdipity deci ce dracu de gandire comunista ii asta	1	0	0
Și până la urmă focarul s-a făcut  de la unul dintre patrioții care fură miliardelea alea - motiv pentru care nici nu a plecat din țară.	0	0	0
de ce? pentru ca in urma sfaturilor nu iti asumi vreo responsabilitate.	0	0	0
Nu știu, și eu vreau să aflu.	0	0	0
@PavelBartosh Ia papuci că  lași urme😡😡😡😡😡😡😡	0	0	0
Dacă ai norocul să te afli în #València în acest moment, vei fi uimit de prezența acestora pe străzi. Vei avea impresia că te afli într-un desen animat!	0	0	0
Poate nu există răspunsuri raționale. Poate totuși există ghinion	0	0	0
@Alien_draft Pai cum "frica de popor" ???? Pai nu sunt astia aia de #dreapta de i'au votat, de doua ori, aproape 70% din popor?🤔 Ti frica de aia 30% asistati sociali fara dinti in gura care au luat mereu muia? M'ai bagat in ceata.	0	0	0
@ECiocu Aiiii ce bine arată!  Trebuie sa ne zici ce și cum. 😬	0	0	0
Vocea ta îmi face ziua frumoasă	0	0	0
@ManoliuValy @basarab84 Păi dacă e deja pacient in spital!!!!!!, de ce dracu a zis ca nu trebuie sa refuze pacientul si sa îl interneze? Cine nu stie sa vb românește si cu logica sens?	0	0	0
Unde-i fericirea?	0	0	0
@sopeprotector it's okay.. imi bag picioarele ca toata lumea intra-n carantina..	0	0	0
@SuiuMarius Meh, ce sa faca si ei, sunt mai la adapost pe strazi decat in cazarmi.	0	0	0
Dar,ca in bancul vechi (adaptat):am stiut /aflat ce urmeaza. Si la ce mi-a folosit?🧐	0	0	0
Coronavirus s-a dovedit a fi mult mai usor de transmis, iar de gripa sunt vaccinati multi din categoriile vulnerabile	0	0	0
Certificatele de Situație de Urgență pentru susținerea operatorilor economici	0	0	0
@i0n1ca @balarii Pai si daca erai la tine acasa ... era vreo problema? Plm, in tara asta e asa plin de bogati cu aureturi pe paturi si nu stiam eu?	1	1	1
@SilviuFoca Încearcă la grătar! La rotisor se fac puii, de obicei în Kaufland... :)	0	0	0
“Și, atunci când doriți ceva, tot universul conspirează în a vă ajuta să îl realizați.” ― Paulo Coelho, The Alchemist	0	0	0
@santaromica @ZoliBara Este vecinul meu de la parter, are un magazin de cartier, a luat material pentru kakaciosi.	1	1	1
@ANTIABE Mai bine zi-mi cine poate sa imi dea un permis de trecere pe bune :)	0	0	0
Cartea este cea mai bună provizie pentru călătoria omenească.	0	0	0
#MMA/#Coronavirus: Conor #McGregor oferă un milion de euro pentru protejarea medicilor irlandezi	0	0	0
Va dati seama cum era daca nu stiam nimic clar? Dracu ne lua! De pe net.	0	0	0
Donația OMV Petrom de 1 milion de euro a fost utilizata pentru achiziția a 10 echipamente iPonatic și a 300 de kit-uri de testare pentru diagnosticare rapidă Covid19 -	0	0	0
@Pana_Adrian Eu am avut în vreo 2 săptămâni aproape 60gb trafic, folosind telefonul ca hot spot ( nu aveam net unde eram mutat ). Poate  e slabă rețeaua unde ești. Caută alternative.	0	0	0
De unde vor veni acești bani? În mod evident, vor fi tipăriți. Problema este că, în condițiile unei recesiuni, cu atât mai mică va fi acoperirea lor, deci cu atât mai mare riscul de inflație.	0	0	0
Au spus tulpina asta e si la noi,logic daca vine de acolo	0	0	0
Voiau să-l de ajos și pe Raed Arafat. Acum, se fac că le pupă mîinile și se întreabă în gînd, cine dracu ne mai trata dacă îi lăsam cu 2-3.000 de lei pe lună?	0	0	0
@foreverrainmyg ioa vorbești cu persoana care spune pula de cel puțin 20 de ori pe zi la școală	1	1	1
#Coronavirus: Senatul american a aprobat un plan ''istoric'' de ajutor economic	0	0	0
 Telefonul meu zice că am făcut 2144 de pași! Poate i-a făcut el, că eu n-am ieșit din casă! 😁	0	0	0
De când cu virusul asta singurele grade pe care le știu sunt ale mele. Mă îmbrac tot neadecvat temperaturii de afara	0	0	0
Exclusiv. Carantina de la țară. Prețuri uriașe, bătrâni ignorați și izolați care zburdă liber	0	0	0
@basarab84 In sfarsit cineva care vorbeste pe sleau!	0	0	0
@MaricaPuiu ))) să vezi panarama dracu' când o să îi aducă înapoi păsateliți..	1	1	1
Mă îndoiesc că sunt cetățeni care să dezinfecteze hârtia aia, imediat după ce o primesc înapoi.	0	0	0
Să analizăm termenul din punct de vedere extensional.	0	0	0
@pinguuina Nu te uita. Cine te pune ? oricum asta e romanu...ce e romanesc e prost ce e adus de afara wow. Si uite asa Romania o sa devina Transilvania, Moldova si tara PSDistilor din Sud !	0	0	0
Aluat de post pentru pateuri și plăcinte prăjite, gogoși și pizza! -	0	0	0
Ești un ignorant naiv daca crezi că #totulvafibine!Nici nu ai idee cat de bine îți era!	0	0	0
Presa britanică: Land Rover vrea să înlocuiască propulsorul V8 cu noi motorizări …	0	0	0
Nu am eu nervi mereu , dar și cand am... își face dracu cruce !	0	0	0
haha ia te uita plm dupa ce ca sunt claustrofobica o sa se acutizeze hahahah e ok tho am timp sa pictez mai mult	1	1	3
INACO propune ca Dacia-Renault şi Ford să-şi adapteze liniile de producţie pentru a fabrica ventilatoare de respiraţie	0	0	0
DRACU SA NE IA PE AMANDOI	1	1	1
gura de gunoaie, pensiile militarilor le indexati doar cu inflația suge.mi.ati pula de jegoși nenorociți parlamentari de căcat bolnav când nu a-ți respins oug 57 și 59 🖕🤮	1	1	2
Al doilea site închis pentru ştiri false legate de epidemia de #Covid19	0	0	0
Curierii sunt la datorie! - #statiincasa #venimnoi	0	0	0
Sectorul neguvernamental cere sprijinul Guvernului pentru a-și continua misiunea socială	0	0	0
În sfârșit o veste bună: pe 29 martie se dă ceasul înainte, ceea ce înseamnă că vom sta o oră mai puțin acasă.	0	0	0
Căcat cu Ochi Streinu Cercel cu doua săptămâni în urmă: Lucrurile sunt sub control, gripa sezoniera e mai periculoasă decât corona și avem de toate.\nAcelași Căcat cu Ochi, azi: va fi nevoie de 10 săptămâni de stat în casă. Profesor, ce pula mea...	1	1	3
@SSontica @iRaphahell Dute si intreab-o daca se fute cu tine? Ia si niste bani si incearca.	1	1	1
Autoritatea Bancară Europeană: Plăţile contactless ajută la reducerea contaminării	0	0	0
Angajatorii se plîngeau că nu găsesc suficient personal, acum când într-unfinal îi avem ei au inchis totul😳😳😳	0	0	0
#video Cătălin Olaru speră ca totuşi ca oamenii să se sperie de perspectiva care îi aşteaptă dacă nu respectă regulile stabilite de autorităţi.	0	0	0
ceilalți. Mai târziu persoanele care poartă acest nume au posibilitatea de a reuși în tot ce își dorește.	0	0	0
Ce stare de urgentă? Ce O.M. 3? In mediul rural e veselie! Nici vremea rea, nici frica nu ii poate tine pe oameni in casa! Personal nu am văzut picior de soldat sau vehicul militar! Nici măcar jandarmi sau poliție! Distanțare socială? Ce-i aia? Grija fata de cei bătrâni? Nici!	0	0	0
@danbranzai Templul Duhului sfânt suntem noi!  Să fiți binecuvântați !	0	0	0
@Ziare_com Mai bine dau înapoi ce au furat și iși păstrează indemnizațiile!😈	0	0	0
E dator românilor cu această explicație. Faptele nu dispar odată cu demisia unui ministru și vor trebui lămurite mai devreme sau mai târziu.Îi urez succes lui Nelu Tătaru.	0	0	0
Coaie am luat 4 la online classes gen ce plm	1	1	1
@ellynablue Da ce ai cautat la sex Shop? Ca spirtul l-ai găsit asa din întâmplare.....	0	0	0
@twinkleskoo spune-i dirigai sau cine plm o poate tine in frau ca e clar ca e nebuna :))) imi pare rau iubirea mea si iti tin pumnii	1	1	1
@teoadi Ai sa te uiți la bec dacă va cădea rețeaua de net cu sute de milioane de oameni in case cu ochii in devices hd	0	0	0
Vicepreședintele CJ Constanța, atac dur la Arafat	0	0	0
Îmi place să spun “îți doresc tot binele din lume” știind foarte bine că sper să te duci dracu 👉🏻👈🏻🤣🤭😂	1	1	1
În  aceasta perioada, mai mult decat oricand, sanatatea si asigurarea produselor alimentare sunt doua aspecte extrem de importante. Dragi fermieri 👩‍🌾👨‍🌾, aveti grina de voi ❣#farmers #fermieri #covid19 #agricultura	0	0	0
#Coronavirus: #Franţa îşi retrage trupele din Irak (oficial)	0	0	0
Boala, la fel ca și iubirea, datoriile și patul, trebuie împărțită. #Mihalca (extras din primul meu roman Poveste în Zodia Cancerului)	0	0	0
@denis26_denise Protv transmite un compot de crime, violuri, banalitati, pupincurism, totul condimentat cu sos de frica si teroare. Nu stiri.	0	0	0
@i0n1ca @radusmall Să borăști ce vâră alții-n ei numa' din snobism!	1	1	3
Poate exista vreo legătură sociologică, te rog detaliază.	0	0	0
a futut bebeluși brancardier Bogdan ortopedie - ai omorâto	1	1	1
Inclusiv câțiva mari admiratori ai Chinei care nu realizează ironia situației în care se pun.	0	0	0
@MarmotaDeCampie Mai precis te pune la buda :). Eu cred ca am avut fix asta, dar prin Decembrie. Sper sa ma fi imunizat între timp.	0	0	0
FANG MI-E DOR DE TINE, PLEASE RETURN, TAMPITUL ASTA DE MANAGER FUTE TOT	1	1	1
@ancasandu oricum Pula nu știe carte	1	0	0
Dacă ești încă pe drum spre birou acum, din dormitor către sufragerie ori din living către mansardă, poate găsești un moment să citești 12 idei despre cum să ne facem viața mai ușoară acum că lucrăm de acasă. 👉	0	0	0
lucrat de acasa gen chiar daca ma loghez nu inseamna ca stau si daca am corona nu inseamna ca-ti dau. oamenii mei urban workers proiectu covid	0	0	0
Eu pe ăsta chiar l-aș scoate de la izolare/ carantină. Jur, a luat-o razna rău 😂	0	0	0
TMK-ARTROM din Slatina și-a modernizat capacitățile de producție	0	0	0
@magda_centiu Pentru că politica a devenit un circ ...bietul clown rămâne fără spectatori ..!!	0	0	0
Calcai naspa cu glezna aia delicata fute-m-as acum ma doare	1	1	3
"@AntiJavre TOVARASE, Federal Reserve, in fapt, nu e dacat cea mai mare imprimerie a lumii, mai ales de cand etalonul de referinta dolar/aur a trecut la etalnonul de referinta dolar/hartie.	0	0	0
Unde pot suna persoanele din București care au nevoie de ajutor	0	0	0
56 de aplicaţii dubioase pe Android îţi consumă excesiv bateria; Iată lista aplicațiilor ce trebuie șterse acum!	0	0	0
Nu este singurul caz în Italia de când s-a extins pandemia de Covid-19.	0	0	0
Lecțiile unui medic român: Coronavirus, diferențele fine dintre virușii de sezon. Interviu Evz	0	0	0
mi-e dor de mars argo cand mai scoate si ea ceva	0	0	0
Ți. Am zis în acest moment sunt minim 60 de mii de cazuri.lejer	0	0	0
Liniile 14, 36, 40 si 46 - blocate la intersectia Bd. Basarabia/ Morarilor. Cauza: eveniment de circulație.	0	0	0
Saptamanile trecute vorbeam despre diferenta dintre lucratul intr-un studio si de acasa.	0	0	0
Sectorul locuințelor și construcțiilor trebuie protejat de criza Covid-19	0	0	0
Lăsați naibi țâgara că vă prinde covida și vă duce-n izoletă.	0	0	0
@sopeprotector sunt singura care nu pricepe tweeturile astea? gen	0	0	0
@CloneSandman @AdUnATeDuPaNeT Cica 2 tiruri de produse medicale pentru doctori vor fi donate de Jiji. Calca el pe bec de multe ori dar e bun la suflet.	0	0	0
Să știți că eu nu așa predau online. Vorbește lumea😎💬 la Clinica de terapii complementare Cristian Vasilescu	0	0	0
Era cam negru Iohannis azi sau mi s-a parut?	0	0	0
@AnnamariaDamian cum comentezi cazul romanului care a venit azi in tara cu un avion de linie din Spania,impreuna cu alti 60 de conationali, si desi diagnosticat in Spania cu #COVID19 a parasit tara, incalcand carantina?	0	0	0
@majestatea O asa brutala pauza in iuresul vietii te obliga sa te intrebi si sa-ti raspunzi: 'unde dracu ma grabesc asa?	0	0	0
Sper ca această criză să ne arate unde suntem și să punem umărul la lucru!	0	0	0
Cum au ajuns medicii sa cada primii. Tabloul contaminarilor in randul cadrelor medicale	0	0	0
@ingerisidemoni Mai  mult ca sigur!!! Ba chiar cu pula-ndoită, fiindc-așa iute nu ține să fugi cu ea sculată. Cine-a încercat șie asta foare bine..	1	0	0
LG G9 ThinQ va fi echipat cu procesor Qualcomm Snapdragon 765G şi display OLED	0	0	0
3 ore mai tarziu terminai aia la psiho🥴🥴🥴 pariu ca nu ii place	0	0	0
@MihaiHristea Nu se va întâmpla! Sunt "responsabili", ce naiba?!	0	0	0
@flickernat în mare parte pentru că în Italia e ca dracu cu corona momentan	1	0	0
@Omida73052262 DACA SI EI AR VREA :’)	0	0	0
@ipostaze băi, eu nu credeam că dacă zic ce tip de filtre pot opri anumite virusuri, iese o problemă sau e văzut ca reclamă. Acum mi-e teamă să zic și de unde comand mâncare și la ce filme m-am uitat.	0	0	0
Ministerul Afacerilor Interne, în fruntea căruia se află ministrul Marcel Vela, preia controlul Poliției Locale.În mod normal, Poliția Locală se află sub comanda primăriilor.Trai nineaca,imrastiem pata galbena peste tot !	0	0	0
Nu e adevărat că bărbaţii vor doar sex de la femei, pur şi simplu există femei care în afară de sex altceva nu ştiu să ofere!	1	1	1
Logourile în carantină	0	0	0
Pintea într-o rochie Valentino de 2.200 de dolari, acum câteva luni, când n-avea nici pe dracu. Luați-i o geantă de la Hermes şi îşi revine!	1	1	1
@01004753 Da-i in plm de prosti. Sa crape!	1	1	2
@radusmall Hai ca încet încet, ne amintim de umorul care ne-a scos pe amândoi la bere in București :)	0	0	0
Deşi testele lor au devenit disponibile devreme, multe ţări au reacţionat târziu.	0	0	0
Azi cineva mi-a zis că treaba cu virusul are legătură cu 5G-ul.	0	0	0
jumătate din toți cei care mă vorbeau de rău, acum mă pupă-n pulă	1	1	1
Nici păsările nu mai migrează cum migrau altădată...	0	0	0
De când am domiciliu forțat, mă simt ca un "pensionar" al Grăd Zoologice. M-am gândit și la Dragnea, că ne aflăm cam în aceeași situație, adică nu putem părăsi incinta. Nu e placut!	0	0	0
mai fac si oamenii faini un ban.	0	0	0
Vorbești de încredere și loialitate, dar tu i-ai ars pe toți 🤦🏻‍♀️🤐	1	1	1
@Dan_Tanasa Si ta-su a castigat premiul Nobel sau de ce ne-ar interesa pe noi parerea lui? Desi doua sfaturi bune sunt cam putine pentru un tata. Dar na. Daca el e fericit cu nevasta-sa, unguroaica, mongola sau ce o fi, bravo lui. Sa aiba grija sa nu se strice carnea de sub sa si pace buna.	0	0	0
@Adevarul Da dute in măta deputatule tu care ai stat in Romania si ai vandut-o la straini.	1	1	1
Știam cu toții că Euro se amână. Ziua cea mai importantă e cea de joi. Sperăm că atunci se anulează sezonul din Premier League. Muie livăpul!	1	1	3
@RemusStefan72 Nu. Ăștia am văzut ca strâng foile, nu ți le lasă. Sau mă înșel eu? A trecut o mașina de poliție pe lângă mine, fără însemne, dar cu 2 polițiști cu un teanc de declarații înăuntru. Au trecut pe lângă mine, nu m-au oprit, aveam copil de mâna și niște plase pline in mâini.	0	0	0
Tu atragi ceea ce esti, ceea ce simti, ceea ce traiesti din plin. 💫	0	0	0
@denis26_denise E fake news. Arafat nu e autoritate : nu poate da amenzi, deci latră la lună.	1	1	1
Adaptarea la tot felul de constrangeri/restrictii pe termen NEdeterminat (lung)=capitulare	0	0	0
@itmorar Frică și Pandemie, de S. Kierkegaard	0	0	0
Sub acțiunea lămpii infrared, care eliberează grăsimea prin spargerea celulelor adipoase de suprafață, rolele din lemn activate de dispozitiv efectuează un masaj profund (dar de intensitatea dorită de utilizator, pe principiul acțiune/reacțiune).	0	0	0
Scriitorul şi dizidentul Paul Goma a murit din cauza COVID-19	0	0	0
Cati oameni crezi si isi folosesc mai intai glagoria din cap si dupa aia dau retweet sau repost?	1	0	0
Dar sunt împotriva violenței!Ce dracu fac cu bastoanele alea,mai lipsea inchiziția,ruguri,torturi..😡😡De Uzi,Ak etc nu ați auzit animalelor??😡😡	1	1	3
pana la urma unde plm sa mai iesi dupa 10 seara daca e tot inchis?	0	0	0
Încă odată, nu ma refer la excepții.	0	0	0
Klaus Iohannis: „Domnul Tataru va depune juramantul in cursul aceste zile!”\n#covid19 #coronavirus #StaiAcasa #VaFiBine	0	0	0
Nelu Tătaru: Vom testa pentru coronavirus şi locuitorii din celelalte oraşe, Bucureştiul fiind un proiect pilot, pentru a putea evalua starea de infectare a unui oraş	0	0	0
Daca nu ies din casa mai are rost sa ma spal pe maini pe ceas?	0	0	0
@MarmotaDeCampie Multumesc, maestre! Imi permit acum o impertinenta: pot sa adaug si eu ceva update acii, daca o fi sa fie?🤔	0	0	0
@hoseokspapanasi Tyy🥺 a durat până în 10 ore și ață pt că nu știam sigur cum vreau sa o fac. Also same I love it am💞	0	0	0
@Adevarul Mai fă încă unul că să fie fără soț.	0	0	0
@floaredecactus @JAy_FLo92 Daca Diaspora  lucrează la negru ea cum lucrează? Nu zic ca inainte de intrarea in UE nu s-ar lucrat in strainatate mai mult sau.mai putin ilegal, dar toți lucrează in mod legal și cu acte in regula. Asta excluzandu-i pe dă-mi și mie 1 leu	0	0	0
@SirGolan Nu am pofta de mancare...si doar ce am reusit sa pun si io 3 kg pe mine; :((	0	0	0
DIn seria: „Ce mai face românul în carantină?”.	0	0	0
Angela Merkel, nou rezultat negativ la testul de #coronavirus; rezultat pozitiv pentru vicepremierul spaniol Carmen Calvo	0	0	0
@denis26_denise Așa este. Ei știu doar FB și distracție...	0	0	0
@BibiSez Nu uit la fel cum n-ai uitat nici tu să suni ultima oară, promit, xoxo, Bibi. Să te gândești la mine la duș.	0	0	0
12 semne ca SUFLETUL ti-e EXTENUAT, nu corpul! Ce e de facut URGENT!	0	0	0
#DinSurseOficiale: Nelu Tataru - noul ministru al Sanatatii	0	0	0
de ce nu sunt cursuri la tvr si la fizica ce rai	0	0	0
după ce mi-am pus așa ceva la bucătărie, acum vreo 14 ani, am dat cu capul și-n sculare și-n culcare, de mă săturasem...	0	0	0
Stim in unele exemple cand lupta anti aia si anti cealalta era  de "fatada", in culise nu era nicio lupta	0	0	0
Si asta este momentul in care m-am pus pe plans in pula mea	1	0	0
— Daca vrei ca viata ta sa fie o poveste minunata, intelege ca tu esti autorul si in fiecare zu ai posibilitatea de a scrie o noua pagina♡	0	0	0
@83635fc672ce4e6 @basarab84 Posibil. Mi l-a dat mama unei fete care locuiește la Milano. Zicea că e în vigoare de vreo 9-10 zile.	0	0	0
cum de nu fugi in austria si tu sau germania e mare nevoie. Aaa pe voi nu va ia nici dracu ...."	1	1	3
Ma uitam acum la A1, vorbeste un roman, de al nostru, din Bergamo, presupun ca-i medic(nu am prins de la inceput) 202 de persoane moarte intr-o singura zi... Cel mai grav, spunea acest domn,pt multi,nu se mai poate face nimic,nu mai sunt locuri in spitale, triajul decide..	0	0	0
mama e pe vedere maine dimineata unde mi ai pus oalele ca turbez	0	0	0
ce ii spune o farfurie altei farfurii??? ma sparg de ras	0	0	0
@sopeprotector chiar da nu a fost prea bine gandita faza	0	0	0
inca o eliminare	0	0	0
România se apropie cu paşi repezi de 1000 de bolnavi de coronavirus -	0	0	0
@AgerpresVideo #BreakingNewsAGERPRES Orban: Îl propun pe secretarul de stat Nelu Tătaru pentru funcţia de ministru al Sănătăţii -	0	0	0
Ludovic Orban anunță echipamente de protecție pentru spitalele CF, după ce Victor Costache a demisionat	0	0	0
Ajungem și la cronici :)	0	0	0
Cel mai bun exemplu e cel al medicului şi cercetătorului , Didier Raoult, al cărui tratament(cu hidroxiclorochină şi antibioticul azitromicină) a fost preluat pe scară largă în Chină,dar şi de o clinică din Massachusetts, de o clinică celebră din Londra, de Israel între alţii.	0	0	0
In plm de retardati... cu astia vreti sa scapati? 🤪	1	1	2
Pt fiecare mic prajit in parcurile din B si pt fiecare km alergat prin aceleasi locuri ca invit sa mi sugeti pula ca tot e frumos afara #StatiAcasă	1	1	2
S-au umplut intrările in scările blocului de căcăței de câine, de nici levitația nu te mai ajută.	0	0	0
@ingerisidemoni pai la ce comedii doar cu curisti si lesboance se mai fac, unde plm sa mai râd??? Și futură și StarTreku, da-o-ar corona-n ei!!!	1	1	1
Acum lumea întreagă este un imens spital, pentru ca să învățăm să treacă prin miezul inimii bisericii noastre suferința celuilalt și să multiplicăm serotonina comuniunii dintre noi. 	0	0	0
@i0n1ca @MaricaPuiu @piticu21 In feed-ul google le-am citit.Cum iau de acolo istoric?	0	0	0
Glumesc, că mai iau unii în serios și dispar și ciolanul și fasolea, ca vitamina C - acidul ascorbic. Se vindecă toți de scorbut, că excesul se elimină prin urină, fiind hidrosolubilă.	0	0	0
daca azi nu ai, maine nu ai iar, tot catalogul de medicamente uzuale si de urgenta, atunci, draga farmacie, inchide. timpul este important si iluzia ucide.	0	0	0
Expune la TIBCO 2020 – târgul pentru întreaga familie - 28-31 mai 2020, la #Romexpo. #targurisiexpozitii #bucuresti #bucharest #shopping #Romania #AgendaExpo	0	0	0
Restricțiile au intrat în vigoare astăzi la prânz	0	0	0
deci tocmai s-a terminat studiul care zice că pastila anticoncepțională pentru barbați este safe și eficientă așa că am o propunere pentru prietenii mei purtători de organ sexual extern: ia și înghite tati	0	0	0
@denis26_denise Pai ce dracu scriam eu ma aici? Schema de ajutor e pentru Germania si Franta ... restul, batai ep umar si Doamne ajuta 😂	1	1	1
S-a detectat un nou cutremur in Zona seismica Vrancea, judetul Vrancea, la ora 08:03:49, cu magnitudinea de 2.8 pe scara Richter	0	0	0
@RFboris Mă mir că te mai suportă Twitteru!	1	1	1
@lilmintyoongi nu cred ca tu mori, nu ai sanse prea mari, dar o dai la persoane vulnerabile si ele mai departe si mor ele sau altii, e un lant al slabiciunilor of.	0	0	0
@sopeprotector da nu pot sa inteleg de ce s-au pornit toti acum deodata	0	0	0
Tutuluș Ion îmi punea heroină în pahar de palică pe etaj 8 spital Bagdasar  - tâlhării ai făcut !?	0	0	0
144 de cazuri noi în ultimele 24 de ore. Bilanțul infecțiilor ajunge la 906 cazuri. 13 persoane au murit din cauza COVID-19	0	0	0
Futu - l în gură de  jegos, asta a așteptat să decimeze populația României, nu a spus el tot timpul ca PSD.iștii trebuie sa...  pula.n gura lui de nazist împuțit Johnazist hot de case traficant și mâncător de copii cruzi 🤮	1	1	1
Na băgam.i.aș pula.n gura voastră de#hastagisti #rezist #procuririjigodii #judecatorisantajabili	1	1	2
Ba coaie eu nu inteleg testament de arghezi e poezie sociala? Si daca e care pula mea e tema?	1	1	1
@itmorar “Ultima noapte de dragoste, întâia noapte de covid” de Giovanni Boccaccio	0	0	0
Apoi, dute-n plm și fă-ți anticipate până mori, sas prost ce ești.	1	1	1
În locu' vostru fiind și dovedindu-mă mai prost ca pula, mi-aș ține dracu' botu' până m-aș reabilita cât de cât.	1	1	2
#EuropeniImpotrivaCOVID19	0	0	0
Răfuieli în USR şi pe timp de coronavirus. Ce calcule meschine ascunde o	0	0	0
@itskiiraa_ Nu stiu cine are 433 de metri, dar vreau sa-l cunosc.	0	0	0
Aștept să văd ce soluții iau/cer casele de pariuri...	0	0	0
@trueroobert Sugi pula cocalare, si tu si ma.ta si toata rasa ta, daca as vrea	1	1	1
Volkswagen Golf a fost detronat: Clio este cel mai bine vandut model auto din Europa -	0	0	0
@Bogdan24067247 Amin asa sa neajute	0	0	0
@Hakonda Au au au au au au, cadelizei por completo!	0	0	0
Mă aștept ca Cuba și Venezuela sa aibă zero cazuri. Coreea de nord probabil ca are chiar pe negativ.	0	0	0
@RobertCPhenom să știi că de obicei reclamele urmăresc oamenii, majoritatea au legătură cu site-uri vizitate anterior :P	0	0	0
@Adevarul Facem ceva pe campionatul tau si pe teoriile tale	1	1	1
Un microbuz ISU cu semnalele luminoase în funcțiune s-a răsturnat pe Bulevardul 1 Decembrie după ce a fost lovit în intersecție de o altă mașină. Transporta 14 persoane reîntoarse din Franța	0	0	0
@yoonfles Sigur se gasesc dinastea pe un site mai oficial daca gasesc iti trimit si tie	0	0	0
Vă mai aduceți aminte de fostul nostru președinte Traian Băsescu, cel care îi numea pe pensionari „asistați sociali”?	0	0	0
@robertVT22 Ca să ajungă angajații acasă la 22.	0	0	0
@Andreea_Mandiuc 👏👏👏👏👏🌹❤️Felicitări! Andreea!	0	0	0
@fluffyizhen Si cand intreaba de ce eu ce ii zic 🥴🥴 scuze diri n-am chef de tine	0	0	0
În sfârșit ni s-au întors toate valorile in tara!	1	1	1
@anasunshine121 îți stă mai bine brunetă 😘	0	0	0
@NeacsuRmn Asta ar fi o solutie buna;In italia, ai voie sa iesi din casa o singura data,la magazin alimentar,farmacie si atat;Doar un singur membru de familie	0	0	0
Imagine si o doza de manipulare	0	0	0
@DanBarnaUSR Si voi ce dracu ati facut pentru ca Romania sa aiba guvernul ala stabil?	1	1	1
Şefa Comisiei Europene, Ursula @vonderleyen: Dacă vrem ca Europa să iasă din această criză la fel de puternică precum a intrat, trebuie să luăm măsuri de precauție acum	0	0	0
Cozmin Gușă, președintele Federației Române de Judo: Centrele olimpice nu vor fi închise. Vom muri economic din cauza coronavirusului	0	0	0
Spital nou și ultramodern din Fălticeni, ţinut sub lacăt în timp ce Suceava se confruntă cu o gravă criză sanitară	0	0	0
Pentru unii, și dacă ești pe moarte, mai importante sunt excelul, raportul, planul, munca, tovarăși!	0	0	0
@zoso Ma scuzatz, dar cine plm mea e asta?	1	1	2
Globalismul, noua formă de internaţionalism, capitalist de această dată, după cel proletar, este, cel puţin pentru o vreme, abandonat. Soluţiile naţionale, patriotismul economic, apărarea conaţionalilor trec înaintea oricăror alte opţiuni.	0	0	0
@OvidiuSky @gusteru economiile, boss, a pun oamenii ban pe ban	0	0	0
Știri despre tehnologie și coronavirus și criză – 26 martie 2020	0	0	0
@camilstoenescu Pe dracu. Arată va un cur și în pozele astea de propagandă.	1	0	0
Tăriceanu: Mă învârt ca un leu în cușcă	0	0	0
Igien, Igienol-ul meu / Ce mi te-a dat Dumnezeu... 🙏	0	0	0
@ICostelian Păi dacã se poate, de ce nu? Nu te pui cu berbecue-ul lor, nici cu mititeii noștri...	0	0	0
@deathbysilence_ Iar eu pentru ca din toata comanda ajunsa azi imi lipseste fix branza cheddar..	0	0	0
“ ce marfă suge pula !!!! “ brancardier Claudiu bloc operator	1	1	1
@SirGolan @ingerisidemoni Câți a infectat amărâtul ăla la Gerota? Câte cazuri s-au răspândit de acolo, mai departe? Tu ai un parapon motivat ideologic pe diaspora. OK. Parțial, sunt de acord cu tine. Dar pe alte teme. Hai să nu jucăm blame game cu ei pe corona. E periculos social și politic.	0	0	0
@angelorobitu Știam că, le-au închis	0	0	0
@denise_denis26 @Vasile55502205 Ne'am invatat prost si au avut grija si astia sa profite de asta, iar noi acum sughitam ... dar no .... asta'i! :)	0	0	0
@AdrianBilic @EAFIFAMOBILE Sunt prea dobitoci.. si sunt fascinat de felul lor de a anunta ca e o problema.	1	1	2
@Alien_draft Bine c-ați avertizat, nu l-ați demis ș-ați mai și pus curu' la bătaie ca s-ajungeți de râsu' lumii.	1	1	1
@Sandr1na Cred că unii se cam joacă cu căpuțul nostru mizând tocmai pe faptul că nu știm să facem diferența dintre știință si pseudo știință.	0	0	0
Stai in casa, dar sustine fermierii! Producatorii locali, mai usor de gasit online	0	0	0
@novlvt E dobitoc da-l in pula mea i-a facut ieri fratemeu scandal si doar s-a enervat el nu înțelege	1	1	1
Parlamentul European își exercită atribuțiile esențiale prin proceduri extraordinare de vot la distanță pentru a aproba măsurile urgente ale UE de combatere a pandemiei.	0	0	0
Dr. Viorica Cherecheş: „E important să stai în casă, dar boala trebuie diagnosticată!”	0	0	0
Inconștiența românilor.	0	0	0
@stiripesurse_ro Lia Olguța Vasilescu n-are niciun drept s-o acuze de ceva pe madam Țepeș. N-ai dreptul să acuzi o ființă proastă! Ea are dreptul de-a fi proastă de la mama natură.	1	1	3
dacă se închide mall-ul, ce se întâmplă cu animalele din pet shop??	0	0	0
@NicuMARIN9 @GrigM2 @e_raluca Bă asta care toci frunzele lui udrea la câini , tu vorbești penalule ? Du-te lângă milițianul tău cu amantă !	1	1	1
O femeie s-a prăbușit de la etajul 3 al unui bloc din Târgoviște. Medicii nu au mai putut să o salveze...	0	0	0
@SorinGrumazescu Dacă îl bagi la borcan cu gogonele, promit ca nu mai pomenesc in viața mea de Greta. Dar scapă-mă de Bono, te rog, și o sa fac sacrificii foarte mari sa te răsplătesc. Promit.	0	0	0
@MarmotaDeCampie Oare pe noi cine o sa ne ajute?	0	0	0
mastile le arunci, dar costumul il mai folosesti..	0	0	0
Un microbuz ISU cu semnalele luminoase în funcțiune s-a răsturnat pe Bulevardul 1 Decembrie după ce a fost lovit în intersecție de o altă mașină	0	0	0
@SorinGrumazescu Pfaiaiai, cea mai bună idee pe ziua de azi. Esmeralda, Marimar, Rosalinda, alea ar trebui.	0	0	0
@alina93483922 Buna, vreau sa te cunosc. 🤗	0	0	0
Beneficiile usturoiului pentru sanatate.	0	0	0
@MihaiHristea .... opresc taxele pentru pensie și pentru sanatate.	0	0	0
@eljijinews @MihaiHristea Nu! A fost dom Sora recent la girafă ca s-o convingă să intre în casă; și uite așa i-a venit necazul. Oricum, persoanele publice si celebre nu fac decat o formă ușoară a bolii și toți scapă cu viață si cu bine..Iar unii de se cred(eau) infectați, de fapt nici nu sunt chiar așa...	1	1	3
am dat play la o piesă la 3 noaptea și îmi lăsasem (dracu știe de ce) la maxim și i-am trezit pe ai mei să-mi bag picioarele	0	0	0
@zoso Bai, declic and company de unde plm mea sa isi mai ia banu? Nu tu #rezist prin Piata Victoriei Socialiste, nu tu poluare ca s'a dus dracu si aia de cand cu covidu si biodegradabila, nu tu nimic ....	1	1	2
@nadiacomaneci10 Multa sănătate și vouă , o sa trecem cu bine și prin asta...	0	0	0
cateva zile pana la salariu si eu nuj cum sa ma impart intre faina-malai-spirt si 10 perechi de pume	0	0	0
@ingerisidemoni au dat 42 milioane la Sanatate dar 100 milioane la MAI... pentru ”protectie”... s-a instalat ”frica de popor”... ti-e clar, nu?	0	0	0
Stefan Mandachi ii provoaca pe toti hotelierii din Romania sa-si puna la dispozitie camerele pentru medici	0	0	0
Când dreaqu o sa vedem așa și la noi ??? Ce plm așteaptă Muianis ?😤😤😤	1	1	3
@catarin4_ @caioba39 ava da o cu catarina	0	0	0
@corinabacanu Măcar să spună din ce parte bate vântul, să știm din ce parte vine covidul.	0	0	0
Numărul infecțiilor cu coronavirus a ajuns la 1.029 în România. Au fost înregistrate 17 decese. Sunt 123 de noi cazuri de îmbolnăvire	0	0	0
@denis26_denise din pacate boii aia de [se]curisti n-au inteles ca nu pot conduce o tara, ca exista sisteme pentru asta, nu inregistrari... cu inregistrari audio poti eventual fute buha ca sa faci copii cu pene	1	1	3
Doar fătălaii se tem de un virus.... bărbații adevărați sunt însurați și nu se mai tem nici de dracu’	0	0	0
@hoseokspapanasi pentru ce ratiune? niste insulte neinspirate, decolorate acolo, batute de soare si un fancam random si gata un tweet de toata frumusetea	1	1	3
@thorul @SilviuFoca Declarație-model-nou-pdf-v2-final(1)-cel-mai-final.docx	0	0	0
Paul Goma a murit din cauza infecției cu coronavirus	0	0	0
@Horia8Bogdan Dupa iarna vine vara, dupa ploaie vine curcubeul, dupa noapte vine ziua, iar la un moment dat nu mai vine nimic.	0	0	0
@OvidiuSky @emiltoma_av Mai intrati si pe beegdotcom, ca nu se gata lumea.	0	0	0
@Camelia30_0 O sa faca gratare pe balcoane :))))	0	0	0
Unde pulamea erați când vă futea pesedeu'!? Muilor!	1	1	2
@thezvoner El este drojdier, generalul armatei de drojdie. Al 69-lea.	1	1	3
Da chinezu, mare guru si influencer, propovăduitor al campaniilor pe bloguri si in online, membru fondator la CAP-ului si  al cursurilor de social-media, ce mai face el acum ?	1	1	3
numai de miercuri. mâine mă ia dracu la istorie, dar la propriu. mă trage în jos spre iad în căldarea cu smoală	0	0	0
si pe faptul ca sunt izolata cu tine in casa ;))	0	0	0
@i0n1ca Eu cred ca nu prea sti cum functioneaza statul asta de cacat si care sunt atributiile cui, si cum e cu statutul de functioar public si plm.	1	1	1
@kithobie @lobelyjimin_ ca.... what? bitch daca nu ai idee de romana nu mai incerca adica nu am inteles unde dar cred ca e ceva sat. eu stau in timisoara si avem un sat sau comuna langa numita carani sau ceva dar femeia asta ma frustreaza grav	1	1	1
@RFboris Atunci au folosit prea multa	0	0	0
@Costindte Eu vin! Dar dacă închid ăştia drumurile şi rămân carantinat acolo la tine pe malul mării măcar vreo 3-4 luni? 😁😁	0	0	0
Cică se va anunță bilanțul o data pe zi, la ora 13:00.	0	0	0
34 de copii din România au fost confirmați cu COVID-19 până acum. Toți sunt bine. Vestea proastă: în lume, apar cazuri grave și la copii  prin @tdm_ro	0	0	0
Grupul Purcari anunță donații către mai multe spitale din Republica Moldova și România	0	0	0
#stămAcasă și ne uităm la #romaniiautalent, da?	0	0	0
@BoyWithPlant Nu trece o săptămână fără să-mi spună cineva ceva de @-ul meu	0	0	0
@DacianSoros O , ce veste minunata ! Trebuie sa se supuna legilor statului, mai ales cand iau bani de la buget.	0	0	0
Am o presimțire nasoala cum ca pana deseară se va ajunge la 10000 de cazuri... 😷	0	0	0
@MirelaBuzoianu Nu, dar nu-l folosesc	0	0	0
Fotbal: Răzvan #Burleanu a confirmat la #UEFA că Bucureştiul va rămâne gazdă a Campionatului European din 2021	0	0	0
Stai în casa , intri pe Uber Eats,  comanzi si Clatitele ajung repede la tine.	0	0	0
mwhahaha))) deja am văzut oameni cârtotași că vai, de când cu pandemia toți se transformă în food bloggeri. 🙄	0	0	0
știa.s de dreapta futu.i în gură de jegoși nenorociți toată viata bugetari dar ei sunt cu privații, agramații dracului	1	1	1
@CloneSandman Puțin îmi pasă a cui sluga a fost. Ceea ce m-am enervat a fost discursul aproape identic cu al lui Daea.	1	1	1
Masuri luate de Primariile din Capitala impotriva COVID 19!	0	0	0
nu imi place ce se intampla cu stocurile de medicamente din farmacii.	0	0	0
Comunitatea ASEBUSS sprijina managerii si antreprenorii pentru a traversa impreuna criza	0	0	0
am sa ma duc pana in carrefour la mama dracu sa cumpar ketchup pentru ca toata lumea din orasul asta e psihopata si isi face PROVIZII DE KETCHUP??? DA. ASTA AM SA FAC.	1	1	1
Iau spre adopție temporară câini. Așa, cam jumătate de oră, la pas...	0	0	0
pentru toti ignorantii care au zis "este doar o gripa" ...	1	1	2
@mihulae1 @Stako_tennis nu prea inteleg meniul dar vreau ceva care are pe sticla pe serg cand serveste!! luaias serva aia in pula	1	1	2
@thezvoner intrebare-DE unde crezi ca da statul ajutor?Din cer?Nu,fireste, din  taxe. O Schema Ponzi.	0	0	0
@CloneSandman Așa este	0	0	0
@Alexaal62956348 Băiat e ok sau vreti neaparat fata?	0	0	0
@eljijinews @ilgrandefutador Pa aia cu optica, nu o înțeleg!Cu electronice/electrocasnice e firesc, aparatele se strica etc...Mobila oare este?	0	0	0
@skatecat_147 Nemții ăștia îl mai ajuta puțin sa mai ia un mandat :)	0	0	0
Amc vezi că se plictisește una în izolare și bagă pe insta faze cu "nu m ai prețuit când m ai avut" du te dracu coaie la terapie	1	1	1
@pinguuina @MarmotaDeCampie Pfff scoate notificările alea că nu mai poți să faci nimic de ele.	0	0	0
Flutur este plimbat cu izoleta între spitalele nefăcute de PSD şi spitalele închise de PD!	0	0	0
@barsanf @VictoryaBee păi unde? că eu n-am văzut nici speculații... nici deficit artificial...	0	0	0
Mult timp liber, dar puține lucruri care contează	0	0	0
@Costindte @CloneSandman Multă baftă, Doamnei tale! Are nevoie...	0	0	0
@Horia8Bogdan Se poate să vedem și sursa informației?	0	0	0
După sistemul sanitar a inceput să cadă și miniștrii.	0	0	0
Poate așa le vine dracu mintea la cap, că trebuie să respecte regulile impuse....imbecililor care nu pricepeți!!!	1	1	2
de pulă împreună cu zdrentaroșii diasporei pnl.isti usr.isti pmp.isti macovisti preda.isti szigfried.isti basisti johnazisti și sleahta de scursuri ppe.iste naziste și susținătorii Johnazist.ului și statului mafiot, căcat 💩 bolnav!	1	1	3
Dacă nu, atunci vă invit pe toți la o cafea!	0	0	0
Sa ne descretim fruntile (pâna mai putem) ... 😊	0	0	0
Florin Cîțu: Astăzi aprobăm primul set de măsuri pentru susținerea economiei...	0	0	0
Cine nu sare, cine nu sare. Și-au luat subvențiile promise și acum mumu. Oh Doamne, cat ne mai tii?	1	1	3
Am spus si eu aici de la inceput:sunteti pe cont propriu,nu aveti pe ce/cine sa va bazati. Si e grav	0	0	0
Ieri încă era circulație rutieră normală. Azi e ca în weekend. Drum de 20 de minute făcut în 10 minute.	0	0	0
@BettinaSchroe11 Seară frumoasă om minunat!	0	0	0
Daca nu e ceva legat de e-sports, pentru ce plm mai avem rubrica de sport? Ah, am uitat, Zlatan din vila lui..	0	0	0
@CloneSandman @DacianSoros Hahahahahaha maximă maximă	0	0	0
@MarmotaDeCampie @itmorar Dacă pleci cu cumpărăturile gata făcute, ai șanse in vreo 20-24 ore sa ajungi la mama ta ( dacă ești oprit de toate filtrele județene) pana la Buzău ai vreo doua județe și vreo trei orașe ( parca ). Întoarcerea va fii la fel sau mai adaugi vreo 6 ore pana intri in Bucuresti☹️	0	0	0
@rmalutan La fix a aterizat. Măiestrie și precizie. O zi frumoasa!	0	0	0
@RobertEVoicu e totusi interesanta chestia aia ca ajuta sa iei contact cu o doza mai mica si prin urmare poti face o forma mai usoara dupa care sa zicem ca ajungi imun.	0	0	0
Orice drum incepe cu un set de #baretransversale!	0	0	0
@w_lemn Ce poate fi mai clar decat atat pt a spune ca traim vremuri kkcioase.	0	0	0
@minfloare Multumesc sunt o adevarata domnisoara poeta	0	0	0
@Camelia30_0 Ce chestie, si eu sm un artist pr zi. Azi a fost MJ	0	0	0
cât de prost și de ahtiat după piarisme ieftine să fii ca să “soliciți explicații” de la alții, când ai propriile instituții (plural!) în subordine cu competență în cercetare și luare de măsuri? #BucureștiNuFiRea	1	1	3
@RobertEVoicu La Apaca nu ne mai place.	0	0	0
@nwradu @itmorar nu ai idee cat încape într-un carut d-ala de la PSD	0	0	0
hai mai dă-o dracu, după ce ca am atâtea de făcut ne dă teme si la sport.	0	0	0
@SilviuFoca Mie mi se pare trist. Pana acum bătrânii erau invizibili. Se simțeau, oricum, singuri, inutili și marginalizați.	0	0	0
@trueroobert Pozibil, eu unul sunt antisocial, sau poate nu am prieteni deoarece ii consider pe toți niste cocalari fara viitor si ma cert cu toata lumea, ma doare in pula de prieteni, pe mine nu m.a ajutat nimeni niciodată, poate doar părinții pe care ii respect	1	1	3
@MihaiHristea Și pensia speciala este subevaluata?	0	0	0
Ba io odată am avut o musca in camera, am deschis geamul sa intre mai multe apoi am dormit afara. Dacă asta nu e tactica, atunci nu știu care mai e	0	0	0
Jurnal de casă în vremea coronavirusului. Lucrez acasă. Am grija de sănătatea mea dar și a celor din jur.	0	0	0
Până la această dată, la nivel național, au fost prelucrate 4.973 de teste. Cu un asa numar mic de teste e destul de greu sa vedem care e realitatea.	0	0	0
DN1, liber până în 2030, când se va termina testarea pentru coronavirus a tuturor bucureştenilor!	0	0	0
Pai ce ora e asta, pana la sfârșitul zilei mai apar încă n cazuri cel mai probabil?	0	0	0
Viața slujește artistului ca o pânză și artistul profită de ea fără niciun pic de milă. Relația artist-viață este simultan conflictuală și una de ”simbioză”?	0	0	0
@MarmotaDeCampie Care, unde? Poate daca au mai ramas rataciti prin subteran.	0	0	0
iar imi puneti cearta intre armys si nctzens pe tl nu pot sa am o singura zi fara drama se pare 😤😤😤	0	0	0
@roxidh Eu întreb dacă ce curăț din litiera motanului și trebuie să duc la tomberon, se încadreaza la:	0	0	0
E ca și cum i-ai mulțumi celui care ți-a dat foc la casă că, la final, a venit și ți-a oferit o pătură, că e seară și se face frig.	0	0	0
despre asta se va discuta ani de zile de acum inainte.	0	0	0
@itmorar Vor copia modelul românesc,  completează formularul la ghișeu stând la rând.	0	0	0
@ECiocu restul de 90% sînt saiturile pornografice, care vor înregistra o creștere de trafic corespunzătoare	0	0	0
@ECiocu Cu Trump președinte e ca și cum am fi avut-o pe Viorica. Măcar noi am scăpat dar americanii s-au dus dracu	1	1	3
@Extemporizee @Vioreleeee Da dracu, cum nu @Vioreleeee	1	1	1
@ACplusD @DianaWdr Nu zic hop dar nu cred că distanța de China i-a făcut să reacționeze așa. E vorba de conformism, de rigurozitate, de seriozitate și de leadership. Care s-a cam mutat în Orientul Extrem de ceva timp... (ps: e imposibil să elimini virusul)	0	0	0
S-au declarat mii de morți in UE datorită așa-zisei pandemii, unde sunt ??	0	0	0
Pisicul lui Base s-a facut tigru?!	0	0	0
@CloneSandman @angelorobitu Cu detalii, nu ne pune pofta la încercare 😀	0	0	0
@IonutAxinescu @isbjorn @furtdecurent Băi, l-au luat pe unu de la mine din clădire, ieri. Până la urmă a fost negativ, dar......plm cred că o am mai mică decât @furtdecurent :))))))	1	1	2
In perioada 27 - 31 martie clinicile PULS isi vor desfasura activitatea dupa program special.	0	0	0
@ingerisidemoni @NeacsuRmn Stii cate imi trec prin cap? De cand am citit stirea cu declaratia de la A3...	0	0	0
Grapini:Știți câte persoane singure sunt în România? Ați organizat echipe de sprijin?	0	0	0
@Cristin57579223 Tu dacă doar sugi pula nu avem nici o șansă futu.ti mormântul ma.ti de zdreanță împuțită 🤮🖕	1	1	1
care e robu ? care e roaba ? .	0	0	0
Inca trei romani au fost rapusi de coronavirus	0	0	0
Fiecare dimineață este o șansă de a începe viața din nou. ❤️❤️	0	0	0
@MarmotaDeCampie Nici eu nu prea fac diferența, dar eu nu mă supăr veci, cum nu mă consider cea mai smart. Apropo. Am citit acum că China a donat Zaragozei 500 de mii de măști chirurgice, azi au ajuns pe aeroportul din Zaragoza.	0	0	0
@stefy_ @pojdmatei Daaa dar acolo se testează în masa , nu ca la noi. Noi facem 600 de teste pe zi, Dacă le facem și pe alea... Nu e normal.	0	0	0
Nu am iubit niciodata gandirea colectiva sau sa mii se impuna sa fac ceva ce vrea cineva pentru un favor sau altul,, imi place asa cum sunt eu o rebela matura cu sinceritatea in tot ce fac si succinta in unele situatii pe care le consider eu -ca asa trebuie sa fac*** RYA**	0	0	0
Dumnezeu sā îti dea sānātate si numai bine îti doresc din suflet ♥️♥️	0	0	0
#Netopia #Payments a refuzat să înroleze companiile neconforme	0	0	0
@florinastan5 Si noi ce trebuie sa facem acuma..?  De mata ta nu mai putem!!!	1	1	1
New post: Cum se contestă o amendă de  Covid 19	0	0	0
@CloneSandman Chiar este supărat. Nu îmi place treaba asta...tare îmi este că lucrurile sunt mai complicate decât credem	0	0	0
“Tara ca afara” adica imperialismul iudeomasonic occidental care a ocupat teritorii si popoare, colonii bune de exploatat pe toate continentele, timp de sute de ani, cu sabia, cu tunul si cu racheta…pana in ziua de azi cu multinationalele, bancile si corporatiile lor !	0	0	0
@suspaharu @stefancrisan @_PolitiaRomana_ E pe dracu', treij' de amețiți...😂	1	1	2
@denis26_denise De copil stiam un mic banc: "ce diferenta e intre romani si tigani? romanii se fura intre ei iar tiganii fura pe romani". Cu adevarat nu am crezut pana azi.	1	1	1
La câte cărți mai am necitite, chiar mă doare-n paișpe de Netflix! #StațiAcasă	0	0	0
La Bucuresti vrea sa testeze la fel pe toata lumea, in 6 ani a terminat testarea 😂	0	0	0
de când îl fute lideru pedofiliei Chefneux Andree pe Lucian din cartier are o soră de nu se înțelege care e capul între el și ea	1	1	3
@nwradu ikea a inchis magazinele in multe tari. urmeaza si la noi.	0	0	0
Zegrean, reacție după depunerea mandatului de către Florin Cîțu: „Acum se invocă faptul că e virusul ăsta nenorocit și că de aia domnul ăsta și-a depus mandatul	0	0	0
Cartofi prăjiți	0	0	0
Privatizarea savatatii 25 oug și alegeți anticipate sa ajungă majoritari în Parlament să poată face ce vor ei cei de dreapta suge.m.ati de pulă toți cei care susțineți Johnazist.ul statul mafiot și abuzurile sistemului	1	1	3
@emilzice Manuela întreabă, radio Erevan ce răspunde?	0	0	0
ma jur ca suntem singura scoala unde se cearta profii intre ei ca nu sunt de acord cu modul altuia de predat online 😭😭😭😭 fiecare are alta idee	0	0	0
@CloneSandman Hai că asta este de cărticică. Engie nu sunt francezi?	0	0	0
@i0n1ca @ingerisidemoni @ACplusD fute grija ... și stai sa mi iau și eu ca doar și Vecinul și a luat ... mentalitate românească ! Punct	1	1	2
von der Leyen «apelează» la memoria asiaticilor...	0	0	0
@ECiocu @itmorar Întrebarea e: cine plm mai păzește oile? 😂	1	1	1
Coronavirusul învrăjbește politicienii. PSD, acuzații dure: ”Klaus Iohannis și PNL nu au luat nicio măsură. Criza a fost minimalizată cu bună știință”...	0	0	0
😀Ce?? Singurii 10 000 de oameni adunați la Oradea au fost când au strâns bisericile oameni pt Marșu Familiei sau cum dracu s'a chemat!	1	0	0
O lebădă neagră ar fi o anume știre cu Iliescu. Asta nu e.	0	0	0
@otiliag1 patronul meu a plecat din nordul Italiei prin Franța si a intrat prin Oradea... a mai venit si cu aproximativ 6-8 noi asociati italieni care plm știe de unde sunt...	1	1	1
Ministerul Sănătăţii anunţă testarea pentru coronavirus a tuturor bucureştenilor	0	0	0
@radusmall I-a pus dracu sa aibă bani de teste de covid. Dacă puneau borduri, acum erau toți sănătoși și nu aveau nici o problema.	1	1	1
@dj_mezeneu @SanduGeorgeCla1 Daca ar fi numa' 12!!! Ar fi binisor 😂 ceea nu prea cred...	0	0	0
Unde a slujit Arsenie Boca, înainte să ajungă la Mănăstirea Prislop. Ce biserici a pictat părintele	0	0	0
@PleuAlexandru4 Pai, vezi, tot trebuie sa traduc: pozitiv la analizele medicale pentru virus.	0	0	0
Rămân valabile pe perioada Stării de Urgență #permisele de conducere și certificatele de înmatriculare care expiră	0	0	0
Bărbatul suspect de coronavirus care a fugit de la Spitalul Matei Balș a fost găsit...	0	0	0
Potrivit ştințific dacă îți place de o persoană când vorbeşti cu ea popilele tale se prot mării de 3 ori mai mult decât cum sunt ele normale	0	0	0
@RaduV84 Io zic s o futi pe doctorita si sa i zici ca te ai vazut cu mine...sa ti faca testul in plm mea, sa iasa din bula ei... #IMO	1	1	1
@MaricaPuiu D: Altă întrebare	0	0	0
@Camelia30_0 Eu sunt cu Tom Waits momentan. Cât să mă scoată din febra și agitația asta.	0	0	0
@nel_sciu Christos a înviat	0	0	0
@catalin_marin18 băi, indiferent că te fute sau nu, tot nu e ok să îl chemi ca disperata noapte de noapte după care să îi dai mare fz și să te aștepți să fie u bună drăguț și să îți fie stea protectoare a fericirii și relației cu gigelul cu care ai înșelat-o	1	1	1
@ijustine @Matheuzz_1  ce plm mă ?!?	1	1	2
Precipitation maps North America #USA #weather (Precipitatii Statele Unite in urmatoarele 3 zile)	0	0	0
Ce mesaj/panică transmite prin demisa sa Ministru Sănătății? #covid19	0	0	0
@Ioana_Matei10 Da, in cazul asta cine este inteligent este telefonul, nu persoana.	0	0	0
@here4milan aș zice că e anul lui Immobile	0	0	0
@deadcatbounce75 În Dacia și pula în pizde se zbat am început și limbi în pizda	1	0	0
Pai bă, la ce dume a scos ăsta, și eu îmi dădeam demisia 😂	0	0	0
Produsele proaspete vor deveni mai rare în Europa din cauza coronavirusului	0	0	0
Fotbal: Starul chinez Wu Lei neagă că a fost retestat negativ pentru Covid-19	0	0	0
Rugăciune către Maica Domnului pentru potolirea necazurilor -	0	0	0
Sa asculte! altfel vine Costache si ii testeaza pe toti in China, pana in 2100 termina testarea	0	0	0
@EverythingQueer o pun pe mama să-mi facă🥺	0	0	0
@MadaPatru ador❤ si cel mai frumos e simplitatea voastra	0	0	0
Doamne, prost ii asta!!!! Ce plm ati votat????	1	1	2
ca sa va dati seama cat de jegosi sunt strainii	1	1	2
@avalidnerd Crezi că ministrul nu are nimic de făcut în perioada asta?	0	0	0
Al 14-lea deces în România provocat de coronavirus.➡️	0	0	0
Pentru cine mai are dubii ca #UEMUE mai exista	1	1	2
@ingerisidemoni Cu indulgenta, spun ca ajungem italia mai repede, deoarece, in continuare generatia trecuta de 70 este afara chiar daca este fffff frig pentru acest martie nenorocit 😔	0	0	0
@stareapreseiro Cand va vad pe voi CIUMA GALBENA imi vine sa ma pis pe voi.	1	1	2
Plus turcești, bună-mea doar la turci se uită zilele astea :)))))	0	0	0
@GabrielGiurgiu2 Aș fi mers pe varianta "Ambele". Pentru că nu există această variantă, votez cu amenda. Pentru că este tot o formă de educație. Prin frică, ce e drept...	0	0	0
Cum dracu’ i-a ocolit pe ruşi până acum?	1	1	2
@IoanaPavel4 Asta zic și eu, ca nu știi. Poate ești deja imună.	0	0	0
imi este dor de normalitate	0	0	0
@AndreiCismaru Da, avem și Alex Velea	0	0	0
@victorciutacu Victore, mai trebuie si putina disciplina din cand in cand !!🤣	0	0	0
@roxidh Și unul și alții tot la ficat lovesc.	1	1	1
Oare armata ajunge si acolo, inot?	0	0	0
@eaglechirp @UlfSchmid Vorbim despre un simplu gest!	0	0	0
Cum dracu al doilea focar important de #covid19 a aparut in Italia? 🤔	1	0	0
@AtenaBadea @itmorar E futută rău treaba atunci :(	1	1	2
@neamielualarau @MarmotaDeCampie @mihairotar Da, acolo e problema. La aprovizionare. Degeaba ai bani dacă nu ai ce să cumperi.	1	1	2
Pana diseara, tot Bucurestiul va fi tuns zero, indiferent ce scrie in declaratia pe propria raspundere.	0	0	0
@Costindte @Twitter Lasă, lasă că am văzut că tu ești bine	0	0	0
Vine alt ministru, că mai sunt niște clienți flămânzi. Coada-i lungă, filierele sunt diferite!!!	1	0	0
@pinguuina @OvidiuSky Vezi ca și spitalul de oncologie are notificări din astea. Pe bune, scoate-le ca îți faci neuronii praf :)	0	0	0
„De când e suflet de român pe faţa pământului, românul a fost mândru de a fi român”.	0	0	0
📣 ANUNȚ IMPORTANT DE LA GOVERN #coronavirus	0	0	0
Plot twist : România inventează un vaccin contra #COVID19 și devine o hegemonie.	0	0	0
Și avem regim de întărirea imunității...pe lângă dezinfectant și igienă.	0	0	0
@mariaamichaela Eu am schimbat numarul de telefon.	0	0	0
Daca ingheata idiotii astia anu școlar imma riot ce pula mea eu nu stau sa dau iar olimpiada de a 11 a ma pis pe ei de prosti	1	1	1
Acum 2 zile am facut un fel de atac de panica asa pur si simplu. Am mai facut asta in 2012 pe un fond de stres si o suparare puternica.Manifestarea la mine este cu un vertij puternic imposibilitate de miscare.Totul este in urechea interna	0	0	0
"până revine partidul comunist PSD din nou în grațiile poporului".	0	0	0
@pinguuina ‘Eu, tu și Ovidiu’....Nici eu nu l-am văzut	0	0	0
@ZoliBara Da, am văzut și eu. Au mobilizat armata. Așa vor ține oamenii în case, cred, mai repede, până ajung ca Italia.	0	0	0
@PleuAlexandru4 Nu ai idee cât este de  șmecheră!😂 Te pup Alex!	0	0	0
@sopeprotector poate ca da? nu stii niciodata	0	0	0
Na futu.vă.n gură de jegoși nenorociți a.ti băgat țara în criză cu nazistul și toată dreapta voastră, baga.v.aș pula toată toată în gură voastră	1	1	2
Fotbal în iunie, într-un an impar. Ce bizar...	0	0	0
În atenția domnului virtuoz Marcel Vela, un fel de vioara a doua la președinția României.Este vorba de afirmațiile făcute de înalți demnitari ai statului român. Iar dumneavoastră, în calitate de mâna a doua la președinție, aveți toată puterea de a-i trage la răspundere.	0	0	0
Ne putem aștepta ca mâine virusul cu care se luptă America, ori China, ori mai știi cine, să fie „Rusesc”, „european” sau, de ce nu, „italian”. China, de asemenea, fără să-l numească „american”, a indicat Statele Unuite ca țară de origine a virusului.	0	0	0
@stirbei nici nu mai stii la ce sa te astepti.. Cred ca o sa devenim imuni si nu o sa ne mai mire nimic dupa toata faza asta...	0	0	0
Tinerii din ziua de azi nu se mai fabrică ca odinioară. Aceștia sunt prematur fabulosi si extrem de determinati de la o varsta frageda!  #romaniiautalent	0	0	0
@BibiSez cam da. și am întrebări.	0	0	0
@zoso Stai că acum sunt toate pe zoom	0	0	0
@no_Eva_no Te îmbrățișez cu drag!	0	0	0
Noul Citroën C3, cu 3 ambianțe pentru interior. O vei putea alege pe cea în care te simți cel mai confortabil.	0	0	0
Spuneți-mi numai de ce o pungă cu orez are 7.798 de boabe și alta numai 7.746?	0	0	0
@victorciutacu Dama de Companie , dc te vz cu febra 39.5 , pneumonie severa , 19 pozitiv si aj la urgenta  o sa spui : a avut dreptate sa fie ordine si disciplina . Si nu sti dc scapi dc aj la urgenta , cam 100 % mor care aj acolo	0	0	0
Vă amintiți? „Economia românească este o grămadă de fier vechi!…”. Da, domnului Petre Roman, prim-ministrul îmbrăcat în tricoul de revoluționar anticomunist și mândru nevoie mare că vorbea vreo două limbi străine, îi era rușine de țara pe care i-o încredințasem s-o gestioneze.	0	0	0
deorece dacă fetele nu insistă, băieții nu se sinchisec sa  scrie. (No hate pt băieți) 	0	0	0
@gabimacovei @itmorar Greu. Dar o fac, ai dracu chinezi	1	1	2
Klaus Iohannis: Este nevoie de rectificare bugetară pentru a aloca mai mulți bani pentru sănătate	0	0	0
@majestatea @Carlos_Sacalul De unde ai luat datele? Că ne-ar interesa să vedem sursa!	0	0	0
a batjocurii si perversitate , virus pentru gandire	0	0	0
După o zi de muncă la birou mă simt dărâmat. Parcă vin de la război, îmi vine să adorm sub duș și să uit	0	0	0
@radutimo @OvidiuSky @pinguuina Nu tu nouă, noi ție, se pare 😬	0	0	0
@BungieHelp bag pula in serverele voastre tinute in bananier. sa ma pis pe infrastructura voastra de cacat manjit. sugeti pula. salpa.	1	1	2
Are 93 de ani si traieste la Constanta. Una din creatoarele Polidinului face dezvaluiri  prin @radutudora3 #Romania, #polidin, #COVID19	0	0	0
@LauraIonescu4 Pune o poza noi suntem jurul care zice cam cum esti laura	0	0	0
@BucharestAir @WHO Conform pubmed USA, informatie oficiala, statul la soare si la aer ajuta in ameliorarea infectiei cauzate de coronavirus. Va rog sa im scrieti un mesaj pt a va trimite toata documentatia.	0	0	0
Fie Covidul cât de grav,tot mai bun-ie-n țara mea !	0	0	0
Cum pula mea să-ți treci la interese shopping? 😂😂😂😂😂	1	1	1
Cred, Doamne, ajuta necredintei mele!	0	0	0
@mokcris Ia o pauză. Nu e nici urâta, nici frumoasa, e cum e. Fa o analiza de risc la toată societatea și e foarte probabil sa fii mai puțin panicat.	0	0	0
@totnormal Sfantul Volva, cu Dimitri Anatolevici la dreapta tatalui	0	0	0
@MarmotaDeCampie Chivu zbieră la noi să stăm dracu’ acasă. Tu ne ordoni să trăim dracului. Da' nu mai drăcuiți atâta, ce dracu'?!	1	1	1
@itmorar Înainte de nebunia asta cu virusul mă uitam la tv și sperăm sa vina ceva sa nu mai vorbească lumea de cazul ăla nenorocit de la Caracal...	0	0	0
Am un prieten care atunci cand se sparge zice “mood” la absolut orice si asa ma simt eu dupa 3 zile de carantină	1	1	2
Du.te mă și suge.le pula la toți trogloditii #hastagisti #rezist #procuririjigodii #judecatorisantajabili Leoreanu (PNL)	1	1	2
@BlackJacksRvips orice ti se pare mai la indemana dintre paginile alea	0	0	0
Speța mea peste vreo doua săptămâni: maica-mea e la țara la Cuca Măcăii Buzăului. Izolată cam de orice supermarket de 40 km. Care sunt șansele sa plec din București dimineața sa ii las la poartă alimente și medicamente și seara sa fiu înapoi? Întreb pe bune, ca nu oi fi singurul.	0	0	0
@SaccountMihai2 pt mn este scary ca parca ieri eram in plm la gradinita n aveam nicio treaba si acuma mare pandemie gen?!?!?!?!?	1	1	1
Este de ceva timp în pregătire și abia așteptam să pot să relatez această veste faină.	0	0	0
Mi-a dat @bogdanciuclaru o leapșă. Ce citesc acum. Dau mai departe următorilor intelectuali: @mihaigurei @bookcovertee @monicabarladeanu	0	0	0
@stiripesurse_ro Memento mori, Cîțule, n-auzi șuierul coasei? Încă mai crezi că dracu' nu s-atinge de ai lui?	1	1	1
@teniescu Știu în ce țară trăiesc și îi cred în stare să ascundă adevărul, dar și țările din jur stau cam la fel, încă nu cunoaștem personal bolnavi și nu există morți. Deocamdată prefer să le dau credit.	0	0	0
@Adevarul Cine dracu ascultă de tine prostule? Habar nu ai ce vorbești.	1	1	1
@radusmall 169 decese, 3400 de cazuri ( din ce spun ei ), cam bagă spaima	0	0	0
@stupidcow_81 Ii doare in penis de faptul ca urmeaza sa moara oamenii cu sutele (sau miile), ii fute grija doar sa fie Orban prim-ministru si sa nu piarda partidul. Mi-e sila.	1	1	1
@bIueeeside excuse you, unde ai văzut tu maioneză portocalie? 💀	0	0	0
@tweet_lunatic Da ce pula mea te mananca pe tine grija coaie mereu te iei de altii coaie	1	1	1
Unul dintre cei mai apreciați miniștrii ai Agriculturii, Petre Daea,că în aceste momente trebuie conștientizat faptul că pe lângă medici și medicamente, fermierii și hrana sunt „scutul nostru de apărare împotriva dușmanilor nevăzuți.”	0	0	0
@itmorar La câtă publicitate au cumpărat în ultima vreme (pe youtube și cam pe toate site-urile mari de știri), cred că e deja pregătit guvernul ăla. Pornește imediat, la sfert de cheie.	0	0	0
La mine hai sus, hai sus in noiembrie, ce am innebunit?😁	0	0	0
@StephT24191139 Fix ca un cur de maimuta	1	1	1
Spitalul militar din Focsani ramane inchis. Mai mult de 20 de cadre medicale sunt infectate	0	0	0
@gusteru Se întorceau de la olimpiada de algebră	0	0	0
@n0chuni E colega mea de banca si dupa ce stam 6 ore/zi impreuna, acasa fac alte chestii si chiar nu mai vr sa vb cu ea. O zi-doua daca nu vb e ok dar de la a 3a deja incepe sa se ia de mn ca dc nu vb si e in stare sa inceapa o cearta	0	0	0
Ziua internaţională a luptei împotriva epilepsiei (#Purple Day)	0	0	0
Decalogul lui Daea:Continuarea înregistrării cererilor online pentru subvenții pe anul 2020 la Agenția de Plăți și Intervenții pentru Agricultură	0	0	0
Dacă tu ai nevoie de mine eu sunt mereu acolo dar dacă eu am nevoie de tine tu nu ești niciodată acolo.	0	0	0
Îl cunosc, stă departe, nu mai ajungea...😂😂😂	0	0	0
@GAARACLETOOO lasă-l in pace dracu că ii tâmpit	1	1	1
@victorciutacu Tu cam ce pretentzii ai de la cei care au cam doua sloganuri care le repetau intr-una intr-un mod dement ..... CIUMA ROSIE SI ...... DNA DNA SA VINA SA VA IA ...... la atat se reducea ,, OPIZITZIA “ lor  !..... serios !... chiar ai pretentzii !?	0	0	0
Sa nu te pună dracu ca nici el nu o sa te mai ierte dacă o faci	1	1	1
@jellymalin Daca vrei, spune toată. Gratis. Cu iubire și solidaritatea.	0	0	0
@john0peace @GrigM2 De unde sunt imaginile? ca doar nu arată asa la 150 de cazuri.	0	0	0
Ce presupune protocolul de tratament pentru coronavirus, aprobat de Ministerul Sănătății	0	0	0
123 de noi cazuri de coronavirus în România. 23 de pacienți, în stare gravă la Terapie Intensivă	0	0	0
Pai este, nu a luat nimeni scutul 😃	0	0	0
Bec,care să se schimbe după comanda ta.	0	0	0
#Coronavirus: Capitala Finlandei, în izolare	0	0	0
Să fiu al dracu', mai bine mă băgau în pârnaie! Am luat coronavirus de la o înmormântare și de la un grătar!” Pacientul zero!	1	0	0
Miorița mea are mare noroc cu prostănacu ăla ajuns adjunct la NATO!	1	0	0
@iuliaa2603 Intr-adevar gripa ucide sute de mii de oameni anual	0	0	0
@AndreiCismaru Dar: 2% din vanzarile generate de produsul X vor merge catre fundatia Y, care sprijina victimele coronavirusului. Cumparati produsul X, ca sa fim mai buni #CSR	0	0	0
@iamandrewluca @nauseabysartre prosta un Moldovan o făcut "designul"...	1	0	0
@bbangyibo fata lui yibo e ceva de genul "tu chiar te aștepți sa rămân?"💀	0	0	0
Coronavirus: 1,2 milioane de francezi sunt în șomaj tehnic	0	0	0
„M-am temut pentru că nu ştiam ce urmează”.	0	0	0
@denis26_denise E mana illaminaților!!!!!Asta nu e tot un fel de fake news?	1	1	1
Azi ar trebui felicitat @BogdanAurescu. Avem, în sfârșit, ministru de Externe.	0	0	0
#Oficial: Incă 20 de angajați din rândul personalului medical confirmați pozitiv la Spitalul Militar “Dr.Alexandru Popescu” Focșanitar de Urgență	0	0	0
Ce dracu mai, ce puii mei e asta!?	1	1	1
Pentru toți prietenii mei ce mă urmăresc!❤🙏🏕❤🙏🏕❤🙏🏕😘	0	0	0
Peste 1000 de români s-au infectat cu noul coronavirus -	0	0	0
bine lockscreen-ul meu e de fapt un clip si poate arata putin awkward ss-ul de mai sus dar hei e yuta si imi place oricum	0	0	0
@Digi24_HD Oricat de mult as desconsidera PSD pentru ce a facut in Romania in ultimii 30 de ani, nu pot sa nu apreciez un astfel de gest. Ii las pe altii sa le judece faptele, dar un ajutor de 200k EUR ptr sistemul medical este mai mult decat binevenit!	0	0	0
@Teo578 LOL! Libtarzii sunt detestati de oameni - inca prea putini, chiar - nu pentru ca oamenii ar iubi pesedeu', ci pentru ca libtarzii au urlat vreo trei ani intruna ca masurile bune pentru oameni luate de pesedei ar fi, de fapt naspa. 😎	0	0	0
Stiu sigur ca SUA au facut asta. A fost pe toate canalele stirea cu prima persoana pe care se testeaza un vaccin.	0	0	0
@AdyinaS In Bayern  au inchis aproape tot,in afara de farmacii,statii de alimentare, magazine...	0	0	0
Asociația Zi de bine continuă campania #scutpentruspitale -	0	0	0
@denis26_denise @cristinadobre Stop! Nu e asa. Cu statul în casa, ei încearcă sa limiteze răspândirea. Problema este ca la noi cresc cazurile deci: nu stam în casa! Vorbesc la modul general. Eu personal nu am ieșit de sâmbătă - și asta la un magazin situat la 150 m de casa	0	0	0
@Alex_Tikitaka @MarmotaDeCampie @itmorar Ce om sfânt, Dă-l în pula mea, nu exista nici un om sfânt	1	1	1
Medic român la vama Nădlac: Au intrat în țară cei cărora nu le mai merge cu furtul, prostituția și cerșitul prin străinătate	0	0	0
nu vreau să fiu păcătoasă chit că probabil ajung dracu în iad dar chiar nu am nevoie să aud la 8 dimineața într-o duminică slujba că nu mai pot babele și moșii să stea în biserică claie peste grămadă	0	0	0
Pahodu nu mă mai duc eu în germania la studii in toamna asta 😪	0	0	0
Un roman venit din Italia, bagat de autoritati in carantina la el acasa, mi-a pus o intrebare la care nu stiu ce sa raspund: "In ce camera sa stea el si in ce camera soacra-sa?". Mentionez ca omul a marturisit ca are trei camere si-un balcon.	0	0	0
#DocumentarAGERPRES BISERICI ŞI CATEDRALE: Westminster Abbey din Londra -	0	0	0
La McDrive-ul din #Constanța era o coadă cum era inainte de '89 la benzină.	0	0	0
@AndreiAndrei63 Bună dimineața Andrei!🏕🏕🏕❤🙏🍀	0	0	0
Românca care a impresionat lumea a murit în plină pandemie	0	0	0
@sopeprotector jur deci o singura data am incercat si a iesit ca dracu nu mai vreau	0	0	0
GCS: A fost actualizat modelul declaraţiei pe proprie răspundere; a fost simplificat în privinţa datelor de completat	0	0	0
Si pe o insula pustie ....😂😂	0	0	0
#Orban: Paul #Goma - un nume care în ultimele decenii ale comunismului a trezit speranţa în sufletele noastre	0	0	0
@TanarulD @itmorar ,, te faci frate cu dracu' pana treci puntea	0	0	0
@Alien_draft FB imi aduce aminte de epoca dialup, nu stiu cum plm au toti rabdaare cu mizeria aia ...	0	0	0
@BoyWithPlant din punct de vedere nctzen momentan da dar din punct de vedere mate,carat,fix si abnew nu prea yolo 🤪	0	0	0
Dacă aveam 700 miliarde de dolari si dacă n-aveam. Știi ceva ? Dacă erau băieți nu cereau banii ăștia pentru că știau că este nevoie de bani pentru mine  😂	0	0	0
@i0n1ca Cine nu sare ia cu dobanda mare! 😂 👀	0	0	0
@kolat_ca Profu' de istorie dar n V-VIII o folosea.	0	0	0
@AdyinaS Două mii de cazuri mai mult decât dimineață!!! Enorm de mult.	0	0	0
#Suciu: Perioada imediat următoare va fi o perioadă a dobânzilor scăzute; dacă cineva poate plăti ratele, nu e în avantajul său să le amâne	0	0	0
@mokcris No, acum înțelegi de ce imi pun întrebarea? Parca suntem ca oile, ascultăm acum un ordin, dar chiar nici o oaie nu își pune problema unei finalități?	0	0	0
Când un bărbat te tține treaz toată noaptea, de obicei sunt sub 10 ani. 😅	0	0	0
Astept cu nerăbdare condamnarea și aducerea în cătușe a unuia care a răspândit virusul.	0	0	0
Ăstora nici o pandemie nu le închide gura. Cred ca Dumnezeu face mișto de noi uneori. Umor celest.	0	0	0
@jkstattss sscuze dar ce pula mea e cu poza asta	0	0	0
@i0n1ca Auuu, mamăă, ce i-aș rupe trompeta ăleia!!	0	0	0
fiecare socoteste cat, cum, de unde, daca trebuie sa iasa sau sa lucreze.	0	0	0
Uimitor cum interesele comune devin asa de mari,incat reusesc in cele din urma sa isi spele rufele in famile, eventual sa fie si buni prieteni	0	0	0
Artistul - un plămăditor de sens, iar spectatorul un co-narator. În fiecare spectator subzistă un gram de artist.	0	0	0
Sunt destui cei care s-au întors în secret din Italia și nu au declarat asta.	0	0	0
Huawei pregătește încă un design nou de cameră pentru un potenţial Mate 40; Vedem un brevet	0	0	0
@EuTuNoi13 @Carlos_Sacalul cam de kkt comentariul tau la adresa presedintelui ales de 66% dintre boi! De kkt rau de tot! Si nu inteleg ce pula mea iti da ludovic zero de esti asa nervos!	1	1	1
Asta grosso modo, chiar ar putea fi o veste buna!	0	0	0
Știu că eu v-am spus că cel mai frumos ținut este ținutul de mână. Rămâne valabil, însă dupa ce trecem peste această încercare. 	0	0	0
Fratemeu efectiv urla la telefon...coaie e 1 taci dracu	0	0	0
Klaus zice că trebuie să ne mișcăm foarte repede, după ce ne-a futut trei luni cu anticipatele! Doamne, totuși, de ce ne urăști?	0	0	0
Ludovic Orban scoate la mezat activitățile sanitar-veterinare publice! Schimbarea legislativă pregătită de Guvernul PNL	0	0	0
Bai, unde dracu s'a pierdut poezia asta a simplitatii utile?	0	0	0
@john0peace @Semanticus Radiourile s-au adaptat. Am acultat ieri o reclamă la Mona. Am fost atât de șocat că nu am apucat să o înregistrez..	0	0	0
@j00niesthighs si stii dc se intampla asta pt ca exista multi idioti care nu pot sa stea in plm in casa si umbla ca drogatii  pun in pericol pe toata lumea si se ajunge la masuri de genul	1	1	1
S-a emis Ordinul prin care este stabilită metodologia de solicitare și eliberare a Certificatelor de Situație de Urgență (CSU).	0	0	0
Revista presei de Nord Est (LA NICOLAE BALCESCU Sedinta Consiliului Local din 24 mar FILMARE EXCLUSIV TV 4K) stire publicata de Bacau Press -	0	0	0
Of, cât de uman.	0	0	0
Iar la noi,ce-mi e că mori de cov ce-mi e că mori de anevrismcerbr	0	0	0
@peretsergiu17 Un jucător la ca el ne-ar trebui acuma lângă Romagnoli.	0	0	0
Nu mai vin să-i îmbolnăvesc și pe cei din țară. Și când îi văd ce figuri fac... I-aș topi în bătaie, jur.	0	0	0
Casa Santa Marta urmează să fie dezinfectată.	0	0	0
@itmorar @ipostaze La dracu’, eu am visat ca m-a părăsit fosta nevasta, de care  m-am despărțit acum 2 ani 😁. Nu mai beau bere la prânz, uite ce pățești de la asta.	0	0	0
@CloneSandman Extrem de grav!!! Asta nu ar trebui lăsată așa, după ce se termina toată nenorocirea asta	0	0	0
@AlexPop76 @stefancrisan @Horia8Bogdan @ciulea Dragul meu, acolo nu e solidaritate, e disciplina de partid. Întărită cu frica de pușcărie, în lipsa drepturilor și libertăților individuale sau colective. Nu cred că ai dori să trăiești acolo.	0	0	0
După BRD, și BCR reduce prognoza de creștere pentru acest an, la -4,7	0	0	0
Povestea unor tineri voluntari din Sibiu care produc viziere de protectie si le impart gratuit medicilor	0	0	0
@denis26_denise Împușcat?E 50 de bani glonțul!Are o vârstă, uitat în carantină!!!	0	0	0
Alături de alte șapte state, România promovează dosarul ”Tradițiile de creștere a cailor lipițani” pentru înscrierea în patrimoniul UNESCO	0	0	0
@thezvoner Cand auzi pleava societatii ca, PSD a dat!! ..pai normal ca a dat, a dat si de unde nu mai era un leu, dar au facut imprumuturi record din toate pdv.. iar pe urma cei care veneau sa curete mizeria dupa ei si sa astupe gaurile, erau nasoli, ca nu dadeau si taiau.. si iar bis 🤷🏻‍♂️	0	0	0
@DanTOMOZEI Chiar si cetățeni chinezi care se întorc în țară plătesc carantina??	0	0	0
@keyboardriot @itmorar Pulă ?	0	0	0
Suntem mai optimisti, nu credem in asa ceva aka #COVID2019, zise un nene cu familia dupa el #nunemaifacembine	0	0	0
@Diana_Onisor07 🙊🙊 te a răcorit ?	0	0	0
Costuri uriașe pentru UEFA după amânarea cu un an a EURO 2020!...	0	0	0
O colegă ieri: "Să vezi la 9 luni după perioada asta de izolare în case ce boom de natalitate va fi". Un prieten azi: "Să vezi tu cîte divorțuri vor fi imediat după ce se termină izolarea asta în case." Cine va avea dreptate? Colega, prietenul, amîndoi de-odată sau niciunul?	0	0	0
Proiect legislativ: Pedepsele pentru coruptie sa fie majorate cu un sfert daca sunt comise in perioada starii de urgenta	0	0	0
@vminsgukkie CE PULA MEA VERE VOIAM UN SS CU SHIZUI SI DAU DE CACATUL ASTA	1	1	1
@itmorar Decât cu covid și fără drojdie, mai bine negativ și cu cămara plină. (Nu stiu sursa, am auzit pe la Divertis)	0	0	0
S-a spus că totul e posibil și că limitele nu există și absolut toată lumea a fost de accord.	0	0	0
Acum inteleg mai bine de ce manelele mereu m-au facut sa vomit.	0	0	0
@MarmotaDeCampie Nu e corect deloc.unde este egalitatea si diversitatea???	0	0	0
@jhsrightdimple cand am inceput sa ascult nct m-am indragostit de 100 si dreaming si inca nu mi-a trecut	0	0	0
@iosanaa @Roberto76Adrian Sunt tare si nimeni nu poate sa ma doboare amputere mare	0	0	0
Să-mi explice și mie cineva de ce circulă transportul public? Poate fi focar de infecție în timpul zilei.	0	0	0
Mercedes-Benz va produce izolete pentru popii din România!	0	0	0
OOMF DA SHOTURI. VREAU SI EU CE DRACU VORBISEM SA MERGEM LA O PETRECERE DA NU MAI PUTEM ACUM OBVS	0	0	0
#Bode: Sistemul de transport reprezintă o linie vitală pentru economie; zilnic intră în ţară 4.000-4.500 de camioane, în medie	0	0	0
@adriano_qld unii adună morții cu răniții ș scad doar morții. Ca la Plevna. Dacă e ceva pozitiv azi față de ieri e ca is mai puține cazuri noi. Aproape 700 mai puțin. Să sperăm că de acum scad	0	0	0
știm amândoi că te vei întoarce, dar, crezi că-s prost să te primesc înapoi ?	0	0	0
Obișnuit de pe Pământ să nu mai dau mâna cu nimeni, am fost luat la rost de unii de pe Alfa Centauri:	0	0	0
Nenorocitule, tradator imputit de neam si tara!!!Huooooo!!!!	1	1	1
Combinația pedalare în vacuum - infrared accentuează considerabil rezultatul încă de la prima ședință a utilizării echipamentului B FIT.	0	0	0
@Kray1717 @SofiaCovaci Doamne ajută!	0	0	0
După Tom Hanks, actorul Idris Elba a fost testat pozitiv cu coronavirus: „M-am autoizolat imediat”...	0	0	0
@roxidh te lasă dracu fără prieteni 😂😂😂😂	0	0	0
@basarab84 La prima oră am călcat într-unul. Nu mai suport manipulații!	0	0	0
@Doctoru_Andy Asta nu poate fi dat cu capul de pereti pt stiri false?	0	0	0
@Doctoru_Andy Sa munceasca la el pe 2 lei! ...la el, la Borcea...sa se duca la el la palat sa arunce cu bani in ei sa se umfle pipota in el de crestin!	0	0	0
Pericol mai mare decit coronavirusul este Ministerul Sanatatii.	0	0	0
@VivianFanClub01 @VivianDsena01 Mulțumesc pentru grija ta,pup	0	0	0
@hoseokspapanasi @BoyWithPlant L-am făcut deja 👀 am pus un @ kinda clapped JDJSJS dar voi păstra această variantă în caz că vreau să îl schimb	0	0	0
Să vă pună dracu' să ieșiți mâine la zăpadă!	0	0	0
Genul Polițist a la Agatha Christie cu al ei Hercule Poirot.	0	0	0
Incontestabil și definitiv. C-o fi ș-a dracu' pe lângă, e livrat la pachet. De ce Țepeș?!? Pune-i mustață și vezi!!!	0	0	0
sunt de părere că poreclit găurică tot heroină ( fratele la jandarmi ) i-o cam sugea pula real lui Chiraș	1	0	0
@AndreiCismaru Din experienta anilor petrecuti in mediul medical sunt maxim 3 persoane credibile. Primul si cel mai important este Rafila. Restul sunt de umplutura. Pusi pe linie politica, chiar daca sunt veniti din sistem.	0	0	0
@thorul @Heisenbergul Chiar și eu mi-am luat rochie și port jartier.	0	0	0
Oliviana Ursuleac, vegana care militeaza pt drepturile omului dar este impotriva “social distance” este noul meu cont preferat de pe twitter. Nu ii dau @ pt ca femeia e balaceanca direct insa puteti arunca o privire 💪	0	0	0
Nu lăsa pe mâine ce poți virusa azi #proverbe	0	0	0
Eu am văzut un Humvee. Dar lasă asta, unde ai găsit mănuși?!	0	0	0
Nu am fost susținută absolut deloc ...iar vina nu îi aparține Regelui.	0	0	0
@cosmin_roman_ Asta ar trebui pus la raftul cu hartie. 😂	0	0	0
@RomaniAuTalent da l in pula mea de gheius	1	1	1
„A fi sau a nu fi,aceasta-i întrebarea!”Ceea ce va fi după și câți dintre noi vom mai exista depinde de o mulțime de factori.Depinde de expansiunea maladiei, de durata acesteia, de corectitudinea măsurilor luate de guvernele și instituțiile paranaționale responsabile de situație	0	0	0
Mark Twian: „Dacă votul nostru ar putea schimba ceva, nimeni nu ne-ar mai lăsa să votăm”	0	0	0
Asta e economia se duce....la vale	0	0	0
Custodele Coroanei, Margareta: mesaj în plină pandemie de coronavirus (VIDEO)	0	0	0
În 6-7ani a făcut o avere cât alții n-au reușit nici în 25! De ce ANL-ul nu i-a reziliat contractul după ce s-a mutat în vilă, ori avem și asistați sociali cu palate? #corupție	0	0	0
@denis26_denise Hai lasă, că unii au mai și murit și n-au mai pățit nimic!	0	0	0
Se pare ca fiecare dintre politicienii nostri are doua-trei planuri de salvare pentru Romania.	0	0	0
v-am zis, sau nu v-am zis?	0	0	0
Premierul s-a ferit să spună clar de ce a fost schimbat ministrul sănătății Costache.	0	0	0
#Coronavirus: 67 de preoţi au murit de la începutul epidemiei în Italia, iar şeful Agenţiei de Protecţia Civilă s-a îmbolnăvit	0	0	0
@PrecupMarcel @ZoliBara @laurentiu009 Și finalul? Totul ok? Se vindeca?	0	0	0
@severvoinescu @itmorar Nu trebuie subestimați nici ei. Poate nu înțeleg, dar rețin.	0	0	0
@ArmandEpurescu da-ti in plm cutit ca deja ai ajuns sa zici  niste lucruri mari decat tine si sa te comporti ca un autist	1	1	1
@DavidSassol: Am fost nevoiţi să luăm decizii fără precedent pentru a proteja sănătatea angajaţilor şi a membrilor Parlamentului European, dar garantând în acelaşi timp că activitatea democratică a instituţiei poate continua #EuropeanParliament #COVID19	0	0	0
Nu m-ar mira ca virusul ăsta sa fie o combinată alpină nordică a rușilor cu chinezii. Prea se duce dracu Europa.	0	0	0
@MediumUziVert El nu so dus in garaj sa caute o surubelnita. El so dus deoarece rick la chemat	0	0	0
@iuliaa2603 @stefancrisan @cristinadobre 0.5% din cazuri au probleme de genul care îl descrii tu din cauza la polio.	0	0	0
@UlfSchmid Bună dimineața bunul meu Ulf!🏕🏕🏕🏕🏕🏕😘🙏❤❤🙏🙏🙏	0	0	0
Ferește-te de foc!	0	0	0
De acord poti contacta o infectie si nu stii, insa la un moment dat (ex. virusul coronaV) apar simptomele	0	0	0
#Coronavirus: Pentagonul suspendă timp de două luni toate desfăşurările prevăzute la nivel global	0	0	0
@Rara06570402 @Anthony68711104 @BenGeskin @RODENT950 e prea fanboy omul ăla 😂	0	0	0
nu par normale si nici de bun simt astfel de sfaturi.	0	0	0
@MarmotaDeCampie @GabryIonesc2 s-o atacat săraca. îi pușcă o venă	0	0	0
CUM DRACU MA LASA PE MINE MAMA CA E PARANOICA CU CORONA	0	0	0
Un pustan roman care se mandreste cu asta public face misto de romanii care au suferit in Romania. Eu il iau la rost pentru asta. Duduia se supara pe mine din cauza asta. Cam asta fu, #plm! 😂😂😂	0	0	0
Urmaresc cu interes miscarile antieuro, in special in Italia, Polonia. Daca ei pleaca si se inchide pravalia poate scapam si noi. Din pacate am porni dintr-o situatie dezavantajoasa.	0	0	0
Eram sigură 😂😂😂	0	0	0
@ZBradutZ @P_Legacy_Xx e din 2019 plm daca mai gasesc battle-ul iti dau da imi e sila sa caut :))	0	0	0
Handbal: Fostul campion mondial Cristian Gaţu a suferit un AVC şi va fi operat joi la Spitalul Militar	0	0	0
@gusteru @ipostaze Recunosc, în materie de shopping online suntem cam primitivi, nu prea suntem sofisticați, nu avem mare experiență.	0	0	0
Nu am văzut nicio conferință de presă cu toate televiziunile  despre toate astea... și totuși, pentru țara noastră, cancerul pare a fi mai agresiv decât COVID 19. Un articol publicat acum ceva vreme.	0	0	0
@TanarulD Nu mai e nici un dubiu că o va trânti!	0	0	0
@corb_pavel @MihaiHristea aoleo. am zis eu cv de diaspora iubirică? 😘😘	0	0	0
@RobertEVoicu Sunt diferite firme pe platformă. Sigur mai e vreuna și de confecții.	0	0	0
Sunt baiat, cu siguranta o sa va placa si o sa fiti multumiti. Va pup 😘🤗	0	0	0
Seria de roman spin-off Înainte de Cădere a început în decembrie 2011 și a primit o adaptare manga. Încă două serii de romane  și  patru serii spin-off de manga au fost de asemenea create.	0	0	0
“MOARE O LUME PENTRU CA ALTA SĂ SE NASCĂ...”	0	0	0
@itmorar @DianaWdr Acu o cazut din bananier, de unde dracu sa stie sa vorbeasca?	0	0	0
Va dați seama că 95% dintre noi, dacă nu mai mult, nu trebuie decât să stăm acasă și să lăsam oamenii aștia care se pricep să rezolve situația și să nu le punem bețe roate. Dar noi, Batman, nu... #staiacasa #quedatencasa	0	0	0
@sopeprotector Aștept să termin serialu' ca să mă pot duce liniștită pe tumblr să caut cute icons pt layout	0	0	0
@b0bsacaman0 @stefanheisu12 @AndreiCismaru Ateismul este o impotență a spiritului, nici nu știu dacă e cazul să ai complexe. De inferioritate, zic.	0	0	0
@MarmotaDeCampie @radutimo @pinguuina Off Radule :))	0	0	0
Daca nu, pot sa fac si valuri.....in cada🤣	0	0	0
zixuan are 20 de ani,,,EU AM 18,,, SE PARE CA PRIN DEFINITIE NE CASATORIM FATA MEA	0	0	0
@mb_0309 Al dracu dar scoala tot nu o inchid...	1	1	1
@b0bsacaman0 @BasicWit @AndreiCismaru De ce pui toti popii in aceiasi oala ? Sunt de Acord cu tine ca marea majoritate sunt niste șarlatani... dar  sunt unii care chiar fac si Ajuta. Lasati in pula mea ipocrizia.	1	1	2
@SirghieCristina Nu sunt de acord cu taierile de pensii in general, fie ele speciale sau nu, decat ca ultima solutie de salvare a functionarii unui stat aflat in stare grava.	0	0	0
Ponta a cerut sistarea EXPORTURILOR de alimente. Adică alimentele să rămână în România! EXPORT! Cum morți ei de treabă să fie acuzat că vrea să înfometeze populația ? SF direct.	1	0	0
Deschide gura ca pe acolo intră pula	1	0	0
@i0n1ca N-am cuvinte, sincer. Dar, dacă aș fi fost acolo, vai Steaua lui. Cu orice risc!!	0	0	0
#BreakingNewsAGERPRES @AgerpresVideo  Nelu Tătaru - numit ministru al Sănătăţii	0	0	0
Este ora 11...au început să mișune oamenii pe strada .....	0	0	0
@kitone Recomand cu tărie acest articol. Chiar și cu google translate, dacă franceza nu e fluentă:	0	0	0
Am curățat televizorul cu gel dezinfectant și  a dispărut ANTENA 3.	0	0	0
ASTA PĂCEȘTE O CURVĂ CÂND NU ASCULTĂ DE BĂRBAT A SPUS BĂRBATU TREBUIE SĂ FACEM BANI LA PULA CU TINE FEMEIA ASPUS NU MĂDUC TE DAU PE MÂNA POLIȚIEI IAR BĂRBATU A RUPTO CU BĂTAIA PE CURVĂ	1	0	0
Numai de n-ar fi afurisita aia de matematică (știință exactă, care ne arată că ,zilnic, peste șaptejdemii de humanoizi dau colțu') .	1	0	0
Foarte bun postul ! Un om cu viziune ! Recomand #decitit.	0	0	0
Tot aud în jurul meu că  acest virus scoate ce e mai bun din noi. Serios? Atât de multă ură, dispreț și dezbinare, nu am văzut în absolut niciun moment al existenței mele.  #COVID19romania	0	0	0
@Alex_Tikitaka @mitrutdocan @itmorar Mai degrabă grandomanie ieftină. Pentru intimidare au cefele late de la jandarmi. Oricum ăștia sunt mai mulți decât armata.	0	0	0
Mai știi când te-ai alăturat pe Twitter? Eu da! #AniversareaMeaTwitter	0	0	0
Distrează-te pe Badoo cu Liviu și cu alți utilizatori interesanți din zona ta!	0	0	0
Oficial. Euro 2020 se va juca în 2021. #uefa #COVID2019	0	0	0
Mai repede m-as fute cu salcamu lu moromete decat cu orice personaj masculin din literatura romana	1	0	0
Peste 1.000 de morti de COVID-19 in SUA: Plan financiar de 2.000 de miliarde de dolari, Pentagonul recheama soldatii acasa	0	0	0
Stiti ce are manipularea? Pula. Si cine altcineva mai are pula? Barbatul	1	0	0
@make2000 Din aia de dinainte de ‘89, please, please, please!	0	0	0
@teoadi @i0n1ca Pai ce, nu ai IP-tv? Am pus eu radioul de la mine :)	0	0	0
Sătenii nu-şi bat capul cu noul virus.	0	0	0
@marconst Nu imi mai trim. Nimic. Total neinteresant	0	0	0
Ma vad peste ani la sute de km departare de casa, cu o tigara aprinsa, spunandu-mi “la dracu, chiar am reusit	0	0	0
@10stc80 Ni series. Ni cine. Ni documentales.......	0	0	0
Se mândrește cineva cu vreunul dintre prim-miniștrii României?Desigur,nu. Ba,chiar ne este rușine de ei. Ne mai este rușine și de cei patru președinți. Ne rușinăm de primul, care a crezut că poate exista un comunism îmbrăcat în haine capitaliste.	0	0	0
@coachanelin Nu exista nicio solutie viabilă 100% !	0	0	0
Nazistul împuțit hoț de case traficant și mâncător de copii cruzi cu toți susținătorii lui a fost mulțumit de kovesi Lazăr Orban Costache toți trogloditii care ii sug pula sunt cei mai buni	1	0	0
Două-trei luni de„distanţare socială"de„confinement”de„social isolation”a întregii populaţii vor da de pământ cu economia mondială. Care, chiar fără coronavirus, ntrase mascat în criza anunţată deja de vreo doi ani.	0	0	0
1.Neglijenta,2.eroare,3.intentie Oricare din cele 3, trebuie sa raspunda!un presedinte de tara in curtea cui a inceput DEZASTRUL!	0	0	0
Bucurestiul va fi testat in totalitate! Testare rapidă în masă si testare largă. Ușor de efectuat (ca un test de sarcină).  E nevoie de o picătură de sânge. Rapid – doar 15 minute. Ușor de interpretat (vizual, intuitiv).Oriunde. - Tudor Ciuhodaru	0	0	0
da' pe ei îi doare-n pl că ei stau toată ziua și noi suntem cretinii care tre' să lucreze toate căcaturile lor, ce plm	1	0	0
70 de zile, 11 zile, 4 zile, 3 zile... / Din pacate nu doar ca accelereaza, dar si accelerația accelerației (derivata a II-a) e pozitiva.	0	0	0
Are și el o grijă în perioada asta plicticoasa, fără crize, fără evenimente deosebite.	0	0	0
@Observator_TV Pentru că era nevoie să umble și la codul penal în situația asta, nu???	0	0	0
Deci sunt 2 natii care merg pe imunitatea colectiva luandu-se dupa sfatul specialistilor. Noi si restul popoarelor ne izolam la domiciliu, inchidem granitele si alergam dupa "contacti".	0	0	0
@rjsego ma, pe teritoriu romaniei au venit multe natii acu sute de ani :)))	0	0	0
unde sunt idiotii aia cu "nu trebuie sa mergi peste tot cu masina, exista mijloace de transport in comun si nu ai nevoie de parcari in oras"	1	0	0
In America viata incepe sa se stinga incet, incet din orase, in schimb, sunt cozile din ce in ce mai mari la magazinele de arme...	0	0	0
Ne-am kkt pe noi că diaspora ne dă coronavirus și până la urmă tot de la milițienii noștri cu pensii speciale l-am luat!	1	0	0
@bogdantatuta o insulă de normalitate, bine de știut că nu e chiar toată lumea asta razna	0	0	0
Nu vreau să știu acest război pe diferite fronturi, ci vreau să cunosc unitatea în aceste momente grele și foarte grele.	0	0	0
nu poti schimba pe cineva daca o faci doar pentru tine	0	0	0
Cutremurătoe ! Cercetătorii englezi au descoperit că dl Lăzărescu a murit tot de Covid. #plm	1	0	0
Cu ce acopera doctorii greselile? Pamant. :3	0	0	0
dc dracu imi dai tema vineri la 11 noaptea esti nebuna	1	0	0
Pentru consumul imbecilor.	1	0	0
cand e vorba de o incercare Va las cu ochii in soare va trimit la culcare	0	0	0
@_chuupiter Da dar cartea nu e structurata asa, gen serialul e practic in 2 parti prima parte primele 2 episoade in ep 2 intrii in flashback gen a2a parte si in ep 32 sau 33 iesi din flashback si se continua prima parte da cartea nu e facuta asa, ai la inceput plotul din ultimele ep	0	0	0
La inițiativa primarului Cătălin Cherecheș, 4 luni fără facturi la Vital!  Pentru lunile martie, aprilie, mai și  iunie  se suspendă facturarea către cetățeni a serviciilor de apă și canalizare!	0	0	0
@MarmotaDeCampie sunt la guvernare	0	0	0
ma pis pe mine toata lumea isi aduce pune cainele in fata camerei pe hangouts pana si profa	1	0	0
@SilviuFoca La ora 10 când ma întorceam de la birou. Culmea e venea de la piață (am mers în spatele lui o bună parte din drum) și sacoșa era absolut goala. Clar era ieșit la promenadă. (el și mulți alții) 👿	0	0	0
olanda iti dau foc cu mine aici daca e nevoie	0	0	0
@patrasconiu Mafia PSD nu se dezminte !	0	0	0
Evoluţia simptomelor la bolnavii infectaţi cu noul coronavirus -	0	0	0
Acizii grasi se regasesc in migdale asigura o mai buna eliminare a toxinelor din organism. Totodata, migdalele retin apa in organism, ceea ce ofera pielii un plis de hidratare.	0	0	0
cine plm a muls vaca prima data si de ce	1	0	0
@lepildit Ma bucur ca mai exista și excepții!	0	0	0
Când dormi, crezi că te odihnești, dar de fapt creierul uman e mult mai activ în timpul somnului decât în timpul zilei. Poate de asta unii nu sunt niciodată odihniti.	0	0	0
A ieșit în misiune de gardare?	0	0	0
Corect, doar asa pot justifica împrumuturile de la FMI și banca mondială pula.n gura lor de #hastagisti #rezist	1	0	0
@gadrian84 Și extrem de bizară	0	0	0
Ei, a reușit armata și poliția să prindă virusul ăla ucigaș sau cheltuiesc banii degeaba?	0	0	0
Trebuie sa cautam si alte surse de energie si alte mecanisme si motoare care sa ne permita deplasarea cu usurinta in Univers.	0	0	0
@notjustonekoala La 11 am dat cu 300 mai mult la istyle, totally worth it, deși am luat 11 după ce m-am certat cu ei 2 luni. I mean, este mai ușor când suni la Apple pentru o problemă.	0	0	0
@adriano_qld Si uite asa iar suge pula la alegeri si revine pesedeu. Fmmm de animale	1	1	1
@CloneSandman Este cam dărâmat Orban	0	0	0
10 tehnici de liniste si sanatate interioara, pe durata fricii de Coronavirus!	0	0	0
Numărul deceselor cauzate de noul coronavirus a ajuns miercuri la 1.031 în Statele Unite, fiind de asemenea înregistrate 68.572 de cazuri confirmate, relatează AFP.	0	0	0
Previziuni astrologice pentru anul 2020 – criză în Europa	0	0	0
Jurnaliștii de sacrificiu din linia întâi: În această perioadă de veritabil război, misiunea cea mai grea le revine persoanelor aflate în prima linie. Iar riscurile sunt pe măsură. Decimarea primei linii, în condițiile în care nu este suficent de bine…	0	0	0
@CorinaCg3 așa te vreau fata mea :D	0	0	0
Costache şi Orban nu mai fac echipă.	0	0	0
Vodafone, Deutsche Telekom, Orange și alți cinci operatori au convenit să transmită Comisiei Europene datele de localizare ale telefoanelor utilizatorilor, pentru a urmări răspândirea coronavirusului	0	0	0
Mesaje în nisip ale unor localnici din Anglia, pentru turiști: „Nu trebuie să fiți aici” -	1	1	2
@IamActiveDog O Doamne!🙏🙏🙏🙏🙏🙏🙏❤	0	0	0
@MarmotaDeCampie părea blând și înțelept ca moș crăciun...	0	0	0
cu cât trec zilele, cu atât îmi dau seama cât de mult vreau să închei totul.	0	0	0
Dacă bagă coronavirusul plata cu cardul de la securitate către detașații din presă, se rupe dracu' toată vraja.	1	0	0
@iuliaa2603 3. ...nu mai este.  Lumea e foarte stresata si foarte bolnava.   Dar in caz ca oamenii incearca, deja avem armata pe strazi.  Politia aici ucide cu impunitate zilnic, asa ca oamenii deja sint speriati, si nu o sa faca nimic.	0	0	0
cum pula mea sa puneti 2 persoane bani sa luati 1 pachet de tigari	1	0	0
@ailel4 Uita te la știri. Îți va veni	0	0	0
Nu ştim dacă noul coronavirus vine din laborator sau din natură.Şi probabil că nici nu vom afla prea curând.Ambele variante au susţinători.Ce ştim însă e că,odată declanşată criza sanitară„pandemia”toţi jucătorii mari din economie vor să se salveze,vor să câştige.	0	0	0
Oricum, dupa toata tarasenia asta, lumea se va schimba. Ordinea mondiala, relatia stat/autoritate- cetatean	0	0	0
@zoofxxx Cățelul ala nu ma poate fute si pe mine in cur	1	1	1
@JosephJFlynn1 Doamne ajuta  sa se termine cat mai repede acest necaz venit pentru generalul Michael Flynn si familia lui . Gratiere totala  fiinca nu este vinova  si innapoierea a tot ce a pierdut cu acest nenorocit proces .	0	0	0
Pozitiv de plictiseală cronică. 😫	0	0	0
@MarmotaDeCampie @_lor3scu_ @itmorar De unde le scoți frate , numai tu sti 🤣🤣	0	0	0
@SilviuFoca Nu ai un plafon de seriale la care să te uiți, nu te limitează. Dacă sunt 100 de seriale pe netflix, tu le poți accesa pe toate, nu doar 10. E o aluzie la anumite site-uri, de obicei pirat, care te limitau la 3 episoade pe zi, din 2 seriale diferite.	0	0	0
dermatologul meu pune doar Jucatrece in cabinet am incercat sa ii dau bani sa imi vindece acneea de pe umar dar a zis ca cremele aduc vanitatea pleaca ba d-aci.	1	0	0
@robertVT22 Din lipsă de bani. Am avut un magazin non-stop, peste drum. Cu de toate mini-market, cum se spune. De la începutul lui ianuarie au renunțat, după ani de zile, la chestia asta. Am un mega image deschis până la 23 și 3 shop&amp;go-uri pe o rază de 1 km, deci..	0	0	0
@cristinadobre La nevoie, vor putea fi folosite diplomele si atestatele, ca banii a avut grija Manole sa ni-i faca de plastic si nu sunt buni.😷	0	0	0
@CloneSandman @capitan_bera Nici acolo nu-i doare. Mafioți	0	0	0
CE PULA MEA DE CAPITOL II ASTA GOUTUGE CE FAAAACI 🤬🤬🤬🤬	1	0	0
am baut ca sa prevad orice abuz al unui virus si uleiul de masline din rezerva	0	0	0
Coronavirus|Șeful Cancelariei premierului: Anchetăm achiziția măștilor de la firma din Giurgiu	0	0	0
China avertizeaza ca dupa SARS-2 o sa apara un alt virus, mai periculos, WORK-2, care o sa ne blocheze pe toti la locurile de munca. Deja sunt focare de infectie in China, Japonia, Coreea..	0	0	0
Stai acasă și citește!	0	0	0
@byubay @andreeasofrone De acord, am 25 pe listă, dar prevăd că o să crească! Dă-mi 3 cele mai mișto ale tale, te rog!	0	0	0
Dacă tot au închis școlile, de ce dracu nu dau ăștia o lege sa se închidă și cluburile.	1	0	0
@ProTVTalent @Smiley_omul @PavelBartosh Mihai Petre sau Andi Moisescu	0	0	0
Ochii gri-verzui – esti suficient de energic pentru a-ti realiza planurile destul de indraznete si originale . Rautatea nu este o trasatura a ta si din acest motiv nu iti iese totul de fiecare data . Timid si visator poti fi ranit usor dar asta nu inseamna ca o arati .	0	0	0
Statistica noastră cea de toate zilele	0	0	0
@radusmall Mă și mint, bă da știi cum mint, ascund realitatea de îngheață și Covidu. Acu' cică vrea să pună armata la granița cu Canada, parcă mai vrea dracu' să intre în infecția aia.	0	0	0
Simona Halep: Haideți să urmăm cu strictețe indicațiile transmise de autorități...	0	0	0
@itsalibertywalk ce dracu mai zice si ala😭😭	1	0	0
Zato market’urile vor lucra și duminica ☺️ , toți țin distanța , respectă regulile de igienă , transportul public nu a fost afectat , mergem mai departe la muncă 😎	0	0	0
@itmorar Frații Karantinov	0	0	0
Ioane ce dracu	1	1	1
sute de emoji-uri și nu există niciunul să-mi descrie starea de spirit	0	0	0
ro moots ‼️‼️‼️‼️ verisoara mea are nevoie de ajutor dar eu nu mai tin minte cum se faceau astea si nu vreau sa ma fac de rusine 😭😭 daca ma puteti ajuta dati dm va rog eu frumos 😭😭😭😭😭	0	0	0
Firea: 900 de locuri de cazare pentru persoanele fără adăpost	0	0	0
asa-i cand anunti reducere de 10% pe impozit si apoi dispare cand platesti impozitul, dar ti se promite ca ii primesti tu etc.	0	0	0
Aștept sa vina reporturile cu băgat pula in gura la popi și biserica, și ca i-am făcut milogi :)	1	0	0
Hai că s-a bășit mireasa! Cum dracu oprești răspândirea covid-19 cu interdicția de a circula noaptea? Că la 6 jumate toate babele se înghesuie în autobuze spre mălaiul din Penny...	1	0	0
efectiv urasc cand fac ceva si vine mama sau bunica si imi zice sa nu mai fac ca nu e bine. frate plm imi spui si de ce???? ca sa stiu si eu sa nu mai fac. nu veni la mine sa imi spui ca nu e bine si dupa sa ma lasi asa sa-mi regandesc alegerile in viata	1	0	0
De cand stau in casa mi.a băgat mama niste aberatii cu coronavirus sa nu ies afară de zici ca sunt in The Walking Death singurul supravietuitor	0	0	0
@MihaiHristea @Teo578 Nu cred că ii aduc din dragoste ori de grijă pt ei,ci am impresia că sunt cam obligați sa-i aducă,pt că îi dau ăia afară cu prilejul epidemiei.Or,dacă i-au adus pe cei din Italia,ca să nu fi acuzati de discriminare, mai cheltuiesc ceva bani si ii iau si pe cei din Tunisia,depilda	0	0	0
@MarmotaDeCampie Dacă sunt declarații privind situațiile speciale cred că ți le rețin ei.	0	0	0
Scriu email-ur8, postez pe rețelele de socializare și fac notițe pe cele două conturi ale mele oficiale de #Google!	0	0	0
@gabimacovei E o Ipoteză	0	0	0
Romania a intrat in zona galbena	0	0	0
Toți moldovenii cu cetățenie română vor fi obligați să renunțe la cetățenia moldovenească!	0	0	0
singura noastra "legatura" cu Dragnea e ca suntem fraierii aia care nu i-au luat gatul. atat.	1	0	0
Până la următoarele alegeri repetați după Câțu: sănătatea și învățământul nu sunt priorități în România	0	0	0
@cosmin_roman_ Hahahaha vaaai Cosmine cum poți să zici așa ceva la dracu!	1	1	1
Simplul fapt că rbw i-a spus mai demult să nu mai zâmbească/râdă pentru că "râsul o face urâtă" mă face să vreau să lovesc un perete băi fătălăiilor voi vreți să vă calc în picioare și nu știți să-mi cereți CUM SĂ-I SPUI AȘA CEVA ARE CEL MAI PREȚIOS ZÂMBET DE PE TOATĂ PLANETA BĂI	1	1	2
urăsc să fiu o persoană bolnăvicioasa acum de fiecare dată când îmi suflu nasul mă întreabă cineva dacă am corona 🤦🏻‍♀️	0	0	0
@ECiocu Parcă asta au zis și cehii ieri sau alaltăieri. Aproape că ai zice că nu prea poți avea încredere în cei vinovați în bună parte de rahatul ăsta.	0	0	0
2010 Tutuluș Ion - tu ești mare hoț	0	0	0
@Teo578 Pai asa ne zicea Muiannis pe 27 February, putin rosu in gat, putina febra, un pic de tuse, care trece de la sine netratata! Doar era in pregatirea anticipatelor! Un nenorocit!!!	1	1	1
Exista traducere in limba romana pentru "phishing"?	0	0	0
- între iubire si durere e un perete atât de fragil, iar unora le place să lovească atât de tare.	0	0	0
Da suge.mă de pulă cu toți jegoșii jurnaliști de căcat bolnav #rezist unde morții ma.mi voastre a.ti trăit de nu ați văzut abuzurile sistemului #procurorijigodii	1	1	2
@denis26_denise Nu sunt astfel, dar, crede ma, cumva, lipseste Hitler. Sincer, in lagar i as baga dar suntem prea neputinciosi 😔nu ma speria, sunt nevoita sa ies luni sa merg la job, si singura solutie viabilă este sa merg pe jos inspre si din titan centru, dar asta este viata	1	1	1
Orice victorie în favoarea nesimțirii e binevenită, dă-ți-i dracu' de janghine cretine!!!	1	0	0
@rezahn56 Scarba dracu ce este🤮🤮🤮🤮🤮	1	1	1
@MadaPatru Adica tu ai sta cu unul care nu te fute?	1	1	1
@victorciutacu Dama de Companie de tigari si bere are nevoie	0	0	0
Lasa-o dracu ca nu saraceau daca dadeau 90 ron...	1	1	1
dragi chinezide de ce pula mea trebuie sa mancati tot ce misca?	0	0	0
@Adevarul sunteti asa utili in Parlament, ca nici nu am remarcat ca nu munciti! Stati acasa ca sunteti prosti si va infectati aiurea, si nu mai merge la Viena.	1	1	2
Dumnezeu sa-l odihnească!	0	0	0
@97_cult vaaai de mineee nici nu vreau sa îmi imaginez	0	0	0
Așa ce-a pozat Flutur în erou la Digi, încât aș dona să i se ridice o statuie cât mai repede.	0	0	0
LIVE Iohannis face declaratii, dupa demisia lui Costache de la MInisterul Sanatatii	0	0	0
La PNL/România iese Iohannis, care taie și spânzură, și spune că Orban/Cîțu/ sau orice alt căcat de acolo sunt de treabă și #plm	1	1	2
@lanzhanbarosan Da l dracu sa moare idc	1	1	1
Primaria Sector 4 ofera pana la 1.000 de lei familiilor cu venituri reduse sau ramase fara venit din cauza pandemiei. Iata conditiile	0	0	0
Suspectul a fost identificat după o săptămână de la comiterea faptei.	0	0	0
Cum sa editezi un pfp	0	0	0
@MarmotaDeCampie @aiurea Piramida Coleslaw a bulimiei	0	0	0
Micuţa Antonia Stroe de la Grupa Bunnies din carul Şcolii Internaţionale King George vorbeşte în fiecare seară cu Doamne Doamne şi îi adresează cu naturaleţe rugăminţile ei.	0	0	0
@ipostaze Ce cauți la birou? Nu ai auzit că e molima?	0	0	0
@clotilde_armand Din păcate, pare ușor depășit. În plus, Parlamentul European și politicile europene nu mai fac parte din setul dvs de priorități politice. Puteți posta despre parcul Damaroaia și vă voi urmări cu interes.	0	0	0
@Alia2sara3 @CNN @VOAIran @bbcpersian Baaaah,esti nebooooon?tari ai dracu Iranienii astia!De Ce Mințiți cu cifra MORȚILOR?🎂☣️	1	1	2
La 110 ani împliniţi  Reginald Dean, născut în Tunstall pe 4 noiembrie 1902, este cel mai bătrân bărbat din U.K.a fost preot în armata britanică şi învăţător timp de 10 ani,fiind căsătorit de 3 ori. Rugat să-şi dezvăluie secretul longevităţii, seniorul a mărturisit candid: lenea!	0	0	0
@theneedledrop taci in pula mea cheliosule	1	1	1
Am impresia ca Europa la ora actuala e condusă de niște socialiști/comuniști puși acolo de-a-n pulea, care habar nu au altceva decât sa își epileze curul.	1	1	1
Cei care v-ați luat ultimul iPhone in 24 de rate,  ati cerut amânarea ratelor, nu-i așa ? #numaintreb	0	0	0
#Fotbal #Coronavirus: Federaţia spaniolă va ajuta cu 500 de milioane de euro cluburile profesioniste	0	0	0
@gusteru dar asa care animal e permis si care nu? sau cum se decide asta? nu ai voie sa il scoti daca nu e caine? daca e caine si nu s-a cacat afara se mai pune ca l-ai scos pentru nevoile lui?	0	0	0
Este o combinație unică dintre lemn, legile mecanicii si o idee extraordinară pentru petrecerea…	0	0	0
“O punia să sâ dezbrace in pizda goală”	1	0	0
Părerea mea e ca nu virusul face cele mai multe pagube, ci justițiarii lu’ pește prăjit care au mereu câte o idee fixa despre cum ar trebui toată lumea sa se comporte, fără sa gândească trei minute ca ei încă mai au ce mânca pt ca lumea încă se comportă cum nu le place lor.	0	0	0
@_lor3scu_ Dacă i-ar testa pe toți cei care intra in țara și pe cei care intra in spitale zilnic, ar ajunge.	0	0	0
deci smr io nu mai pot cu pozele alea BAAAAA YOONGI SLAV	0	0	0
@Adevarul El este un dobitoc care nu știe ce spune pentru că habar n-are ce înseamnă o conducere unică și nici mintea nu-l duce prea mult după câți pumni a încasat.	1	1	1
A murit Paul Goma; urna funerară va fi depusă în Columbarium, la cimitirul Pere Lachaise din Paris	0	0	0
@Vanilla36008270 Sa trecem cu bine peste nenorocirea asta🙏	0	0	0
Mall-urile din România, scutite de plata impozitelor până în 30 iunie, pentru evitarea „unui colaps economic”. În schimb, sunt trecute sub tăcere vânzările supermarket-urilor rămase deschise sau cele din online, de miliarde de euro	0	0	0
E foarte posibil, una din cele 2, sau jocul impreuna al celor 2 pe tema impartirii planetei, insa virusul nu a fost cu aprobarea si colaborarea celor 2 (doar 1) e feeling meu si imi spune ca nu gresesc 😎	0	0	0
@bordianu_marian Norocul nostru, daca pt zice asa, îi ca tot Estul Europei nu prea înghite mizeria asta, și daca singuri am fi condamnați la moarte sigură, având vecini cu aceleași probleme o sa ne ajute.	0	0	0
Românul care a fugit din carantină ca să-şi bată soacra a primit comenzi din toată țara! / kmkz	0	0	0
CINE PULA MEA E ASTA SI DE CE S-A INTORS SI DE CE ARE XIANG KONG FLASHBACKS	1	1	1
2010 Andrei Cristian - a oricum rămâne în sânge : dacă tot cocaină e drogu doctorilor	0	0	0
@RobertEVoicu @keyboardriot @ZoliBara Și pe Facebook anunțau foarte repede, acum nimic.	0	0	0
vrei sa faci o magie sa dispari dracu de tot din viata mea?	1	1	1
@victorciutacu Așa, și? Și eu detest persoana ta, grupul de interese din care faci parte și faptul că îmi apar tweet-urile tale ca fiind recomandate.	1	1	1
Germania alocă 750 miliarde de euro pentru combaterea efectelor coronei. La noi s-ar fura toți banii ș-ar muri oamenii de foame, da' pe hârtie ar apărea cheltuiți strategic 😉 #coronavirus	0	0	0
Mi-e cumva milă de Orban că e izolat, trebuie să bea singur, ca Sue Ellen.	0	0	0
#Fotbal: Procurorii italieni au clasat dosarul în care Mario Balotelli a fost acuzat de viol -	0	0	0
Carmen Harra, previziune incredibilă despre coronavirus! Când scapă România de infecţie: „Vă rog să nu vă panicaţi”...	0	0	0
@SofiaCovaci Cautau pe dracu și l au găsit acum COVID 19.	0	0	0
@DanielCracea Când am postat eu, asta declarase Iohannis.	0	0	0
Cercetătorii români de la centrul OncoGen din Timișoara încep testele pentru un vaccin împotriva coronavirus	0	0	0
@ManoliuValy @sandu_lupea Vorbim de Cătălin Hideg...?!	0	0	0
Vorbeam la tel. cu un prieten, dăla vechi cu care am împrțit multe ...  și-mi zicea “și nu-i normal bro să fie biologic, cu cine dracu să mai faci azi un război pe bune? Tu ai trage în pensații ăștia?	0	0	0
Propun să-l împăiem! 😈😈😈	0	0	0
I love Romania!!	0	0	0
@neamielualarau N-am ce să vând :). Nu l-am rezervat	0	0	0
@Albatros_2019 @alm_free @honestOtter8 Încă nu e grav duminica am o săptămână dar îmi găsesc tot felul de activități îmi este frica ca soțul merge la servici dar speram sa fie bine!	0	0	0
Am fi putut să o avem președinte pe Dancila, dar voua v-a trebuit să va duceți la vot	0	0	0
Ministrul Sănătăţii anunţă testarea tuturor bucureştenilor. La capacitatea actuală e nevoie de 2.600 zile	0	0	0
Să mă săruți duce-dulce până la sânge	0	0	0
@y_gupse Mai bn ieși la pensie. Ești și obosită și fără talent😢😢	0	0	0
Netflix NU MERGE in Romania si alte tari de pe Tot Globul -  #peblog #romania #2020 #news #stiri	0	0	0
Aplicațiile care ajută la completarea online a declarațiilor pe proprie răspundere, în contextul carantinei – potențial risc pentru protecția datelor cu caracter personal – GDPR	0	0	0
Dacă ești sărac, mori. Nu doar bătrânii sunt lăsați să moară în această epidemie.	0	0	0
@radusmall N-ai înțeles nici o iotă din toată povestea cu diaspora. Diaspora are trei accepțiuni în Românica: -diaspora care mă votează; -diaspora care-mi deschide ușa cu picioru'; -îm plm de diasporezi!	1	1	1
@Teo578 Orice a fost valabil pana la 11 martie 2020 poate fi uitat. Suntem deja in alta lume.	0	0	0
Mănâncă acum, dupaia te duci la sală și la zumba și la yoga și unde vrei tu. :))))	0	0	0
@DacianSoros Sa stea dracu in cripta, sa nu mai auzim de el.	1	1	1
@ValentinNebune1 @itmorar Nu stiu ce sa zic ...	0	0	0
@StirileProTV Stampila oricum nu ar functiona .. ca poate fi spalata .. ce dracu ... dar oamenii nu mai sunt cerebrali in momentele astea ...	0	0	0
Un adolescent #dispărut de acasă este căutat de polițiștii ialomițeni	0	0	0
Coronavirus: Firea spune ca in Bucuresti va fi demarat un program de testare pe scara larga	0	0	0
@RFboris E bine. În București bate vântul. La propriu și la figurat.	0	0	0
Nu stiu de ce, dar demult am avut impresia ca se vrea distrugerea UE. Niste state unite devin mai puternice, o amenintare pentru alte state ce nu vor o Europa puternica.	0	0	0
Să vedem câți vor plăti...	0	0	0
@ingerisidemoni Tu dacă nu scrii despre politică, ești un om chiar OK.	0	0	0
@gusteru Ahaaa. Am fumat și eu o vreme, cândva, acum mulți ani. Am renunțat după vreo lună, îmi era lene să stau să fac țigări 🙂	0	0	0
#JO2020 #Coronavirus: Amânarea Jocurilor Olimpice de la Toyko va genera ''costuri foarte importante'', potrivit organizatorilor	0	0	0
A revenit vântul puternic și rece.	0	0	0
Ce-o fi dezbătut Guvernul în ședința aia mamut, de la ora 17 la 3 noaptea? Că n-am văzut decizii importante, hotărâri cu impact, ordonanțe sau... chestii „militare”, cum le place să alinte ei acum emanațiile minților lor.	0	0	0
@NweYorker @severvoinescu Fii, cu doi de i	0	0	0
Serios cine crede e NEBUN!	0	0	0
Hai că vorbește Orban	0	0	0
Scara - autorul si cuprinsul lucrarii	0	0	0
45 de tone de echipament medical au ajuns din Seul pe aeroportul Otopeni	0	0	0
Asociaţiile care furnizează servicii sociale cer măsuri pentru a putea continua să sprijine persoanele vulnerabile	0	0	0
sunt constant sub postarile lui marius pe insta zicandu-i ca mi-e dor de el,,, , ,ARE WE OKAY	0	0	0
@Chrisvb700 Să ai grijă de tine prietene!!!🙏🙏🙏❤🏕	0	0	0
mai lasa ma dracu in pace ca ma disperi cu mesajele panarama ce esti	1	1	1
VAMOS PA LA PLAYA ÎN PULA MEA VREAU SĂ VAMOS A LA PLAYA	1	0	0
@MarmotaDeCampie O situatie grea...nu vad cum decat sa pleci asa... cu tupeu	0	0	0
băga-mi-aș pula în ea de limbă și voi uita cum se vorbește fiindcă plm na auzi la ei limbă internațională ew	1	0	0
@simovitty Oricum este un bilanț mincinos care nu este nici măcar aproximativ	0	0	0
nu inteleg de ce n-am inchis "noi" (restul lumii) China	0	0	0
Astfel de vremuri îmi par din ce în ce mai îndepărtate. Cât despre limitarea din ce în ce a mai multor drepturi, am început să împărtășesc îngrijorarea dnului @severvoinescu	0	0	0
Șase cazuri de Covid-19 la o biserică din București	0	0	0
@itmorar Dama cu corona A. Dumas- fiul	0	0	0
@teoadi Dacă nici ea nu te mai suportă...	0	0	0
Șefa DSP Brașov dr. Anca Bertea și-a dat demisia acuzând situația dezastroasă din sistemul sanitar	0	0	0
Pai si cum dracu, eu n'am fost printre ei si tot "necredincios" in zeul comertului am ramas?!	0	0	0
@neogotmeshook Pe urma realizai ca in 2 zile ajung dracu in rusia	0	0	0
Am citit cate ceva din....protocoalele sionului si diverse video vazute pe tema asta	0	0	0
@adriano_qld Mah tu glumești 😂😂😂😂	0	0	0
@Hasan62270471 Sunt cuvinte ???🤦‍♂️😂😂	0	0	0
@severvoinescu L-am uzit acum 2 zile cu povestea asta la TV. Ma mir ca nu-i e rusine sa spuna asta dupa ce in 2009 Romania a platit bancile ca sa nu picide din vina lor pt ca s-au lacomit. Acum nu e vina noastra ca a aparut virusul asta. 🤬	0	0	0
nu cred ca vreau sa stiu in ce cacat ne aflam daca ministrul sanatatii si-a dat demisia	0	0	0
@kithobie + ca toata lumea vorbea engleza, mai ales pt ca regizorul era si el american	0	0	0
@Vasile55502205 Cine dracu a facut grafica asta e batut in cap! sau.....a facut-o intentionat😡	1	0	0
Ca să evităm vreo sincopă în viitor, poate ar fi bine să prevedem în Constituție că cine nu trădează … iute o-ncasează;	0	0	0
mama il stii pe dorian nu mama: ce a mai facut acum ca e prost rau ala 😔	1	1	1
Secretarul de Stat în Ministerul Sănătății, Horațiu Moldovan, a explicat dezastrul de la Suceava, respectiv întoarcerea din Spania a unui grup consistent de români, acum două săptămâni, care erau infectați SARS-COVID2	0	0	0
Potrivit președintelui Societății Naționale de Microbiologie, România se poate apropia de momentul în care spitalele nu ar mai putea funcționa din cauza lipsei de personal, deoarece situația de la Suceava s-ar putea repeta.	0	0	0
Să stea dracu în morti lor acolo la diaspora lor. Ii chem eu în țară cand o sa imi aduc aminte.	1	1	2
România salvează România. Campanie a Crucii Roșii - donează 2 euro printr-un SMS la 8827	0	0	0
@_PolitiaRomana_ La mulți ani, Poliția Romania 🌹	0	0	0
@GabryIonesc2 Are pe dracu să-l ia! 🤬	1	1	1
@MarmotaDeCampie @SirGolan 8 ore de stres la lucru consum 5000 calorii :))))	0	0	0
Grecia interzice concedierile, în perioada crizei provocate de coronavirus și oferă 800 euro pe lună angajaților care nu pot merge la serviciu...	0	0	0
daca nici macar proprii mei bunici nu ascutla cum plm a asculta nana floare din fundu satului sa nu mearga afara????	1	1	1
@churchfieldprim Police ambulance fire social care etc	0	0	0
Daca ii ceva bun din tot haosul asta cu covidul pacii, e disperarea ce o citesc pe fetele palide ale sugacilor lui Iohannis. S'au dus dracului si #anticipate si #guWernerulMEU, s'a dus si vrajala cu pesedeu, al dracu' virus. 😂	1	1	1
Viata vs Boris-japonezii au demonstrat,cu cazuri concrete,ca fosti pacienti cu Corona au luat-o de la capat	0	0	0
Denunțăm că SUA insistă asupra blocajului său aerian din Venezuela și refuză în continuare să autorizeze zboruri umanitare directe @LAConviasa sau alte linii, pentru a readuce peste 800 de compatrioți blocați în SUA și înregistrați în sistemul Cancelariei noastre.	0	0	0
@lavinia38122605 Ce te aș fute intre sâni	1	1	1
@radusmall Ai văzut Giohannis cum face pipi pe  tini și pi mini?	1	1	1
Profesor britanic, specialist în Terapie Intensivă: Un caz de coronavirus poate duce la alte 59.000 de persoane infectate	0	0	0
@Costindte @keyboardriot @ZoliBara @Sorin_Patiu @itmorar Băi, nu știu, niciodată nu mi-a plăcut berea asta	0	0	0
O serie de SSD-uri HP din gama Enterprise erau programate să se strice după o perioadă fixă de funcţionare	0	0	0
si dacă te simţi bine hai vino lângă mine hai vino după mine si dacă te simţi bine hai vino lângă mine fă şi tu la fel că asta e nebunia lui Juvel	0	0	0
@angelorobitu Am încercat. Nu am rezistat. Chiar am încercat, dar am renunțat după nici o zi	0	0	0
I-a trebuit fratelli la gagiu ce plm ca doar nu putea sa stea dracu acasa	0	0	0
Am ajuns vremuri grele.Plang Sfintii in ceruri.Niciodata de cand se savarseste Sfanta Liturghie in Biserica nu a fost oprita in a nu se mai savarsi.Oare acum nu avem nevoie de Biserica de Dumnezeu?Acesta este statu ,,laic"adica Ateu sub acoperire	0	0	0
Da o in pula mea ca ii si dau flood ca ma dispera deja	1	1	1
@tzaca1969 @MihaiHristea Cine gândește așa e vai de el. Spiritualizat trebuia sa fii pina acum. E adevărat ca unii se “trezesc” dar o sa le treacă repede. Virusul e de la Satana.	0	0	0
@zoso Eu am realizat că am fost prost în ultimii ani, dar asta nu mă oprește. Drumul e lung, și am impresia că voi mai fi prost.	0	0	0
@iamntz @thewindev Și italia actualizează o dată pe zi, la ora 20 parcă	0	0	0
@makavelis Will see. Din Imparatsanie nu a ieșit nicio boala. Din știință...uitați-va la lume și vedeti	0	0	0
@honestOtter8 Dansul acesta este perfect pentru Can 🥰🥰🥰🍓🍫💖	0	0	0
Urmează încă o tura, încă nu au venit toți de pulă zdrentaroșii diasporei pnl.isti usr.isti pmp.isti basisti johnazisti trădători de țară și de neam 🤮 🖕	1	1	2
Vă rog pe voi, argeșenii noștri care sunteți peste hotare să trimiteți pe pagina Primăriei Municipiului Curtea de Argeș  video, fotografii sau mesaje despre situația din zona în care vă aflați. Doar împreună putem depăși aceste momente grele!	0	0	0
@tyongsfrog Exact. Gen plm ok te întorci acasă dar stai in plm in carantină	1	1	1
nope, nu pot, mă duc să mă culc și pe urma mă duc să îmi iau becuri pentru faruri	0	0	0
@ingerisidemoni @i0n1ca Întrebă @victorciutacu de ce soldații umbla pe strada cu degetul pe trăgaci de parcă e alerta teroristaProbabil ca să prevină/descurajeze asta.	0	0	0
Mi-a anulat Easyjet zborurile din Aprilie, fara sa ma intrebe. Bine ca-mi da banii inapoi, totusi. Plm, de Pastele catolic mereu am fost plecat undeva. Sa ma pis pe el de virus!	1	1	1
@itmorar Are pe dracu, domnu Morar. Ăștia minte cum respiră!	1	1	1
cAT PULA MEA POT SA-L IUBESC PE OMUL ASTA NU POT SA CRED	1	1	1
@ionutzelgabriel @john0peace @emiltoma_av @DacianSoros Corect!	0	0	0
Cu #AlphaOnlineBanking iti platesti rapid facturile de #utilitati oricand si de oriunde, de pe telefon, cat ai zice #simplu!	0	0	0
Nu că aș avea cui să dau mărimea S, dar așa, să știe lumea.	0	0	0
@ZoliBara Pai ce, te întreabă virusul cine ești? E chiar respectuos, as spune. Iar eu glumeam, normal :)	0	0	0
@w_lemn @Alien_draft PLM te descurci și tu, da-ntâi plătește amenda.	1	1	1
@IoanaPavel4 Păi să anunțe Gâdea că încep noi seriale pe TV.	0	0	0
Ba da care dracu ia-ti spus vulpitei ca e frumoasa ?	1	1	2
Daca nu stati dracu in casa ajungem ca Italia si Spania potoliti-va	1	1	2
@geniebouchard Să știi că în aceste zile sunt singur în garsoniera din Sălăjan.	0	0	0
Se va schimba doar atunci când ne vom schimba modul de gândire "	0	0	0
#Coronavirus: Peste 1.000 de morţi şi aproximativ 70.000 de cazuri în SUA	0	0	0
@alexmanoiu1 orice ai face, nu scoți irlandezul din tine 😄 McManoiu	0	0	0
@daco_get @TintaVasile Tocmai de asta,daca se afirma ceva ca si cum e 100% asa  ex. deveselu,ori ai vazut cu ochii tai,ori te inf. pe toate caile si ce spun unii si ce spun altii si daca ai si niste inf. tehnice care sustin posibilitatea respectiva,macar iti pui niste intrebari. E greu noi sa stim 100%	0	0	0
@HDemetozdemir Oricum grija și atenție mare! ❤️	0	0	0
@ing_ro Mai mult decât îți poți imagina!!! :D :D :D	0	0	0
Marius Măldărășanu: ”Este dificil de lucrat acasă”	0	0	0
@emiltoma_av Toti bucurestenii vor fi testati de maine, iar testarea deva termina in 2023, cand nimeni pe glob nu va mai fi infectat	0	0	0
@denis26_denise Aici gresesti.	0	0	0
Singura curbă care contează este cea care trebuie măsurată.	0	0	0
Poţi să prosteşti unii oameni tot timpul şi toţi oamenii un timp, dar nu toţi oamenii tot timpul.	0	0	0
Pe Streinu Cercel nu-l trage nimeni la raspundere? De doua luni induce populatia in eroare.	0	0	0
Nu știu cum să fac iuhu sarcastic în scris..	0	0	0
de ce nu mi am luat nintendo ul cu mine aici 😠	0	0	0
@not__vee Păcat că nu i-au dat numele. Că dacă îl dădeau era mult mai bine. După ce ieșea de acolo abia îl aștepta lumea pe stradă...	0	0	0
Băi, ești nebun?! Chestia asta mi se pare...cel puțin ciudată!	0	0	0
Iartă-mă, sunt în mijlocul unei crize existențiale	0	0	0
@Razvan_Nasea Nu, nu, nu îl bagă nimeni nicaieri. E noul normal.	0	0	0
Eu ma uit de doua ori cand trec strada. Ca pe youtube e pe aici.voi de nu credeți chestiile alea de pe youtube trebuie să vb cu mine.	0	0	0
@keyboardriot Unele de cad la bursă. Și forintu' o dată cu ele. Un succes.	0	0	0
Ce plm cumpărați atâta pâine că oricum expiră în 2 zile, terminaților 🤦	1	1	3
@GrigM2 Așa ar fi corect....nu-i prea mare efort...	0	0	0
@zoso hai că ai material și la ce a postat azi :)	0	0	0
Custodele Coroanei, Margareta: Viitorul nostru stă numai şi numai în mâna noastră, în voinţa noastră -	0	0	0
mi ar placea sa taceti dracu din gura	1	1	3
@gabibulumac Aripioare dorsale de berbecut	0	0	0
Moara cu vorbe a lui Moș Călifar : Armata este din nou in strada, acum pentru noi	0	0	0
daca nu va raspund nu imi mai dati @ frate puteti pur si simplu sa presupuneti ca am corina si ca am murit de ce ma bateti la cap sa ne facem proiectul	0	0	0
@Alien_draft De ce „doar pentru ei”, vită? „Pentru ei” înseamnă 100 de milioane de ciumeți în inima Europei, în cea mai tranzitată țară, băăă, pulă, băăă!!!	1	1	1
Era pe vremuri o lista cu site-uri dubioase si de fake news. O mai are cineva?	0	0	0
@victorciutacu Poate din cauza asta  a cazut intre scaune,poc!cine stie?	0	0	0
Declarații halucinante ale lui Mike Tyson: „Când eram tânăr, mă culcam cu mamele prietenilor mei!”	0	0	0
Toți trogloditii votanți ai Johnazist.ului pnl.isti usr.isti pmp.isti și scursurile ppe.iste naziste care susțin statul mafiot și abuzurile sistemului prin #procurorijigodii	1	0	0
@virgilnro @itmorar Cine naiba ar avea interes sa plimbe atâta hârtie in zilele noastre? Fiecare popândău care vrea sa iasă la soare puțin va trebui sa aibă in casa un top de coli A4? Și poliția ce face, le aduna și face colecție?	0	0	0
Fetele, hai și noi, că-i ieftin🥴	0	0	0
@AngelRoshul Vreau sa cumpar daca ai	0	0	0
Scumpul meu Donald Trump se duce pe pula cu tot cu America lui. Sa vedem ce mare putere o sa fii daca incepe războiul.	1	0	0
uneori trebuie doar să te uiți la tine și să spui: sunt frumos, indiferent de ce spun oamenii.	0	0	0
gaini fara cap.	0	0	0
Noapte bună prieteni!❤🙏🍀🏕🏕🏕🏕❤🙏🍀🏕🏕	0	0	0
Liberalii cer mărirea pedepselor pentru cei care propagă bolile contagioase...	0	0	0
@victore_1974 Nici nu vreau. Sint doar curios. Dar dacă as putea, le-as Închide doua luni.	0	0	0
Va era dor de niște cretini? Luați d-aci. În engleză. Americană, e drept.	0	0	0
Epidemia de coronavirus scoate la iveală şi situaţiile conflictuale din sistemul medical românesc.	0	0	0
@nwradu Pai cand declari ca vrei sa testezi toti bucurestenii...how retarded is that?	0	0	0
Hunedoara: Secţia de Oncologie a Spitalului Judeţean de Urgenţă Deva a intrat în carantină pentru #COVID-19	0	0	0
@RobertEVoicu @OfficeTzetze Da ce faceti cu drojdia ??	0	0	0
LIVE America devine epicentrul pandemiei. Chinezii sustin ca in Italia a aparut virusul, nu in Wuhan	0	0	0
@BolboreaIon @MihaiHristea La dracu cu voi fosile ordinare. Asa cere FMI si America.	1	1	2
Apel catre supermarketuri. Legumicultor: Ajutati-ne! Nu avem unde vinde	0	0	0
@DavidStavarache @OnelDan Ca nu zice când 😂	0	0	0
@aoleeuu @dariasaudebe Femeile ai drepturile astea in plm ca unu din sua vrea sa imi sparga contul ca stie ca spun adevarul si ca Light face parte din bts	1	1	2
Sanatoriul Techirghiol, primul centru din România care își prezintă condițiile de carantinare	0	0	0
Ochii caprui-verzui sunt definiti de ambitie, curaj si bun simt . Atunci cand vor sunt cei mai buni filozofi si la fel, diplomati. Se razbuna cand e cazul chiar cu riscul de a pierde si nu face compromisuri .	0	0	0
@zoso Au avut si acum cateva saptamani acelasi aparat la 1000 de lei...	0	0	0
Și în alte țări din sud-estul Europei epidemia este folosită ca paravan pentru măsuri dubioase împotriva statului de drept.	0	0	0
@keyboardriot au pe dracu, ii bate garda revolutionara pana recunosc :)	0	0	0
A spus bine cineva daca nu ajungeau militienii,suplimentezi cu niste militari, dar sa scoti si masinile militare,zau?greta ce zice? aloo poluareaaaaa!	0	0	0
Prima masura luata de FRF dupa ce UEFA a amanat Campionatul European	0	0	0
@pilplay salut, arăți atât de frumos, adăugați-mă, astfel încât să ne putem cunoaște mai bine	0	0	0
@ingerisidemoni Orice pe lume are, in mod natural, o perioada de ascendentă, apoi un varf, după care se pleosteste.	0	0	0
@La_cuentarojamx SĂ SATI BAG PULA ÎN GAT	1	1	1
avem mai mult timp pentru a face exercitii de dimineata, aceste exercitii pot fi facut inainte sau dupa 2-3 ore dupa ce mananci (eu le fac inainte). Apoi poti manca ceva sanatos, cum ar fi o aalata verde, sau orice alt tip de salata, sau poti manca lapte cu cereale.	0	0	0
@ZoliBara Stau și mă gândesc cât ar fi de frumos ca acest virus să afecteze în funcție de intelect! Ești prost/ă ia de aici cu niște complicații...	1	1	1
Cineva nu se prinde că e groasă. Băncile sună chiar și în aceste zile clienții care le sunt datori chiar și sume infime...	0	0	0
Eu beau Becks, în ultima vreme... înainte funcționam cu Stela Artois, sau Peroni	0	0	0
@jkmoodzie Ce plm e greșit cu ăștia?	0	0	0
Cum dracu' să nu umbli cu buletinul la tine? Ce fițe de ioamșaișpeanișisuntcontrasistemului sunt astea?	0	0	0
@gumas75 @Erfijodena Continuate a votare, continuate a votare......	0	0	0
"tu la slujba eu la liceu", ce plm	0	0	0
@ipostaze Pentru că nu ți-am zis de tot caviarul pe care-l am în cămară lângă borcanele cu zarzavat de ciorbă.	0	0	0
@SceltoDaglidei Incerc sa fac rost de un permis de trecere, sa văd dacă reușesc.	0	0	0
@StirileProTV dupa ce au umplut de droguri si substante dopante toate competitiile sportive la care au participat, murdarind tot ceea ce inseamna sportivitate si fair play acum vine hoata si invoca pedepse divine = gandire demna de Evul Mediu	0	0	0
Presimt a-2a revolutie	0	0	0
Un dobitoc spunea că românii au fost lași și au pierdut frontul la Stalingrad. Prostul nu știe că evenimentul s-a petrecut la cotul Donului!	0	0	0
@pebblehugs bine în plm ca toată iarna nu ninge dar o sa ningă acum când trb să stau acasă în carantina	0	0	0
@DAYTEMPO credeam că întrebase ceva de sm*t ajutor	0	0	0
@skynetrot @nwradu @iulialipovanu 1. Du-te-n pula mea si tu. 2. Ești proastă rău, un virus nou vine la pachet cu asta, adică nu e nimeni imun la el ca e nou, proasto care ești proastă.	1	1	2
Pot sa cer reducerea perioadei de arest la domiciliu in baza recursului compensatoriu ?	0	0	0
@gadrian84 "Coana Frosa"nu o fi auzit ca e posibil,in scurt timp,sa se inchida si spatiu aerian ...fiecare tara o sa isi aplice legea in funcție de prioritati...Si 15 ani mi se par putini...fara pedepse drastice se pare ca nu funcționează...	0	0	0
Joaca acum "Tanchist- World of Tanks" pe străzile din București.	0	0	0
#Oficial COVID 19 confirmat la Jandarmerie	0	0	0
@can_yaman_int @canyaman1989 Ești atât de frumos, încât, de fiecare data când te vad, îmi dai o stare de bine! Te iubesc frumosul meu actor turc Can 😍😍😍😍😍😇😇😇😇😇😇	0	0	0
@ailel4 Nu sunt adeptul cauzelor pierdute!😆	0	0	0
Mai lăsați-mă cu ce-a spus Esca anu' trecut, voi știți ce-a prezis Brucan acum vreo 25 de ani ? Dar știți că Nostradamus a prezis și el ceva despre coronavirus ?	0	0	0
V. Costache: Toţi bucureştenii vor fi testaţi. Testele vor fi făcute de echipe mobile.	0	0	0
@adriano_qld @keyboardriot Coreea de Sud facea 100 000 pe zi. De aici si diferenta de procent la mortalitate. Spain, la fel,  toti politicienii si sportivii/vedetele fac teste particulare. Doctorii si simptomaticii,14 zile de carantina. Nivelul de infectie este mult peste datele oficiale.	0	0	0
Klaus Iohannis a promulgat legea pentru stocurile de urgențe medicală...	0	0	0
Du-i dracu de javre. Firea si neamurile ei. La asta m-am referit.	1	0	0
COSTACHE: Cand corabia se scufunda, primii care fug sunt sobolanii... -	0	0	0
@MirelaBuzoianu Cauți să placi tuturor, sau să îți spui mesajul, părerea?	0	0	0
O sa ma calce dracu' masinile pe strada	0	0	0
@itmorar Mai degraba bateriile sunt problema. Sau stati prea mult cu mana pe el. Altceva nu poate fi.	0	0	0
cât prost să fi să nu fi în stare să promovezi o trupă kpop?	0	0	0
@AndreiCismaru @denis26_denise Incredere 0! Inteligentul Costache vrea sa testeze TOT Buc. 2.5 milioane -spre 3. Inseamna vreo 2500 zile,adica cativa ani (sa zicem 6.5 ani) Asta e sanatos la bibilica?	0	0	0
@itmorar Să dea Dumnezeu, așa să fie!	0	0	0
Comunicările oficiale sunt cele mai bune surse de informaţii	0	0	0
am bani de dat, am datorii la stat	0	0	0
Stai in casa sau te rup un bataie?...India rulzz	0	0	0
@sopeprotector Mulțumesc 😭😭 uneori parcă mi-e dor de părul meu roșcat, l-am tot avut aproape 2 ani de zile	0	0	0
Fotbal/#Coronavirus: Preşedintele Liberiei, George #Weah, cântă împotriva coronavirusului	0	0	0
Am început să dezinfectez banii, dau și eu cu Cilit....	0	0	0
@horrordyk Dc plm??? Nu e mai logic sa meri acasa	0	0	0
@stirbei @CBostina Frunzărind Tweet-urile :) Cristina întelesesem cu totul și cu totul altceva că îi faci soțului. Bine că am deschis poza.	0	0	0
@SilviuFoca La mine "organili" erau pitite în spatele pieței la cafea (unde stau in permanenta fie vara fie iarna).	0	0	0
Să faci cumpărături online e una dintre cele mai bune alegeri în perioada asta	0	0	0
Bah, nene mai lasa dracu' bautura, ca va stie tot internetul cat sunteti de destepti!	0	0	0
DSP a demarat o anchetă epidemiologică la spitalul din Lugoj.	0	0	0
@EAFIFAMOBILE Și lu cornnyy sai dați compensație ca nu iati bagat inergiile la UCL și nush ce plm zicea de 7 zile	0	0	0
@OfficeTzetze @SilviuFoca @gusteru @RobertEVoicu Tăițeii se taie mai ușor dacă rulezi foaia de aluat. Bunica mea așa făcea.	0	0	0
@FeeXter @AndreiCismaru @piggiebrotha Da, dar ca să testezi în mod eficient 2 milioane de oameni în timp util ar trebui să faci măcar 50.000 de teste pe zi. Se speră ca săptămâna viitoare să ajungem la 2.000 pe zi. Deci... :)	0	0	0
Nu sunt drobdesaremiserupist, însă am belit plua. Așteptați cifrele de la ora 19:00 din Italia. Stați în pula mea în case, bă! Mor sute, mii de oameni zilnic și ăsta nu e un titlu din Cancan.	1	0	0
Peste 5.000 de cadre medicale sunt infectate cu #coronavirus în Italia (sindicat al medicilor)	0	0	0
@futacu Eh, sa fi fost acum Viorica presedinte si Dragnea prim ministru... si guvern PCR... PSD..	0	0	0
@MarmotaDeCampie Nuuu! Se va luneca-ntr-o nouă „cantarină impotriva ciumei roșii” prin prelungire în stare de asediu, iar dupe, se va continua cu prigoana tutulor celor ce-au spus/făcut ceva contra KWI, jeguwernerului și orbeților.	1	1	1
@ZoliBara @pariusigur_com Dar nici "tacîmuri " nu au?	0	0	0
@SmileSil4 Când  vrei ceva cu adevărat  poți...totul depinde de tine	0	0	0
Rugbist dinamovist, decedat la doar 22 de ani! Care este cauza morții tînărului sportiv	0	0	0
Cu ajutorul Armatei Italiene, o fabrica de ventilatoare pulmonare din Bologna a trecut de la 12 la 40 aparate produse zilnic.  Armatele statelor @NATO ajuta concret împotriva #COVID2019	0	0	0
Palatul Parlamentului din Bucuresti este a doua cea mai mare cladire din lume, dupa Pentagonul din Statele Unite.	0	0	0
În faţa lor, jos pălăria! Un tânăr hunedorean face gratuit viziere pentru cadrele medicale, iar un bucătar-şef din Deva pregăteşte pizza pentru personalul de la spital  via @anteksiler	0	0	0
Mai greu o fac procurorii și PNL-ii	0	0	0
@BranzeaC Da, sa ne taie căldura și apa caldă.	0	0	0
Presedintele Donald J. Trump a semnat astazi Strategia Nationala de implementare a tehnologiei 5G in Statele Unite.	0	0	0
Cu ocazia asta am aflat că suntem cu vreo 2-3 săptămâni în urma Europei Occidentale, nu cu 50 de ani, cum credeam.	0	0	0
Acasă sau pe stadion, iubirea pentru fotbal rămâne constantă și se transmite din generație în generație.	0	0	0
Viața abundă în imaginația artistului și artistul o fecundează cu propria voință. Ficționalul nu este surprins, ci infiltrat, interpus între viață și primul spectator.	0	0	0
Cum se contestă o amendă contravențională primită în timpul pandemiei de Covid 19	0	0	0
Si pentru ce? ca singurele noi infectii sa fie zeci de doctori din spitale ca evident ca nu era pregatit sistemul pt. o pandemie.	0	0	0
@neamielualarau Multi producatori si-au inchis fabricile din lipsa de comenzi. Si cat de curand urmeaza furnizorii de piese si componente. Nu cred ca e momentul acum pentru o asemenea investitie.	0	0	0
Am o întrebare existențială: cei care plimbă virușii prin Europa acum sunt aceiași care cred că feliile de lămâie previn contagierea?	0	0	0
În Timișoara nu se închid parcurile?	0	0	0
I-a trebuit fratelli la gagiu ce plm ca doar nu putea sa stea dracu acasa	0	0	0
YouTube aplică la nivel global măsura prin care clipurile video vor fi redate la rezoluție SD în mod default	0	0	0
@denis26_denise esti constienta ca eu doar mi-am spus parerea, tu esti libera sa faci sau citesti pe cine vrei! pt. mine Serban ala e o lepra ordinara care efectiv a fost si este un oportunist!	0	0	0
Mi-am cumparat o tema de pe themeforest si ca sa pot sa folosesc tot trebuia sa register product. Cand sa o fac, nu merge. Fac ticket la producator si ala imi zice sa ii dau datele de admin la site - ceea ce mi se pare aberant :))	0	0	0
Prietenia  este ca un diamant se întâlnește rar, valorează mult și se falsifica foarte des....😫	0	0	0
ORA 20:00 – Editie de neratat Agricultura la Raport! Masuri pentru sectorul LEGUMICOL	0	0	0
Băi ești nebun?	0	0	0
@MarmotaDeCampie @itmorar Nu e așa grav. Dacă nu ești oprit prea des pe drumurile județene, scapi rezonabile. Depinde acum de câte controale te vor “întâmpina” 😊. Bafta și sănătate maxima!	0	0	0
@itmorar Nu i-au venit de hac comuniștii, dar l-a răpus virusul...	0	0	0
E plină harta politică a țării numai de șarlatani! Ne lipsește o autoritate. Nu de democrație are nevoie România, nu de toboșari, ci de o autoritate. Unde este autoritatea care să conducă România? Mai ales acum, în clipe de cumpănă.	0	0	0
Sotul care vine acasa, isi gaseste sotia in pat cu amantul si le spune "Continuati, continuati"	0	0	0
Sunteți în Silenzio Stampa domnilor Procurori ?	0	0	0
Arafat trebuie sa ramana fix unde este acum si sa faca fix ce face acum, nu sa se prostitueze politic.	0	0	0
Doar 9% dintre ownerii de afaceri mici și mijlocii, intervievați într-un sondaj recent, au declarat că sunt mulțumiți de măsurile economice anunțate de Guvern. Avem trei priorități în acest moment: sănătatea, economia și educația. Stăm bine măcar la una?	0	0	0
GCS: Încă trei cetăţeni români infectaţi cu noul coronavirus au murit în străinătate; numărul total al deceselor - 11 -	0	0	0
Logic nu ar fi fara simptome, pt. orice virus se activeaza sist. imunitar si ai simptome,cum e si gripa	0	0	0
@MarmotaDeCampie da, regiunea aia este probabil cat Romania...	0	0	0
stati in pula mea in casa romani topiti ce sunteti	1	1	2
@filteronskz mai bag și un film pe acolo și aia e, corect	0	0	0
Dacă un indian vrea să îţi spună „Nu“ dau din cap de sus în jos, iar dacă vrea să spună „Da“ scutură din cap.	0	0	0
Deocamdată în meciul paronoia-retaileri conduc detașat retailerii.	0	0	0
@waaadim lasă frunzele) ele servesc drept strat protector și îngrășământ	0	0	0
am ajuns la concluzia ca iubesc r0mania si urasc r0manii	0	0	0
Ce vremuri apuse! Cu coldea si kovesi zilnic la ambasada strategica sa primeasca indicatiile de rigoare! Ce ii mai decorau pe lingai! Ce vremuri!	0	0	0
@jkstattss Plâng ua gen arată mai bine decât cctul de site al facultății mele și eu suNT LA INFO	1	1	3
Caut creier să cumpăr pentru prietena mea care nu are așa ceva	1	1	1
@suspaharu La cum se fut ăștia în cur, trag nădejde că vectorul pulă o să ducă virusul până la Dani #doamneajută	1	1	2
Mai eficient decât o adeverință și soldați pe străzi	0	0	0
@AaliyahFinney Cumva esti goala pe dedesupt💋👌🍓	0	0	0
Paul Goma omorât astăzi de coronavirus. Omul care a luptat cu virusul comunist românesc cade răpus de virusul global. Jurnal ANTI-covid 19, ziua 11	0	0	0
@Irinaldea Da, m-am uitat peste video asta mai devreme când am pus poza 😂	0	0	0
@Alex_Tikitaka Îți răcești gura de pomană cu animala. I s-a pus lui să iasă la un grătărel, iese chiar dacă ia amendă, chiar dacă trăznește, chiar dacă-l ia dracu'!	1	1	1
Ghost Recon Breakpoint este gratuit în week-end	0	0	0
Fals! Rezolvăm pe dracu’!“, ar trebui să strige cineva! Ne afundăm şi mai tare în dezordine, în învîrteli şi sărăcie, economia va fi în întregime controlată, iar scena politică va asigura un minunat confort prezidenţial!	1	1	1
#COVID19: Europa credea că venim s-o vizităm - Surpriză, suntem aici s-o invadăm	0	0	0
R FIT este un dispozitiv profesional de masaj eficient în vederea obţinerii relaxării şi tonifierii musculare, dar și eliminării celulitei. Aparatul are un rol important în recuperarea după efortul fizic, în eliminarea kilogramelor în exces şi recăpătarea mobilităţii şi energiei.	0	0	0
Mulțumim, diaspora!	0	0	0
@Midgard8_3 @OfWudan Când am fost mică, mama mi-a ras capul pentru că aveam păduchi și o bătrână i-a spus să o facă și pe urmă să-mi spele capul cu benzină 😠😟🙄	0	0	0
@iuliaa2603 2. Avem 5% din populatia lumii, dar consumam 80% din drogurile psychotropice.  Adderall in timpul zilei ca sa poata sa lucreze la randamentul expectat in sistemul asta, iar seara Ambien, ca sa poate sa doarma.  Stiu multi care fac asta.  America a fost plina de oportunitati, dar	0	0	0
@JeanTheo14 @basarab84 @balarii Nu cred! Cine dracu' o sa le mai linga clantele?	1	1	1
S-a anunțat la tv că atestațiile derogatorii de deplasare prezentate pe smartphone nu sînt valabile  #CoronavirusFrance	0	0	0
romanii sunt cea mai inconștientă nație, cum puii mei sa te duci la grătar in pădure in plina pandemie??? stai dracu acasa, evita locurile aglomerate ca poti sa prajesti mici si ceafa de porc si acasa	1	1	3
Cum să dați ordonanță militară să închideți în casă persoanele peste 65 de ani fără să anunțați în aceiași ordonanță cum le asigurați siguranța alimentară și sanitară?	0	0	0
O tanti care nu stie nici limba romana si un parnaias hot si un partid plin de corupti, toti sa aiba acces de urgenta si fara control la toate finantele tarii... Pai ne lua dracu pe toti!!!	1	1	2
Termeni utilizați în medicina dentară: Medicul stomatolog încearcă să explice de fiecare dată pacientului planul de tratament pe înțelesul acestuia, simplificând termenii și folosind o exprimare accesibilă. Scopul ...	0	0	0
sa-mi bag pula ca ne a dat tema la fizica ieri si o vrea azi????	1	1	1
@oradesibiu In rest.....SĂNĂTATE MAXIMĂ!!!.....tuturor.	0	0	0
Deci smr daca as fi avut vreo problema cu ei daca stăteau acasă în carantină. Dar nuuuu s au plimbat, s au dus la toată familia ca să moară dracu toți împreună.	1	1	1
Coronavirus în Germania	0	0	0
Dacă eram videochatistă nu mâncam fasole, ca baloneaza și nu da bine la camera 🤣🤣	0	0	0
ce pula mea se scumpesc preturile	1	0	0
Cand Firea este epidemiologul sef al Romaniei. De ce va bateti joc de medici?	0	0	0
Laptop-ul nu mă recunoaște nici fără ochelari nici cu mască.	0	0	0
Am uitat sa urc poza.. Pareri?	0	0	0
Peste 5.600 de români au încălcat măsura privind restricţionarea circulaţiei încă din prima zi în care a fost impusă. Polițiștii au dat amenzi de peste șapte milioane de lei / Unii au ieșit cu peștișorul sau pisica la ”plimbare”	0	0	0
@i0n1ca @SparkMailApp Ce zici tu, că nu m-am gândit, am facut de prima dată, nici o schimbare, e de la ultimul update al lor.	0	0	0
cum am spus si in 2008, bine dracu' ca n-am credite si ma prinde criza cu chilotii de pe mine.	0	0	0
@veronicaelena20 Greta nu e moartă, Greta se transformă :)	0	0	0
Clatitele Hazlii cu ciocolată ( Fineti de casa ) cu coniac.	0	0	0
Mai nou, oamenii corecti au primit ban pentru niste erori ale jocului.. pentru ca au primit ceva in plus sau niste pachete extra.. trist!	0	0	0
Cum să ai întâlniri eficiente de acasă. #learn4ever	0	0	0
Unul dintre multele meciuri Simona vs Pliskova. Finala de la Dubai acum în reluare pe digi Sport 2	0	0	0
Împreună cu Changeneers ne-am propus rezolvarea problemelor comunității prin tehnologie. Căutăm startup-uri care aduc o schimbare pozitivă în societate prin tehnologie. Înscrierile mai sunt deschise până pe 31 martie, trimite-ne proiectul tău aici:	0	0	0
@denis26_denise Da, si io as face la fel nu?	0	0	0
@i0n1ca Sa tot fie vreo 40cm ... si din cate vad, ii tot da ... plm, ca mi s'au lungit mainile de la lopata ... si altii se plang ca s'au inchis salile de fitsnesul vietii :)))	0	0	0
@ciprian_marica se baga si el ca musca in curul calului\n\"Marica se revoltă din cauza vaccinului împotriva coronavirusului: „Noi avem fețe de cobai?”\nStai in PLM in banca ta.	0	0	0
La cât e de mare și de scumpă, ar trebui să fim vindecați și ocoliți de Covid by default!	0	0	0
@SirghieCristina 😂😂😂😂 Alo, si eu am drepturi, nu!?(?!)🤣🤣🤣	0	0	0
@lobelyjimin_ eu nu mai trec inca o data prin clasa a 12 a pentru 2 luni pierdute plm	0	0	0
#Dan Petrescu a făcut show și la conferința de presă: ”O să mă duc la judecată! De ce dracu' am jucat ca proștii?	1	1	1
Apropo de Flutur:s-a gândit cineva să scrie"Jos coronavirusul!"din oi,pe un deal,cametodă de tratament?Il doare si acum cocoasa de cand s-a urcat Basescu in elicopter,fiind pe post de scara	0	0	0
@AntoniaMusician cind l-ai văzut tu pe Marius țeicu umblând în pula goală sau pe mine?nu știi ca muștele trag la cîcat? Eu m-am îndrăgostit de tine cind ai apărut ca erai foarte decentă față de restul.și azi ce ești. Ești tratată ca o tirfa pe toate rețelele.	1	1	1
Ceea ce mi-ai servit tu, cu Revolutia de la Piata Romana, e o astfel de idee, simpla, fara nimic abstract.	0	0	0
Vești bune: Primele teste clinice pentru un vaccin anticoronavirus au început în SUA...	0	0	0
@btsromaniateam @BTS_twt subscriu si eu la Scarlet si mai adaug Goblin:D #iHeartAwards #BestFanArmy #BTSARMY	0	0	0
Ăștia vor să trimită virusul mobil door-to-door! E ca și cum vine spitalul la tine acasă să te verifice.	0	0	0
@01004753 am de mult timp Telegram, dar nu toți o au instalată :)	0	0	0
@OvidiuSky Am tradus articolul de mai devreme, postarea de dinaintea acestui videoclip...	0	0	0
@stirbei ba mai incet! ba ai grija sa nu te-neci cand iti sugi pula singur cu atata ardoare! si vezi ca poate racesti daca calaresti dezbracat pe calu ala inalt si e plina pandemie.	1	1	1
Grosimea stratului de ozon	0	0	0
Credinţă şi bunătate, ele ne luminează zilele acestea.	0	0	0
@Alien_draft Ca-i mai buna decat toate! Vorba mioriticului!!!	0	0	0
@PokerStarsRO daca mi-a fost inghetat contul astazi, am vreo sansa sa se rezolve pana duminica? Multumesc anticipat	0	0	0
@filteronskz plot twist: yibo e o floare pe câmp	0	0	0
@neroblank Am auzit și eu, am mai vorbit cu niște medici. Mostly e exagerare în media	0	0	0
Ăia de la antena 1 au titlu "Suceava, Lombardia României"...	0	0	0
Fotbal/#coronavirus: Clubul Ripensia a donat 50.000 de lei Spitalului ''Victor Babeş'' din Timişoara	0	0	0
Dr. Livia Davidescu (SCJU Craiova): Nu mai aduceți pacienții cu COVID-19 în spitale monobloc	0	0	0
Vă mirați că aveți aceste tragedii?	0	0	0
#Senat: Şedinţă de plen în sistem de #videoconferinţă, pentru modificarea regulamentului	0	0	0
@AdyinaS Scrumiera strica poza.....lasă țigările 🤪	0	0	0
eMAG: MII de LEI Reducere la Televizoare pentru Binge Watching	0	0	0
Au inceput sa fuga cretinii bolnavi din spitale	1	0	0
@alinaeradulescu Asta daca nu ai fost student!	0	0	0
Solidaritatea Sanitară: Creşterea rapidă a resurselor sistemului sanitar poate reduce perioada de izolare socială a populaţiei	0	0	0
@teoadi Da-l in plm de prost.	1	1	1
@RobertEVoicu Problema e ca si eu mi-am luat teapa dar am vazut datele din partea de sus si m-am potolit. Nu zic ca e fake news in media. E o gramada, dar scapam si curent pe ici pe colo...	0	0	0
Bre, lingăul ăsta încearcă să ne prostească precum șmmenarii ăia cu alba-neagra!	1	1	1
@GabryIonesc2 @SorinPaun3 @KlausIohannis Gabrielo, voi sunteti atat de psihopati încât ati omorî oameni pe motiv că vi se pare vouă ca ar avea CoVid. Psihopati si nebuni. Nu-i pune nimeni pe cei dragi tie sa nu se auto-izoleze daca sunt persoane vulnerabile, dar nu te duce pe tine mintea atata. #mars	1	1	2
.Cu toate acestea, pe măsură ce povestea progresează și adevărul cu privire la originea Titanilor se relevă  cititorului, narațiunea se schimbă,  pentru a cuprinde personaje precum Historia Reiss, liderul de echipă Levi, Grisha, tatăl lui Eren, și alte personaje secundare.	0	0	0
Renault Zoe rămâne cea mai înmatriculată mașină electrică în Europa și în luna …	0	0	0
@ailioiu Reluări? nu contează, că eu am abonament anual, aia înseamnă că văd mai mult tenis la anul.	0	0	0
Rutte a vorbit despre 3 scenarii, iar unul din ele era acela în care toată țara se izolează și asta nu pentru zile sau săptămâni.	1	1	1
@Alex_Tikitaka E groasa rau treaba. Si inca mai este multa lume care glumeste pe tema asta.	0	0	0
2008 avocat Bunduc Dumitru “ ie-n mintea lu’ oacheș !!!! “ - o să auziți despre ceea ce este acuzat , îi dai pe toți	0	0	0
Mâine poți să mă dai dracu’, dar în seara asta ia-mă în brațe.	1	0	0
3 angajați confirmati, 113 angajați izolați de la serviciile de ambulanta! 45 de angajați de la Serviciul de Ambulanţă Bucureşti-Ilfov 	0	0	0
@linevty015 @Adevarul Ti-ai facut o poza in baie îmbrăcat in costum! Tipic	0	0	0
@_lor3scu_ Tot asa dupa mine, in perioada aia am luat/dat cele mai multe block-uri.	0	0	0
@MarmotaDeCampie @GabryIonesc2 @Alex_Tikitaka @itmorar Și ne rugam, vai doamne rezolva asta, vai doamne dacă scap de asta, promit ca nu mai fac. Fi măcar constant, știi ca ești nenorocit, ramai și în momentele grele nenorocit :	0	0	0
@keyboardriot @TanarulD Pt că nu avem specialiști. Și termination cu Arahat. Ala e incompetent și imbecil.	1	1	1
Chiar a murit domnul Lăzărescu? Când? Cum? Dar cel mai important: care e doctorul care i-a scris Covid pe rețetă?	0	0	0
@diohnisrv @kookmuc voluntariat la toti astia. but still... in italia cei din ultimul  si penultimul an la medicina ii baga in prima linie fara dicutii	0	0	0
Infotrafic: Lucrări pe A2 - joi, până la ora 18,00; manevrele în porturile Constanţa Nord şi Constanţa Sud-Agigea - oprite -	0	0	0
#coronavirus Ce trebuie să faci ca să obții amânarea plății ratelor bancare, în perioada coronavirusului?	0	0	0
@BoyWithPlant Mai sunt și ăia care lasă pur și simplu spațiu... Ăia sunt de cea mai joasă speță 😶	1	1	2
S-a decis: Niciun turneu WTA până la începutul lunii mai!...	0	0	0
@itmorar Făcea echipă cu ei. ISU a avut an de an buget de sute milioane  euro. S-au derulat atâtea achiziții încât ne-ar lua amețeala să știm cum au fost organizate....acum vin cele 600 mil euro, de la UE. Cireașa de pe tort	0	0	0
Guvernul liberal Orban nu a luat nicio masura de plafonare a preturilor, niciuna pentru decalarea ratelor la banci, nimic despre preturile la utilitati ...	0	0	0
@realDonaldTrump Mâncameai toaaaată pulă de libidinos!!	1	1	1
@RaduBobo Prea spicy pentru papilele mele gustative caucaziene	0	0	0
Au schimbat modelul si au adaugat asta. Te doare mintea.	0	0	0
maică-mea mi-a spus că îmi scurtez viața cu culcatul la ore târzii și acum mă întreb dacă asta înseamnă că sunt măcar nițel suicidal, but I guess not că gen și ea fumează, dar nu se pune drept suicidal	0	0	0
@liviuvulpescu E fix ce trebuie! 👍🏼	0	0	0
Transport NATO: 45 tone de echipamente medicale aduse în România	0	0	0
@ingerisidemoni Dacă băgam opțiunile "ambele", rezultatul era previzibil. Era prea ușor. Aici e aici. Să ai de ales doar între alea două.	0	0	0
@zoso A mers linkul! Incredibil! Era cât pe ce să nu fac click!	0	0	0
@lyanswerlm Tu esti mai mare decât mine!! Nu stiu de ce dar am crezut ca esti mai mică	0	0	0
@ANTIABE Chiar imi va trebui sa fac asta. Am mașina, nu iau trenul, benzina cât sa nu opresc nicaieri deloc, in 6 ore sunt înapoi in casa mea.	0	0	0
Dacă tot suntem izolați, băgați un joc pe PlayStation ca sa nu va plictisiți.	0	0	0
SUNTEM CLASA A 12-A LA ARTE AVEM ATESTATE SI MATERII DE BAC. NU AVEM TIMP DE ASA CEVA TEMA LA SPORT CE PULA MEA FRATE	1	1	3
@danailie2004 Inspirata alegere de lectura in contextul actual :)	0	0	0
@puttycat Sa vezi distracție după 3 zile. Games of Trones in varianta mioritica.😂🤣😜	0	0	0
Alexandru Rafila: Avem deja același procent de cadre medicale infectate cu coronavirus ca Italia, Spania, Franța	0	0	0
Probabil unul dintre regretele vieții mele e că nu l-am întâlnit pe acest gigant al verticalității natiunii românești	1	1	1
@cristinadobre @daco_get Păi așa interpretați. Nu credeți poziția Statului Român dar credeți în interpretările rusiei. Nu aveți încredere în România atâta timp cât căutați răspuns la aberațiile statului agresor rusia. rusia este agresivă întâi prin provocările pe care le lansează, apoi face pași mărunți.	1	1	3
Bun voiaj e din nou în lucru, de data asta de-a binelea 👏 am construit în mare firul narativ (aproape jumătate de an a durat, se pare), acum Doamne-ajută să am și skill-urile pentru a îl scrie cum trebuie	0	0	0
@elioswhore harry n ar fute o pe ea nici tânăr nici bătrân SCUZE	1	1	1
Volkswagen nu renunță încă la cutiile de viteze manuale: "Le vom oferi atât timp …	0	0	0
Noi, dacă rămânem fără bani, mai schimbăm 100€, mai vindem ceva, dar cine dracu ti-ar cumpăra un jucător de la #FCSB acum ?	1	1	3
Studiu: Temperaturile de vară nu vor elimina noul coronavirus	1	1	1
M.B din București se laudă pe Facebook că mănâncă Cacavid de ani buni și n-are nici pe dracu!	1	1	1
Raspund cu mare placere provocarilor #stamincasadarnustamdegeaba @ Bucharest, Romania	0	0	0
@Violeta90309719 Ce bună ești de pula!!!!	1	1	1
@VenjiUTUBE @AhmadLeBG1 @KEEMSTAR @PineApp99973008 @liljarviss @muselk @lachlan @Lazarbeam Coaie, coaie ești prost, cu ce ti-am gresit	1	1	3
Fratilor, noi vrem sa-i “facem” pe Rusi dar nu suntem in stare sa facem masti pentru fata😳😳😳!  Ce dracu’ am face in caz de conflict armat? O sa vina americanii si UE sa ne ajute? Nu ne ajuta nici dracu!	1	1	3
Președintele Iohannis, videoconferință cu membrii Consiliului European	0	0	0
Victor Ciutacu a EXPLODAT, după ce a aflat că soțul Andreei Esca vinde măști medicale la suprapreț/ DOCUMENT - Stiri pe surse - Cele mai noi stiri	0	0	0
@ECiocu Da, și se vor naște mai multe fete...	0	0	0
@SirGolan @ingerisidemoni Pulea Spătaru te-o contrazice. Io nu am de gând, că e o pistă total falsă. Dacă nu era diaspora, era vreun biznisman italian sau exportator chinez venit la contractare. Sau o familie fericită, după o vacanță la ski în Austria sau un pensionar cu amanta în Israel.	1	1	2
Pai bagamiasi eu din trei pe aia mai lunga, daca astia nu veneau gramada nu aveam nici covid nici sistemul ala asa cum e aproape de colaps! Mai mereti ma in pula mea de lepre ...	1	1	2
Ce se întâmplă cu corpul unui om infectat cu coronavirus, după ce moare #coronavirus	0	0	0
sincer, mă doare-n pulă, de părerea voastră	1	1	3
@BoyWithPlant Vreau și eu sa am ce reamenaja	0	0	0
Știe cineva cum se traduce “virusați, virusați și iar virusați!” din chineza in italiana?	0	0	0
du-te-n pula mea bro cum să ți se vadă așa venele	1	1	1
@OfficeTzetze Ești un învingător 😀😀	0	0	0
Despre toate provocările pe care le va presupune întreruperea tenisului am scris aici	0	0	0
Mi-au fost luați și copii și au declarat lucruri pe care această Republică	0	0	0
@kthh_al ori wait, o sticla de bautura e tot timpul bine primita, din nou daca e mai in varsta, o camasa iar prinde bine (asta daca pers poarta)	0	0	0
@MirelaBuzoianu Păi, eu așa zic. Îmi pasă mai puțin sau deloc cine mă place, și cine nu. Cine apreciază ce scriu pe aici, mă vede, cine nu, mă pierde	0	0	0
@AndreasSh3lley Trebuia să mai aștepți și tu până sa dai răspunsul :)	0	0	0
@denis26_denise Asta nu e fake news ?  Să vină DNA-ul sa-l ia !	0	0	0
@mbachelet, se alătură clamorului drept, uman și urgent, considerând că: „în acest moment decisiv, sancțiunile sectoriale ar trebui reduse sau suspendate ...”.	0	0	0
Stati in case cam pana la Revelionul 2020-2021,oricum aveti sarmale atunci,nu va mai plangeti!	0	0	0
@Lory_Radulescu Ce dracu sa mai faca cu banul fizic de cand au scos etalonul aur si raporteaza valutele la cosul valutar ...	0	0	0
Premierul propus refuză guvernarea, ministrul sănătății își dă demisia, iar Vulpița și Axinte sunt pe locul 1 în trending. Eu mă duc să-mi bat scânduri la ferestre.	0	0	0
Țin să vă informez că pe faleză este aer curat și aproape pustiu. #Constanța	0	0	0
Bianca Tudor: “Suntem deja într-o criză economică globală, nu mai poate funcționa economia de piață”	0	0	0
@AndreiCismaru Lipsa de lideri (leaderi) ca putem înțelege (understand) și-n română, există datorită comparației cu istoria pe care deseori o facem. În comparația noastră, uităm de fapt că și liderii ăia au fost contestați la vremea lor. L-am avut pe Marele Iorga Prim-Ministru, să vezi critici!	0	0	0
Permisele auto care expiră în această perioadă rămân valabile: șoferii trebuie să le …	0	0	0
Vaccin pentru coronavirus în teste la Timișoara	0	0	0
Eu lucrez in servicii, da' uite asa iti amintesti ca tot productia e baza.	0	0	0
„Distanţare socială”, claustrare, frică, populaţie tetanizată, necunoscut înspăimântător - iată cocteilul care ne duce la recesiune, mare criză, harababură socială, descompunere politică. Vor urma şomajul în masă, foametea, alte boli, epidemii etc	0	0	0
@AttackinPurple Cum nu eu nu sunt roman	0	0	0
@ValCoins infrastuctura medicala nu e grozava,dar doctorii nostri sunt de aur!!!!	0	0	0
O nouă donaţie pentru Spitalul Judeţean din Târgovişte. De la Arhiepiscopie -	0	0	0
Dacă scrii "Cifra numărului de..." pe twitter, nu are rost să mai rectifici, că oricum șansele să te judece cineva sunt mici, nu-i așa? Întreb și eu pentru un prieten.	0	0	0
@hoseokspapanasi la fel, sau când vorbește mami la telefon😭 ah, să ai doi frați și să se bată toată ziua și tu să fii ceva de genul "puteți să terminați? eu vreau să citesc"	0	0	0
Declarația ca declarația, dar să nu ceri tu si cazier judiciar ? Asta mi se pare inacceptabil.	0	0	0
Inclusiv filmulețul (pus de MAPN pe Facebook) cu coloana ieșind din unitate cu sirene și nino-nino mi se pare o regie proastă.	0	0	0
CRUSH-UL MEU DIN A CINCEA SI-A FACUT IUBITA INAINTEA MEA CE PULA MEAAAAAAA	1	1	1
@Vasile55502205 @MihaiHristea @KlausIohannis Normal,la ce te poți aștepta de la acești iresponsabili.🐀🐀💩💩	1	1	1
@RomaniaRapist Coaie sunteti la 2 pasi de bucuresti ce plm	0	0	0
cine vrea sa facem un plan si sa mergem sa o exterminam pe dana budeanu ca eu nu o mai suport	1	1	3
Jocul iubirii – O poezie si o zeita a iubirii pictata in doua ipostaze	0	0	0
O perspectivă contemporană asupra materiei, care ia în considerare toate entităţile ştiinţifice observabile, cu accent pe fenomene. În principiu, definiţia materiei se limitează la astfel de entităţi explorate de fizică.	0	0	0
Ii suparat ca nu's fetele cu el la izolare ... amu risca ori sa le ia alt peste, ori sa se apuce alea sa produca de capul lor. Cum dracu sa nu fie suparat!	1	1	1
Va fi greu, foarte greu să trăim momente fericite în scurt timp, însă sper să rezistăm momentului și să reușim să găsim soluții pentru a construi, din nou, viitorul.	0	0	0
@Andreic38945855 @Stoica87920511 @EAFIFAMOBILE Curând 😂	0	0	0
pula.n gura voastră de zdrențe imbuibate că trebuie mandatul complet ca să va luați indemnizația de parlamentar muieee multă jegoșilor 🤮🖕	1	1	2
tampitule o sa vezi când n-o sa mai fug după tine ..	1	1	1
#Cîţu: Românii trebuie să înţeleagă că amânarea ratelor nu înseamnă iertare şi trebuie să fie cumpătaţi	0	0	0
@itsalibertywalk nu avem nimic daca e sa se infecteze multă lume murim dracu	0	0	0
Deci cu sanse mari sa le treaca guvernul, PNL-istii si-au retras candidatul. Asta imi arata cat de mult ii fute grija de noi.	1	1	1
E vremea bătrânilor să fie țapi ispășitori. După ce economia mondială a ajuns în pragul falimentului datorită lăcomiei fără măsură a unora și a imbecilității altora, bătrânii trebuie arestați și împuținați  spre binele omenirii.	1	1	1
@daco_get @basarab84 Nu e doar cu vaietatul, au mintit, asta e	0	0	0
În această dimineață frumoasă de primăvară am băut o cafea Jacobs la ibric acasă la mine și o cafea cu lapte la 1 leu nou și o doză de Coca-Cola Zero la 2,5 lei la 330 de ml de la un magazin din centrul orașului, Slatina și am mai fumat încă trei țigări Pall Mall negru!	0	0	0
Sunt unii care se vaită că stau în casă, că e boring, că plm. Cum ar fi să vă taie și internetul? Ar crește numărul de sinucideri?	0	0	0
@usr_romania Clar ca e virusata si are copii someri, cate unul la fiecare partid.	0	0	0
COVIT nu se poate combate decât dacă primăriile cumpără pixuri la preț de bugatti. Altă soliție nu s-a descoperit până acum. @NicorescuL	0	0	0
Poate acum, mai mult ca niciodată trebuie să ne promovăm și să fim activi în mediul online. 📸	0	0	0
@MarmotaDeCampie Nu cant asta nici...moarta 😂	0	0	0
Ce vânzări au făcut acum hypermarketurile, n-au făcut de nici o sărbătoare. Am văzut oameni cumpărând cu sacii de iută! Portbagaje și banchete pline. Bă, plm, o să muriți îndopați înainte să vă omoare gripa!	0	0	0
E:Toate cele de mai sus	0	0	0
@BolboreaIon @Alien_draft Parcă-i el de vină că s-a născut viu!!!	1	1	1
Coronavirus în România	0	0	0
@ECiocu Mai stam cu pruncii acasa, mai citim o carte, si incet ne revenim. Si hai sa nu luam deja funia si sapunul. Inca...	0	0	0
@MihaiHristea Dar nu era și un site oficial?	0	0	0
Spalatul vaselor e ca liftul, cand intru in ele, ma apuca pisarea.	1	1	1
Coronavirus în lume: Statele Unite ale Americii, pe locul trei, ca număr de cazuri confirmate	0	0	0
Vai de bolnavii care, în aceste luni, suferă de alte boli. Dacă ai acest ghinion, mori cu zile.	0	0	0
Pentru prima oară în istoria SUA, persoanele fizice vor primi bani direct de la guvern	0	0	0
Eu cu tine, tu cu mine si noi cu lumea noastră	0	0	0
L-a "omorât" covidu' și pe Paul Goma, deși săracu' era foarte bolnav încă din 2015! Ce nu face manipularea și mistificarea pentru panică și #COVID19 Mizerabil!!!👎👎👎	0	0	0
@DacianSoros @telekomsport Păi ăla e conținutul.	0	0	0
@MarmotaDeCampie @aiurea Eu stiu ca shaormeria Socului livreaza. #dacavreipoti :)	0	0	0
Fostul ministru al Sănătății Nicolae Bănicioiu acuză că Ministerul Sănătății nu gestionează corect criza coronavirus. Reacția acestuia vine după ce la Spitalul din Suceava aproape 100 de cadre medicale au fost infectate.	0	0	0
@denis26_denise Habar nu am. Doctorul a spus ca a dat formula/reteta la liber. Deci nu prea putem vorbi despre furat	0	0	0
Apreciem pozitiv faptul că Uniunea Europeană, prin @JosepBorrellF, afirmă că susține cererile de finanțare din partea Fondului Monetar Internațional din Venezuela și Iran pt a face față contingenței #COVID19. Ei înțeleg daunele pe care le fac sancțiunile americane.	0	0	0
Din cauza zahărului, grăsimilor și aromelor adăugate, acest desert accelerează metabolismul și activitatea sistemului nervos. Iar consumul în exces încetinește digestia și duce la apariția durerilor și a inflamațiilor.	0	0	0
toata ziua canti da nu te dor buricele degetelor? mai deschide un geam mai inchide un geam mai mergi la bucatarie sa vezi ce se mai da la frigider mai incearca clanta plm	1	1	1
„Cel mai probabil a luat virusul din comunitate”.	0	0	0
@BLUESlHUN plus ca trebuie sa incep si la fizica 😭😭	0	0	0
Mai rămîne să ne pună banderole galbene, culoarea liberalilor, la braț și să ne ducă în lagăre de concentrare, poreclite „centre de odihnă și recreere” Antonesei	0	0	0
@ComplexMusic Sa i iau toti mortii n pula. Na raspuns de la pentagon	1	1	1
Ancheta penala la Aiud pentru ca nu s-a respectat distanta de 1 metru intre persoane	0	0	0
@JIKOOK1236 Băi, deci prenupțial mai ciudat ca ăsta n-am mai pomenit! 😂 E clar că s-au căsătorit din alte motive, de vreme ce el trebuia să plătească și dacă se ducea cu altele. 😆 OK, ea a zis da și așa. Dar el pentru ce a zis da? 🤔 Doar ca s-o aibă pe ea de nevastă? Soție trofeu. 😏	1	1	1
Unii nu aveau opinii au acum,ciudat,nu au cerut aprobare	0	0	0
Chici cine iar nu are apă caldă 🤡	0	0	0
După ce că fumez în frig, acum trebuie să și tușesc pe ascuns.	0	0	0
@ManoliuValy Un domn într-un sex-shop pentru ași procura o păpușă	0	0	0
Aplicarea de majorari de volum cu #SmartCash RMS	0	0	0
Hey, Acesta este prima postare a mea. Cu ajutorul vostru o sa încerc sa postez în fiecare zi.	0	0	0
@ingerisidemoni @MihaiHristea Ca dracu ne a facut si coronavirus asta!!🤦‍♀️I a adus pe ăștia iarăși in țară!!Stateau bine acolo pe unde erau!!	1	1	2
@Zepjet1 ii stanez de ceva timp si cred ca abia acum isi face efectul pielea mea nu a mai fost intr-o stare atat de buna din clasa a 4-a cand inca nu aveam acnee truly a blessing	0	0	0
@totnormal se poate de adăugat și prin chișinău astfel de senzori, pentru informarea populației) dar știu că la noi nimeni nu va acționa pentru a rezolva situația. va fi așa, de ochii lumii	0	0	0
@ANTIABE Imi fac foaie de parcurs, hai! 😬	0	0	0
Altă treabă...!	0	0	0
@Ziare_com Cine plm e Tăriceanu?	0	0	0
@radusmall e țara noastră, a celor născuți aici, nu a celor cu gura mare. am primit cetățenia LA NAȘTERE, așa că cei care îmi socotesc impozitele plătite anafului și boabele de mazăre din furculiță n-au decât să sugă pla la cai morți (asta și fac de fapt)	1	1	3
Tipului care s a hotarat din pura curiozitate sa bata laptele acum dracu stie cati ani si a creeat untul: te respect	0	0	0
Idee de titlu: "Hârtia igienică. Un simbol al civilizației.”	0	0	0
@tr aiu Nu, nu ne aflam in plm in razboi!	0	0	0
@nauutilus Rezistența inițială la schimbare? Inerție?	0	0	0
@AntiJavre @denis26_denise @cosmin_roman_ Ai de plm, da ce elita is si oradenii astia, mai abitir ca banatenii de prin TM, si aradenii ... cu care oricum sunt pe conflict	1	1	3
Am simulat sezonul în Football Manager. Ce a ieșit, din Liga 1 până la Copa America	0	0	0
sa ma pis pe tine de ipocrit :)	1	1	1
@CloneSandman Ai băgat bățul prin gard acum 😀	0	0	0
- Mamă, înghețata e mai sănătoasă decât crenvurștii? Fiule, în ziua de azi, și fumatul e mai sănătos decât crenvurștii!	0	0	0
Adevarul Nu se mai duce nici dracu la cules! Visewaza cai verzi pe pereti si astia. Sa ia din alte tari... Englezii, niste putori! Nu orea cred cai adevarat ce scrie in articol	0	0	0
@jkmoodzie dar nu am o seringa si ma cac pe mine daca nu nimeresc locul perfect	0	0	0
Îmi place să văd schimbări, evoluție dar sincer cred că se predă mult, într-un stil în care pare conferențiar și se pretinde foarte mult.	0	0	0
@joonhopes deloc !!! dar sunt femei frumoase si in alte tari	0	0	0
Cum arată sistemul sanitar din România în plină criză #COVID19	0	0	0
Olguţa Vasilescu, indignată: „Soldaţi înarmaţi pe străzi? Le-a luat Dumnezeu minţile…”	0	0	0
Expertii UE atrag atentia ca temperaturile de vara nu vor elimina, cel mai probabil, coronavirusul	0	0	0
dacă se anulează festivalul inimilor eu o să plâng 10 zile	0	0	0
Acum de acasa pleci cu bilet de voie (adica ai o invoire)😄 si atunci si acum ideea e de ce dracu' vrei sa pleci asa de capul tau😆	0	0	0
@ZoliBara Unde sunt pufuletii? In cada la dezinfectare. (de la noi din casa)	0	0	0
@lanzhanbarosan Voiam să zic că sper că ești acasă și nu la salon dar ți am văzut picioarele goale și m am liniștit. Pune ți dracu șosete nu mai merge desculță pe gresie	1	1	1
Aproape jumătate din populaţia lumii se află acum sub restricţii din cauza pandemiei de #COVID19	0	0	0
@LeroivAmis L-au amendat aiurea pe ala jegurie. Ii nastea nevasta mu avea masina...plm	0	0	0
dacă tot stăm acasă până după paște atunci o să mă apuc de un booty workout 🤪	0	0	0
cUaie cum dracu învață-mă și pe mine ca să mă dau smecheră la școală	0	0	0
@MihaiHristea La Multi Ani, mamei tale!	0	0	0
Ministrul Sănătății: Toți bucureștenii vor fi testați pentru Covid-19 -	0	0	0
@adigoldi67 @iulialipovanu Nu știu ce a scris Iulia. Adică nu e vizibil tweetul.	1	1	1
@libertatea @DacianSoros Și uite așa apar abuzurile	0	0	0
@AdinaValean, bună ziua!	0	0	0
@AndreiCismaru Hm, ati cumparat si rafturile, dar Brad a luat cineva? 😂😂😂	0	0	0
Am reparat pe dracu', tocmai am inundat juma' de baie.	0	0	0
REVOLTĂTOR Adrian Streinu-Cercel este CERCETAT de Parchetul General pentru că a vorbit despre coronavirus.	0	0	0
@jhsrightdimple m-a cam prins in capcana cu setea	0	0	0
Igor Munteanu: Cerem restabilirea controlului parlamentar	0	0	0
Iată de ce cereau Streinu și Arafat “protecție judiciară” pentru achizițiile făcute în această perioadă.	0	0	0
Fiecare cu marfa lui de contrabanda	0	0	0
@daco_get @denis26_denise HIV nu stiam...	0	0	0
@kyutiepie_vamp Stiu ca nu e doar Italia, dar pe langa China ea are cel mai mare numar. Si la ei a inceput cu 3 cazuri. Nu se stie niciodata. Putem doar spera ca se termina mai repede, sa revina totul la normal.	0	0	0
Hei, Boris! Au inceput sa se planga deja spitalele ca nu mai au locuri la terapie intensiva.	0	0	0
În funcţie de condiţiile termodin…	0	0	0
#emirău asta e nou # cand bei si a doua zi ti e rau pui #eumirău	0	0	0
@CloneSandman M-aș bucura să fie făcătură!	0	0	0
Horoscop: INTOARCEREA lui SATURN in viata ta – cotitura, pedepse sau inflorire? Tu cand ai INTOARCEREA durului SATURN in functie de data nasterii? Saturn abia a intrat in Varsator!	0	0	0
@Antidotul2 Asta stiam;Io de pilda ma mai duc la farmacie,pt mama, soacra...cum se procedeaza?Cine imi da mie bon?Cel care pazeste blocul? cartierul?	0	0	0
@trkshlove Ce bine e sa îi revedem 😍...așa e fetelor😉	0	0	0
Nu se poate să nu ne întrebăm ce se întâmplă cu acești oameni, acum, că România a închis comuncațiile cu peninsula.	0	0	0
Cu ce se tratează infecţiile COVID-19 în spitalele din România? Protocolul Ministerul Sănătăţii privind medicamentele pentru coronavirus	0	0	0
Buna seara! Am venit sa va testam de covid. Trebuie sa declarati si bunurile cu valoare mai mare de 100 de lei, ca rezista virusul mult timp pe ele	0	0	0
@piticu21 Cine dracu vrea sa se intorca in tara aia de psdisti si retardati ca tine ?	1	1	1
@aiurea @futacu De ce nu obstetrician?! Se știe că berzele aduc copiii...	0	0	0
dc nu invata americanii chestii asa de basic de trigonometrie la generala plm nici nu e greu	0	0	0
@jellymalin Daca ai nevoie, sunt aici	0	0	0
Eu colaborez cu o firmă  din Oltenița. Crezi că femeile alea nu se pricepeau să coase și din astea?	0	0	0
Învinge grijile	0	0	0
@MikiBuzarnescu Prostănacoooo,te faci dracu' dă râsu' lumii. După ce că nu știi tenis, mai vorbești de genți în situația de față, mare prostănacă ești  !	1	1	1
@daco_get @cristinadobre Nu. Tu ai spus ca exista o idee relativa asupra cărora anumiți oameni ar putea decide. Zi-mi ce te-ar face pe tine fericit.	0	0	0
Cei 31 ani din '89 sunt exemplul	0	0	0
Un câine poate ajunge la inteligența unui copil de 2 ani	0	0	0
Astept cu nerăbdare condamnarea și aducerea în cătușe a unuia care a răspândit virusul. Poate așa le vine dracu mintea la cap, că trebuie să respecte regulile impuse....imbecililor care nu pricepeți!!!	1	1	2
Pentru a termina testarea în #bucuresti în 14 zile, ar trebui un ritm de peste 200k teste pe zi #COVID19 #coronavirus	0	0	0
Daca toata povestea va tranti economia mondiala, multi vor fi cei care vor acuza masurile de carantina.	0	0	0
@trueroobert Daca nu aveai nevoie de atenție nu te bagai in seamă, ce pula mea esti prost așa?	1	1	1
Un singur lucru a dovedit USR de un an incoace: ca nu trebuie votati ! Nici Nicusor Dan, nici ceilalti, in nici un proiect politic. Pentru ca nici ei nu stiu ce vor.	0	0	0
Solidaritate şi încurajare, ele ne ajută să mergem mai departe.	0	0	0
V-a controlat careva?	0	0	0
@ECiocu O miros și hotărăsc. De luni dimineață sunt în pijama non stop și mai am până în 30 martie de stat în acest echipament. Fără întrerupere.	0	0	0
Masti  La eJolie fiecare rochie spune o poveste diferita despre fiecare femeie in parte!  este potrivit fiecarui stil! euplatesc. © 2020	0	0	0
Anul 2020 va fi anul in care twitter va fi popular la noi?🤔	0	0	0
Cum morții ma.mi voastre a.ti dat aviz negativ pt o grămadă de miniștri, acum o sa ii votați	1	1	2
COAIE CE PULA MEA S-A AUZIT SPER CA E TATA	0	0	0
Bine ca nu se transmite virusul chinezesc prin telefon, ca dracu ne lua! 😂😂😂	0	0	0
@PleuAlexandru4 adev e ca nu stiu ce sa citesc. m-ati ametit si ca si dvs si alti colegi cu aveleasi opinii... vb de lucruri de care habar nu am. Daca tot le stiti spune-ti-ne si noua sa stim si noi, arata-ti-ne probele ca poate va putem ajuta.	0	0	0
@RobertEVoicu @OvidiuSky Este doar un alt pulitician român!	1	1	1
@DianaWdr Mie mi se pare ca cineva își dorește sa ajungem in situația Italiei. Situația de la Suceava pare ca a fost gestionata prost cu buna știință. Sau suntem pur și simplu incompetenți. Ceea ce este foarte grav!	0	0	0
Dacă nu se poate ingheța anul școlar, n-am putea să-l prăjim ? #numaintreb	0	0	0
Virusii din categ gripei (se stie) dupa un nr. zile de la infectare apar simpt.	0	0	0
@bordianu_marian Ca cu dracu risti sa te intrebe de "sanatate" tot el, dupa ce iti trece! 😂	0	0	0
Poate ne spălăm greșit și din această cauză suntem nevoite să facem asta zilnic.	0	0	0
@byubay când dracu scăpăm totuși de toți incompetenții și aducem pe cineva care ne pune banii din taxe la treabă?	0	0	0
Ce plm mea sa mai zici.... #nemeritamsoarta	0	0	0
plm de incompetenți. cum pierzi un e-mail? deștepți îs	0	0	0
@ingrideuce Sigur ar fi mai bine 😂😂	0	0	0
#Olimpice/#Coronavirus: "Sfârşitul unei dezbateri inutile" - Presa mondială salută decizia de amânare a Jocurilor Olimpice de la Tokyo	0	0	0
VIDEO: Viitorul Mercedes-Benz Clasa E Coupe facelift, surprins în timpul testelor: modelul va …	0	0	0
@itmorar Aproape e cămașa de piele, dar departe o arunci când intri in casa.	0	0	0
Trei angajate de la spitale din Galati, care au fost in Turcia, testate pozitiv pentru coronavirus	0	0	0
@sopeprotector ...Nu? :))) nu e masina noua, pur si simplu e înregistrată pe bucurești	0	0	0
@B_Transilvania agentiile voastre de ce nu lucreaza cu manusi si de ce va expuneti angajatii? 😭😭	0	0	0
@futacu Da, dar e acoperit. Ca, venind de la chinezi, e chinezesc.	1	1	2
@JAy_FLo92 Unul ramas cu #muiePSD pe stoc.	1	1	1
@radusmall Eh, pula, ți-ai găsit! Ăștia trăiesc în alt film! La ei e roz și acum și după!	1	1	2
@RFboris Cele in aer liber raman deschise, ca in cele care se fumeaza :)	0	0	0
Daca retin bine 3 luni,ca au tot vanzolit-o ... primav, vara...😂	0	0	0
@KlausIohannis Acum cand lumea este descurajată are nevoie de sfaturi prietenește de încurajare și la vara mergem la a plaja la mare.	0	0	0
SUA, NOUL EPICENTRU al virusului pe lângă SPANIA. ROMÂNIA, tot pe traiectoria accelerată a Italiei. Tracker Financial Times	0	0	0
De aia stiu de ce ma apuca greata (atat de des),dar mai ales revolta!	0	0	0
@DeeGoesLive Eu te am văzut prima dată când făceai live la Revoluția Franceza.	0	0	0
Dar să sperăm că nu ajungem în Mad Max.	0	0	0
buna siua domnul meu solutia va rog care este solutia	0	0	0
dacă ne infectam noi sau ea de la ei cine plătește ..la 89 de ani pentru ea chestia asta iar fi fatala .. si ca ea sunt multi ...gândire puli	1	1	1
Decizii incredibile luate de autoritățile americane. Statul New Jersey va elibera pușcăriașii pentru a limita răspândirea coronavirusului, a anunțat guvernatorul Philip Dunton Murphy! Măsura adoptată urmărește protejarea sănătății deţinuţilor.	0	0	0
Program de week-end în vreme de pandemie: excursie în grup familial, cu ghid, în sufragerie, cu popas „bell-view” pe balcon.	0	0	0
@DanStoenescu Deosebit de simpatice!	0	0	0
Pinocchio iese nervos de la un concurs de minciuni pe care l-a pierdut : Cine dracu' e Cîțu ăsta??	1	0	0
Mihail-Dan Dojana - eliberat din funcţia de preşedinte al Administraţiei Fondului pentru Mediu	0	0	0
Atâta linişte-i în jur de-mi pare că aud dronele poliției ce verifica respectarea stării de izolare. #confinement #COVID19 #LucianBlaga	0	0	0
@gusteru Cu covidu'! Crezi că e usor?	0	0	0
@Alex_Tikitaka Da, cea mai buna :) Niște cretini, am ieșit din UE, suntem protejați. O pula, sa vezi ce iese și acolo	1	1	1
E bine cand vă fute grija mai mult decat bărbatul ?🤣🤣	1	1	2
Nimic nu e mai prostesc decat sa-ti faci poza in cabina de proba cu hainele de la magazin si sa nu le cumperi🙆‍♂️	0	0	0
mai taci in pula mea	1	1	1
Ai de pula mea am uitat ca imi da follow o colega	1	0	0
@jkstattss Ce dracu zic ma astia cum sa ai un singur număr in paranteza :((( nu-i mai suport	1	1	2
@itmorar Dumnezeu să-l ierte și să îl odihnească în pace!	0	0	0
Cum a trecut România peste prima zi de stare de urgență?! Videochat-urile și farmaciile au ”lucrat” intens...	0	0	0
Timișorenii de la OncoGen, ignorați de autoritățile române, anunță: „Avem vaccinul. Începem testele”	0	0	0
@PleuAlexandru4 Buna dimineata la fel, cu soare si zambet🌞☕️🌺🍀😊	0	0	0
@teoadi Poți sa încerci pe pielea ta :) Închide-ți telefonul tv-ul și radioul doua zile sa vezi cum îți scade tensiunea :)	0	0	0
@MarmotaDeCampie fac si eu tot ce pot pentru ceilalti, plm. grupa 1 de vulnerabili.	1	1	1
Președintele Klaus Iohannis: Rectificare bugetară pentru Sănătate și plata șomajului tehnic. Ratele, amânate până la 9 luni	0	0	0
Alinuta o intreaba pe bunica ei: -Bunico, tu ai avut vreodata un amant? -Doamne, Dumnezeule!! striga bunica urcand repede in pod, unde descuie un dulap prapadit, din care se prabuseste un schelet.	0	0	0
@NarcisD @emiltoma_av Cui plm îi mai pasă? 😂	1	1	2
@acadelle @oleaberegoi @OliaBraguta Eu la nime nimic ne doljen dacă ceva ;)	0	0	0
Daca toată lumea sta in casa, izolata, ce se mai produce?? Cine mai produce ce?	0	0	0
SI de data asta, spectatori fara voie SI victime.	0	0	0
S-au simplificat declarațiile, apropo. PDF-urile respective sunt editabile direct, deși tot trebuie semnate cumva	0	0	0
Băăăă de ce l-ai împușcat? E numai 20:45?	0	0	0
@TanarulD Cel mai mult ne afectează când un român de vârsta noastră e mai prost decât un vițel de țâță.	1	1	1
In Spania, numarul deceselor cauzate de coronavirus a trecut de 4.000	0	0	0
Cea mai buna alegere din ultima vreme sksks	0	0	0
@stirbei Nu văd nicio legătură. De 30 de ani, nu am lipsit de la niciun vot pt că de aia am ieșit la Romana în 21 decembrie. Zilrle astea nu am cumpărat nici făină nici curpapir.	0	0	0
@stirbei Cu siguranța, mulți au plecat înapoi la origini. Sper să și rămână acolo	1	1	1
Fotbal/#Coronavirus: Italia - Jucătorii echipei #Sampdoria Genova au ieşit din izolare	1	0	0
Nebunule, tu vorbesti serios? Dacă vine de la tine e serios.  Cred in tine ca in sf. Moaște . Dar esti beat?! Zi ca ești beat și nu stii ce scrii!	1	1	1
nenea ăla isteț, am citit una dintre cărțile lui (aia roșie :)))), și am văzut interviul lui de la garrantat 100%. Băiat isteț, vă spun!	0	0	0
Millie Bobby Brown sau Mills, pe scurt, este o actrita britanica nascuta in Spania in varsta de 16 ani. Ea a interpretat rolul lui Eleven in Stranger Things, jucand rolul principal. Mills a interpretat si rolul lui Madison in filmul Godzila 2.	0	0	0
@CloneSandman Ăsta are fundație să ia, nu să dea precum Gates sau alții ca el!😉	1	1	1
@btsromaniateam @BTS_twt Preferate de actiune: Mad Dog, Voice	0	0	0
Plm, aveau dreptate comunistii	1	0	0
Cel puțin următoarele: confuzie, derapaj, ură, valori pervertite, lipsă de patriotism!”	0	0	0
@CloneSandman Au spus la știri. N-am link, dar cred că găsești pe site la digi	0	0	0
@CristinaABejan  te rog sa citești mesajul de mai jos. Avem o Românca din houston care trece prin mari încercări. Te rog sa te alături pentru aceasta cauza nobila	0	0	0
Nicolae Bănicioiu îi îndeamnă pe români să respecte regulile impuse de autorități: ”Totul e în zadar dacă nu te implici și tu”...	0	0	0
Poluarea e bună. Înseamnă că avem cu ce să poluăm.	0	0	0
@basarab84 Total de acord cu tot ce a scris	0	0	0
@OfficeTzetze Incredibil!!! Unde harat este poliția și armata?? Suntem un fel de n-am mai fi, pe bune...!	1	1	1
@denis26_denise @OvidiuSky Se dărâmă castelul de nisip. UE reprezintă fix nimic.	0	0	0
totalitarismul cătușelor de dreapta exista doar în imaginația celor hipnotizați	0	0	0
daca tot au interzis persoanelor peste 65 de ani sa mai iasa afara, noi, astia mai tineri, putem sa mergem la munca ? Asa, in grupuri de max 3. #numaintreb	0	0	0
Ce înseamnă childfree și de ce e în regulă să nu-ți dorești copii	0	0	0
La noi nu permite echipamentul, n-au cum să îi prindă de caschetă...😀	0	0	0
În alta ordine de idei, mai funcționează acest ‘institut’?	0	0	0
Totul este deosebit de alarmant!	0	0	0
Amalia Enache și Maia Morgenstern se implică în lupta contra pandemiei de coronavirus: „Să facem bine ca să ne facem bine”...	0	0	0
@RobertEVoicu ..eu cred că ăștia mănâncă cam mult căcat (să îmi fie cu iertare)...	1	1	2
O amânare ar putea însemna că Wimbledon ar ocupa locul din calendar eliberat de turneul olimpic.	0	0	0
@oanyyyy aaa, deci trebuie arse niste etape la mine, bun, facem sync, sa nu uiti sa dai web, pwup	0	0	0
Ne-a fost jenă să ne considerăm egalii lor și,ca urmare, după13 ani suntem tratați ca o națiune de mâna a doua,ca niște slugi supuse,ca prostul clasei din ultima bancă amenințat permanent cu așezatul în genunchi pe coji de nucă,ca necontenitul vinovat de ceva eteric.	0	0	0
Paramedicii SMURD din Hunedoara intervin cu costume de zugrav la posibilele cazuri de coronavirus...	0	0	0
Armata a ieșit pe străzile României #StaiAcasă si informeaza-te #CuMine ...	0	0	0
Țin sa va spun ca nici dracu nu e pe autostrăzi în Spania.	0	0	0
@ingerisidemoni @zoso Preotii de la tara, din satele depopulate, risipite, chiar au o situatie grea	0	0	0
Montat si asigurat, iar acum poti pleca la drum cu bicicletele tale! Foloseste un #suportbicicleta pe carlig pentru a-ti transporta bicla oriunde vrei tu.	0	0	0
@sopeprotector prima zi: test la romana, test la fizica, cel mai probabil test la psihologie, ne mai asculta si dimi, am ramas iar cu materia in urma la chimie	0	0	0
Comună din județul Dâmbovița, rămasă fără primar în plină criză de coronavirus. Cine a preluat atribuțiile	0	0	0
Nu intotdeauna imi aud telefonul sunand in buzunar. Dar atunci cand il aud nu suna.	0	0	0
Ce fac liberalii? Sunt disperați după putere! Cum să iei puterea când nu ai majoritate în parlament? Asta-i putere? Acum sunt pe ducă.	0	0	0
@GabryIonesc2 Daca a trebuit armata sa intervina iti dai seama ca oaia tot oaie este nu intelege.Stati in plm in casa	1	1	2
@denis26_denise @danaionescu65 @StefanF28452082 Drive-ul e deschis, nu se parmite accesul în interiorul restaurantelor.Rămâne deschis la drive și livrare!"Pă surse" 😂😂	0	0	0
de ce am primit cupon de reducere pt afhalen de la ny pizaa ?? n ar trebui sa fie inchis ??? sunteti ok?? cum adica daca imi cumpar o pizza a doua e €2 nu pot sa mananc atat va rog lasati ma in pace	0	0	0
Ciolacu anunta ca toti parlamentarii PSD vor dona 50% din indemnizatii pentru achizitia de echipamente medicale	0	0	0
@jkmoodzie Ce plm e greșit cu ăștia? De aia se îmbolnăvesc atâția că există cretini ca ăștia care fug de la spital sau nici măcar nu se duc și se plimbă ca foloricelele pe stradă. Du-te dracu la spital că nu te taie	1	1	2
@benigoace ar fi fost amuzant dacă nu aș fi atât de sigur că acest anunț tot de o instituție bugetară a fost plătit	0	0	0
@CloneSandman Întotdeauna cineva trebuie să închidă turma . Uneori unele decizii se i-au foarte-foarte greu după multe-multe ezitări . Nu este cazul aici de 100% dar puteam fi și noi printre ei . Statul român este dator să-i primească .	0	0	0
Si cine plm esti tu ma sa zici ca cultura noastra o considerati voi cu 30 de ani in urma. Sa ma sugeti	1	1	3
pe scurt ce făcea de dinainte de 1995 “ ie-n mintea lu ( drogurile ) !!!!	0	0	0
Atâta timp cât conducerea parchetelor și judecatoriilor sunt asigurate de #procurorijigodii #judecatorisantajabili numiți de căcat bolnav Johnazist hot de case traficant și mâncător de copii cruzi cu toți susținătorii lui nu se va întâmpla nimic	1	1	2
Coronavirus: Intrebari care ne preocupa intens in aceste zile	0	0	0
@AndreiCismaru Pai urmeaza nationalizarea spitalelor private, cel putin pentru un timp, iar Costache venise sa le privatizeze si pe cele publice.	0	0	0
@VTemeraru @MarmotaDeCampie Atunci cum dracu se face că acum se află la noi și în europa ?	0	0	0
Paul Goma a murit rapus de coronavirus	0	0	0
@ingerisidemoni Iar până reușesc românii să cadă la învoială, să strângă și banii necesari, virusul isi va modifica tulpina și înseamnă că l-am facut degeaba. Nici un producator nu va risca. Să nu ne imbatam cu apa rece e cel mai bine!	0	0	0
Mai tineti minte cand l-ati dat jos pe Ponta si intr-un an Iohannis a readus PSD-ul la putere. Tot un an pare ca dureaza si acum	0	0	0
te doare in cur de viata asta si suddenly iti pasa doar cand face cineva o greseala sa stai cu gura pe el fraieru dracu	1	1	1
@iamntz nu e suficient 2 break news pe zi?(  raportari)	0	0	0
Vei fi oprit sau NU. Hai sa zicem că întârzii 2h la filtre, dar ținând cont că traficul nu mai există; faci cam cât ai face într-o zi normală.	0	0	0
7 obiecte pe care trebuie să le igienizezi obligatoriu ca să vă protejați de COVID-19	0	0	0
Rezistenta 9900watt 230V CÎ 3 L 415mm L 65mm Î 37mm NMT 1 ø MT 6,5mm LMT 160mm ø țeavă 8,5mm	0	0	0
@sadino22 Mulțumesc din suflet!	0	0	0
Iohannis a promis că aduce Diaspora înapoi în țară și uite că se ține de cuvânt mai repede decât se așteptau mulți! Ce-i drept, înghesuită în autocare gonind fără să oprească mii de kilometri prin ”culoarele umanitare” de pe autostrăzile altfel pustii	0	0	0
Am inteles stam in casa, stam in casa mult timp...da hai in plm cu o solutie/vaccin/oricee. Dar suntem in 2020, nu in 1918	1	1	3
Pffff. Al dracu porkfromhome, n-am mai băut o bere joia la prânz din liceu....	1	1	3
Bai,CATANI,ia-ma de nebuna,daca vrei,dar sa stii,ca acesti Tiganoi,ma refer la Gaita si la fosta servitoare Nutica,atunci cind pretind,ca sar "Ca Dracu in om", ei fiind GRASI reusesc, in 2 ore, sa o ingrase pe asazisa MARIANA,servitoarea mea,de luni.	1	1	1
Dr Alexandru Rafila: Probabil spre sfârștiul lunii aprilie se va ajunge la mii de cazuri zilnic!	0	0	0
ma doare in pula	1	0	0
@foreverrainmyg Aștept să termin serialu' și după 😔😔 gotta be progressive	0	0	0
V-ați făcut toți adeverințe ca sunt la liber numai pentru că se poate să futeți autoritatea?	1	1	2
Câteodată mă gândesc la yuta și,,, wow,,,doar wow	0	0	0
@mireaemi @miradulescu @GabryIonesc2 N-are rost sa-ti explic ca esti prost.	1	1	1
Voi pana la cati elefanti va spalati pe maini? Eu pana pe la cinci si mai chem inca unul pentru spirt #Romania	0	0	0
Pana apar alte date despre situația asta cu virusul, să mă convingă de altceva, sunt 💯 convins că panica este artificial umflata de media din America, pentru a crea o nouă depresie economică mondială.	0	0	0
@itmorar Ma voi uita daca mai gasesc sticle Sorin.	0	0	0
@bbangyibo moor =)))) fața bărbatului ala cand a văzut ca yibo pleacă si el 💀	0	0	0
Ce cotă la pariuri are Vlad Voiculescu la Ministerul Sănătății după Paște? Întreb și eu să mă aflu în treabă.	0	0	0
@DacianSoros Tu-l crezi pe Arahat? Minte și acum cum a mințit și la #Colectiv și la toate cazurile la care a eșuat. 🤬	1	1	1
@e_raluca A fost și în Spania duminica asta	0	0	0
Ma uit câteodată la Trump si imi dau seama ca la americani alegerile au fost câștigate de Viorica Dăncilă.	0	0	0
@stefancrisan @GabrielGiurgiu2 @AlexPop76 @Horia8Bogdan E o linie subțire între democrație și comunism. Între drepturile omului și siguranța lui. Cred că doar prin educație se poate evidenția, educația care la noi a lipsit cu desăvârșire în ultimii 30 de ani.	0	0	0
Cum facem o chetă? Haideți să ajutăm oamenii ăștia	0	0	0
@basarab84 Era săracu' foarte bolnav încă din 2015, da' na, a murit din cauză de covid 😉	0	0	0
@john0peace @antena3 Dar Soros cu ce s-o ocupa zilele astea?	0	0	0
Cum era aia cu "să nu panicăm poporul cu știrile"?	0	0	0
Măsura va fi supusă aprobării Consiliului Local al Sectorului 4	0	0	0
@OvidiuSky Bun. Hai dracu in 2-3 saptamani sa facem ce nu am facut in 20 de ani . Sa vina toti ganditorii sistemului sanitar sa puna totul la punct ca bani sunt acum gramada	0	0	0
umblă vorba că la Antene s-a anunțat că le scad salariile cu 20%. un nenorocit, Băsescu ăsta...	1	1	2
Ministrul Sanatatii si-a dat demisia. Orban il propune pe Nelu Tataru  via @Ziare_com	0	0	0
Cu UE sper ca ne-am lamurit, cu toate ca cei cu IQ cu 3 cifre banuiesc ca erau de mult lamuriti, iar ceilalti.. sunt circumspect.	0	0	0
@CloneSandman Probabil cea mai tare/inspirata postare despre situația actuală....!!!	0	0	0
@SintezaZilei domnul Mihai Gadea va rog sa găsiți un binevoitor sa fiu ajutat eu și fiul meu măcar cu o 100 de euro pt alimente suntem blocați în Italia în parma	0	0	0
@i0n1ca Dacă scădea prețul , primul care dădea Știrea era @CloneSandman ... probabil ca in lumea in care trăiești tu o fi 0,50 cent...	0	0	0
@GeOrGevLaD90_ Se supără când n-au cum să se justifice!	0	0	0
Au început ăștia să arunce românii în stradă. Tati, când nu mai ai cu ce să plătești chiria, unde plm stai?	1	1	2
Întoarcerea acasă, în casa sufletului nostru	0	0	0
Sa aveti o zi buna🙋	0	0	0
Primaria Capitalei continua sa dea ajutoare si stimulente, mai putin cel pentru persoanele adulte cu handicap	0	0	0
@KlausIohannis Du-Te dracu de neamtz cretin!! Sa iti dau la muie de jigodie ordinara!!!! Te adresezi cu “ dragi români”?!!!!!	1	1	1
@dyiedra Dar era ca intr un joc avea un numar limitat de tricouri si erau unisex si s a enervat. Dupa nu mai stiu da trecem la partea super creepy #myfirstthread	0	0	0
Pentru moment însă, cea mai sigură este cea din casa ta!	0	0	0
bro nu e vina mea ca scriu cobcis si nu bat campii despre rasism in nosed1ve ce pula mea	1	1	1
Da' sa fi dat 50% din spaga...altceva era	0	0	0
@voiculesti @itmorar El e omul făurit de PCR multilateraldezvoltat😁	0	0	0
Diferente si Esente – Daca si cat de tare doare implantul dentar	0	0	0
Fotbal/#Coronavirus: Portarul Manuel #Neuer consideră că este firesc ca jucătorii să accepte reduceri salariale în contextul actual	0	0	0
@ipostaze  Multumesc pt. scalzi. :)	0	0	0
@B1site Ce idioți...ăştia care dau lecții de transparență	0	0	0
@groparu Cred că "we're all losing it a bit'', dar na, date fiind circumstanțele, vărsatul nervilor în social media mi se pare o supapă rezonabilă și gestionabilă :))	0	0	0
@eftimie Mai poţi căsca de lene, iarăş, când ai o soră şi-un tovarăş ? Ne-am luat de mâini şi-am cutreierat grădina toată-n lung şi lat.	0	0	0
Bunul simt lipsește cu desăvârșire la unii dintre români.	0	0	0
@dandrive65 @RobertEVoicu Exact aia am zis si eu. Da-i dracu' de imbecili. Pr Arahat care se lauda ca a cumparat nu stiu ce soft de localizare nu l-a anchetat nimeni. #FratiaTrandafirilor 🤬	1	1	3
Dispărut de 13 ani în Iran, agentul FBI Robert Levinson a murit în detenţie, potrivit familiei sale	0	0	0
Chestia e ca de ieri s-au reactivat o grămada de mâncători de c...t pe tema circulației libere a știrilor și cenzurii.	1	0	0
#Google #Maps Anunta o Masura Noua din cauza Noului #Coronavirus  prin @zaone	0	0	0
@JIMINI3E Nu intelegi ieri am cazut fiind pe 2 picioare si am 3 rani la picior o inflatura si 3 zgarieturi si ma dor ca dracu	0	0	0
Doi militari ajutând o femeie în vârstă. 👏	0	0	0
@GabryIonesc2 @CloneSandman scrie în cărțile tale de la avon?	0	0	0
@nwradu @i0n1ca Cică să nu provoace panică. Și când panica izbucnește de pretutindeni o dau la-ntors, ca pielea pe pulă, că mortu-i vinovat.	1	1	3
@inna_ro Frumoasă esti si superba si drăguță pup	0	0	0
mi-a trebuit scoala online. acum a inviat si CRED-ul din morti. parca era vorba ca ma voi plictisi acasa.	0	0	0
Gabriela Firea, anunț despre testarea tuturor bucureștenilor! Cine va avea prioritate	0	0	0
Frustrarea unora legată de poziția lui Arafat iese iarăși la suprafață. Puțin voluntariat pe la spitale, vă rog. Nu adormiți pe canapea.	0	0	0
@nwradu e o noutate?! coane, ori stergi, ori nu mai scrii! ca altfel ti-e teama sa te si caci!	1	1	1
Vindeca universul de întunericul veșnic!	0	0	0
@r0dede habar n-am. ăsta e un cântec de copii, popular la petreceri pentru dansul ăsta, şi dansează pentru copiii din blocurile din zonă.	0	0	0
@Corinas_racket Nu mai iese nimeni cu tine 😅	0	0	0
@denis26_denise iar sa iei in considerare ce zice Serbanica mi se pare pripit cel putin...	0	0	0
A ... deci #guWerner dat flit manei intinse de China, ca sa aiba loc sa ii linga'n cur Ursula si sa le fie "grateful". Vai pula noastra de Uniune Europeana! Daca o raceala a pus in cap toata Uniunea vietii, Doamne feri de o basina mai sanatoasa. 👀	1	1	3
@blakiecarmen @Bemocked_Cypher Corect...ai folosit-o...ai spalat-o. Nu mai cheltuiești bani pe hârtie igienică. Ce sens are?!🤦‍♂️😂😂😂😂	0	0	0
@Teodora84146936 Nu mai vorbesc cu tine pa	0	0	0
@givekissestokoo Doamne ce vise, de-ar fi fost așa măcar un sfert din bărbații romani	0	0	0
@floaredecactus Perfect adevarat,considerand masurile sau mai bine zis LIPSA masurilor luate la timp.	0	0	0
@suspaharu Da-i plm de rapandule. Cand o sa ajunga la spital, o sa planga, pana atunci ei sunt zorro.	1	1	3
Când mă gândesc că doar acum 5 zile mă "minunam" de Roma...	0	0	0
@itmorar Dacă și la optimism o să fiți tot așa , perfect !	0	0	0
În această perioadă este important să luăm măsuri de precauție. De aceea îți stăm la dispoziție și online pe  nemaitrebuind astfel să părăsești confortul casei pentru nevoia ta de asigurare sau nelămuriri.	0	0	0
Noul #MODEL de #DECLARAȚTE PE PROPRIE RASPUNDERE!	0	0	0
TE MAI ÎNTREB O SINGURĂ DATĂ. VREI DE TOATE LA KEBAB?? - Eu: AM ZIS DA FĂ CE ȚIPI AȘA PUNE-MI ÎN PLM TOT	1	1	1
@pinguuina Nu mai bine le notezi undeva și ne faci o statistica săptămânală?	0	0	0
#Sah: #FIDE a decis suspendarea Turneului Candidaţilor după runda a şaptea	0	0	0
#FataLuTata are acasă un porumbel care nu poate sa zboare. L-a botezat Ikaros ca pe uliul lui Alexios din Assassin's Creed Odyssey. Sadic nume pentru o pasăre care nu poate zbura...el l-aș fi botezat Snake.	0	0	0
Fiecare femeie are nevoie de un sot, pentru ca zilnic sute de lucruri merg prost si nu poti invinovati soarta tot timpul.	0	0	0
@MarmotaDeCampie Are noroc : aia cu plămânii e mai nasoală.	0	0	0
Cine, Grindeanu nu își face treaba...? Ce surpriză. Și are salariu uriaș, plătit de noi	0	0	0
"nu pot sa stea bunicii mei in casa deja m am saturat cum plm sa le bag mintile in cap	1	1	3
@bordianu_marian Este atât de prost scris încât îmi fac propriul meu boicot!	0	0	0
Guvernul pregătește o Ordonanță pe care o va da mâine, până când oamenii își vor reveni ... zise Iohannus.	0	0	0
Eu, cu suflet, către pisică: esti un bou un dobitoc un fraier daca mai comentezi te dau afara	0	0	0
Biserica fortificata din Alma Vii, restaurata cu o investitie de 500.000 de dolari - etapele proiectului	0	0	0
@johnctzn eu n as putea sa iau in serios	0	0	0
@jamaisvuyeontan COAIE CE PULA MEA	1	0	0
#Coronavirus: Teste timpurii şi pacienţi tineri, factori ai ratei scăzute de mortalitate în Germania	0	0	0
@neogotmeshook @BoyWithPlant Daca-o bag pe aia cu sunt adult acum ma inchide in dulap	0	0	0
#studiu Organizaţia Mondială a Sănătăţii a solicitat prudenţă în ceea ce priveşte clorochina.	0	0	0
Ma gandeam...wow hai sa imi impletesc parul in 2 codite si cu aceasta ocazie m am suparat foarte tare ca am parul scurt pt ca NU SE POATE. Also cum imi tund si eu bretonul in carantina iar bag singura forfecuta in el....doamne ajuta... #thoughts and #prayers	0	0	0
#Scrima/#Coronavirus: Ana-Maria Popescu - Visul de ajunge la Jocurile Olimpice este încă viu	0	0	0
@RobertEVoicu @santaromica La el râd cu poftă!!!! Prea și-a bătut pula de coronavirus!	1	1	3
@BasilWheel Problema e cu ciorile si6 combinatori care au intrat în țară în ultimele zile / și vor mai intra 😠😷😠	0	0	0
@jkinthesky din titlu te-ai astepta ca pandora's box sa fie agresiv heavy si dirty si cand colo e un cantec de dragoste nu mai suport nct	0	0	0
@Adevarul Șoldovean prost rău acest Hăndeachi.	0	0	0
adolescenţii mai mult sau mai puţin miopi ar trebui de fapt sa fugă ca dracu' de tămâie de ocheadele fostului Mare Pupător Între Buci	1	1	3
@emiltoma_av incepe sa-mi para rau ca nu mai am televizor 😂	0	0	0
Dar eu am declarație privind deplasarea la serviciu plus adeverință de la firma. Fac zilnic același drum.	0	0	0
@robertVT22 Aaa, or avea probleme cu transportat personalul pe timp de noapte.	0	0	0
#Oficial: Incă 3 decese confirmate cu COVID-19	0	0	0
@victorciutacu Cel mai grav este că Iohannis și restul elitei știau de această corona de sfirsitul anului trecut ,de ce nu ne "a spus atunci să ne spălăm pe mâini?????	0	0	0
@zoso macar 100 de politicienii si vom avea spitale regionale la fiecare cartier	0	0	0
Ce preferi în metrou pe scaunul de lângă tine: o italiancă frumoasă care-ți zâmbește cu o dantură strălucitoare, o chinezoaică frumoasă care oricum zâmbește tot timpul sau o arăboaică frumoasă cu un rucsac în brațe care zâmbește cu o privire pierdută?	0	0	0
@MihaiHristea @denis26_denise Daca mai au nevoie, vorbim cu ai nostri diasporeni abia sositi si GARANTAT, le umplem nevoia!	0	0	0
@spuse fără context (adică numărul de persoane testate), acestea sunt niște numere irelevante.	0	0	0
Sumbră perspectivă...	0	0	0
@MoiseGuran Speram ca va trece cu bine si fără  sa avem pierderi de vieti omenesti😔😔	0	0	0
@CarmenMaftei1 am ajuns la dracu cu cărți la vânătorii mici	0	0	0
Și cei de la sectie și duba jandarmilor. Oricum nu îi vedeam în cartier când ies baieții cu muzici, liniuțe samd. În schimb patrulau duminica dimineața la 9, când era liniste!	0	0	0
@Slaveonhismind CUM PULA MEA SA ASCULTI VULPITA! si mai rau sa iti placa... gandul asta o sa ma bântuie toata noaptea	1	0	0
@majestatea In nici unul stau în casa, bag pula in spitalele lor	1	0	0
@trkshlove Suntem în situație de urgență, se poate exact ce ai spus tu..Doar ca prostia și inconștiența sunt maxime...Nu poți să îi educi, asta e nivelul 😔	0	0	0
@lew19991 Păi dacă te iei după ei, estimarea e de 18 luni. E clar că nu e posibil să ții lumea in "carantină" atata timp. Virusul își vede de treabă oricum iar sacrificiul impus acum se va dovedi inutil, dar pierderile sunt imense. Ce faci când nu mai ai bani? Reiei lucrul, uiți de risc!	0	0	0
CLEOPATRA STRATAN?? CE PULA MEAAA	1	0	0
@AndreiCismaru Hai că acum s-au îmbolnăvit și preoții. Dumnezeu e cu noi!	0	0	0
@CPorumbescu De ce să mai consumi  sapunul.......	0	0	0
@Costindte @keyboardriot @ZoliBara @Sorin_Patiu @itmorar Mi se pare o mare mizerie	0	0	0
@radusmall @i0n1ca Ionica e pierdut, ale pornhub pe gratis și cumpara pe Alibaba mai mult ca Amazonul :)	0	0	0
tot ce vreau mai mult pe lumea asta e să termin școala și abia aștept să dau și bacul la anul ca să scap	0	0	0
Si uite cum, #pas_cu_pas, Ramed Arahat ramane singurul... unicul #salvator. #fmm	1	1	3
#coronavirus #vaccine Centrul de cercetare din Timișoara OncoGen anunță că a finalizat un vaccin împotriva noului coronavirus Covid-19	0	0	0
Jos pălăria!🎩🎩🎩	0	0	0
daca ai trimis eseul dc dracu m-ai intrebi daca l-a trimis cineva smh	0	0	0
@trueroobert Bai muie, pun pariu ca esti mai mic ca mine, stai in pula mea la locul tau  ca esti de cacat si nu iei atenție idiotule	1	1	1
@GabryIonesc2 @MarmotaDeCampie @Alex_Tikitaka @itmorar Eu in momentul asta, nu îl aștept pe El sa facă o minune. El a făcut minunea asta cu virusul și a zis mai stați în plm acasă, ca distrugeți planeta. Aștept sa iasă un om, care sa rezolve, măcar temporar problema asta. Știința o va rezolva	1	1	3
@_andra______ tu esti proasta? cum plm sa zici asta???cei care lucreaza pt vaccin nici macar nu castiga un procent din scumpiri	1	1	1
@vilceloiu Exagerezi. China a avut un vârf de 16000 infectați/zi. Și tu îmi spui că 3 e "foooooaarteeee" mult. Atunci îți doresc viață liniștită și răbdare până apar zero raportări.	0	0	0
A sosit vremea sa parasim de urgenta Terra. Soros si America ne condamna pe toti la moarte.	0	0	0
Se transmite coronavirusul prin alimente? Paul Anghel, director ANPC: E bine sa ne ferim. Alimentele sa se vanda ambalate, in aceasta perioada	0	0	0
Ce pana mea, Digi? "Raportul care schimba totul"? Fa click sau ramai prost? N-ai sa crezi..	0	0	0
Stați acasă 🤣🤣🤣	0	0	0
Si acum ce pula mea facem coaiemeu ca nu stiu sa fac tema la romana	1	1	3
@FAN_Courier Din pacate nu mai sunteti lider de piata. Un lider e cel mai bun de pe piata. De 2 zile imi plimba curierul pachetul: desi am primit SMSul de livrare, pachetul nu am primit-o. In plus, nici nu pot suna curierul, fiindca e alt numar de telefon in fiecare zi.	0	0	0
CE PULA MEA MI-L PUNETI PE JI XIANG KONG PE TL VRETI SA MOR DE LA CAT POT SA PLANG CA JUR DACA VA ARAT CAT AM PLANS DUPA OMUL ASTA VA FACETI CRUCE JI XIANG KONG TE IUBESC	1	1	3
@Speran14042002 Zilnic mor 25k oameni de foame😑	0	0	0
@DanBarnaUSR Dacă erai președinte nu intra virusul in tara🤣🤣🤣🤦🏻‍♂️	0	0	0
Astia de la feisbuc cand dau report la al 20-a link share-uit despre cum "plange icoanele" si "punetz cruci la usa" din grupul de ASISTENTI MEDICALI IN PLM	1	1	3
@BucurDamaschin se dezvolta un mic antreprenor aici	0	0	0
@GrigM2 @MirelaBuzoianu Este ca nu i-a dus nimeni lipsa? Mai bine lasa contul sters.	0	0	0
@JeanTheo14 E vorba de un al doilea val de diasporeni, care ar urma sa vina de sarbatorile de Pasti, in luna aprilie!	0	0	0
Eu sunt roman. Vorbesc romaneste si cant din fluier.	0	0	0
@crocodilaki74 amice esti printre cele mai homesexuale persoane pe care le-am intalnit in viata	0	0	0
Amintirile acestea tragice, manipularea masivă a cretinilor încă mă agresează! A nenorocit ROMÂNIA! Trebuie să dispară!	0	0	0
@Chrisu1410 Pff.. Vorbeşte pe camera cu prietenii.. Stiu ca nu i acelaşi lucru dar cres ca poate îmbunătăţi situatia	0	0	0
Țările UE care nu au moneda Euro au noroc, dacă au guvern inteligent, nu tembel!	0	0	0
@CRYPTlDSAN Având în vedere că sunt la chimie si licența tururor depinde de partea practica pe care majoritatea nu am terminat-o, nu știu ce să zic... dar multumesc frumos 💕🦋	0	0	0
@ulrichblue @Benji_Austria Da, insa nu voi sta sa il iau pe petit. O sa fac prime icon si in loc de Sissoko iau Vieira	0	0	0
@stiripesurse_ro E de bine!	0	0	0
Sper că va face și cineva de pe Facebook acest calcul.	0	0	0
200.000 de teste în timp real şi 60.000 de teste rapide pentru #Coronavirus vin spre România	0	0	0
Dragi oameni in etate, de ce in plm nu puteti sta acasa chiar si pe zapada asta? Ce dracu aveti ataaaat de important sa va plimbati din stanga in dreapta FARA CUMPARATURI? FFS #cluj	1	1	2
@adriano_qld Poate  e de decor din plastic și cum dracu ai ajuns tu la concluzia asta !	0	0	0
Pandemia de coronavirus a ucis mai multi oameni in Europa!	0	0	0
Prima ţară care scapă de molimă chiar de Paşti? Avem Breaking news-ul anului	0	0	0
Moara cu vorbe a lui Moș Călifar : În cât timp cred dr. Victor Costache, ministrul Să...	0	0	0
...oau ..a se vedea in full-screen ...	0	0	0
Romania a trecut de 1.000 de cazuri de coronavirus. Sunt 123 de noi confirmari si 29 de pacienti la Terapie Intensiva	0	0	0
@Alien_draft Or fi dând ei lecții, că-s și ei suflete creștinești, da' lecțiile nu trec prin cuirasa de rapăn național și nici prin prostia prezidențial-guvernamenală -„prin ea insăși”- nu străbat!!!	0	0	0
abia astept sa se umple cluburile de oameni grasi si nefututi	0	0	0
Comercianții serioși care veneau să ia direct de la fermieri din Baleni Db, de la legumicultori, nu mai vin. Munții de ridichi vor rămâne nevânduți. Deja, legumicultorii au renunțat la a doua șarjă, la a doua cultură.	0	0	0
Am observat că lucrând de acasă, pe video call și confcall, dau și primesc mai puține e-mail-uri. Ceea ce-i bine și frumos.	0	0	0
Atunci de ce să-l mai faci?! Avem prea mulți bani si personal specializat la discretie?	0	0	0
@RobertEVoicu amendă 20.000 lei ca să știe data viitoare să nu mai vină în mm lui acasă când e infectat.	1	0	0
Patriarhul Daniel îi îndeamnă pe oameni să nu cadă în deznădejde.	0	0	0
#Huawei SURPRINDE Lumea cu un Anunt Urias in Plina Pandemie -  #peblog #Romania #2020 #news #stiri	0	0	0
dute in plm #RomaniiAuTalent @ProTvTalent	1	0	0
@twayoon eu vad america exact ca europa, fiecare stat e o tara si cum ii durea in pula si se duceau peste tot	1	1	3
@btsromaniateam @BTS_twt kdrama mea preferata este “Just between lovers” o recomand tuturor ✨este superba !💚	0	0	0
criticati nu pastreaza distanta😄🤣 in apa, la soare, la plaja...mare veselie, nicio grija, nici nu stau in case -video pe pg mea-am dat RT, merita vazut	0	0	0
@girl_ecology @McDonaldsUK Multumesc foarte mult pentru ca ma urmaresti	0	0	0
Ziua 3 de carantina: Cainele meu m-a trimis in plua lui ”Bă m-am pișat de 15 ori azi și m-am căcat și pt săptamana viitoare!” #staiacasa	1	1	3
DISPERARE! Fermierii isi distrug recolta	0	0	0
Preşedintele Klaus Iohannis susţine o declaraţie de presă la ora 14,00	0	0	0
@liviutita Sunt obișnuite, câinii aia latră ca dementii de zici ca au tbc. Din aia mici, de buzunar.	0	0	0
Modelul de declaraţie pe proprie răspundere, necesară pentru a putea ieşi din casă, a fost actualizat şi simplificat. Descarcă NOUA VARIANTĂ	0	0	0
Marea Britanie continuă să trimită deşeuri! Încă şapte containere, descoperite în portul Constanța...	0	0	0
@agerpres ...pai cum dracu nu ,ce e proasta sa recunoască ca doar are la conducere un dictator pervers cu aere de cuceritor	0	0	0
@piticu21 hai sa lasam responsabili sa ne ghideze cu privire la iesitul din casa.	0	0	0
Stati linistiti. Suntem salvati.	0	0	0
@Liga1Romania sparg folie cu bule de aer timp de 96 de ore impreuna cu Denis Alibec	0	0	0
😏 emoji-ul acesta nenorocit Face ca totul să pară pervers  Salam 😏	0	0	0
Răbdare şi toleranţă, pe ele ne bazăm zilele acestea.	0	0	0
Astazi, imprejurarile ne-au fortat sa adoptam a doua varianta. Cu toate acestea, modelele noastre beneficiaza in continuare de suportul nostru 24/7. #kendrateam #kendramodels 	0	0	0
BAAAA ASTIA DAU CU DETERGENT DE SPALAT HAINE PE STRAZI CREZAND CA OMOARA VIRUSU MIROASE A ARIEL PESTE TOT PLM	1	1	2
@denis26_denise Idiotul ăsta care filmează unde dracu accelera așa ?!	0	0	0
jegul asta trebuie să plătească într-un fel sau altul nenorocirile pe care le face	0	0	0
@MarmotaDeCampie Normal,ea nu trebuie sa dea socoteala nimanui(ce a facut cu banii)si mecanici de aragaz se gasesc	0	0	0
Proiect pentru digitalizarea administrației publice	0	0	0
Uite o activitate super interesantă care va face timpul să treacă mai repede în această perioadă. Învinge plictiseala asamblând un puzzle mecanic 3D Ugears.	0	0	0
Un român e primul înotător din lume care a înotat o milă la Cercul Polar	0	0	0
Cea mai putin afectata.... nu e exclus, dar in treaba asta strict virus,ii dau "creditul" cel mai mic ( a treia) ....poate sa stie ceva, poate alte implicatii, da	0	0	0
@91samour se zvarcolesc domnitorii in morminte 😭😭😭😭	0	0	0
DESCHIDEM 2 CUTITE PE CS:GO DE 80 MILIOANE DIN 300 CUTIUTE!  via @YouTube	0	0	0
ce dinti de capra uzata are plm	1	1	3
Banca Transilvania a amânat plățile pentru cardurile de credit până în mai!!...	0	0	0
@RobertEVoicu @mariusbmg21 @teoadi @keyboardriot @bogdan_tm @ZoliBara Deci ala care a  sifonat draftul e mincat daca il prinde Arahat. 🤣🤣	1	1	2
Carmen Hara: "Eu nu întrevăd o nenorocire mare în acest virus, în timp. Lucrurile se vor calma probabil în câteva săptămâni."	0	0	0
La prima oră am călcat într-unul. Nu mai suport manipulații!	0	0	0
@PleuAlexandru4 Proști e mulți, foarte mulți, îngrijorător de mulți 😉	0	0	0
ROCHIE CU STRUCTURĂ ŞI VOLUM  Rochie cu decolteu drept și bretele. Dublură la interior. Volănaș în partea de jos. Închidere la spate cu fermoar ascuns de cusătură. ÎNĂLȚIME ...	0	0	0
@TrinityEternal2 Așa te vreau...ocupat, dar sănătos!🙏🙏🙏🙏🙏❤	0	0	0
@iulialipovanu Mă cântăresc , dar degeaba ... nicio schimbare ! :))	0	0	0
@LenutssB de parcă au fost testați și ei știu sigur că n-au	0	0	0
@Digi24_HD Astea ar trebui arestate și puse sa plătească toate salariile încasate pana acum ...ale dracu șpăgare nenorocite când stăteau ca vacile degeaba și își luau leafa era bine ...scarbele dracu	1	1	2
M-ai întâlnit intr-o perioada foarte ciudata din viața mea (Rumano)	0	0	0
tot zilnic raspunde si la fiecare om care nu poate face comanda: Dat fiind ca trecem prin zile determinate de o situatie exceptionala, serviciul de livrare sau ridicare din spatiile drive sunt suprasolicitate.	0	0	0
și dacă le scriu in 5 pagini ce am înțeles din 20 de capitole ce o sa facă o sa printeze și o sa pună pe frigider n am înțeles NIMIC oricum	0	0	0
@jhsrightdimple poate ca nu eram in dispozitia necesara sa aud asta acum o sa plang	0	0	0
@mihulae1 @VasekPospisil sa anulezi cursa din mai. vasek futu ti familia si obrajii aia rosii.	1	1	2
Ce este CLICKBAIT-ul si ce inseamna? ... Ma enerveaza astia cu CLICKBAIT...  via @YouTube	0	0	0
@BolboreaIon ba, mai dati va n plm cu propaganda asta bașită, expirată. nu va e scârbă?	1	1	1
@zoso Eh, l-au raportat oamenii, saitul ăla îți dă cancer numai dacă citești 😁	0	0	0
Nu mă mai pot opri din plâns... dacă nu ați urmărit documentarul, vă rog să o faceți.	0	0	0
Acum, că ne-am lămurit cu Carlitos Șacalul, ce plm mai facem? Vasile Manu mi-a dat block, Blogatu nuș pe unde e... smf, ce viață tristă!	1	0	0
Văd că se vorbește despre blocarea măștilor de autoritățile române. Un gest extrem de nebunesc. Italia astăzi este în genunchi fraților, mâine poate să fie rândul României. Doamne ferește.	0	0	0
Ce pula mea mai vrei cadou de ziua ta, nenorocitule? Nu îți ajunge ca m-am întâlnit cu tine in plină pandemie? Ce vrei mai mult de atât?” #cazrealpersonal	1	1	1
Aceștia suntem noi 🤘 O echipă de peste 200 de colegi care lucrează de acasă, din spatele laptopului cu cafeaua lângă, cu un ochi pe copii/ necuvântătoarele din dotare sau din sediile Adecco locale.	0	0	0
Testele rapide cumpărate din China nu funcţionează bine. Au o rată de succes de doar 30%	0	0	0
@Camelia30_0 "Nu mi-e frica de Bau-Bau" on repeat 😁😱 Cand oboseste DJ toddler, din pacate extrem de rar, Radiohead la greu.	0	0	0
Avand in vedere masurile instituite de Ordonanta Militara nr. 3/24.03.2020, nu uitati sa aveti la dumneavoastra "Declaratia pe propria raspundere" completata in prealabil.	0	0	0
@Dan_Tanasa Nu, este la “plantationen”! Nu stiu de ce dracu’ unul tot zice “cu verdele-n sus” 🤔🤔🤔	0	0	0
Italia:unii medici propun ca în campania pentru combaterea Covid,persoanelor de peste 60ani să nu li se mai acorde asistență medicală, pentru a avea timp să se ocupe de cei mai tineri. 	0	0	0
Infracţiunea de ,,zădărnicire a combaterii bolilor” și nedeclararea adevărului vor fi pedepsite cu ani grei de închisoare...	0	0	0
Singurul sport olimpic care nu poate fi amanat, mai bine spus	0	0	0
Complet sub pământ, o casă cu adevărat inedită  prin @	0	0	0
La Spitalul Gerota 22 de cadre medicale au fost infectate.	0	0	0
In Romania au fost descoperite astazi 29 cazuri noi de coronavirus. Inseamna ca au fost testate cel putin 30 de persoane.	0	0	0
Putin amana referendumul care i-ar asigura puterea si dupa 2024, din cauza coronavirusului	0	0	0
Prima reactie a lui Nelu Tataru, dupa ce Orban l-a propus ministru al Sanatatii	0	0	0
@TanarulD Sau la liceu, daca erai destul de rocker :)	0	0	0
Sunt un pic îngrijorat pentru că nu am primit până acum niciun FN legat de problema globala....Chiar atât de izolat sa fiu în rețea ?!	0	0	0
@Simona_Halep Mulțumesc și tu sa ai grija de tine! ❤️❤️	0	0	0
E un prost acum cu barbuta la Digi24 care citeste stirle: mmm.... aaa... mmmm... 3:) Cum dracu ii angajeaza?!	1	1	1
@MarmotaDeCampie Aaaaaa... nu ...	0	0	0
@b3y0ns3 Sincer, dracu mai înțelege (pardon my language)	0	0	0
Ma uit eu amu la publica	0	0	0
Daca si acum ne vom imprumuta pentru panselute si televizoare... o sa murim mai prosti decat ne-am nascut.	0	0	0
@_lor3scu_ @AdyinaS Pfffaiii .... rupere ... banuiesc ca locuiesti singura, la dieta de criza. :)))	0	0	0
Mesaj impresionant din Japonia: „Vă rugăm să aveți grijă de voi pentru a nu…”	0	0	0
A ... deci #guWerner dat flit manei intinse de China, ca sa aiba loc sa ii linga'n cur Ursula	1	0	0
De-ar fi pușca iarbă verde!	0	0	0
Vom deschide înscrierile în curând... Mulțumim de înțelegere. Aveți grijă de voi și de cei din jur #Nepsis2020	0	0	0
@b0bsacaman0 @klubbingman @RFboris Alta duma PSDista😂😂😂 hai ba nene ca nu mai primiti ulei si zahar dao dracu de treaba lasa PSDul	1	1	2
@stefy_ @itmorar Adevărat! Greseala mea. Ziceam doar că e ciudat totuși să văd astfel de situații. Parcă aș fi discutat altfel cu un român/româncă despre un job de la noi.	0	0	0
@MarmotaDeCampie @cristinadobre Scopul carantinei nu-i sa se elimine infecțiile total, ci sa se reduca numarul de infecții apărute in timp scurt.	0	0	0
bai pula mea vreau si eu sa merg la gratarul asta maine firaral dracu de virus nu imi strica planurile	1	1	2
Și a apărut și primul caz printre cunoscuții mei. Fiul colegei mele de birou care a venit de la schi din Tirol. Cică nu are forma care dă pneumonie, are forma care lovește la stomac. Și cică te pune la podea, de zici ca a dat gala Bute peste tine.	0	0	0
@ingerisidemoni Chiar nu e momentul sa îmbrățișăm comunista Chină. EU vestică e curvă bătrână. Tot timpul obișnuită să primească. China trebuie izolată definitiv	0	0	0
Lucrul de acasa, o cale spre bunastare	0	0	0
@denis26_denise Demult am trait cu impresia asta, chiar cu faza cu imigrantii si de mai multe ori, mai ales cand Trimp a fost bucuros ca a iesit uk Nu pot sa scap de gandul asta, sua nu vrea o Europa Puternica, vezi si #Defender2020	0	0	0
Premierul Orban, despre demisia ministrului Costache: „Regret, dar înțeleg”. Nelu Tătaru, propus pentru funcția de Ministru al Sănătății	0	0	0
Alo! Asezati-va la locurile voastre!	0	0	0
@cristinadobre @daco_get Canada e lipită cu granița de sud de USA , dar România nu are graniță directă cu Rusia  , doar dacă voi in înțelepciunea voastră considerați că deja Moldova noastră este stat al federației ruse ! Între noi și rusia mai este și Ucraina . Poate o considerați încă în federația rusă?	0	0	0
@CherryHachimits ce pula mea miriam	1	0	0
@vmacity inchidem o pula dmn nu mai pot \no data ce se termina cu virusu imi bag pllllll in ea de taraaaa	1	1	1
Bai frate !!! Ne-au nenorocit Chinezoii astia cu Comunismul lor, ne am saturat de minciunile lor,totul se intampla din cauza lor.\nNu stiu cum mai puteti cumpara , produse Chinezesti, ????🦠🦠☠️☠️☠️☠️☠️	0	0	0
@GabrielGiurgiu2 @ingerisidemoni Am pe dracu, dar dacă vrei tu să coafăm realitatea fie ... milițianu, popii, babele și ofc biserica îs vinovați!	1	0	0
a și venit comanda 🤩 daca nu sunt bune, le sparg 🤩	0	0	0
@Y784hU6WKlbSL4q Are mai mută adrenalina decât sânge în vasele sanguine! Clar! Ca să nu spun că e nebun...🙏🙏❤	0	0	0
„Previziunile economice sunt supuse unui mare grad de incertitudine în aceste zile ce ţin de durata şi severitatea epidemiei Covid-19 şi de comportamentul consumatorilor post-criză”.	0	0	0
Împuterniciții cekiști dodoniști, de mâine, 17.03.2020, preiau puterea în Republica Molotov și vor acționa conform planurilor elaborate de cekiștii lui Putin.	0	0	0
Informații despre viitorul Hyundai i20 N: Hot Hatch-ul ar putea utiliza propulsorul de 2. …	0	0	0
@Iulian68 @itmorar De acord, dar sa nu-l facem pe Talpa Parinte al Pustiei, pur si simplu stia ca daca romanul are grija mancarii nu-i mai sta capul la revolutie...	0	0	0
@cristian_onetiu Felicitari pt inițiativa ! 👍	0	0	0
Dar trișorii si hack-erii își fac de cap in jocul asta fara prea multe probleme.	0	0	0
Cam așa e acum toată economia mondială.	0	0	0
@stiripesurse_ro Înc-o maimuță care se joacă cu briciu'. Vezi, fa, că-ți chelești bijbocu', 're-ai a dracu' de-mpidecată!!	1	0	0
@victorciutacu Dacă stăm dupa impotentii lu Hohanis ne ia dracu! Da ne salvăm si salvăm companiile romanesti pt ca  multinaționalele cand vor primi ordinul pe unitate vor trimite cascavaletele in tarile lor nu aici la Romanica!	1	1	1
@AdyinaS Normal, pe Stuttgarter Zeitung scrie ca inconstientii ies la picnic prin parcuri in loc sa stea acasa, vedem in urmatoarele zile...	0	0	0
noi teoretic trebuia sa incepem scoala altfel pe 30 si dupa sa luam vacanta oare atunci o sa mai facem ore online?	0	0	0
Niste politicieni ai lor ca si ai nostri sa se urce pe valul crizei si sa bage batul prin gard.	0	0	0
Ca părtaș la gloată,la o stimul socială-șoc,omul substituie datele psihologiei sale individ cu cele ale psiholog soc(adică intră în turmă iar discern individ este obnubilat(Gustave Le Bon).Și masele încep să joace cumlise cântă.Nimic nu vor lăsa deoparte experții în psiholog soc	0	0	0
Hooke a fost atacat pe teme care făceau parte din ideologia Societății Regale și au fost apărate de oameni ca Boyle, Joseph Glanvill și Thomas Sprat. Pentru ei căutarea lui N…	0	0	0
Goluri in #aprovizionare? Am implementat functionalitati pentru majorarea de volum in cazul produselor cumparate in exces, precum #dezinfectanti, #spirt, #apa sau #sapun	0	0	0
Licitația pentru secțiile neinteroperabile se reia din nou. Doar una a fost adjudecată	0	0	0
mananca una chipsuri si miroase ca dracu te rog eu toata ziua am mancat numa o banana abia astept sa ajung acasa	0	0	0
eu ma asteptam sa se inchida pana dupa paste ce dracu.	0	0	0
Am văzut scris pe aici "și ce primăvară mișto ar fi fost!".	1	0	0
@_PolitiaRomana_ Acestor idioti ar trebui sa li se ia copii .....	1	1	1
@Antidotul2 @SofiaCovaci O fi. În continuare mi se pare o măsură extrem de ciudată, a cărui utilitate nu o văd. Vrei să monitorizezi pe cineva, pune-i dispozitive electronice	0	0	0
zici ca traim in secolul 20 dupa ce ceausescu a oprit tot cutentul	0	0	0
@rodela0 Da..."statul" numără mănușile chirurgicale, nu pacienții operați. Două la primărie, două la prefectură...	0	0	0
@mommamia1217 Păcat pentru dumneavoastră! Nu știu unde sunteți, în ce țară?!?	0	0	0
@santaromica ceceriști ăștia cu greu pot ajunge victime ale acestui sistem justițiar compromis cu complicitatea majorității membrilorAsta-i problema. Pentru că sunt speciali și imuni la toate aberațiile care le implementează în România cu bună știință.Comunistul dorneanu nu-și uită creatorul.	0	0	0
@RobertEVoicu Să-i ia dracu pe toti	1	1	1
Buba e alta: ce va fi cu România? Ne mint ăștia cu 277.	0	0	0
Aflată în izolare la domiciliu, Sharon Stone s-a apucat de pictat	0	0	0
@CanYamanNews @canyaman1989 Seni seviyorum frumusețe de bărbat! Simplu și educat 🥰🥰🥰🥰😍😍😍😍😍😇😇😇😇😇	0	0	0
Donaţie în funcţie de necesităţi...	0	0	0
De tine am nevoie, Restul e rest !!!	0	0	0
@mitrutdocan @itmorar Demonstrație de forță inutilă. Totuși nu sunt în Kandahar.	0	0	0
suspendare ridicolă din partid...	0	0	0
@JeanTheo14 @pdjmoo Vom afla,sau nu,un lucru e cert ar TREBUI aflat!	0	0	0
Mie imi plac femeile mici de statura. - De ce ? - Pai ca sa-mi zica: - Bai Ioane dar ce Pula mare ai !!	0	0	0
Despre Daniil Sihastrul a auzit și tânărul Ștefan, fiul fostului voievod Bogdan al II-lea. El a venit aici în jurul anului 1451, după uciderea tatălui său la Reuseni, iar pustnicul Daniil i-a prezis că în curând va deveni domnitor al Moldovei, ceea ce s-a și întâmplat .	0	0	0
@liviuvulpescu Mulțam pt recomandare. Il voi vedea!	0	0	0
Au may fost și altele: Italia, Franța...	0	0	0
ce noroc pe Alba ca Zapada ca traieste cu 7 pitici. Ii trimite pe rand la cumparaturi.	0	0	0
Ne-am trezit azi cu un val de comentarii in online despre limitarea libertatii presei si acum citesc cum tot mai multi militeaza pentru rechizitionarea unui spital privat. #WTF Romania? #stopbeingcommunist	0	0	0
Altfel singurul efect e ca îți fute economia. Iar noi stam excelent și la cooperare și la organizare. Se cere balet, noi o sa jucam periniță, ca asta ne va ieși.	0	0	0
@BibiSez nu apuc să citesc nimic. scriu compulsiv şi nici nu apuc să mai văd comentariile. şi mai am minim o lună de izolare aici...	0	0	0
@_lor3scu_ Sînt izolat și fericit. Aș prefera să fiu doar fericit.	0	0	0
@itmorar Ca să dăm o notă de mister, sediul din Kiseleff	0	0	0
@SanduGeorgeCla1 E pe dracu. E mai comunista decit comisarii CCCP.  Si cenzura la fel...😂	1	1	1
să-mi bag pula in ele de stări nasoale	1	0	0
Miercuri vor sosi primele 200.000 de teste din Coreea de Sud	0	0	0
O face dracnea mazăre? Ce vremuri trăim ...	0	0	0
Este izolarea„distanţarea socială”suspendarea totală a economiei soluţia la epidemia de Covid-19?După multe indicii serioase,nu. Unii cercetători în boli infecţioase,cum e celebrul profesor dr. Didier Raoult de la Marsilia,o consideră omăsură de EvMediu neadaptată sec.XXI-lea.	0	0	0
@Sorin_Patiu @ingerisidemoni Subscriu. Și o fac pe bani grei!!! Ai un link despre scandalul vis-a-vis de prostul management al epidemiei de ciuma din Africa?	0	0	0
Bai teutonule, în afara de vândut și omorât copiii altora, defrișări și retrocedări ilegale și demolări de cluburi, tu la ce dracu ești bun, ma?	1	1	1
@CastriXGD coaie ce pula mea	1	1	1
Dacă o veți adăuga, prăjitura se va transforma în tort! -	0	0	0
Aproximativ 7000 de avioane sunt reținute la sol în vremuri de COVID-19 @airlinestravel	0	0	0
Modelul de declaraţie pe proprie răspundere, necesară pentru a putea ieşi din casă, a fost modificat	0	0	0
Gica Hagi ia o decizie drastica la Viitorul	0	0	0
@ECiocu Mai oameni buni.... hai sa stam jos si sa gandim cat de cat obiectiv....Hai sa ne uitam la cifre... La statistici.... Nu zic ca e gripa sau influenza... sau dracu sa l pieptene de corona... Da tare mi-e ca asa prin iulie, dupa ce tragem linie...minusu din economie o sa ne omoare	0	0	0
@gusteru in sectorul 5 asfaltează 😂😂😂 se apropie alegerile :)))	0	0	0
Covid-19 e numele de cod, dar ăla popular care e? Gripa liliacului fiert?	0	0	0
MAE: 190 de cetățeni români s-au întors în țară, în această seară, din Roma	0	0	0
@mobilissimo De ce ți-ar trebui funcția asta ? 😂	0	0	0
Bogdan Chirițoiu, președinte #ConsConRo despre majorarea prețurilor echipamentelor medicale de protecție:	0	0	0
@oshlobanul Am gasit pe net ”incriminarea are corespondent în dispozițiile art. 308 CP 1969”. E limbajul de lemn al epocii de aur, mentinut in actualul CP.	0	0	0
Sau să mă respingi grav, atât de dur - cu urlet	0	0	0
@MaxINFINITE Max te rog eu nu stiu engleza vorbește și romana	0	0	0
Temperaturile de vară nu elimină probabil coronavirusul (experţi UE)	0	0	0
Produse delicioase, proaspete la preturi de fabrica	0	0	0
Ziua 5 de izolare.	0	0	0
gen plm spune mi mie Who Asked ia sa te aud who the fuck askeeeddddd doamne locala mai enervanta n am vazut	1	1	1
2011 service auto nrg ( acolo doi mecanici unul blond mare cu mușchi și unul pitic gras ) cineva de acolo - pentru iarbă	0	0	0
@PleuAlexandru4 Mergem după bere. Ce treaba avem noi cu corona.	0	0	0
@klau_buca @klubbingman @RFboris Ai calacat in scuipatul lu decebal si ai prins tupeu vierzure? Oligofrena pula o fost la curu lu mă-ta.	1	1	2
@Costindte @denis26_denise Io vin si cu vin, dar unde ne cazezi? 😁	0	0	0
@zoso Pai de ce boss ca rahatul merge struna... Panica e panica, vulpita tot proasta. Tocmai incepe seria cu "vulpita ii da lu cum plm il cheama pe ala covid"	1	1	1
aviz  celor contaminați / nici dracu nu vă mai bagă în seamă !!!!!!!	0	0	0
cum plm sunt 121 de cazuri noi de IERI	0	0	0
Singurele alegeri care ne mai rămân cu adevărat sunt cele locale, lucru absolut tipic pentru o colonie. Nici măcar alegerile generale, parlamentarele, care ar trebui să dea şi prim-ministrul, şi guvernul, nu e sigur că ne mai aparţin.	0	0	0
Ceaiul verde, neîndulcit și realizat cu frunze de cea mai bună calitate, este una dintre cele mai concentrate surse de antioxidanți.	0	0	0
5.600 de persoane au incalcat miercuri masura circulatiei restrictionate. Amenzi de peste 7 milioane de lei	0	0	0
Werner are creierii prajitzi !....... TREBUIE SUSPENDAT DE IERI !........ la dracu cu toti PDL-iiiii...... actualu’PNL !	1	1	2
Pregătiți-vă de haos, urmează 2-3 săptămâni de infern, pe model Italia. Mulțumim comitetului de criză sau cum plm s-o numi, și inconștienților care au mințit, au ieșit, au împrăștiat virusul, etc	1	1	3
@ingerisidemoni Bre, al cui dracu mai e amu protv’u, că nu-l mai am pe telecomanda de când facea călinescu revelioane? 🤔	0	0	0
”Alertă la Kogălniceanu! Se închide baza de la Incirlik”Conducerea statului român se va înghesui să forțeze redirecționarea cât mai repede cu putință a aproximativ trei miliarde de dolari pentru megaproiectul extinderii bazei Kogalniceanu.	0	0	0
Care este motivul divorţului?- Ea m-a numit "prostănac" - Da domnule judecător, dar contează şi contextul în care a fost spus.  Păi şi care a fost contextual?- Când am venit acasă am găsit-o în pat cu amantul şi ea s-a uitat la mine şi mi-a zis: "Uită-te prostănacule cum se face!	1	1	1
Doar pt. asta Guv. tot! ar trebui sa isi scrie memoriile la mititica	0	0	0
Este efectul subdezvoltarii tarii dpv educational. Biserici in loc de scoli si spitale... Sa fim seriosi: nu au plecat afara doar doctori, profesori sau IT-isti. Au plecat si f multi romani de conditie intelectuala... medie. Sper sa nu fiu anchetat de cei de la CNDC.	0	0	0
#carlatanasie Vai de capu tau femeie... Ce dracu ai de iti tot inghiti saliva in timp ce vb? Extrem de enervanta	1	1	1
@OvidiuSky @Nirolfis @MimiMim11303582 Sau cauta calea sa nu mori eventual.	0	0	0
Primul oras din lume iluminat cu petrol lampant a fost Bucurestiul, in data de 1 aprilie 1857 orasul fiind luminat cu peste 1000 de lampi.	0	0	0
La radio tocmai au intrerupt emisiunea pt alte știri de la guvern. Care tocmai încep.	0	0	0
A fi, sau a nu fi?! 👌👌😂	0	0	0
@Adevarul Și voi publicați minciunile chinezilor, ale unor criminali. Sa mi bag pula în redacția voastra	1	1	1
să-mi bag pula, că-n capul meu, urlă doar trecutul meu infect	1	1	1
@OvidiuSky Ideea e că nu mai am șervețele normale, nu că o ard pe șmecherie. Nu știu dacă ai aflat, dar hartia igienică și șervețele normale sunt rarități prin magazine. De unde concluzionez că unii se tem de diaree, nu de virusul nou. 😂	0	0	0
Epilatul, pensatul, manichiura și masajul pot să aștepte!	0	0	0
În această perioadă se anulează tot mai multe zboruri iar pasagerii se plâng de faptul că operatorii aerieni le oferă doar posibilitatea de a primi un voucher și schimbarea datelor de călătorie însă nu și returnarea banilor. Cât de legal e acest lucru?	0	0	0
A treilea motan e sasiu,se uită cu un ochi la lapte și cu ce lalant la carne	0	0	0
Surpriză plăcută pentru bombardierii din Bucureşti: astăzi, armata a lăsat mitralierele în cazărmi şi a ieşit cu epilatoare!	0	0	0
Nu vor mai fi testaţi pentru noul coronavirus nici măcar toate persoanele carantinate.	0	0	0
De ce cred eu ca nu va functiona testarea populatiei Bucurestiului:	0	0	0
@santaromica Bă frate ce dracu e dezinformarea și manipularea asta acută pe rețelele de socializare  ?	1	1	3
Ședință de guvern la ora 17.00. Măsuri privind creditele, acordarea sporului pentru condiţii de muncă deosebit de periculoase și ajutarea firmelor, pe ordinea de zi	0	0	0
Cică e ceva normal că atâția români se întorc în țară. Italienii i-au trimis să muncească de acasă.	0	0	0
O asistentă de 34 de ani, infectată cu #coronavirus, s-a sinucis, de teamă că i-a infectat pe alţii	0	0	0
Te plictisești au ba?	0	0	0
Tânărul care a lins produsele de pe raft întrebând :cui îi este frică de #coronavirus" a fost arestat pentru "ameninţare teroristă"	0	0	0
@ECiocu Ai un link cu știrea asta? Era de așteptat, dar nu găsesc... De suport economic ce-au zis?	0	0	0
UE este și va rămâne deschisă investițiilor străine, dar trebuie să știm cine face investiții și cu ce scop #EuropeanUnion #COVID19	0	0	0
Ce părere are Vasile de virusul asta?	0	0	0
doamna mea de meditatii este casatorita cu un preot ASTA E DOVADA CLARA CA DUMNEZEU SE FUTE CU SATANA	1	1	1
I-auzi băi băiete, firma lui botezatu tocmai ce a încasat un contract de 18 mil euro ptr combinezoane și măști. Băi ești prost, cum dracu’ au ajuns tocmai la botezatu nene??	1	1	3
@JeanTheo14 @VButnariuc Magazine de cartier,nici nu știu cum se numesc.	0	0	0
Ciolacu spune ca Guvernul Orban e de vina pentru lipsa stocurilor de materiale sanitare	0	0	0
@ingerisidemoni Oare ala stie cai va expira uleiul pana o sal foloseasan?	0	0	0
Daca vrei sa vorbesti politica la telefon pleaca in pula mea de la masa tacem toti sa vorbesti tu cacaturile tale	1	1	1
pula.n gura voastră de zdrențe imbuibate că nu l-ați suspendat cabd a trebuit 🖕🤮	1	0	0
@MirelaBuzoianu Să te îngrijorezi când ești pe placul prea multor persoane. Înseamnă ca e ceva cu tine ...:))	0	0	0
Klaus Iohannis anunță noi măsuri economice în plină pandemie	0	0	0
Flutur:Nu am niciun simptom. Mă simt bine. Aș putea spune că sunt sănătos.	0	0	0
@itmorar Nu vă place Arafat și gata. Nu-i mai aruncați la înaintare pe așa-zișii prieteni.	0	0	0
Prognoza vreme Masivul Postavarul, Poiana Brasov si Bucuresti #vremea #Romania #Carpathian (Poiana Brasov ski resort Romania)	0	0	0
Artistul își proiectează propria viață în oglindă. În centrul oglinzii este reflecția lui, pe când El se află în spate. Se detașează de propria viață și o transformă într-un obiect în afara sinelui propriu.	0	0	0
@riveltt @_ArikBoke Nu se potrivește cu #BarisArduc aceasta actrița  !	0	0	0
@stiripesurse_ro Iar vâră devla-n poză „ruj din pulă pus pe gură” ăsta!!! Face praf să mai fie și el localizat înafara haznalei...	1	1	3
Lasă mă că ne facem noi bine si de nu punem biciu pe toți,  de la prim-ministru până la ultimul primar. Pe românește vă spun, ați belit-o,  că lumea deja fierbe, au pierdut joburi, business-uri, contracte, bani etc.	1	1	3
@Horia8Bogdan @gadrian84 Nu am zis ca livrezi tu. Multe știri pot părea foarte ok și sa fie zvon. Eu am mai dat de chinina și prin alte surse, deci are șanse sa fie pe bune. Dar nu imi asum acuratețea ei și nici tu nu cred ca ești convins 200% ca e pe bune.	0	0	0
@MarmotaDeCampie @Gabriela_1870 @i0n1ca Noo, atunci hai sub arme ... îi mai salvăm o dată de dictatură, mai ridicăm opinca pe parlament ... mai scăpam dracu de plicti ...	0	0	0
@danpopa60 @victorciutacu @basarab84 Macar atat, o parere 😊 si nu chiar orice, doar ce ma interseaza	0	0	0
@mihairotar @neamielualarau Nu era livrare, treceam eu și ridicam produsele împachetate dintr-un punct de livrare	0	0	0
Tușesc în direcția lor generală.	0	0	0
Zece tehnici de liniște si sănătate interioară, pe durata fricii de Coronavirus	0	0	0
@ailel4 Mă depășește :) habar nu am cum funcționează și nici nu prea sunt curios. Pt prieteni am whatsapp :)	0	0	0
@OvidiuSky @ailel4 @AtenaBadea @itmorar O sa încerc :)	0	0	0
Gheorghe Flutur, are o rezervă “de lux”, la secția chirurgie, etajul 4 iar în jur de 30 de cadrele medicale infectate sunt internațe pe un singur palier unde există o singură unitate sanitară.	0	0	0
Uite aici propaganda in America. Comuniștii noștrii erau pistol cu apa pe langa ăștia ai lor	0	0	0
@arianna20032000 Dacă nu zâmbim, ce ne mai rămâne 🤷🏻‍♂️ bine gafa care a făcut-o e de neiertat	0	0	0
Dau o cafea Jacobs la ibric acasă la mine!	0	0	0
Peste 100 de români blocați în Insulele Canare au fost repatriați - #Insulele | via #aePiot	0	0	0
Ai fost victima unui viol in grup? “Pai, dracu te-a pus sa porti fusta scurta? Ai provocat asta, asa ca mars de-aici!	0	0	0
Era acel joc al copilăriei numit “telefonul fără fir” și învățam cum se răspândește un zvon.	0	0	0
Veste bună pentru ieşeni! A fost declarat vindecat al doilea pacient diacnosticat cu coronavirus.	0	0	0
Moaştele Sfintei Corona, scoase la lumină în Catedrala din Aachen	0	0	0
Se pare că pana la urma cei interesați de asta vor crea	0	0	0
@ECiocu Alte exemple de BSL-4, repet maxim securitate biologica, Marburg virus, Ebola virus, Lassa virus, and Crimean-Congo febra hemoragica. Trageți voi concluziile.	0	0	0
MAPN, MISIUNE DE URGENTA: O SUTA DE MII SE COMBINEZOANE, ADUSE CU O NAVA...	0	0	0
Poti sa zici ca tema unei poezii este exprimarea conceptiei autorului despre poezie???	0	0	0
@Vasile55502205 @denis26_denise Brusc, te trezești 😂	0	0	0
super mai am 10% ce plm fac acu merg sa mi cumpar sau ce	1	0	0
O femeie din Zlatna și copilul ei de patru luni au primit rezultate NEGATIVE la testele de coronavirus. Erau internați în spital	0	0	0
Da' aia de sudură ce avea?!	0	0	0
@sapphiresoo pana acum cu cine ai facut?	0	0	0
Rochii de mireasa in stil mare  Obs: Mireasa Lindsey cauta o rochie potrivita pentru nunta ei din padurea fermecata. Jo si Al o ajuta si pe Rebecca, mireasa de militar, sa-si gaseasca ...	0	0	0
S-a aflat de ce s-au infectat popii de la biserica din Bucureşti: lingurița era chinezească!	0	0	0
Taci in plm ca nu e vina PSD ca sunteti niste hiene retardate la fel ca ei	1	1	3
Nu exista dovezi ca animalele transmit COVID-19, dar expertii avertizeaza ca sunt necesare masuri de precautie	0	0	0
Ghici ghicitoarea mea.	0	0	0
@ailel4 @MarmotaDeCampie @AtenaBadea @itmorar CI + Declaratie pe Propria Raspundere, bifezi ca te duci la un parinte care are nevoie de îngrijirea ta.	0	0	0
@ingerisidemoni fb era si inainte de asta de căcat... nu poți pune un emoji in plm! si varianta noua merge si mai greu	1	1	3
Am ajuns să îmi fie dor de școală...	0	0	0
SA SE OPREASCA ASTIA DIN BAUT CAFEA IN PULA MEA CA ACUMA VREAU SI EU	1	0	0
@arianna20032000 Mulțumesc! Să speram în bine. 🌻	0	0	0
@agerpres Faceți va dracu treaba și nu mai pasa ți problema de la unu la altu.	1	1	3
@coongiyoongi EXACT nu vreau sa fiu rea dar dacă ști ca s ar putea sa ai virusul stai dracu acolo ca să nu i îmbolnăvești și pe alții.....	1	1	3
Daca era parlamentar, il transferau nu la Iasi, ci la Bucuresti, nu cu targa, ci cu elicopterul, nu pentru coronavirus, ci pentru o simplă căcare.	0	0	0
@Rafaelita82 @ConElMazoDando Esta vieja loca , esta Cu cu cu cu,	0	0	0
@radusmall Eu cred că doar televiziunile cu banii pe drepturi tv ii mai salvează că nu mai cred că o să se îngrămădeasca lumea pe stadioane prea curând după câtă panica au băgat ăștia in toată lumea de au ajuns să strige la politie să-i țină pe alții în case plm.	0	0	0
@ZoliBara Da. Eu sunt de acord. E o veselie pe străzi. Închis tot, armată și jandarmerie pe străzi că ne ia dracu pe toți.	0	0	0
Cât #stamacasa nu trebuie sa uităm de ritualul de curățare și îngrijire a tenului. Use, reuse, repeat. 🌸 Voi cum aveti grijă de tenul vostru în perioada aceasta și ce produse folosți? Setul Esen9 de 5 dischete reutilizabile este disponibil în shop.	0	0	0
@LucianMindruta Salut, pentru domeniul educațional, licențele Microsoft sunt gratuite atât pentru școală cât și pentru elevi. Mai mult, unii părinți folosesc deja anumite soluții de la ei pentru colaborare remote și își pot ajuta copii sa le utilizeze.	0	0	0
Am prototipat o vizieră de protecție a feței pentru medici a cărei durată de fabricare este foarte mică și din materiale care sunt ușor de procurat.	0	0	0
Bursa e plina de sange. Daca nu cumperi in aceasta perioada macar stai linistit si nu vinde. Doar daca vinzi esti 100% sigur ca ai pierdut banii.	0	0	0
Nu au ales calea asta pentru ca ieri au închis tot	0	0	0
Fundaţia lui Ion Ţiriac ajută autorităţile din România! Anunţul făcut de Ţiriac Jr: „Orice este nevoie!”...	0	0	0
@cristinadobre Nu, am inteles din articol,poate il gasesc din nou...era vb de o alta categorie,tineri care pot avea virusul si nu se vor imbolnavi niciodata,nu vor avea simptome...never!Am citit foarte multe azi...incerc sa-l gasesc!	0	0	0
voi vă dați seama că FCSB nu a mai făcut niciun blat de peste o săptămână?	0	0	0
Femeie, știi ce te face curvă? În niciun caz numărul partidelor de sex ori partenerilor.	1	1	1
#Coronavirus: Marea Britanie a înăsprit măsurile după ce estimarea privind pacienţii la terapie intensivă s-a dublat (expert)	0	0	0
@ManoliuValy Sunteți chiar distractiv. Va mulțumesc frumos!	0	0	0
intr-adevar virusul e periculos, dar mass media-ul exagereaza si e stresant mai ales ca is la bunica mea de 1 sapt si toate televizoarele is date pe romania tv 😭😭😭😭	0	0	0
Erată : în Spania sunt peste o mie de morți !	0	0	0
@LuminitaPoenaru @canyaman1989 O zi frumoasa și linistita	0	0	0
@Nogusania_Union 😂 nu am știut. Aici părinții trimiteau zacuscă studenților care stăteau la cămin.	0	0	0
Vomele astea ar trebui călcate în picioare. Ei zic că-și bat pula de orice!	1	0	0
Și ne ponemaiu , de cand io venit mintea la cap și arată știri din punct de vedere a unui om normal	0	0	0
„Doamne, Doamne, te rog, să alungi virusul acesta, să îl pui în pământ. De acolo nu o să mai fugă niciodată. Vrem şi noi să ieşim afară şi să alergăm prin iarbă. Te rog, Doamne, să faci tot ceea ce spun, numai bine vreau. Te iubesc, Doamne Doamne! ”	0	0	0
O lună de la primul caz de îmbolnăvire cu coronavirus în România; bilanţul - 906 infectaţi cu #COVID-19 şi 17 decese	0	0	0
ma omoara femeia asta o sa am cosmaruri cu ea	0	0	0
Cum să îți îmbunătățești concentrarea când lucrezi de acasă	0	0	0
Reînnoirea violetei bătrâne și stimularea înfloririi ei abundente! -	0	0	0
bai unde dracu imi ramane pachetul daca pe 4 era in aeroport in Coreea...wtf	0	0	0
Coronavirus. Cum modifică pandemia geopolitica? Rusia câștigă teren. Ce face România? Interviu cu șefa German Marshall Fund	0	0	0
In perioada asta trebuie să respectăm metodele de prevenție și sa nu mai vorbim atât despre acest subiect. Este prea multă informație fără valoare care nu face decât să alimenteze temeri și frici. Lumea nu se oprește în loc doar pentru că stam acasă, hai să ne trăim viața totuși!	0	0	0
fanfaronada bombastic manelista antisociala, merita tot veninul si asprimea criticilor tale	0	0	0
Cine este Nelu Tataru, propus la Ministerul Sanatatii	0	0	0
@B1site Trebuiau inchise granitele mai devreme.	0	0	0
doamne ce fitosi am in clasa... mancam paine cu zacusca de la un coleg si zice unu “ce ii cu mizeria asta? ce pute aici, cum sa mananci asa ceva?” ba pula tu ce dracu o sa mananci la faculta?? caviar??	1	1	1
@eftimie Te ispitește jindul să-mbraci și fericirea, cum pui, pentru petreceri, o haină de brocarte? Dar ea, ca să pătrundă, îţi sparge-alcătuirea, preface în genune lăuntrul tău, anume ca să încapă-acolo, cu ea, întreaga lume.	0	0	0
MAE român ajută Ucraina cu repatrierea cetățenilor ucraineni din state terțe	0	0	0
Atunci mă întreb dacă nu cumva Dumnezeu vrea ca doar prostia să supraviețuiască pe această planetă.	0	0	0
@ipostaze Neah, "peștele de la cap se-mpute, dar de la coadă se curăță".	0	0	0
Ăștia care felicită medicii că-și fac treaba sunt fix ca ăia care aplaudă pilotul că a aterizat avionul.	0	0	0
Când știm cat suntem de fragili si neputinciosi, legănatul in iluzii conduce la dezastru. Speranta e bună doar in doze mici, cât să nu devină toxică și să ne arunce in deznădejde.	0	0	0
@Alex_Tikitaka @NeacsuRmn Acum pe bune, esti mai fericit?Te simti ok? Esti satisfacut pe deplin,din cate se vede... Din fericire pt noi s-a umplut internetul de profesori,oare ce ne-am face fara voi?Din pacate pt voi, multi oameni tristi, frustrari, la critici nu va intrece nici dracu	0	0	0
@Zombilau @Allecsinn @GaarfieldO Aparent gaarfield nu rateaza doar skillshots, ci si honorul pe aram	0	0	0
Precizări privind Sesiunea de Finanțare II/2020 – eliminarea criteriului de contribuție la bugetul proiectului peste procentul minim obligatoriu de 10%	0	0	0
După ce am citit ce am scris pe aici mi-am propus sa scriu intre primul si ultimul pahar ...	0	0	0
Spania: Vicepremierul Carmen Calvo a fost testat din nou pentru coronavirus. Rezultatele sunt pozitive	0	0	0
Să știți că nu este chiar atât de plictisitor să stai acasă.	0	0	0
Greșesc dacă spun că ne aflăm in mijlocul unui război biologic? Poate da, poate nu. N-am dovezi pentru asta, după cum nici voi nu aveți pentru contrariu, însă lunile care vi ne vor ajuta să înțelegem mai bine că armele viitorului sunt virusurile, nu mitralierele. Mai vorbim 🙂	0	0	0
@MarmotaDeCampie Urâtă treabă! Grabnică însănătoșire! Poate ține doar trei zile, ca orice minune...	0	0	0
@CloneSandman @i0n1ca sau "retine apa". Cam astea sunt cele 2 variante oficiale cand  o femeie se scuza ca e grasa :)	1	1	2
Ion Ştefan-Spitalul Militar Central: E nevoie inclusiv de sănătate mentală pentru a face faţă acestei provocări	0	0	0
@puttycat Unde ne grabim asa? Este timp ptr toate...	0	0	0
sa ma ia dracu daca ma mai culc eu vreodata asa tarziu	0	0	0
Sincer ma plictisesc ff grav cu carantina asta și asta este un cont se twitter super la caterinca so nu luați in seama ce scriu aici mulțumesc ✨🐢	0	0	0
Plin de masini si de lume pe strazi si cozi la magazine! A innebunit lumea.	0	0	0
In momentul de fata, sunt pe Crowdcast si ma uit la un videoclip care are subiectul de microservice / aplicatii. 	0	0	0
@zoso unde sa se duca, nu stiu ca tre sa stea in casa?	0	0	0
Cauzele crizei actuale  via @wordpressdotcom	0	0	0
De ce dracu' mai vor unii romani o "taracaafara"? Doar escroci avem si noi aici!	1	1	2
Câte mii de români intră în ţară în fiecare zi. Orban: Oricine vine din Italia sau alte zone carantinate trebuie să intre în carantină...	0	0	0
Multumim din inima partidului national liberal si conducatorului lui iubit, Werner Iohannis!	0	0	0
O fată grasă are in jur de 62-65 de kg dar eu sunt bărbat și sunt destul de slab!	1	1	1
Am fost la Buzău. Băieții mei tocmai tăiaseră un porc, așa că nu coronavirusul era la ordinea zilei, ci trichineloza, că uitaseră să facă testul. Toată lumea mânca și bea voioasă, de-a valma.	0	0	0
Mă, tu știi că eu sunt femeie bună și iert multe, dar cine dracu' a lăsat lumina aprinsă la baie?	0	0	0
@trueroobert Foarte bine, daca chiar nu faci asta eu te respect, esti pulă nu esti pizda\nAs avea o problema, eu am o problema cu toți	1	1	1
Eu zic ca nu ne-am îmbolnăvi dacă nu am fi prosti dar na cum oamenii de aici prin asta se caracterizează. Toată lumea minte și nu se gândește sa le fie bine și celorlalți numai eu eu ala important restu ciuciu. Las asa ne omoram unii pe alții și gata ce mai.	0	0	0
Dragi prieteni virtuali, am doar 62 de kg și sunt cât o fată grasă!	1	1	2
Stai pe aproape pe aici pe Twitter pentru înviorare.	0	0	0
Baaa, toată lumea se așteaptă sa conduc. Dar o sticla de vin ce are la ora asta? Conduc peste șase luni, peste un an. Ce nu e bine? Rahat, că chiar nu e bine peste șase luni, ci acum ar trebui. Hai ca mă salt și performez. Ca nu mai ține treaba, stau închis in casă de aiurea.	0	0	0
Turneul preolimpic de box de la Londra a scos la iveală două cazuri de Covid-19. La competiție au participat și 9 sportivi români	0	0	0
#protein la Bulevardul Bucuresti Ploiesti	0	0	0
Nunțile se numără printre business-urile afectate de actualul contex. Bieții miri, s-a dus dracu daru'.	1	0	0
Chiar daca stai acasa, ai grija de tine, cumpara acum produsele cosmetice de care ai nevoie.	0	0	0
frate ce ma enerveaza senzorul asta de la usa din bike shed gen deschide-ti poarta turcii ma-nconkor vantul sufla rece ranele ma dor	0	0	0
@Jondaescatsmile nu știu nu mai sunt in Sibiu că am rămas fără job și muream dracu de foame	1	0	0
@KlausIohannis România trebuie să redevină la nivelul din 89 în sensul de a fii capabilă să își producă lucrurile necesare ba mai mult să și exporte!	0	0	0
@apostunhuevo Plang pentru lucruri frumoase nu e plang.	0	0	0
@AndreiCismaru psi ce te asteptai, de 3 ani spitalele au interdictie sa cumpere echipament de protectie, aveau nevoie de bani de borduri pentru firmele primarilor	0	0	0
@MarmotaDeCampie In Spania, chinezii rezidenți îs toată ziua pe strada și la spitale și la poliție și la toate magazinele cu cutii pline de măști sterile, mănuși și gel dezinfectant.	0	0	0
Sau care este scopul pentru care Simina dorește ca aplicația de știri să-i trimită notificări ?	0	0	0
ne-a dat profa de norvegiana ceva tema si trebuie sa ii trimit ceva inregistrare audio like?? doar o ora lipsim in plm	1	1	2
@robertVT22 Și mai ales când aluneci pe un noroc și te dai cu zgăibăracele in sus 😬	0	0	0
Lucrează, Roxii, lucrează... 🤣🤣🤣 #lifewithcats🐱 mimi_queencat #mimithecat🐈 @ Bucharest, Romania	0	0	0
M-am simțit bine și în această dimineață!	0	0	0
Georgian Pop: Măsuri pro-active pentru gestionarea efectelor economice generate de actuala criză COVID-19 – susținerea IMM-urilor, mari proiecte de infrastructură, mari proiecte strategice de investiții private...	0	0	0
@hoseokspapanasi mă bucur că au făcut-o. ce drăguță e mama ta:( vrea doar să aibă grijă de tine, e normal. da, banii sunt chiar murdari, nu o învinovățesc sjsjsj	0	0	0
@wesunme well sa speram ca oamenii or sa stea dracu acasa si n o sa fie cazul !	1	1	3
Tată, unde plm umbli acum! Unde dracu' e recipientul de săpun?	1	1	1
Cum dracu să te lauzi că ai vizitat un spital și ăla în construcție?  du-te bă cum s-a dus Putin, regele Spaniei și care or mai fi, unde sunt bolnavi, să-i încurajezi, bolnavule de putere!	1	1	1
Nelu Tătaru: Susţin o testare pentru #COVID-19 conform unor anchete epidemiologice lărgite	0	0	0
O rușine... Niște impotenți care mimează ca fac ceva... Gunoaie...nu Guvern.	1	1	2
De ce trebuie să puneți bicarbonat de sodiu pe sertarul mașinii de spălat rufe?! -	0	0	0
Cel mai vizionat serial  prin @wordpressdotcom	0	0	0
Nici să - mi sugă pula nu aș lăsa-o pe zdreanța asta 🤮🖕	1	1	1
#Google Uimeste, ce vrea sa ofere GRATUIT pentru Toata Lumea -  #peblog #romania #2020 #news #stiri	0	0	0
@ingerisidemoni @basarab84 In vremurile apuse cica ....🙄 de la serviciu plecai cu bilet de voie	0	0	0
Mi-am închis profilul de #facebook. Tot ce se postează acolo este despre #COVID19 și atât. Știm deja că România urmează a fi următoarea Italie dar mai ho în pula mea. Stați în casă și mâncați semințe.	1	1	2
@puttycat Șoc, groază, și ne amintim ce popor naiv suntem 😱	0	0	0
bangtanscrapple Da acel moment când am ieșit pe balcon și începe polițistu cu megafonu “NU IEȘIȚI DIN CASA” eu acolo plm calm down	1	1	1
Fii în permanență CORECT informat!	0	0	0
@Heisenbergul Acum când chiar aveam și noi șanse. E o conspirație împotriva poporului român.	0	0	0
Ar fi tare nelelocul lui să renunțăm la ideea plăcintei întinse cu ludaie de pe casă, în favoarea capriciilor unor virotici isterizați.	1	0	0
Măcar în criză dați dovadă de responsabilitate!”, transmite Maria Grapini președintelui Iohannis.	0	0	0
eu mor ca mama a fost pana la banca azi ca trebuia sa depuna neaparat niste euro si au sunat o aia de acolo ca de ce a mers sa ii contamineze	0	0	0
Astăzi este ziua ta - Principesa Margareta	0	0	0
“ d-alea ieftine !!!! taci și mănâncă-ți fasolea acolo !!! “	1	1	1
@adriano_qld Nu imi vine sa cred. Asa puține cazuri într.o săptămâna. E clar România nu va depăși 2000 de cazuri.	0	0	0
Mulțumesc din suflet!❤️	0	0	0
Daca tot e sa #stai_acasa, poate ca ar fi bine sa iti aduci aminte de sfatu' Mitropolitului Clujului..	0	0	0
Forma mea preferată de sport e mersul pe jos. E posibil să ajung ca nepotul meu, să mă învârtesc haotic  de jur împrejurul mesei. (nu în fugă, totuși, că e posibil să-mi rup ceva)	0	0	0
@severvoinescu Sunteți nebuni? De ce a-ți rămas unii alături de ceilalți??????	1	1	2
Încă trei persoane infectate cu #COVID-19 au decedat	0	0	0
Mills a avut pana acum 2 colectii de tenesi la Converse, o colectie de accesorii la Pandora (am si eu o pereche de cercei si sunt minunati), are un brand de machiaje numit "Florence by Mills" si este cel mai tanar Ambasador al Buneivointei de la UNICEF.	0	0	0
@Athena_Alkis pe romaneste: s-au belit la pula!	1	1	3
Gata.  Se amana campionatul ala pentru la anu’. Acum oficialii pot sa revina cu scuzele legate de intarzierea lucrarilor.  Ma rog, asa umbla vorba pe news ro.	0	0	0
Va bate vantul!	0	0	0
Hai Petrolul!⁣ #LupiiGalbeni🟡🔵	0	0	0
Și cea mai mare problemă e că nimeni nu știe cât va dura povestea asta. Stai în casă, dar cât? Și cu ce să trăiești, dacă totul e oprit? Când se va termina această nebunie? Câți vor fi în picioare atunci? Întrebări fără răspuns. Singura speranță? Dumnezeu.	0	0	0
5 filme care nu te vor lăsa să te plictisești cât stai acasă	0	0	0
Dacă medicii rămân fără costume de protecție, pot folosi cu încredere treninguri Sergio Tacchini	0	0	0